tilaus_id	paivamaara	asiakas_id	asiakas_nimi	tuote_koodi	tuote	luokka	maara	hinta	kanava
00000001	20251030	C1058	Kärkkäinen Oy	SKU-1001	Ergonomic Desk Chair	Furniture	2	2750,61	retail
00000002	20240820	C1245	Møller Innredning	SKU-1010	Desk Lamp LED	Furniture	3	443,83	direct
00000003	20250530	C1113	Bergström & Söner	SKU-1006	USB-C Dock	Accessories	11	1496,88	direct
00000004	20250212	C1066	Kjærstad Utstyr	SKU-1010	Desk Lamp LED	Furniture	4	518,21	partner
00000005	20250328	C1057	Nordström Handel	SKU-1005	27in 4K Monitor	Displays	10	3801,16	direct
00000006	20240716	C1007	Mäkinen Toimisto	SKU-1005	27in 4K Monitor	Displays	6	4498,22	direct
00000007	20240617	C1172	Søndergaard A/S	SKU-1008	Laptop Stand Aluminium	Accessories	1	627,76	online
00000008	20250327	C1354	Hämäläinen Oy	SKU-1010	Desk Lamp LED	Furniture	11	480,70	online
00000009	20241208	C1226	Hämäläinen Oy	SKU-1006	USB-C Dock	Accessories	6	1558,06	retail
00000010	20250126	C1357	Kärkkäinen Oy	SKU-1010	Desk Lamp LED	Furniture	4	555,71	retail
00000011	20241231	C1328	Bergström & Söner	SKU-1009	Webcam 1080p	Peripherals	12	687,30	partner
00000012	20240306	C1045	Nordström Handel	SKU-1004	Mechanical Keyboard	Peripherals	4	1062,06	retail
00000013	20240730	C1020	Nordström Handel	SKU-1006	USB-C Dock	Accessories	12	1551,34	retail
00000014	20250125	C1140	Møller Innredning	SKU-1001	Ergonomic Desk Chair	Furniture	2	2707,20	partner
00000015	20251030	C1364	Ålesund Kontor	SKU-1001	Ergonomic Desk Chair	Furniture	12	2057,29	online
00000016	20240130	C1370	Trondheim Utstyr	SKU-1001	Ergonomic Desk Chair	Furniture	9	2119,13	direct
00000017	20250114	C1189	Hämäläinen Oy	SKU-1007	Noise Cancelling Headset	Peripherals	1	2010,56	retail
00000018	20240520	C1088	Søndergaard A/S	SKU-1010	Desk Lamp LED	Furniture	2	520,13	online
00000019	20250520	C1207	Dansk Kontormiljø	SKU-1010	Desk Lamp LED	Furniture	12	508,52	direct
00000020	20251201	C1035	Hämäläinen Oy	SKU-1005	27in 4K Monitor	Displays	10	4653,02	partner
00000021	20250503	C1154	Hämäläinen Oy	SKU-1001	Ergonomic Desk Chair	Furniture	6	2672,77	online
00000022	20251023	C1102	Rødvig Møbler	SKU-1002	Standing Desk 140cm	Furniture	-3	5725,63	partner
00000023	20240711	C1267	Rødvig Møbler	SKU-1009	Webcam 1080p	Peripherals	11	859,11	retail
00000024	20250328	C1394	Mäkinen Toimisto	SKU-1008	Laptop Stand Aluminium	Accessories	8	557,72	retail
00000025	20240615	C1084	Rødvig Møbler	SKU-1001	Ergonomic Desk Chair	Furniture	12	2261,30	partner
00000026	20240511	C1224	Bergström & Söner	SKU-1009	Webcam 1080p	Peripherals	-3	690,16	direct
00000027	20250608	C1393	Trondheim Utstyr	SKU-1001	Ergonomic Desk Chair	Furniture	1	2049,68	partner
00000028	20240819	C1240	Lindqvist AB	SKU-1004	Mechanical Keyboard	Peripherals	12	1016,75	direct
00000029	20251122	C1287	Bergström & Söner	SKU-1008	Laptop Stand Aluminium	Accessories	3	714,65	partner
00000030	20250823	C1277	Ålesund Kontor	SKU-1009	Webcam 1080p	Peripherals	-1	871,12	partner
00000031	20240201	C1137	Møller Innredning	SKU-1009	Webcam 1080p	Peripherals	1	798,55	partner
00000032	20250623	C1374	Ålesund Kontor	SKU-1006	USB-C Dock	Accessories	7	1830,91	online
00000033	20240820	C1349	Mäkinen Toimisto	SKU-1008	Laptop Stand Aluminium	Accessories	7	598,95	retail
00000034	20241112	C1212	Ålesund Kontor	SKU-1005	27in 4K Monitor	Displays	6	3962,32	retail
00000035	20250806	C1169	Dansk Kontormiljø	SKU-1003	Monitor Arm Dual	Accessories	11	998,81	direct
00000036	20241130	C1291	Ålesund Kontor	SKU-1006	USB-C Dock	Accessories	4	1919,73	retail
00000037	20240411	C1221	Lindqvist AB	SKU-1003	Monitor Arm Dual	Accessories	9	1014,58	retail
00000038	20250222	C1145	Kjærstad Utstyr	SKU-1004	Mechanical Keyboard	Peripherals	5	1066,59	retail
00000039	20250326	C1123	Kärkkäinen Oy	SKU-1004	Mechanical Keyboard	Peripherals	6	1311,48	retail
00000040	20240520	C1057	Hämäläinen Oy	SKU-1004	Mechanical Keyboard	Peripherals	12	1005,52	direct
00000041	20240130	C1074	Kärkkäinen Oy	SKU-1006	USB-C Dock	Accessories	10	1861,00	online
00000042	20251029	C1293	Kjærstad Utstyr	SKU-1004	Mechanical Keyboard	Peripherals	10	983,10	direct
00000043	20240416	C1006	Kärkkäinen Oy	SKU-1005	27in 4K Monitor	Displays	11	4271,50	partner
00000044	20251111	C1153	Dansk Kontormiljø	SKU-1007	Noise Cancelling Headset	Peripherals	1	2337,23	direct
00000045	20240504	C1311	Bergström & Söner	SKU-1008	Laptop Stand Aluminium	Accessories	4	645,51	online
00000046	20240108	C1134	Hämäläinen Oy	SKU-1007	Noise Cancelling Headset	Peripherals	12	2294,82	online
00000047	20241103	C1138	Mäkinen Toimisto	SKU-1005	27in 4K Monitor	Displays	6	3837,93	retail
00000048	20251030	C1203	Väisänen Kaluste	SKU-1010	Desk Lamp LED	Furniture	1	567,31	direct
00000049	20250730	C1377	Nordström Handel	SKU-1006	USB-C Dock	Accessories	8	1616,55	direct
00000050	20240910	C1265	Lindqvist AB	SKU-1010	Desk Lamp LED	Furniture	1	460,84	direct
00000051	20250330	C1061	Lindqvist AB	SKU-1002	Standing Desk 140cm	Furniture	2	5223,79	direct
00000052	20240818	C1371	Lindqvist AB	SKU-1001	Ergonomic Desk Chair	Furniture	6	2575,35	online
00000053	20240814	C1090	Trondheim Utstyr	SKU-1008	Laptop Stand Aluminium	Accessories	11	693,71	partner
00000054	20240305	C1178	Rødvig Møbler	SKU-1004	Mechanical Keyboard	Peripherals	2	1013,97	direct
00000055	20250526	C1145	Møller Innredning	SKU-1002	Standing Desk 140cm	Furniture	5	5790,46	direct
00000056	20240221	C1343	Dansk Kontormiljø	SKU-1001	Ergonomic Desk Chair	Furniture	11	2272,75	partner
00000057	20240829	C1332	Väisänen Kaluste	SKU-1005	27in 4K Monitor	Displays	8	4103,92	online
00000058	20240816	C1047	Dansk Kontormiljø	SKU-1007	Noise Cancelling Headset	Peripherals	5	1932,53	direct
00000059	20241008	C1314	Møller Innredning	SKU-1002	Standing Desk 140cm	Furniture	8	4521,95	partner
00000060	20240412	C1073	Rødvig Møbler	SKU-1007	Noise Cancelling Headset	Peripherals	5	1825,78	online
00000061	20250416	C1291	Ålesund Kontor	SKU-1007	Noise Cancelling Headset	Peripherals	7	2371,71	retail
00000062	20251011	C1126	Väisänen Kaluste	SKU-1010	Desk Lamp LED	Furniture	2	551,72	retail
00000063	20250414	C1128	Møller Innredning	SKU-1007	Noise Cancelling Headset	Peripherals	9	2045,55	retail
00000064	20240503	C1238	Jyllands Inventar	SKU-1009	Webcam 1080p	Peripherals	9	732,06	online
00000065	20251218	C1085	Dansk Kontormiljø	SKU-1001	Ergonomic Desk Chair	Furniture	7	2118,20	retail
00000066	20250417	C1120	Ålesund Kontor	SKU-1002	Standing Desk 140cm	Furniture	4	5078,52	direct
00000067	20251020	C1319	Väisänen Kaluste	SKU-1010	Desk Lamp LED	Furniture	4	490,49	retail
00000068	20250406	C1223	Väisänen Kaluste	SKU-1004	Mechanical Keyboard	Peripherals	11	1315,64	retail
00000069	20240702	C1058	Jyllands Inventar	SKU-1002	Standing Desk 140cm	Furniture	5	4877,89	-
00000070	20240805	C1064	Jyllands Inventar	SKU-1002	Standing Desk 140cm	Furniture	3	5461,11	direct
00000071	20240301	C1220	Ålesund Kontor	SKU-1009	Webcam 1080p	Peripherals	7	698,57	partner
00000072	20241105	C1094	Kjærstad Utstyr	SKU-1002	Standing Desk 140cm	Furniture	4	4558,90	retail
00000073	20240123	C1222	Rødvig Møbler	SKU-1007	Noise Cancelling Headset	Peripherals	10	1849,11	retail
00000074	20250605	C1167	Søndergaard A/S	SKU-1005	27in 4K Monitor	Displays	1	4186,17	online
00000075	20250329	C1189	Lindqvist AB	SKU-1004	Mechanical Keyboard	Peripherals	4	1206,85	partner
00000076	20240428	C1156	Lindqvist AB	SKU-1004	Mechanical Keyboard	Peripherals	6	1141,33	retail
00000077	20240201	C1225	Rødvig Møbler	SKU-1008	Laptop Stand Aluminium	Accessories	4	716,14	retail
00000078	20240514	C1354	Møller Innredning	SKU-1005	27in 4K Monitor	Displays	2	4217,28	partner
00000079	20251010	C1242	Kärkkäinen Oy	SKU-1005	27in 4K Monitor	Displays	12	3776,08	retail
00000080	20250719	C1223	Kärkkäinen Oy	SKU-1003	Monitor Arm Dual	Accessories	3	828,71	retail
00000081	20240324	C1242	Mäkinen Toimisto	SKU-1010	Desk Lamp LED	Furniture	4	462,75	online
00000082	20241008	C1178	Väisänen Kaluste	SKU-1003	Monitor Arm Dual	Accessories	1	867,93	direct
00000083	20251128	C1059	Trondheim Utstyr	SKU-1004	Mechanical Keyboard	Peripherals	9	1075,79	partner
00000084	20250706	C1301	Jyllands Inventar	SKU-1001	Ergonomic Desk Chair	Furniture	1	2515,83	direct
00000085	20241114	C1305	Lindqvist AB	SKU-1008	Laptop Stand Aluminium	Accessories	3	676,39	direct
00000086	20251222	C1142	Hämäläinen Oy	SKU-1004	Mechanical Keyboard	Peripherals	10	1176,95	direct
00000087	20240907	C1261	Uppsala Interiör	SKU-1005	27in 4K Monitor	Displays	2	3761,63	retail
00000088	20240109	C1099	Mäkinen Toimisto	SKU-1010	Desk Lamp LED	Furniture	9	522,37	partner
00000089	20240502	C1393	Dansk Kontormiljø	SKU-1009	Webcam 1080p	Peripherals	11	773,90	partner
00000090	20250329	C1371	Søndergaard A/S	SKU-1010	Desk Lamp LED	Furniture	5	556,21	retail
00000091	20240407	C1334	Mäkinen Toimisto	SKU-1010	Desk Lamp LED	Furniture	4	453,65	direct
00000092	20241211	C1304	Väisänen Kaluste	SKU-1010	Desk Lamp LED	Furniture	12	587,81	partner
00000093	20240428	C1269	Bergström & Söner	SKU-1010	Desk Lamp LED	Furniture	5	485,58	retail
00000094	20240717	C1057	Kjærstad Utstyr	SKU-1008	Laptop Stand Aluminium	Accessories	1	547,68	direct
00000095	20240904	C1063	Møller Innredning	SKU-1001	Ergonomic Desk Chair	Furniture	8	2246,37	retail
00000096	20250614	C1217	Søndergaard A/S	SKU-1002	Standing Desk 140cm	Furniture	6	5750,28	partner
00000097	20250729	C1375	Bergström & Söner	SKU-1010	Desk Lamp LED	Furniture	1	454,27	direct
00000098	20250330	C1234	Trondheim Utstyr	SKU-1001	Ergonomic Desk Chair	Furniture	7	2045,68	online
00000099	20240419	C1321	Mäkinen Toimisto	SKU-1005	27in 4K Monitor	Displays	9	3875,33	direct
00000100	20251118	C1156	Kärkkäinen Oy	SKU-1008	Laptop Stand Aluminium	Accessories	1	592,94	retail
00000101	20250508	C1330	Kjærstad Utstyr	SKU-1009	Webcam 1080p	Peripherals	5	854,20	direct
00000102	20250128	C1066	Kärkkäinen Oy	SKU-1004	Mechanical Keyboard	Peripherals	6	1008,45	retail
00000103	20240209	C1207	Hämäläinen Oy	SKU-1008	Laptop Stand Aluminium	Accessories	4	621,42	direct
00000104	20241215	C1305	Uppsala Interiör	SKU-1003	Monitor Arm Dual	Accessories	9	891,60	online
00000105	20250101	C1355	Kärkkäinen Oy	SKU-1009	Webcam 1080p	Peripherals	7	723,59	online
00000106	20250511	C1239	Lindqvist AB	SKU-1008	Laptop Stand Aluminium	Accessories	3	614,91	retail
00000107	20251208	C1206	Møller Innredning	SKU-1004	Mechanical Keyboard	Peripherals	10	991,75	online
00000108	20240208	C1111	Hämäläinen Oy	SKU-1006	USB-C Dock	Accessories	12	1662,01	partner
00000109	20241102	C1296	Mäkinen Toimisto	SKU-1006	USB-C Dock	Accessories	11	1994,05	online
00000110	20250402	C1392	Møller Innredning	SKU-1005	27in 4K Monitor	Displays	3	4354,32	online
00000111	20250706	C1223	Nordström Handel	SKU-1007	Noise Cancelling Headset	Peripherals	6	2361,79	partner
00000112	20250916	C1283	Lindqvist AB	SKU-1010	Desk Lamp LED	Furniture	3	490,83	-
00000113	20241028	C1278	Søndergaard A/S	SKU-1003	Monitor Arm Dual	Accessories	4	976,28	retail
00000114	20240210	C1260	Kjærstad Utstyr	SKU-1004	Mechanical Keyboard	Peripherals	3	1120,41	direct
00000115	20250729	C1042	Rødvig Møbler	SKU-1006	USB-C Dock	Accessories	12	1890,60	partner
00000116	20240828	C1017	Uppsala Interiör	SKU-1002	Standing Desk 140cm	Furniture	10	5046,53	direct
00000117	20250404	C1015	Ålesund Kontor	SKU-1009	Webcam 1080p	Peripherals	10	833,98	online
00000118	20250809	C1207	Kärkkäinen Oy	SKU-1008	Laptop Stand Aluminium	Accessories	1	556,83	retail
00000119	20241028	C1379	Nordström Handel	SKU-1010	Desk Lamp LED	Furniture	3	491,64	direct
00000120	20240702	C1262	Søndergaard A/S	SKU-1001	Ergonomic Desk Chair	Furniture	2	2500,81	partner
00000121	20250504	C1076	Kjærstad Utstyr	SKU-1008	Laptop Stand Aluminium	Accessories	-1	629,76	direct
00000122	20250426	C1392	Søndergaard A/S	SKU-1003	Monitor Arm Dual	Accessories	9	915,19	partner
00000123	20250411	C1105	Trondheim Utstyr	SKU-1002	Standing Desk 140cm	Furniture	10	5152,80	retail
00000124	20240619	C1242	Søndergaard A/S	SKU-1005	27in 4K Monitor	Displays	10	3673,78	online
00000125	20240607	C1125	Mäkinen Toimisto	SKU-1004	Mechanical Keyboard	Peripherals	12	1292,51	direct
00000126	20250702	C1100	Dansk Kontormiljø	SKU-1004	Mechanical Keyboard	Peripherals	12	1252,82	retail
00000127	20240301	C1279	Ålesund Kontor	SKU-1005	27in 4K Monitor	Displays	12	3670,59	direct
00000128	20241005	C1184	Hämäläinen Oy	SKU-1005	27in 4K Monitor	Displays	8	4142,37	online
00000129	20241002	C1092	Väisänen Kaluste	SKU-1006	USB-C Dock	Accessories	-2	1595,31	retail
00000130	20241105	C1186	Hämäläinen Oy	SKU-1008	Laptop Stand Aluminium	Accessories	6	636,22	online
00000131	20250726	C1270	Trondheim Utstyr	SKU-1009	Webcam 1080p	Peripherals	4	802,97	direct
00000132	20241009	C1304	Nordström Handel	SKU-1004	Mechanical Keyboard	Peripherals	2	1041,68	partner
00000133	20240903	C1354	Lindqvist AB	SKU-1003	Monitor Arm Dual	Accessories	5	887,50	direct
00000134	20250330	C1063	Hämäläinen Oy	SKU-1008	Laptop Stand Aluminium	Accessories	11	730,91	partner
00000135	20250703	C1111	Väisänen Kaluste	SKU-1010	Desk Lamp LED	Furniture	10	477,88	retail
00000136	20251230	C1165	Bergström & Söner	SKU-1001	Ergonomic Desk Chair	Furniture	9	2106,39	direct
00000137	20241212	C1290	Lindqvist AB	SKU-1005	27in 4K Monitor	Displays	6	4312,43	direct
00000138	20251116	C1346	Nordström Handel	SKU-1010	Desk Lamp LED	Furniture	11	522,59	online
00000139	20250810	C1289	Søndergaard A/S	SKU-1002	Standing Desk 140cm	Furniture	2	5711,23	online
00000140	20240216	C1358	Nordström Handel	SKU-1003	Monitor Arm Dual	Accessories	5	827,40	direct
00000141	20250307	C1104	Møller Innredning	SKU-1001	Ergonomic Desk Chair	Furniture	10	2188,31	partner
00000142	20251210	C1306	Møller Innredning	SKU-1003	Monitor Arm Dual	Accessories	-2	933,80	online
00000143	20250508	C1238	Jyllands Inventar	SKU-1008	Laptop Stand Aluminium	Accessories	4	670,40	online
00000144	20250428	C1320	Mäkinen Toimisto	SKU-1008	Laptop Stand Aluminium	Accessories	1	617,90	online
00000145	20240501	C1131	Uppsala Interiör	SKU-1007	Noise Cancelling Headset	Peripherals	9	2113,39	retail
00000146	20240926	C1076	Møller Innredning	SKU-1004	Mechanical Keyboard	Peripherals	5	1320,92	partner
00000147	20251210	C1036	Søndergaard A/S	SKU-1002	Standing Desk 140cm	Furniture	5	4743,91	partner
00000148	20250904	C1289	Lindqvist AB	SKU-1006	USB-C Dock	Accessories	4	1778,52	partner
00000149	20250409	C1233	Jyllands Inventar	SKU-1008	Laptop Stand Aluminium	Accessories	12	669,86	direct
00000150	20240627	C1238	Søndergaard A/S	SKU-1005	27in 4K Monitor	Displays	12	4203,32	partner
00000151	20240404	C1344	Kärkkäinen Oy	SKU-1002	Standing Desk 140cm	Furniture	1	5118,83	retail
00000152	20250927	C1015	Kjærstad Utstyr	SKU-1010	Desk Lamp LED	Furniture	6	509,37	partner
00000153	20240316	C1360	Mäkinen Toimisto	SKU-1005	27in 4K Monitor	Displays	9	4581,62	direct
00000154	20240501	C1089	Bergström & Söner	SKU-1006	USB-C Dock	Accessories	12	1929,75	retail
00000155	20240530	C1129	Møller Innredning	SKU-1007	Noise Cancelling Headset	Peripherals	9	2061,75	direct
00000156	20250127	C1119	Rødvig Møbler	SKU-1009	Webcam 1080p	Peripherals	7	690,59	direct
00000157	20250724	C1355	Søndergaard A/S	SKU-1006	USB-C Dock	Accessories	6	1574,21	online
00000158	20240904	C1054	Jyllands Inventar	SKU-1008	Laptop Stand Aluminium	Accessories	5	559,46	partner
00000159	20251031	C1031	Trondheim Utstyr	SKU-1004	Mechanical Keyboard	Peripherals	8	1171,80	direct
00000160	20250304	C1157	Hämäläinen Oy	SKU-1006	USB-C Dock	Accessories	11	1569,09	direct
00000161	20250129	C1130	Jyllands Inventar	SKU-1001	Ergonomic Desk Chair	Furniture	1	2544,62	partner
00000162	20250531	C1161	Lindqvist AB	SKU-1002	Standing Desk 140cm	Furniture	5	5737,60	online
00000163	20241122	C1054	Väisänen Kaluste	SKU-1004	Mechanical Keyboard	Peripherals	5	1169,06	retail
00000164	20240228	C1076	Lindqvist AB	SKU-1005	27in 4K Monitor	Displays	5	4323,24	direct
00000165	20240421	C1112	Kärkkäinen Oy	SKU-1007	Noise Cancelling Headset	Peripherals	-1	2146,76	partner
00000166	20250429	C1146	Lindqvist AB	SKU-1008	Laptop Stand Aluminium	Accessories	4	616,45	retail
00000167	20251011	C1289	Hämäläinen Oy	SKU-1010	Desk Lamp LED	Furniture	4	571,91	-
00000168	20250209	C1066	Jyllands Inventar	SKU-1001	Ergonomic Desk Chair	Furniture	6	2266,67	retail
00000169	20251216	C1372	Jyllands Inventar	SKU-1001	Ergonomic Desk Chair	Furniture	5	2044,34	partner
00000170	20240305	C1322	Bergström & Söner	SKU-1006	USB-C Dock	Accessories	4	1971,28	online
00000171	20241222	C1122	Dansk Kontormiljø	SKU-1007	Noise Cancelling Headset	Peripherals	3	2127,56	online
00000172	20250206	C1225	Kärkkäinen Oy	SKU-1003	Monitor Arm Dual	Accessories	10	874,17	retail
00000173	20240223	C1091	Kjærstad Utstyr	SKU-1010	Desk Lamp LED	Furniture	3	556,49	direct
00000174	20240605	C1054	Bergström & Söner	SKU-1002	Standing Desk 140cm	Furniture	4	5592,29	direct
00000175	20240403	C1056	Kärkkäinen Oy	SKU-1005	27in 4K Monitor	Displays	3	3802,97	partner
00000176	20250630	C1111	Søndergaard A/S	SKU-1008	Laptop Stand Aluminium	Accessories	4	641,18	online
00000177	20240315	C1187	Bergström & Söner	SKU-1007	Noise Cancelling Headset	Peripherals	10	2411,69	partner
00000178	20250606	C1362	Bergström & Söner	SKU-1001	Ergonomic Desk Chair	Furniture	7	2412,10	direct
00000179	20240121	C1163	Trondheim Utstyr	SKU-1002	Standing Desk 140cm	Furniture	5	4833,88	partner
00000180	20240117	C1057	Bergström & Söner	SKU-1008	Laptop Stand Aluminium	Accessories	8	569,66	online
00000181	20241106	C1095	Uppsala Interiör	SKU-1008	Laptop Stand Aluminium	Accessories	1	661,65	direct
00000182	20250330	C1128	Bergström & Söner	SKU-1002	Standing Desk 140cm	Furniture	1	5387,78	partner
00000183	20240206	C1106	Uppsala Interiör	SKU-1007	Noise Cancelling Headset	Peripherals	6	2233,38	partner
00000184	20241127	C1051	Uppsala Interiör	SKU-1004	Mechanical Keyboard	Peripherals	9	1187,33	online
00000185	20250215	C1049	Hämäläinen Oy	SKU-1003	Monitor Arm Dual	Accessories	8	814,56	online
00000186	20241207	C1204	Dansk Kontormiljø	SKU-1007	Noise Cancelling Headset	Peripherals	4	2404,47	retail
00000187	20240124	C1255	Mäkinen Toimisto	SKU-1009	Webcam 1080p	Peripherals	-1	796,10	direct
00000188	20251031	C1206	Uppsala Interiör	SKU-1010	Desk Lamp LED	Furniture	8	593,43	-
00000189	20250927	C1014	Uppsala Interiör	SKU-1002	Standing Desk 140cm	Furniture	6	4475,96	retail
00000190	20250508	C1287	Lindqvist AB	SKU-1001	Ergonomic Desk Chair	Furniture	9	2621,41	partner
00000191	20250224	C1251	Hämäläinen Oy	SKU-1001	Ergonomic Desk Chair	Furniture	8	2679,09	direct
00000192	20240727	C1207	Mäkinen Toimisto	SKU-1009	Webcam 1080p	Peripherals	8	830,66	retail
00000193	20250614	C1316	Søndergaard A/S	SKU-1010	Desk Lamp LED	Furniture	6	461,17	online
00000194	20250426	C1108	Uppsala Interiör	SKU-1009	Webcam 1080p	Peripherals	4	806,49	direct
00000195	20250125	C1215	Väisänen Kaluste	SKU-1009	Webcam 1080p	Peripherals	3	820,50	direct
00000196	20240615	C1013	Møller Innredning	SKU-1008	Laptop Stand Aluminium	Accessories	8	632,15	partner
00000197	20251020	C1289	Mäkinen Toimisto	SKU-1004	Mechanical Keyboard	Peripherals	3	1019,94	partner
00000198	20240111	C1398	Väisänen Kaluste	SKU-1001	Ergonomic Desk Chair	Furniture	2	2054,06	retail
00000199	20240318	C1359	Møller Innredning	SKU-1008	Laptop Stand Aluminium	Accessories	8	664,40	direct
00000200	20250522	C1399	Uppsala Interiör	SKU-1009	Webcam 1080p	Peripherals	11	674,55	online
00000201	20240115	C1119	Nordström Handel	SKU-1003	Monitor Arm Dual	Accessories	10	779,48	online
00000202	20250325	C1226	Trondheim Utstyr	SKU-1004	Mechanical Keyboard	Peripherals	4	1165,79	partner
00000203	20240305	C1071	Rødvig Møbler	SKU-1009	Webcam 1080p	Peripherals	8	811,54	retail
00000204	20250715	C1194	Jyllands Inventar	SKU-1005	27in 4K Monitor	Displays	8	4507,31	direct
00000205	20240705	C1295	Hämäläinen Oy	SKU-1007	Noise Cancelling Headset	Peripherals	11	2266,23	partner
00000206	20250608	C1104	Nordström Handel	SKU-1001	Ergonomic Desk Chair	Furniture	7	2134,22	partner
00000207	20240525	C1135	Väisänen Kaluste	SKU-1002	Standing Desk 140cm	Furniture	6	5172,73	online
00000208	20240916	C1296	Møller Innredning	SKU-1009	Webcam 1080p	Peripherals	1	776,73	retail
00000209	20250804	C1102	Väisänen Kaluste	SKU-1005	27in 4K Monitor	Displays	-2	4391,91	online
00000210	20240225	C1328	Møller Innredning	SKU-1002	Standing Desk 140cm	Furniture	6	4537,25	partner
00000211	20240712	C1249	Kärkkäinen Oy	SKU-1007	Noise Cancelling Headset	Peripherals	7	1874,11	retail
00000212	20251213	C1256	Lindqvist AB	SKU-1001	Ergonomic Desk Chair	Furniture	7	2368,71	direct
00000213	20241016	C1089	Kärkkäinen Oy	SKU-1007	Noise Cancelling Headset	Peripherals	9	2350,73	online
00000214	20240407	C1222	Uppsala Interiör	SKU-1009	Webcam 1080p	Peripherals	1	826,80	direct
00000215	20250310	C1272	Väisänen Kaluste	SKU-1001	Ergonomic Desk Chair	Furniture	1	2483,23	partner
00000216	20250209	C1251	Kjærstad Utstyr	SKU-1009	Webcam 1080p	Peripherals	7	706,61	direct
00000217	20240413	C1203	Kjærstad Utstyr	SKU-1001	Ergonomic Desk Chair	Furniture	5	2396,59	online
00000218	20240406	C1122	Søndergaard A/S	SKU-1005	27in 4K Monitor	Displays	8	3744,90	partner
00000219	20250604	C1215	Møller Innredning	SKU-1003	Monitor Arm Dual	Accessories	5	918,61	online
00000220	20250407	C1161	Nordström Handel	SKU-1010	Desk Lamp LED	Furniture	7	451,99	online
00000221	20241117	C1388	Dansk Kontormiljø	SKU-1007	Noise Cancelling Headset	Peripherals	9	2093,76	retail
00000222	20240802	C1276	Kjærstad Utstyr	SKU-1010	Desk Lamp LED	Furniture	6	530,08	online
00000223	20250218	C1099	Møller Innredning	SKU-1006	USB-C Dock	Accessories	10	1597,46	direct
00000224	20240725	C1300	Mäkinen Toimisto	SKU-1010	Desk Lamp LED	Furniture	10	572,96	partner
00000225	20250818	C1082	Lindqvist AB	SKU-1001	Ergonomic Desk Chair	Furniture	2	2157,99	partner
00000226	20240421	C1138	Trondheim Utstyr	SKU-1005	27in 4K Monitor	Displays	6	3897,43	direct
00000227	20241123	C1125	Väisänen Kaluste	SKU-1004	Mechanical Keyboard	Peripherals	6	1136,42	partner
00000228	20250814	C1028	Jyllands Inventar	SKU-1009	Webcam 1080p	Peripherals	3	688,26	online
00000229	20240107	C1344	Väisänen Kaluste	SKU-1001	Ergonomic Desk Chair	Furniture	8	2132,12	direct
00000230	20240901	C1059	Nordström Handel	SKU-1010	Desk Lamp LED	Furniture	3	569,60	online
00000231	20240711	C1380	Nordström Handel	SKU-1006	USB-C Dock	Accessories	5	1547,51	retail
00000232	20240331	C1043	Lindqvist AB	SKU-1007	Noise Cancelling Headset	Peripherals	6	1853,27	online
00000233	20250705	C1085	Kjærstad Utstyr	SKU-1004	Mechanical Keyboard	Peripherals	9	1036,86	online
00000234	20241031	C1123	Bergström & Söner	SKU-1008	Laptop Stand Aluminium	Accessories	6	582,84	online
00000235	20240903	C1201	Kjærstad Utstyr	SKU-1003	Monitor Arm Dual	Accessories	2	914,82	partner
00000236	20240421	C1009	Møller Innredning	SKU-1006	USB-C Dock	Accessories	10	1514,65	direct
00000237	20240913	C1232	Hämäläinen Oy	SKU-1002	Standing Desk 140cm	Furniture	5	5089,11	retail
00000238	20250720	C1320	Väisänen Kaluste	SKU-1007	Noise Cancelling Headset	Peripherals	2	2066,37	-
00000239	20250107	C1294	Kärkkäinen Oy	SKU-1004	Mechanical Keyboard	Peripherals	3	1159,10	partner
00000240	20251212	C1335	Lindqvist AB	SKU-1004	Mechanical Keyboard	Peripherals	12	1027,40	partner
00000241	20240128	C1200	Mäkinen Toimisto	SKU-1009	Webcam 1080p	Peripherals	1	782,43	retail
00000242	20240113	C1108	Bergström & Söner	SKU-1001	Ergonomic Desk Chair	Furniture	3	2446,05	retail
00000243	20250315	C1113	Mäkinen Toimisto	SKU-1009	Webcam 1080p	Peripherals	10	665,74	partner
00000244	20241107	C1362	Kjærstad Utstyr	SKU-1009	Webcam 1080p	Peripherals	12	867,46	partner
00000245	20251123	C1189	Hämäläinen Oy	SKU-1009	Webcam 1080p	Peripherals	3	697,17	direct
00000246	20250604	C1377	Mäkinen Toimisto	SKU-1003	Monitor Arm Dual	Accessories	5	873,65	partner
00000247	20240816	C1254	Nordström Handel	SKU-1008	Laptop Stand Aluminium	Accessories	9	563,06	online
00000248	20250729	C1095	Bergström & Söner	SKU-1010	Desk Lamp LED	Furniture	-3	485,02	retail
00000249	20251215	C1014	Mäkinen Toimisto	SKU-1010	Desk Lamp LED	Furniture	2	451,58	direct
00000250	20250305	C1286	Mäkinen Toimisto	SKU-1001	Ergonomic Desk Chair	Furniture	5	2314,60	-
00000251	20251109	C1161	Lindqvist AB	SKU-1006	USB-C Dock	Accessories	2	1855,03	partner
00000252	20251218	C1392	Trondheim Utstyr	SKU-1007	Noise Cancelling Headset	Peripherals	9	2135,17	direct
00000253	20241104	C1158	Uppsala Interiör	SKU-1006	USB-C Dock	Accessories	11	1966,36	-
00000254	20240324	C1258	Nordström Handel	SKU-1007	Noise Cancelling Headset	Peripherals	4	2164,28	partner
00000255	20250421	C1113	Trondheim Utstyr	SKU-1004	Mechanical Keyboard	Peripherals	8	1304,39	retail
00000256	20251010	C1117	Bergström & Söner	SKU-1007	Noise Cancelling Headset	Peripherals	6	1880,12	retail
00000257	20250417	C1227	Kärkkäinen Oy	SKU-1005	27in 4K Monitor	Displays	10	4040,63	direct
00000258	20250204	C1049	Møller Innredning	SKU-1008	Laptop Stand Aluminium	Accessories	4	682,13	partner
00000259	20240911	C1128	Ålesund Kontor	SKU-1009	Webcam 1080p	Peripherals	2	779,80	retail
00000260	20251211	C1331	Rødvig Møbler	SKU-1007	Noise Cancelling Headset	Peripherals	3	1951,07	retail
00000261	20250412	C1158	Søndergaard A/S	SKU-1010	Desk Lamp LED	Furniture	1	587,43	online
00000262	20250124	C1190	Ålesund Kontor	SKU-1007	Noise Cancelling Headset	Peripherals	7	2291,23	direct
00000263	20240226	C1091	Bergström & Söner	SKU-1006	USB-C Dock	Accessories	12	1593,35	direct
00000264	20241229	C1203	Kärkkäinen Oy	SKU-1010	Desk Lamp LED	Furniture	11	482,52	direct
00000265	20251112	C1367	Dansk Kontormiljø	SKU-1008	Laptop Stand Aluminium	Accessories	8	642,71	online
00000266	20240617	C1293	Trondheim Utstyr	SKU-1006	USB-C Dock	Accessories	5	1568,12	retail
00000267	20251026	C1190	Väisänen Kaluste	SKU-1002	Standing Desk 140cm	Furniture	3	5540,29	online
00000268	20240517	C1353	Uppsala Interiör	SKU-1009	Webcam 1080p	Peripherals	7	817,99	direct
00000269	20250809	C1178	Nordström Handel	SKU-1003	Monitor Arm Dual	Accessories	4	885,01	online
00000270	20250718	C1005	Kärkkäinen Oy	SKU-1004	Mechanical Keyboard	Peripherals	6	1249,38	retail
00000271	20250810	C1151	Dansk Kontormiljø	SKU-1002	Standing Desk 140cm	Furniture	10	5144,29	direct
00000272	20241122	C1288	Søndergaard A/S	SKU-1003	Monitor Arm Dual	Accessories	9	928,96	partner
00000273	20250314	C1364	Nordström Handel	SKU-1001	Ergonomic Desk Chair	Furniture	3	2713,69	direct
00000274	20240831	C1201	Hämäläinen Oy	SKU-1008	Laptop Stand Aluminium	Accessories	3	659,46	online
00000275	20241117	C1148	Trondheim Utstyr	SKU-1004	Mechanical Keyboard	Peripherals	8	1291,24	online
00000276	20241025	C1086	Kjærstad Utstyr	SKU-1001	Ergonomic Desk Chair	Furniture	8	2150,80	partner
00000277	20250916	C1052	Møller Innredning	SKU-1008	Laptop Stand Aluminium	Accessories	8	715,59	online
00000278	20251207	C1142	Møller Innredning	SKU-1005	27in 4K Monitor	Displays	2	4424,13	partner
00000279	20240125	C1145	Søndergaard A/S	SKU-1002	Standing Desk 140cm	Furniture	6	4550,71	retail
00000280	20250821	C1117	Väisänen Kaluste	SKU-1001	Ergonomic Desk Chair	Furniture	1	2592,24	online
00000281	20251211	C1106	Uppsala Interiör	SKU-1001	Ergonomic Desk Chair	Furniture	2	2137,54	direct
00000282	20250104	C1072	Jyllands Inventar	SKU-1009	Webcam 1080p	Peripherals	6	782,60	online
00000283	20240908	C1394	Hämäläinen Oy	SKU-1003	Monitor Arm Dual	Accessories	1	941,35	retail
00000284	20240607	C1086	Kjærstad Utstyr	SKU-1005	27in 4K Monitor	Displays	1	4043,03	direct
00000285	20240522	C1015	Bergström & Söner	SKU-1008	Laptop Stand Aluminium	Accessories	2	709,33	online
00000286	20241226	C1393	Ålesund Kontor	SKU-1006	USB-C Dock	Accessories	10	1951,35	online
00000287	20250406	C1319	Rødvig Møbler	SKU-1004	Mechanical Keyboard	Peripherals	11	1181,00	direct
00000288	20240720	C1395	Lindqvist AB	SKU-1006	USB-C Dock	Accessories	2	1718,67	direct
00000289	20240503	C1318	Hämäläinen Oy	SKU-1003	Monitor Arm Dual	Accessories	4	873,02	online
00000290	20240505	C1270	Søndergaard A/S	SKU-1007	Noise Cancelling Headset	Peripherals	2	2007,37	direct
00000291	20250521	C1023	Jyllands Inventar	SKU-1009	Webcam 1080p	Peripherals	-3	754,03	retail
00000292	20240613	C1329	Nordström Handel	SKU-1004	Mechanical Keyboard	Peripherals	12	1285,02	partner
00000293	20241111	C1261	Dansk Kontormiljø	SKU-1001	Ergonomic Desk Chair	Furniture	1	2432,06	retail
00000294	20250413	C1011	Jyllands Inventar	SKU-1006	USB-C Dock	Accessories	10	2005,53	direct
00000295	20250510	C1059	Lindqvist AB	SKU-1004	Mechanical Keyboard	Peripherals	3	1160,60	partner
00000296	20240308	C1020	Mäkinen Toimisto	SKU-1003	Monitor Arm Dual	Accessories	7	864,69	direct
00000297	20240504	C1108	Rødvig Møbler	SKU-1003	Monitor Arm Dual	Accessories	7	816,32	online
00000298	20251205	C1359	Dansk Kontormiljø	SKU-1008	Laptop Stand Aluminium	Accessories	8	611,66	direct
00000299	20240501	C1134	Trondheim Utstyr	SKU-1003	Monitor Arm Dual	Accessories	8	953,61	partner
00000300	20250812	C1256	Bergström & Söner	SKU-1005	27in 4K Monitor	Displays	12	4901,35	partner
00000301	20251110	C1119	Jyllands Inventar	SKU-1007	Noise Cancelling Headset	Peripherals	7	1932,02	direct
00000302	20241226	C1113	Nordström Handel	SKU-1004	Mechanical Keyboard	Peripherals	1	1173,01	direct
00000303	20251229	C1058	Väisänen Kaluste	SKU-1010	Desk Lamp LED	Furniture	7	557,57	partner
00000304	20240321	C1266	Väisänen Kaluste	SKU-1002	Standing Desk 140cm	Furniture	7	4845,65	retail
00000305	20240925	C1271	Trondheim Utstyr	SKU-1007	Noise Cancelling Headset	Peripherals	10	2250,62	retail
00000306	20250715	C1335	Rødvig Møbler	SKU-1007	Noise Cancelling Headset	Peripherals	1	1793,48	retail
00000307	20250410	C1306	Søndergaard A/S	SKU-1006	USB-C Dock	Accessories	4	1602,53	direct
00000308	20250704	C1389	Hämäläinen Oy	SKU-1007	Noise Cancelling Headset	Peripherals	11	2046,14	partner
00000309	20250212	C1337	Dansk Kontormiljø	SKU-1001	Ergonomic Desk Chair	Furniture	2	2100,75	direct
00000310	20240112	C1222	Søndergaard A/S	SKU-1001	Ergonomic Desk Chair	Furniture	7	2588,31	direct
00000311	20240125	C1128	Trondheim Utstyr	SKU-1005	27in 4K Monitor	Displays	8	4732,51	partner
00000312	20240502	C1261	Nordström Handel	SKU-1009	Webcam 1080p	Peripherals	1	720,39	retail
00000313	20251113	C1122	Søndergaard A/S	SKU-1004	Mechanical Keyboard	Peripherals	3	1208,74	direct
00000314	20240722	C1094	Jyllands Inventar	SKU-1001	Ergonomic Desk Chair	Furniture	2	2398,25	online
00000315	20251028	C1080	Mäkinen Toimisto	SKU-1007	Noise Cancelling Headset	Peripherals	5	2044,45	partner
00000316	20240924	C1187	Nordström Handel	SKU-1006	USB-C Dock	Accessories	3	1527,47	retail
00000317	20240216	C1137	Rødvig Møbler	SKU-1010	Desk Lamp LED	Furniture	3	551,17	direct
00000318	20240108	C1320	Mäkinen Toimisto	SKU-1008	Laptop Stand Aluminium	Accessories	11	670,20	direct
00000319	20251119	C1378	Jyllands Inventar	SKU-1005	27in 4K Monitor	Displays	4	4878,52	online
00000320	20250512	C1348	Bergström & Söner	SKU-1007	Noise Cancelling Headset	Peripherals	9	2020,94	partner
00000321	20240520	C1223	Lindqvist AB	SKU-1010	Desk Lamp LED	Furniture	3	546,52	online
00000322	20250601	C1136	Kärkkäinen Oy	SKU-1001	Ergonomic Desk Chair	Furniture	12	2631,48	partner
00000323	20241012	C1061	Mäkinen Toimisto	SKU-1006	USB-C Dock	Accessories	11	1565,35	-
00000324	20241210	C1167	Jyllands Inventar	SKU-1010	Desk Lamp LED	Furniture	6	540,76	retail
00000325	20250105	C1311	Kjærstad Utstyr	SKU-1008	Laptop Stand Aluminium	Accessories	11	601,17	retail
00000326	20250807	C1129	Ålesund Kontor	SKU-1003	Monitor Arm Dual	Accessories	4	926,50	partner
00000327	20240315	C1015	Ålesund Kontor	SKU-1007	Noise Cancelling Headset	Peripherals	5	2202,19	direct
00000328	20250918	C1036	Mäkinen Toimisto	SKU-1009	Webcam 1080p	Peripherals	4	812,08	online
00000329	20240611	C1097	Søndergaard A/S	SKU-1004	Mechanical Keyboard	Peripherals	8	1046,07	retail
00000330	20250407	C1083	Ålesund Kontor	SKU-1009	Webcam 1080p	Peripherals	11	694,87	partner
00000331	20240411	C1242	Kärkkäinen Oy	SKU-1006	USB-C Dock	Accessories	1	1875,04	direct
00000332	20240722	C1281	Nordström Handel	SKU-1010	Desk Lamp LED	Furniture	7	473,91	online
00000333	20250223	C1055	Søndergaard A/S	SKU-1009	Webcam 1080p	Peripherals	4	719,51	direct
00000334	20240705	C1264	Trondheim Utstyr	SKU-1010	Desk Lamp LED	Furniture	12	529,22	online
00000335	20251021	C1342	Rødvig Møbler	SKU-1008	Laptop Stand Aluminium	Accessories	10	614,61	direct
00000336	20251224	C1105	Mäkinen Toimisto	SKU-1009	Webcam 1080p	Peripherals	1	687,58	online
00000337	20241014	C1219	Nordström Handel	SKU-1003	Monitor Arm Dual	Accessories	1	912,41	retail
00000338	20250126	C1191	Uppsala Interiör	SKU-1008	Laptop Stand Aluminium	Accessories	7	689,60	retail
00000339	20240608	C1319	Møller Innredning	SKU-1003	Monitor Arm Dual	Accessories	5	1011,13	online
00000340	20250530	C1378	Hämäläinen Oy	SKU-1003	Monitor Arm Dual	Accessories	2	808,09	partner
00000341	20241128	C1224	Møller Innredning	SKU-1001	Ergonomic Desk Chair	Furniture	10	2479,47	direct
00000342	20240408	C1391	Dansk Kontormiljø	SKU-1008	Laptop Stand Aluminium	Accessories	7	722,17	direct
00000343	20240627	C1217	Lindqvist AB	SKU-1001	Ergonomic Desk Chair	Furniture	12	2081,74	direct
00000344	20240913	C1061	Jyllands Inventar	SKU-1004	Mechanical Keyboard	Peripherals	6	1166,46	online
00000345	20241215	C1138	Kjærstad Utstyr	SKU-1010	Desk Lamp LED	Furniture	11	587,61	partner
00000346	20251013	C1127	Ålesund Kontor	SKU-1001	Ergonomic Desk Chair	Furniture	10	2378,23	retail
00000347	20250630	C1050	Väisänen Kaluste	SKU-1007	Noise Cancelling Headset	Peripherals	11	2085,70	retail
00000348	20240222	C1266	Ålesund Kontor	SKU-1007	Noise Cancelling Headset	Peripherals	11	1873,32	partner
00000349	20240512	C1175	Hämäläinen Oy	SKU-1002	Standing Desk 140cm	Furniture	6	5407,15	partner
00000350	20240802	C1238	Dansk Kontormiljø	SKU-1009	Webcam 1080p	Peripherals	2	666,57	direct
00000351	20240305	C1269	Hämäläinen Oy	SKU-1007	Noise Cancelling Headset	Peripherals	8	2022,25	-
00000352	20240418	C1346	Jyllands Inventar	SKU-1010	Desk Lamp LED	Furniture	2	585,29	online
00000353	20240713	C1320	Dansk Kontormiljø	SKU-1010	Desk Lamp LED	Furniture	5	491,51	direct
00000354	20250218	C1001	Ålesund Kontor	SKU-1008	Laptop Stand Aluminium	Accessories	5	629,11	-
00000355	20250119	C1059	Jyllands Inventar	SKU-1007	Noise Cancelling Headset	Peripherals	5	1807,08	online
00000356	20241112	C1283	Jyllands Inventar	SKU-1006	USB-C Dock	Accessories	1	1887,39	retail
00000357	20240914	C1236	Ålesund Kontor	SKU-1001	Ergonomic Desk Chair	Furniture	10	2072,20	direct
00000358	20240305	C1060	Hämäläinen Oy	SKU-1006	USB-C Dock	Accessories	6	1951,72	retail
00000359	20241109	C1197	Kärkkäinen Oy	SKU-1004	Mechanical Keyboard	Peripherals	11	1287,68	online
00000360	20240101	C1002	Hämäläinen Oy	SKU-1009	Webcam 1080p	Peripherals	2	893,00	online
00000361	20241224	C1196	Jyllands Inventar	SKU-1006	USB-C Dock	Accessories	2	1517,51	direct
00000362	20251114	C1299	Hämäläinen Oy	SKU-1006	USB-C Dock	Accessories	10	1933,75	partner
00000363	20240531	C1382	Nordström Handel	SKU-1004	Mechanical Keyboard	Peripherals	1	1174,06	direct
00000364	20240528	C1400	Nordström Handel	SKU-1003	Monitor Arm Dual	Accessories	3	892,11	partner
00000365	20250618	C1002	Jyllands Inventar	SKU-1003	Monitor Arm Dual	Accessories	-3	899,16	retail
00000366	20240807	C1378	Jyllands Inventar	SKU-1009	Webcam 1080p	Peripherals	2	829,64	online
00000367	20250209	C1265	Søndergaard A/S	SKU-1002	Standing Desk 140cm	Furniture	3	5264,51	online
00000368	20240830	C1177	Lindqvist AB	SKU-1002	Standing Desk 140cm	Furniture	12	5096,74	direct
00000369	20251210	C1146	Kärkkäinen Oy	SKU-1003	Monitor Arm Dual	Accessories	11	804,58	-
00000370	20250919	C1211	Kjærstad Utstyr	SKU-1008	Laptop Stand Aluminium	Accessories	1	686,04	online
00000371	20240401	C1067	Trondheim Utstyr	SKU-1003	Monitor Arm Dual	Accessories	8	969,47	retail
00000372	20250904	C1102	Kärkkäinen Oy	SKU-1006	USB-C Dock	Accessories	7	1920,68	online
00000373	20240727	C1371	Søndergaard A/S	SKU-1002	Standing Desk 140cm	Furniture	12	5064,33	direct
00000374	20240707	C1209	Bergström & Söner	SKU-1004	Mechanical Keyboard	Peripherals	7	1084,49	online
00000375	20250401	C1262	Mäkinen Toimisto	SKU-1003	Monitor Arm Dual	Accessories	9	814,72	online
00000376	20251229	C1073	Dansk Kontormiljø	SKU-1006	USB-C Dock	Accessories	5	1722,70	online
00000377	20240403	C1360	Trondheim Utstyr	SKU-1010	Desk Lamp LED	Furniture	5	544,40	retail
00000378	20240524	C1248	Lindqvist AB	SKU-1010	Desk Lamp LED	Furniture	10	488,87	direct
00000379	20250727	C1244	Rødvig Møbler	SKU-1003	Monitor Arm Dual	Accessories	2	793,84	online
00000380	20240426	C1310	Søndergaard A/S	SKU-1004	Mechanical Keyboard	Peripherals	8	1210,62	direct
00000381	20251125	C1088	Jyllands Inventar	SKU-1009	Webcam 1080p	Peripherals	7	717,63	partner
00000382	20240612	C1224	Mäkinen Toimisto	SKU-1007	Noise Cancelling Headset	Peripherals	11	1834,49	retail
00000383	20251030	C1046	Hämäläinen Oy	SKU-1007	Noise Cancelling Headset	Peripherals	2	1944,60	-
00000384	20250915	C1237	Uppsala Interiör	SKU-1008	Laptop Stand Aluminium	Accessories	6	691,74	partner
00000385	20240925	C1274	Bergström & Söner	SKU-1002	Standing Desk 140cm	Furniture	2	5121,58	partner
00000386	20250115	C1029	Mäkinen Toimisto	SKU-1004	Mechanical Keyboard	Peripherals	4	1273,28	online
00000387	20250223	C1319	Väisänen Kaluste	SKU-1004	Mechanical Keyboard	Peripherals	12	1273,62	partner
00000388	20240102	C1046	Møller Innredning	SKU-1010	Desk Lamp LED	Furniture	1	535,34	retail
00000389	20240125	C1092	Møller Innredning	SKU-1008	Laptop Stand Aluminium	Accessories	-2	576,62	partner
00000390	20250405	C1162	Hämäläinen Oy	SKU-1003	Monitor Arm Dual	Accessories	1	1013,51	direct
00000391	20251214	C1365	Mäkinen Toimisto	SKU-1004	Mechanical Keyboard	Peripherals	7	1264,90	online
00000392	20250612	C1158	Uppsala Interiör	SKU-1009	Webcam 1080p	Peripherals	12	676,01	partner
00000393	20240711	C1355	Väisänen Kaluste	SKU-1002	Standing Desk 140cm	Furniture	4	5141,20	retail
00000394	20240222	C1254	Mäkinen Toimisto	SKU-1010	Desk Lamp LED	Furniture	11	460,19	direct
00000395	20241021	C1002	Hämäläinen Oy	SKU-1004	Mechanical Keyboard	Peripherals	8	1307,28	online
00000396	20250929	C1175	Søndergaard A/S	SKU-1004	Mechanical Keyboard	Peripherals	2	1208,67	direct
00000397	20240726	C1177	Møller Innredning	SKU-1005	27in 4K Monitor	Displays	2	4219,45	online
00000398	20241220	C1270	Kärkkäinen Oy	SKU-1007	Noise Cancelling Headset	Peripherals	6	2051,46	online
00000399	20240822	C1065	Trondheim Utstyr	SKU-1005	27in 4K Monitor	Displays	7	4455,95	partner
00000400	20251007	C1120	Kärkkäinen Oy	SKU-1009	Webcam 1080p	Peripherals	3	691,40	retail
00000401	20240121	C1041	Rødvig Møbler	SKU-1007	Noise Cancelling Headset	Peripherals	4	1984,88	direct
00000402	20240228	C1191	Søndergaard A/S	SKU-1001	Ergonomic Desk Chair	Furniture	12	2620,71	partner
00000403	20251111	C1210	Uppsala Interiör	SKU-1008	Laptop Stand Aluminium	Accessories	4	701,77	online
00000404	20250716	C1155	Trondheim Utstyr	SKU-1008	Laptop Stand Aluminium	Accessories	5	720,68	direct
00000405	20250927	C1396	Mäkinen Toimisto	SKU-1002	Standing Desk 140cm	Furniture	2	5319,54	online
00000406	20241114	C1005	Mäkinen Toimisto	SKU-1003	Monitor Arm Dual	Accessories	6	902,67	-
00000407	20240807	C1149	Kärkkäinen Oy	SKU-1007	Noise Cancelling Headset	Peripherals	1	2297,51	online
00000408	20250508	C1217	Lindqvist AB	SKU-1009	Webcam 1080p	Peripherals	8	682,60	online
00000409	20250103	C1053	Jyllands Inventar	SKU-1008	Laptop Stand Aluminium	Accessories	10	677,31	partner
00000410	20251122	C1039	Bergström & Söner	SKU-1002	Standing Desk 140cm	Furniture	4	5708,16	retail
00000411	20251209	C1056	Mäkinen Toimisto	SKU-1009	Webcam 1080p	Peripherals	6	827,05	direct
00000412	20250125	C1109	Dansk Kontormiljø	SKU-1004	Mechanical Keyboard	Peripherals	3	1073,33	online
00000413	20251106	C1246	Kjærstad Utstyr	SKU-1002	Standing Desk 140cm	Furniture	-2	5576,57	direct
00000414	20250702	C1235	Jyllands Inventar	SKU-1003	Monitor Arm Dual	Accessories	10	841,81	retail
00000415	20240705	C1049	Kärkkäinen Oy	SKU-1010	Desk Lamp LED	Furniture	4	493,74	direct
00000416	20241228	C1197	Nordström Handel	SKU-1006	USB-C Dock	Accessories	8	1809,90	online
00000417	20240615	C1029	Hämäläinen Oy	SKU-1008	Laptop Stand Aluminium	Accessories	6	596,89	direct
00000418	20250116	C1094	Dansk Kontormiljø	SKU-1008	Laptop Stand Aluminium	Accessories	4	696,11	direct
00000419	20250322	C1298	Nordström Handel	SKU-1005	27in 4K Monitor	Displays	4	4588,09	online
00000420	20250614	C1129	Søndergaard A/S	SKU-1007	Noise Cancelling Headset	Peripherals	6	1945,89	partner
00000421	20241212	C1297	Nordström Handel	SKU-1009	Webcam 1080p	Peripherals	9	867,10	direct
00000422	20250812	C1268	Hämäläinen Oy	SKU-1002	Standing Desk 140cm	Furniture	3	4465,66	retail
00000423	20251230	C1367	Kärkkäinen Oy	SKU-1004	Mechanical Keyboard	Peripherals	12	1241,33	online
00000424	20240120	C1268	Lindqvist AB	SKU-1003	Monitor Arm Dual	Accessories	3	767,74	retail
00000425	20241003	C1212	Søndergaard A/S	SKU-1010	Desk Lamp LED	Furniture	7	498,26	-
00000426	20240818	C1211	Bergström & Söner	SKU-1003	Monitor Arm Dual	Accessories	2	948,15	retail
00000427	20251108	C1017	Nordström Handel	SKU-1010	Desk Lamp LED	Furniture	10	526,91	partner
00000428	20240304	C1246	Trondheim Utstyr	SKU-1002	Standing Desk 140cm	Furniture	5	5315,00	direct
00000429	20250727	C1098	Rødvig Møbler	SKU-1001	Ergonomic Desk Chair	Furniture	4	2455,35	direct
00000430	20240428	C1167	Lindqvist AB	SKU-1007	Noise Cancelling Headset	Peripherals	2	2082,70	online
00000431	20251220	C1000	Uppsala Interiör	SKU-1003	Monitor Arm Dual	Accessories	2	945,51	partner
00000432	20250428	C1380	Uppsala Interiör	SKU-1004	Mechanical Keyboard	Peripherals	12	1225,19	partner
00000433	20241202	C1263	Kjærstad Utstyr	SKU-1009	Webcam 1080p	Peripherals	8	818,54	partner
00000434	20250408	C1230	Møller Innredning	SKU-1010	Desk Lamp LED	Furniture	9	475,40	retail
00000435	20240807	C1280	Møller Innredning	SKU-1005	27in 4K Monitor	Displays	-1	4646,49	direct
00000436	20250303	C1395	Väisänen Kaluste	SKU-1002	Standing Desk 140cm	Furniture	3	4575,75	partner
00000437	20240624	C1394	Nordström Handel	SKU-1002	Standing Desk 140cm	Furniture	2	5780,16	retail
00000438	20241114	C1024	Mäkinen Toimisto	SKU-1010	Desk Lamp LED	Furniture	11	502,49	online
00000439	20240907	C1144	Uppsala Interiör	SKU-1005	27in 4K Monitor	Displays	5	3781,73	partner
00000440	20240624	C1063	Lindqvist AB	SKU-1006	USB-C Dock	Accessories	2	1825,70	retail
00000441	20241009	C1325	Mäkinen Toimisto	SKU-1001	Ergonomic Desk Chair	Furniture	9	2394,96	retail
00000442	20240507	C1226	Dansk Kontormiljø	SKU-1008	Laptop Stand Aluminium	Accessories	8	717,67	partner
00000443	20250909	C1147	Trondheim Utstyr	SKU-1002	Standing Desk 140cm	Furniture	8	5208,96	partner
00000444	20250503	C1122	Hämäläinen Oy	SKU-1002	Standing Desk 140cm	Furniture	12	5865,38	online
00000445	20240426	C1124	Väisänen Kaluste	SKU-1003	Monitor Arm Dual	Accessories	6	899,42	retail
00000446	20241205	C1037	Dansk Kontormiljø	SKU-1004	Mechanical Keyboard	Peripherals	4	984,41	partner
00000447	20240802	C1142	Dansk Kontormiljø	SKU-1002	Standing Desk 140cm	Furniture	3	4722,71	retail
00000448	20250807	C1087	Lindqvist AB	SKU-1004	Mechanical Keyboard	Peripherals	11	1185,09	direct
00000449	20251010	C1039	Lindqvist AB	SKU-1006	USB-C Dock	Accessories	6	1817,88	direct
00000450	20241221	C1149	Rødvig Møbler	SKU-1007	Noise Cancelling Headset	Peripherals	10	1832,20	retail
00000451	20250206	C1268	Mäkinen Toimisto	SKU-1008	Laptop Stand Aluminium	Accessories	5	686,83	retail
00000452	20240205	C1164	Hämäläinen Oy	SKU-1006	USB-C Dock	Accessories	3	1624,44	online
00000453	20240310	C1025	Jyllands Inventar	SKU-1010	Desk Lamp LED	Furniture	6	548,38	partner
00000454	20250409	C1072	Rødvig Møbler	SKU-1002	Standing Desk 140cm	Furniture	12	4927,65	direct
00000455	20250220	C1174	Kjærstad Utstyr	SKU-1010	Desk Lamp LED	Furniture	5	544,52	partner
00000456	20240810	C1243	Väisänen Kaluste	SKU-1001	Ergonomic Desk Chair	Furniture	4	2529,51	online
00000457	20240104	C1184	Møller Innredning	SKU-1007	Noise Cancelling Headset	Peripherals	9	2081,41	partner
00000458	20251130	C1358	Nordström Handel	SKU-1002	Standing Desk 140cm	Furniture	2	5603,37	retail
00000459	20240316	C1273	Uppsala Interiör	SKU-1001	Ergonomic Desk Chair	Furniture	6	2505,23	direct
00000460	20240421	C1058	Trondheim Utstyr	SKU-1010	Desk Lamp LED	Furniture	5	563,09	direct
00000461	20250721	C1372	Rødvig Møbler	SKU-1002	Standing Desk 140cm	Furniture	4	5679,37	partner
00000462	20250507	C1064	Lindqvist AB	SKU-1002	Standing Desk 140cm	Furniture	12	4775,43	retail
00000463	20241026	C1011	Hämäläinen Oy	SKU-1001	Ergonomic Desk Chair	Furniture	11	2172,85	retail
00000464	20250826	C1233	Dansk Kontormiljø	SKU-1007	Noise Cancelling Headset	Peripherals	5	2385,94	partner
00000465	20240613	C1087	Hämäläinen Oy	SKU-1003	Monitor Arm Dual	Accessories	11	821,90	partner
00000466	20250523	C1367	Ålesund Kontor	SKU-1001	Ergonomic Desk Chair	Furniture	8	2266,73	direct
00000467	20250403	C1250	Bergström & Söner	SKU-1006	USB-C Dock	Accessories	7	1761,59	online
00000468	20250713	C1334	Møller Innredning	SKU-1010	Desk Lamp LED	Furniture	5	568,52	partner
00000469	20250429	C1164	Lindqvist AB	SKU-1003	Monitor Arm Dual	Accessories	12	797,82	partner
00000470	20250107	C1114	Uppsala Interiör	SKU-1010	Desk Lamp LED	Furniture	10	571,71	online
00000471	20250618	C1101	Rødvig Møbler	SKU-1010	Desk Lamp LED	Furniture	12	488,09	online
00000472	20240601	C1341	Hämäläinen Oy	SKU-1008	Laptop Stand Aluminium	Accessories	11	637,78	direct
00000473	20250127	C1114	Trondheim Utstyr	SKU-1002	Standing Desk 140cm	Furniture	5	4536,12	retail
00000474	20240920	C1138	Lindqvist AB	SKU-1002	Standing Desk 140cm	Furniture	4	4963,69	direct
00000475	20250623	C1228	Dansk Kontormiljø	SKU-1004	Mechanical Keyboard	Peripherals	1	989,26	partner
00000476	20241226	C1387	Dansk Kontormiljø	SKU-1008	Laptop Stand Aluminium	Accessories	1	701,65	online
00000477	20240319	C1260	Uppsala Interiör	SKU-1003	Monitor Arm Dual	Accessories	6	990,62	retail
00000478	20240827	C1380	Uppsala Interiör	SKU-1007	Noise Cancelling Headset	Peripherals	-1	2136,47	partner
00000479	20240427	C1395	Rødvig Møbler	SKU-1005	27in 4K Monitor	Displays	-2	3976,05	retail
00000480	20250925	C1062	Hämäläinen Oy	SKU-1004	Mechanical Keyboard	Peripherals	7	1015,78	partner
00000481	20250915	C1170	Uppsala Interiör	SKU-1009	Webcam 1080p	Peripherals	2	777,84	partner
00000482	20240222	C1242	Väisänen Kaluste	SKU-1010	Desk Lamp LED	Furniture	-2	467,77	retail
00000483	20250109	C1068	Rødvig Møbler	SKU-1006	USB-C Dock	Accessories	9	1934,35	online
00000484	20250313	C1002	Nordström Handel	SKU-1002	Standing Desk 140cm	Furniture	2	5434,54	retail
00000485	20250627	C1372	Väisänen Kaluste	SKU-1007	Noise Cancelling Headset	Peripherals	3	2258,58	retail
00000486	20250315	C1172	Mäkinen Toimisto	SKU-1001	Ergonomic Desk Chair	Furniture	-2	2245,28	direct
00000487	20241216	C1006	Lindqvist AB	SKU-1009	Webcam 1080p	Peripherals	4	778,56	direct
00000488	20250829	C1040	Jyllands Inventar	SKU-1006	USB-C Dock	Accessories	8	1784,58	partner
00000489	20250207	C1231	Väisänen Kaluste	SKU-1007	Noise Cancelling Headset	Peripherals	5	1920,32	direct
00000490	20250209	C1376	Lindqvist AB	SKU-1010	Desk Lamp LED	Furniture	6	535,74	retail
00000491	20240811	C1212	Kjærstad Utstyr	SKU-1007	Noise Cancelling Headset	Peripherals	3	2073,78	online
00000492	20250802	C1003	Møller Innredning	SKU-1008	Laptop Stand Aluminium	Accessories	4	556,82	direct
00000493	20251101	C1335	Dansk Kontormiljø	SKU-1007	Noise Cancelling Headset	Peripherals	1	2124,78	direct
00000494	20250227	C1224	Nordström Handel	SKU-1003	Monitor Arm Dual	Accessories	9	831,24	retail
00000495	20250523	C1322	Jyllands Inventar	SKU-1003	Monitor Arm Dual	Accessories	10	913,92	online
00000496	20250515	C1230	Kjærstad Utstyr	SKU-1003	Monitor Arm Dual	Accessories	11	801,90	direct
00000497	20250303	C1180	Uppsala Interiör	SKU-1006	USB-C Dock	Accessories	11	1922,78	partner
00000498	20241220	C1280	Ålesund Kontor	SKU-1001	Ergonomic Desk Chair	Furniture	1	2256,93	retail
00000499	20241121	C1295	Dansk Kontormiljø	SKU-1006	USB-C Dock	Accessories	4	1770,36	retail
00000500	20241107	C1220	Väisänen Kaluste	SKU-1003	Monitor Arm Dual	Accessories	10	919,42	direct
00000501	20240814	C1116	Väisänen Kaluste	SKU-1007	Noise Cancelling Headset	Peripherals	1	2374,54	retail
00000502	20250418	C1388	Jyllands Inventar	SKU-1008	Laptop Stand Aluminium	Accessories	6	687,39	retail
00000503	20241130	C1204	Väisänen Kaluste	SKU-1006	USB-C Dock	Accessories	1	1561,86	online
00000504	20241130	C1258	Kjærstad Utstyr	SKU-1009	Webcam 1080p	Peripherals	10	666,24	retail
00000505	20240109	C1034	Hämäläinen Oy	SKU-1008	Laptop Stand Aluminium	Accessories	7	575,94	direct
00000506	20240108	C1386	Kärkkäinen Oy	SKU-1008	Laptop Stand Aluminium	Accessories	1	595,62	direct
00000507	20240911	C1232	Kärkkäinen Oy	SKU-1003	Monitor Arm Dual	Accessories	10	880,63	retail
00000508	20240110	C1139	Jyllands Inventar	SKU-1001	Ergonomic Desk Chair	Furniture	7	2338,80	retail
00000509	20251219	C1236	Trondheim Utstyr	SKU-1001	Ergonomic Desk Chair	Furniture	10	2222,62	partner
00000510	20250929	C1058	Nordström Handel	SKU-1002	Standing Desk 140cm	Furniture	4	5779,41	partner
00000511	20240222	C1288	Dansk Kontormiljø	SKU-1001	Ergonomic Desk Chair	Furniture	4	2275,00	retail
00000512	20251021	C1063	Trondheim Utstyr	SKU-1008	Laptop Stand Aluminium	Accessories	9	545,20	partner
00000513	20240827	C1106	Ålesund Kontor	SKU-1008	Laptop Stand Aluminium	Accessories	-3	658,22	direct
00000514	20250423	C1021	Rødvig Møbler	SKU-1008	Laptop Stand Aluminium	Accessories	7	611,18	retail
00000515	20250622	C1130	Väisänen Kaluste	SKU-1007	Noise Cancelling Headset	Peripherals	7	2367,05	direct
00000516	20250312	C1090	Väisänen Kaluste	SKU-1008	Laptop Stand Aluminium	Accessories	1	654,28	direct
00000517	20241014	C1353	Kärkkäinen Oy	SKU-1010	Desk Lamp LED	Furniture	3	514,45	direct
00000518	20250317	C1396	Nordström Handel	SKU-1003	Monitor Arm Dual	Accessories	11	799,33	partner
00000519	20241004	C1097	Møller Innredning	SKU-1006	USB-C Dock	Accessories	6	1904,04	retail
00000520	20250128	C1246	Nordström Handel	SKU-1006	USB-C Dock	Accessories	5	1934,42	online
00000521	20250707	C1263	Kjærstad Utstyr	SKU-1009	Webcam 1080p	Peripherals	-2	892,95	partner
00000522	20251205	C1150	Lindqvist AB	SKU-1008	Laptop Stand Aluminium	Accessories	7	696,22	online
00000523	20250817	C1201	Jyllands Inventar	SKU-1002	Standing Desk 140cm	Furniture	12	4743,37	-
00000524	20251228	C1246	Mäkinen Toimisto	SKU-1010	Desk Lamp LED	Furniture	4	473,90	online
00000525	20240406	C1067	Rødvig Møbler	SKU-1006	USB-C Dock	Accessories	1	1725,10	direct
00000526	20250511	C1044	Mäkinen Toimisto	SKU-1007	Noise Cancelling Headset	Peripherals	11	1866,25	partner
00000527	20241004	C1309	Kjærstad Utstyr	SKU-1010	Desk Lamp LED	Furniture	1	570,65	partner
00000528	20240116	C1300	Uppsala Interiör	SKU-1008	Laptop Stand Aluminium	Accessories	7	730,81	retail
00000529	20240701	C1381	Trondheim Utstyr	SKU-1001	Ergonomic Desk Chair	Furniture	8	2447,87	online
00000530	20250724	C1241	Mäkinen Toimisto	SKU-1003	Monitor Arm Dual	Accessories	8	759,64	retail
00000531	20240113	C1216	Nordström Handel	SKU-1008	Laptop Stand Aluminium	Accessories	3	662,82	partner
00000532	20240913	C1163	Mäkinen Toimisto	SKU-1003	Monitor Arm Dual	Accessories	6	878,29	online
00000533	20250719	C1216	Søndergaard A/S	SKU-1008	Laptop Stand Aluminium	Accessories	5	632,84	retail
00000534	20250627	C1289	Trondheim Utstyr	SKU-1003	Monitor Arm Dual	Accessories	1	938,90	direct
00000535	20240828	C1312	Lindqvist AB	SKU-1009	Webcam 1080p	Peripherals	8	770,93	online
00000536	20241014	C1041	Ålesund Kontor	SKU-1008	Laptop Stand Aluminium	Accessories	12	691,39	direct
00000537	20241119	C1059	Møller Innredning	SKU-1002	Standing Desk 140cm	Furniture	2	5075,07	retail
00000538	20251020	C1133	Uppsala Interiör	SKU-1009	Webcam 1080p	Peripherals	10	707,83	retail
00000539	20240204	C1053	Rødvig Møbler	SKU-1003	Monitor Arm Dual	Accessories	5	978,08	partner
00000540	20240630	C1309	Kärkkäinen Oy	SKU-1004	Mechanical Keyboard	Peripherals	5	1106,31	-
00000541	20251228	C1204	Søndergaard A/S	SKU-1006	USB-C Dock	Accessories	10	1502,73	retail
00000542	20250511	C1212	Bergström & Söner	SKU-1003	Monitor Arm Dual	Accessories	10	931,79	retail
00000543	20241006	C1310	Trondheim Utstyr	SKU-1001	Ergonomic Desk Chair	Furniture	3	2059,76	direct
00000544	20250106	C1195	Väisänen Kaluste	SKU-1010	Desk Lamp LED	Furniture	5	579,14	online
00000545	20251110	C1346	Kjærstad Utstyr	SKU-1008	Laptop Stand Aluminium	Accessories	-2	597,37	partner
00000546	20251225	C1168	Hämäläinen Oy	SKU-1005	27in 4K Monitor	Displays	4	4902,71	direct
00000547	20250602	C1258	Møller Innredning	SKU-1002	Standing Desk 140cm	Furniture	7	4919,79	retail
00000548	20240711	C1296	Søndergaard A/S	SKU-1001	Ergonomic Desk Chair	Furniture	9	2275,90	retail
00000549	20240305	C1055	Lindqvist AB	SKU-1007	Noise Cancelling Headset	Peripherals	7	2316,53	online
00000550	20250313	C1178	Nordström Handel	SKU-1009	Webcam 1080p	Peripherals	3	825,08	direct
00000551	20240401	C1171	Ålesund Kontor	SKU-1009	Webcam 1080p	Peripherals	1	718,11	retail
00000552	20240502	C1229	Väisänen Kaluste	SKU-1002	Standing Desk 140cm	Furniture	1	5439,61	partner
00000553	20240114	C1092	Kärkkäinen Oy	SKU-1007	Noise Cancelling Headset	Peripherals	3	2146,80	partner
00000554	20250426	C1195	Møller Innredning	SKU-1009	Webcam 1080p	Peripherals	8	782,20	direct
00000555	20240228	C1025	Ålesund Kontor	SKU-1002	Standing Desk 140cm	Furniture	9	4816,24	online
00000556	20241112	C1283	Kärkkäinen Oy	SKU-1008	Laptop Stand Aluminium	Accessories	2	561,57	retail
00000557	20251118	C1350	Trondheim Utstyr	SKU-1005	27in 4K Monitor	Displays	2	3778,25	online
00000558	20250124	C1346	Lindqvist AB	SKU-1009	Webcam 1080p	Peripherals	6	704,14	partner
00000559	20251122	C1075	Ålesund Kontor	SKU-1007	Noise Cancelling Headset	Peripherals	-2	1981,40	online
00000560	20240101	C1196	Bergström & Söner	SKU-1004	Mechanical Keyboard	Peripherals	7	1072,34	online
00000561	20240217	C1199	Jyllands Inventar	SKU-1006	USB-C Dock	Accessories	11	1537,50	retail
00000562	20240615	C1277	Kjærstad Utstyr	SKU-1008	Laptop Stand Aluminium	Accessories	12	547,29	retail
00000563	20250811	C1158	Väisänen Kaluste	SKU-1010	Desk Lamp LED	Furniture	8	467,60	retail
00000564	20250306	C1351	Rødvig Møbler	SKU-1009	Webcam 1080p	Peripherals	11	890,35	partner
00000565	20240503	C1111	Søndergaard A/S	SKU-1003	Monitor Arm Dual	Accessories	10	998,61	partner
00000566	20250524	C1096	Mäkinen Toimisto	SKU-1010	Desk Lamp LED	Furniture	9	574,41	online
00000567	20250826	C1055	Kärkkäinen Oy	SKU-1009	Webcam 1080p	Peripherals	6	663,70	direct
00000568	20250705	C1317	Rødvig Møbler	SKU-1008	Laptop Stand Aluminium	Accessories	10	697,88	retail
00000569	20240905	C1065	Dansk Kontormiljø	SKU-1005	27in 4K Monitor	Displays	4	4876,80	partner
00000570	20250303	C1327	Søndergaard A/S	SKU-1003	Monitor Arm Dual	Accessories	2	900,09	partner
00000571	20240714	C1394	Lindqvist AB	SKU-1002	Standing Desk 140cm	Furniture	8	5498,26	online
00000572	20250405	C1046	Trondheim Utstyr	SKU-1003	Monitor Arm Dual	Accessories	3	914,72	online
00000573	20240415	C1145	Bergström & Söner	SKU-1009	Webcam 1080p	Peripherals	7	809,96	partner
00000574	20250227	C1082	Bergström & Söner	SKU-1002	Standing Desk 140cm	Furniture	1	5738,37	retail
00000575	20250508	C1309	Dansk Kontormiljø	SKU-1007	Noise Cancelling Headset	Peripherals	8	2400,21	partner
00000576	20241026	C1148	Hämäläinen Oy	SKU-1002	Standing Desk 140cm	Furniture	6	5301,71	retail
00000577	20240419	C1000	Møller Innredning	SKU-1008	Laptop Stand Aluminium	Accessories	1	607,24	partner
00000578	20250912	C1272	Søndergaard A/S	SKU-1006	USB-C Dock	Accessories	12	1709,55	retail
00000579	20241118	C1181	Søndergaard A/S	SKU-1001	Ergonomic Desk Chair	Furniture	12	2054,87	-
00000580	20250929	C1238	Trondheim Utstyr	SKU-1001	Ergonomic Desk Chair	Furniture	9	2288,81	partner
00000581	20250210	C1285	Mäkinen Toimisto	SKU-1001	Ergonomic Desk Chair	Furniture	8	2303,74	retail
00000582	20250520	C1075	Jyllands Inventar	SKU-1004	Mechanical Keyboard	Peripherals	12	1095,45	partner
00000583	20250903	C1093	Hämäläinen Oy	SKU-1003	Monitor Arm Dual	Accessories	4	814,90	partner
00000584	20241123	C1019	Rødvig Møbler	SKU-1005	27in 4K Monitor	Displays	10	3812,01	retail
00000585	20251001	C1228	Dansk Kontormiljø	SKU-1003	Monitor Arm Dual	Accessories	12	814,42	retail
00000586	20250330	C1288	Bergström & Söner	SKU-1007	Noise Cancelling Headset	Peripherals	10	1946,89	online
00000587	20251031	C1274	Kjærstad Utstyr	SKU-1006	USB-C Dock	Accessories	2	1869,42	retail
00000588	20240515	C1002	Dansk Kontormiljø	SKU-1006	USB-C Dock	Accessories	6	1949,76	online
00000589	20240816	C1260	Dansk Kontormiljø	SKU-1009	Webcam 1080p	Peripherals	12	677,17	online
00000590	20240615	C1264	Hämäläinen Oy	SKU-1002	Standing Desk 140cm	Furniture	6	5194,45	retail
00000591	20251213	C1309	Kärkkäinen Oy	SKU-1003	Monitor Arm Dual	Accessories	10	947,27	retail
00000592	20250331	C1040	Mäkinen Toimisto	SKU-1002	Standing Desk 140cm	Furniture	2	4871,33	partner
00000593	20250226	C1019	Bergström & Söner	SKU-1004	Mechanical Keyboard	Peripherals	5	1090,51	partner
00000594	20250413	C1273	Bergström & Söner	SKU-1003	Monitor Arm Dual	Accessories	10	912,03	online
00000595	20250509	C1123	Bergström & Söner	SKU-1004	Mechanical Keyboard	Peripherals	3	1198,08	retail
00000596	20240301	C1054	Kärkkäinen Oy	SKU-1001	Ergonomic Desk Chair	Furniture	2	2483,58	-
00000597	20240813	C1208	Kärkkäinen Oy	SKU-1009	Webcam 1080p	Peripherals	9	843,64	direct
00000598	20251015	C1070	Jyllands Inventar	SKU-1007	Noise Cancelling Headset	Peripherals	4	1985,69	partner
00000599	20240425	C1121	Nordström Handel	SKU-1010	Desk Lamp LED	Furniture	12	515,09	partner
00000600	20250315	C1226	Ålesund Kontor	SKU-1007	Noise Cancelling Headset	Peripherals	5	2092,73	retail
00000601	20250703	C1068	Kjærstad Utstyr	SKU-1008	Laptop Stand Aluminium	Accessories	6	713,36	retail
00000602	20250416	C1332	Väisänen Kaluste	SKU-1005	27in 4K Monitor	Displays	2	4502,76	direct
00000603	20250325	C1217	Jyllands Inventar	SKU-1001	Ergonomic Desk Chair	Furniture	10	2474,55	online
00000604	20250204	C1381	Møller Innredning	SKU-1002	Standing Desk 140cm	Furniture	3	4456,77	partner
00000605	20250806	C1201	Kjærstad Utstyr	SKU-1004	Mechanical Keyboard	Peripherals	9	1028,30	partner
00000606	20250314	C1209	Hämäläinen Oy	SKU-1004	Mechanical Keyboard	Peripherals	3	1200,86	partner
00000607	20241002	C1394	Kärkkäinen Oy	SKU-1010	Desk Lamp LED	Furniture	1	551,50	partner
00000608	20241210	C1153	Lindqvist AB	SKU-1009	Webcam 1080p	Peripherals	4	714,07	direct
00000609	20240930	C1035	Bergström & Söner	SKU-1002	Standing Desk 140cm	Furniture	12	4506,13	direct
00000610	20240226	C1260	Trondheim Utstyr	SKU-1007	Noise Cancelling Headset	Peripherals	3	1823,00	retail
00000611	20250103	C1251	Trondheim Utstyr	SKU-1008	Laptop Stand Aluminium	Accessories	6	730,39	direct
00000612	20240106	C1145	Dansk Kontormiljø	SKU-1001	Ergonomic Desk Chair	Furniture	12	2066,04	retail
00000613	20250606	C1165	Kärkkäinen Oy	SKU-1008	Laptop Stand Aluminium	Accessories	11	726,75	online
00000614	20240713	C1058	Søndergaard A/S	SKU-1006	USB-C Dock	Accessories	6	1768,71	retail
00000615	20251229	C1233	Rødvig Møbler	SKU-1009	Webcam 1080p	Peripherals	11	876,43	online
00000616	20240504	C1042	Väisänen Kaluste	SKU-1008	Laptop Stand Aluminium	Accessories	1	621,25	partner
00000617	20251209	C1275	Bergström & Söner	SKU-1001	Ergonomic Desk Chair	Furniture	3	2439,34	partner
00000618	20250924	C1352	Bergström & Söner	SKU-1009	Webcam 1080p	Peripherals	6	773,12	online
00000619	20250505	C1233	Väisänen Kaluste	SKU-1009	Webcam 1080p	Peripherals	5	765,88	retail
00000620	20241114	C1107	Uppsala Interiör	SKU-1003	Monitor Arm Dual	Accessories	9	815,25	direct
00000621	20240307	C1332	Lindqvist AB	SKU-1002	Standing Desk 140cm	Furniture	6	4578,75	partner
00000622	20240609	C1306	Bergström & Söner	SKU-1010	Desk Lamp LED	Furniture	3	544,02	online
00000623	20250302	C1365	Kjærstad Utstyr	SKU-1007	Noise Cancelling Headset	Peripherals	4	2246,61	online
00000624	20251215	C1143	Ålesund Kontor	SKU-1006	USB-C Dock	Accessories	3	1734,50	online
00000625	20240829	C1083	Uppsala Interiör	SKU-1004	Mechanical Keyboard	Peripherals	10	1139,14	direct
00000626	20250331	C1166	Hämäläinen Oy	SKU-1001	Ergonomic Desk Chair	Furniture	11	2477,62	partner
00000627	20250220	C1323	Uppsala Interiör	SKU-1007	Noise Cancelling Headset	Peripherals	8	2393,53	direct
00000628	20240202	C1253	Kärkkäinen Oy	SKU-1001	Ergonomic Desk Chair	Furniture	12	2276,32	direct
00000629	20240612	C1297	Hämäläinen Oy	SKU-1009	Webcam 1080p	Peripherals	11	774,39	partner
00000630	20240118	C1196	Hämäläinen Oy	SKU-1006	USB-C Dock	Accessories	3	1756,32	partner
00000631	20240807	C1335	Kärkkäinen Oy	SKU-1002	Standing Desk 140cm	Furniture	9	5970,53	online
00000632	20250109	C1105	Møller Innredning	SKU-1004	Mechanical Keyboard	Peripherals	11	1279,10	partner
00000633	20250918	C1195	Lindqvist AB	SKU-1003	Monitor Arm Dual	Accessories	9	776,22	partner
00000634	20240312	C1296	Ålesund Kontor	SKU-1003	Monitor Arm Dual	Accessories	9	851,46	retail
00000635	20251129	C1331	Uppsala Interiör	SKU-1001	Ergonomic Desk Chair	Furniture	7	2574,31	retail
00000636	20251117	C1151	Lindqvist AB	SKU-1004	Mechanical Keyboard	Peripherals	7	1048,69	online
00000637	20240311	C1249	Hämäläinen Oy	SKU-1008	Laptop Stand Aluminium	Accessories	11	706,43	partner
00000638	20250603	C1068	Kjærstad Utstyr	SKU-1003	Monitor Arm Dual	Accessories	6	801,87	retail
00000639	20251111	C1076	Trondheim Utstyr	SKU-1001	Ergonomic Desk Chair	Furniture	4	2444,21	partner
00000640	20250212	C1187	Nordström Handel	SKU-1002	Standing Desk 140cm	Furniture	12	4903,48	online
00000641	20251201	C1223	Trondheim Utstyr	SKU-1008	Laptop Stand Aluminium	Accessories	7	629,68	online
00000642	20240905	C1083	Hämäläinen Oy	SKU-1004	Mechanical Keyboard	Peripherals	9	1281,74	retail
00000643	20250624	C1048	Dansk Kontormiljø	SKU-1002	Standing Desk 140cm	Furniture	5	5243,67	online
00000644	20240911	C1323	Søndergaard A/S	SKU-1002	Standing Desk 140cm	Furniture	10	5246,18	online
00000645	20240821	C1321	Rødvig Møbler	SKU-1010	Desk Lamp LED	Furniture	9	484,16	online
00000646	20240214	C1130	Trondheim Utstyr	SKU-1001	Ergonomic Desk Chair	Furniture	-2	2173,58	direct
00000647	20240907	C1355	Bergström & Söner	SKU-1008	Laptop Stand Aluminium	Accessories	3	690,92	retail
00000648	20251203	C1268	Dansk Kontormiljø	SKU-1003	Monitor Arm Dual	Accessories	9	1014,97	partner
00000649	20250730	C1001	Rødvig Møbler	SKU-1004	Mechanical Keyboard	Peripherals	2	1221,87	direct
00000650	20240817	C1055	Rødvig Møbler	SKU-1004	Mechanical Keyboard	Peripherals	2	1282,23	online
00000651	20251107	C1114	Møller Innredning	SKU-1009	Webcam 1080p	Peripherals	9	753,40	direct
00000652	20250330	C1294	Kjærstad Utstyr	SKU-1009	Webcam 1080p	Peripherals	2	736,22	partner
00000653	20241108	C1300	Bergström & Söner	SKU-1008	Laptop Stand Aluminium	Accessories	9	634,15	partner
00000654	20250821	C1004	Hämäläinen Oy	SKU-1010	Desk Lamp LED	Furniture	11	480,43	online
00000655	20250220	C1322	Kärkkäinen Oy	SKU-1001	Ergonomic Desk Chair	Furniture	7	2047,22	online
00000656	20240715	C1217	Søndergaard A/S	SKU-1006	USB-C Dock	Accessories	5	1816,91	direct
00000657	20251111	C1028	Rødvig Møbler	SKU-1002	Standing Desk 140cm	Furniture	10	5416,26	direct
00000658	20250612	C1154	Nordström Handel	SKU-1004	Mechanical Keyboard	Peripherals	2	1121,82	online
00000659	20250227	C1178	Jyllands Inventar	SKU-1005	27in 4K Monitor	Displays	6	4339,55	partner
00000660	20241215	C1398	Rødvig Møbler	SKU-1005	27in 4K Monitor	Displays	5	4386,64	partner
00000661	20250422	C1295	Lindqvist AB	SKU-1001	Ergonomic Desk Chair	Furniture	6	2370,72	online
00000662	20241108	C1370	Jyllands Inventar	SKU-1001	Ergonomic Desk Chair	Furniture	10	2207,96	partner
00000663	20251105	C1309	Väisänen Kaluste	SKU-1003	Monitor Arm Dual	Accessories	8	764,47	direct
00000664	20240423	C1209	Väisänen Kaluste	SKU-1001	Ergonomic Desk Chair	Furniture	2	2093,08	partner
00000665	20240901	C1355	Bergström & Söner	SKU-1001	Ergonomic Desk Chair	Furniture	11	2291,79	direct
00000666	20240612	C1176	Dansk Kontormiljø	SKU-1004	Mechanical Keyboard	Peripherals	8	1198,13	direct
00000667	20250519	C1311	Bergström & Söner	SKU-1002	Standing Desk 140cm	Furniture	10	4814,10	online
00000668	20250930	C1156	Hämäläinen Oy	SKU-1001	Ergonomic Desk Chair	Furniture	8	2285,21	direct
00000669	20240424	C1318	Dansk Kontormiljø	SKU-1003	Monitor Arm Dual	Accessories	2	932,25	online
00000670	20250211	C1220	Trondheim Utstyr	SKU-1008	Laptop Stand Aluminium	Accessories	1	666,46	retail
00000671	20250112	C1343	Ålesund Kontor	SKU-1003	Monitor Arm Dual	Accessories	8	856,78	retail
00000672	20250930	C1212	Lindqvist AB	SKU-1008	Laptop Stand Aluminium	Accessories	12	634,20	direct
00000673	20241230	C1248	Kjærstad Utstyr	SKU-1009	Webcam 1080p	Peripherals	2	709,26	online
00000674	20250623	C1233	Trondheim Utstyr	SKU-1010	Desk Lamp LED	Furniture	8	465,56	retail
00000675	20250720	C1231	Rødvig Møbler	SKU-1008	Laptop Stand Aluminium	Accessories	3	637,81	online
00000676	20240805	C1399	Ålesund Kontor	SKU-1009	Webcam 1080p	Peripherals	2	771,13	retail
00000677	20250202	C1218	Nordström Handel	SKU-1005	27in 4K Monitor	Displays	10	3659,74	online
00000678	20251123	C1062	Mäkinen Toimisto	SKU-1005	27in 4K Monitor	Displays	10	4710,02	direct
00000679	20250515	C1334	Trondheim Utstyr	SKU-1010	Desk Lamp LED	Furniture	3	475,81	direct
00000680	20250209	C1032	Kärkkäinen Oy	SKU-1004	Mechanical Keyboard	Peripherals	4	1200,94	retail
00000681	20250128	C1023	Møller Innredning	SKU-1010	Desk Lamp LED	Furniture	1	515,38	online
00000682	20240708	C1169	Ålesund Kontor	SKU-1010	Desk Lamp LED	Furniture	6	474,43	direct
00000683	20250105	C1380	Nordström Handel	SKU-1004	Mechanical Keyboard	Peripherals	2	1062,59	partner
00000684	20240210	C1220	Kjærstad Utstyr	SKU-1006	USB-C Dock	Accessories	1	1666,23	direct
00000685	20240407	C1168	Bergström & Söner	SKU-1005	27in 4K Monitor	Displays	7	3795,85	online
00000686	20240128	C1263	Trondheim Utstyr	SKU-1002	Standing Desk 140cm	Furniture	1	5467,36	online
00000687	20250525	C1359	Søndergaard A/S	SKU-1001	Ergonomic Desk Chair	Furniture	1	2473,36	online
00000688	20240929	C1194	Lindqvist AB	SKU-1002	Standing Desk 140cm	Furniture	7	5318,85	partner
00000689	20250820	C1184	Mäkinen Toimisto	SKU-1005	27in 4K Monitor	Displays	2	4311,65	online
00000690	20240822	C1173	Väisänen Kaluste	SKU-1006	USB-C Dock	Accessories	3	1496,33	partner
00000691	20240208	C1123	Nordström Handel	SKU-1005	27in 4K Monitor	Displays	12	3840,97	direct
00000692	20250830	C1122	Lindqvist AB	SKU-1001	Ergonomic Desk Chair	Furniture	7	2279,59	retail
00000693	20240610	C1309	Kärkkäinen Oy	SKU-1009	Webcam 1080p	Peripherals	5	731,54	online
00000694	20240909	C1097	Väisänen Kaluste	SKU-1002	Standing Desk 140cm	Furniture	6	5844,16	online
00000695	20250624	C1219	Hämäläinen Oy	SKU-1003	Monitor Arm Dual	Accessories	8	854,75	partner
00000696	20250626	C1248	Uppsala Interiör	SKU-1010	Desk Lamp LED	Furniture	2	562,92	partner
00000697	20240324	C1054	Rødvig Møbler	SKU-1004	Mechanical Keyboard	Peripherals	7	1194,27	partner
00000698	20250710	C1115	Dansk Kontormiljø	SKU-1005	27in 4K Monitor	Displays	11	4931,83	partner
00000699	20250509	C1169	Trondheim Utstyr	SKU-1005	27in 4K Monitor	Displays	6	4002,95	direct
00000700	20240920	C1381	Søndergaard A/S	SKU-1007	Noise Cancelling Headset	Peripherals	6	2065,68	partner
00000701	20240501	C1154	Bergström & Söner	SKU-1007	Noise Cancelling Headset	Peripherals	8	2145,39	retail
00000702	20251124	C1059	Kjærstad Utstyr	SKU-1004	Mechanical Keyboard	Peripherals	12	1138,28	partner
00000703	20250315	C1038	Mäkinen Toimisto	SKU-1008	Laptop Stand Aluminium	Accessories	3	643,19	partner
00000704	20240310	C1136	Trondheim Utstyr	SKU-1008	Laptop Stand Aluminium	Accessories	4	698,17	retail
00000705	20250923	C1147	Søndergaard A/S	SKU-1008	Laptop Stand Aluminium	Accessories	3	690,60	online
00000706	20250620	C1180	Uppsala Interiör	SKU-1004	Mechanical Keyboard	Peripherals	10	991,83	online
00000707	20250528	C1079	Møller Innredning	SKU-1006	USB-C Dock	Accessories	8	1863,99	online
00000708	20250626	C1361	Møller Innredning	SKU-1002	Standing Desk 140cm	Furniture	9	5474,95	online
00000709	20241008	C1074	Nordström Handel	SKU-1009	Webcam 1080p	Peripherals	4	696,98	retail
00000710	20240414	C1171	Søndergaard A/S	SKU-1006	USB-C Dock	Accessories	12	1923,74	online
00000711	20240910	C1047	Kärkkäinen Oy	SKU-1005	27in 4K Monitor	Displays	7	4509,68	direct
00000712	20250603	C1342	Väisänen Kaluste	SKU-1006	USB-C Dock	Accessories	8	1950,36	retail
00000713	20250815	C1352	Mäkinen Toimisto	SKU-1004	Mechanical Keyboard	Peripherals	2	1317,12	retail
00000714	20240502	C1036	Trondheim Utstyr	SKU-1005	27in 4K Monitor	Displays	12	4666,63	direct
00000715	20250304	C1344	Mäkinen Toimisto	SKU-1002	Standing Desk 140cm	Furniture	7	4506,77	online
00000716	20240209	C1187	Hämäläinen Oy	SKU-1002	Standing Desk 140cm	Furniture	-1	4810,50	retail
00000717	20241125	C1215	Bergström & Söner	SKU-1007	Noise Cancelling Headset	Peripherals	1	2268,72	online
00000718	20250611	C1399	Mäkinen Toimisto	SKU-1008	Laptop Stand Aluminium	Accessories	1	688,94	retail
00000719	20251011	C1285	Søndergaard A/S	SKU-1006	USB-C Dock	Accessories	12	1663,91	online
00000720	20250717	C1139	Lindqvist AB	SKU-1003	Monitor Arm Dual	Accessories	5	863,04	-
00000721	20241023	C1154	Søndergaard A/S	SKU-1001	Ergonomic Desk Chair	Furniture	5	2705,89	partner
00000722	20250202	C1213	Ålesund Kontor	SKU-1008	Laptop Stand Aluminium	Accessories	4	604,78	direct
00000723	20240119	C1265	Møller Innredning	SKU-1009	Webcam 1080p	Peripherals	10	761,32	online
00000724	20241101	C1223	Rødvig Møbler	SKU-1004	Mechanical Keyboard	Peripherals	1	1087,76	direct
00000725	20250302	C1162	Jyllands Inventar	SKU-1001	Ergonomic Desk Chair	Furniture	6	2401,61	online
00000726	20240111	C1258	Ålesund Kontor	SKU-1008	Laptop Stand Aluminium	Accessories	7	708,37	partner
00000727	20241119	C1006	Trondheim Utstyr	SKU-1003	Monitor Arm Dual	Accessories	12	775,73	online
00000728	20241110	C1173	Nordström Handel	SKU-1003	Monitor Arm Dual	Accessories	5	911,31	partner
00000729	20241124	C1262	Nordström Handel	SKU-1006	USB-C Dock	Accessories	3	1957,87	online
00000730	20240515	C1388	Dansk Kontormiljø	SKU-1010	Desk Lamp LED	Furniture	1	568,41	partner
00000731	20240211	C1139	Mäkinen Toimisto	SKU-1008	Laptop Stand Aluminium	Accessories	6	663,54	partner
00000732	20240706	C1317	Väisänen Kaluste	SKU-1001	Ergonomic Desk Chair	Furniture	12	2650,04	direct
00000733	20240126	C1282	Hämäläinen Oy	SKU-1008	Laptop Stand Aluminium	Accessories	5	608,35	online
00000734	20250105	C1330	Väisänen Kaluste	SKU-1004	Mechanical Keyboard	Peripherals	1	1033,01	direct
00000735	20240915	C1249	Kjærstad Utstyr	SKU-1009	Webcam 1080p	Peripherals	10	799,58	online
00000736	20250719	C1197	Trondheim Utstyr	SKU-1001	Ergonomic Desk Chair	Furniture	1	2669,12	direct
00000737	20240301	C1078	Trondheim Utstyr	SKU-1009	Webcam 1080p	Peripherals	11	807,90	partner
00000738	20240201	C1111	Søndergaard A/S	SKU-1005	27in 4K Monitor	Displays	1	4116,44	online
00000739	20241204	C1102	Bergström & Söner	SKU-1008	Laptop Stand Aluminium	Accessories	6	557,26	online
00000740	20250205	C1268	Kärkkäinen Oy	SKU-1008	Laptop Stand Aluminium	Accessories	2	599,36	retail
00000741	20240529	C1396	Dansk Kontormiljø	SKU-1003	Monitor Arm Dual	Accessories	8	902,93	partner
00000742	20240118	C1125	Bergström & Söner	SKU-1010	Desk Lamp LED	Furniture	1	503,44	direct
00000743	20241017	C1081	Trondheim Utstyr	SKU-1006	USB-C Dock	Accessories	3	1839,74	direct
00000744	20240527	C1075	Søndergaard A/S	SKU-1008	Laptop Stand Aluminium	Accessories	12	635,61	online
00000745	20240917	C1189	Hämäläinen Oy	SKU-1006	USB-C Dock	Accessories	2	1767,46	online
00000746	20240524	C1360	Uppsala Interiör	SKU-1002	Standing Desk 140cm	Furniture	9	5346,18	online
00000747	20240406	C1315	Väisänen Kaluste	SKU-1002	Standing Desk 140cm	Furniture	11	4617,48	partner
00000748	20251005	C1121	Nordström Handel	SKU-1010	Desk Lamp LED	Furniture	7	442,14	retail
00000749	20250916	C1024	Trondheim Utstyr	SKU-1003	Monitor Arm Dual	Accessories	3	947,57	partner
00000750	20240122	C1253	Kärkkäinen Oy	SKU-1010	Desk Lamp LED	Furniture	10	448,05	online
00000751	20240907	C1124	Jyllands Inventar	SKU-1001	Ergonomic Desk Chair	Furniture	10	2262,32	online
00000752	20250609	C1053	Ålesund Kontor	SKU-1003	Monitor Arm Dual	Accessories	4	843,73	direct
00000753	20240608	C1264	Ålesund Kontor	SKU-1001	Ergonomic Desk Chair	Furniture	9	2634,42	partner
00000754	20250821	C1206	Rødvig Møbler	SKU-1008	Laptop Stand Aluminium	Accessories	2	565,45	partner
00000755	20240403	C1397	Jyllands Inventar	SKU-1003	Monitor Arm Dual	Accessories	11	897,36	retail
00000756	20251028	C1298	Trondheim Utstyr	SKU-1003	Monitor Arm Dual	Accessories	7	983,15	online
00000757	20251213	C1112	Rødvig Møbler	SKU-1003	Monitor Arm Dual	Accessories	8	909,35	direct
00000758	20250124	C1198	Ålesund Kontor	SKU-1010	Desk Lamp LED	Furniture	6	486,91	direct
00000759	20250523	C1121	Bergström & Söner	SKU-1005	27in 4K Monitor	Displays	9	4335,14	partner
00000760	20240617	C1017	Trondheim Utstyr	SKU-1009	Webcam 1080p	Peripherals	6	692,99	partner
00000761	20240406	C1025	Møller Innredning	SKU-1010	Desk Lamp LED	Furniture	4	556,29	retail
00000762	20251021	C1242	Hämäläinen Oy	SKU-1003	Monitor Arm Dual	Accessories	2	1005,76	retail
00000763	20250929	C1354	Bergström & Söner	SKU-1005	27in 4K Monitor	Displays	8	4850,26	retail
00000764	20250309	C1245	Nordström Handel	SKU-1010	Desk Lamp LED	Furniture	6	507,94	online
00000765	20250326	C1177	Mäkinen Toimisto	SKU-1004	Mechanical Keyboard	Peripherals	11	1254,58	direct
00000766	20241021	C1137	Søndergaard A/S	SKU-1003	Monitor Arm Dual	Accessories	2	805,26	partner
00000767	20240217	C1370	Kärkkäinen Oy	SKU-1010	Desk Lamp LED	Furniture	1	549,20	partner
00000768	20240813	C1307	Dansk Kontormiljø	SKU-1005	27in 4K Monitor	Displays	9	3838,31	partner
00000769	20251022	C1334	Uppsala Interiör	SKU-1002	Standing Desk 140cm	Furniture	4	4432,35	direct
00000770	20241102	C1299	Uppsala Interiör	SKU-1008	Laptop Stand Aluminium	Accessories	8	559,58	retail
00000771	20251209	C1357	Bergström & Söner	SKU-1007	Noise Cancelling Headset	Peripherals	6	1907,86	partner
00000772	20250808	C1155	Dansk Kontormiljø	SKU-1006	USB-C Dock	Accessories	6	1611,48	retail
00000773	20240519	C1129	Ålesund Kontor	SKU-1001	Ergonomic Desk Chair	Furniture	5	2076,51	-
00000774	20251009	C1269	Dansk Kontormiljø	SKU-1001	Ergonomic Desk Chair	Furniture	1	2656,52	partner
00000775	20241101	C1166	Rødvig Møbler	SKU-1006	USB-C Dock	Accessories	1	1643,41	direct
00000776	20250221	C1162	Väisänen Kaluste	SKU-1006	USB-C Dock	Accessories	6	1892,37	direct
00000777	20251112	C1228	Uppsala Interiör	SKU-1003	Monitor Arm Dual	Accessories	6	850,30	direct
00000778	20241220	C1349	Kärkkäinen Oy	SKU-1007	Noise Cancelling Headset	Peripherals	3	2373,20	retail
00000779	20250720	C1358	Bergström & Söner	SKU-1006	USB-C Dock	Accessories	9	1623,38	partner
00000780	20251206	C1162	Ålesund Kontor	SKU-1003	Monitor Arm Dual	Accessories	11	835,11	retail
00000781	20240515	C1178	Nordström Handel	SKU-1009	Webcam 1080p	Peripherals	1	771,43	partner
00000782	20251214	C1126	Hämäläinen Oy	SKU-1006	USB-C Dock	Accessories	10	1740,04	retail
00000783	20240117	C1029	Rødvig Møbler	SKU-1002	Standing Desk 140cm	Furniture	5	5035,51	direct
00000784	20251217	C1113	Trondheim Utstyr	SKU-1003	Monitor Arm Dual	Accessories	8	762,06	partner
00000785	20240701	C1032	Bergström & Söner	SKU-1002	Standing Desk 140cm	Furniture	5	5045,43	online
00000786	20241210	C1238	Mäkinen Toimisto	SKU-1007	Noise Cancelling Headset	Peripherals	6	2168,90	direct
00000787	20250517	C1082	Uppsala Interiör	SKU-1001	Ergonomic Desk Chair	Furniture	8	2468,73	direct
00000788	20240709	C1392	Bergström & Söner	SKU-1002	Standing Desk 140cm	Furniture	11	4663,44	online
00000789	20250122	C1007	Ålesund Kontor	SKU-1006	USB-C Dock	Accessories	8	1849,03	online
00000790	20240424	C1381	Rødvig Møbler	SKU-1002	Standing Desk 140cm	Furniture	9	4735,10	online
00000791	20240418	C1320	Uppsala Interiör	SKU-1008	Laptop Stand Aluminium	Accessories	9	614,33	retail
00000792	20251003	C1115	Uppsala Interiör	SKU-1001	Ergonomic Desk Chair	Furniture	12	2491,00	partner
00000793	20250424	C1131	Uppsala Interiör	SKU-1006	USB-C Dock	Accessories	8	1515,87	partner
00000794	20250807	C1207	Uppsala Interiör	SKU-1003	Monitor Arm Dual	Accessories	12	985,52	-
00000795	20250202	C1194	Rødvig Møbler	SKU-1007	Noise Cancelling Headset	Peripherals	8	1925,92	online
00000796	20240902	C1145	Uppsala Interiör	SKU-1001	Ergonomic Desk Chair	Furniture	3	2362,33	partner
00000797	20250306	C1094	Møller Innredning	SKU-1009	Webcam 1080p	Peripherals	5	702,20	direct
00000798	20250205	C1163	Dansk Kontormiljø	SKU-1007	Noise Cancelling Headset	Peripherals	2	1837,30	direct
00000799	20240217	C1226	Bergström & Söner	SKU-1005	27in 4K Monitor	Displays	9	4108,70	online
00000800	20251023	C1234	Kärkkäinen Oy	SKU-1006	USB-C Dock	Accessories	8	1774,91	retail
00000801	20240119	C1354	Dansk Kontormiljø	SKU-1002	Standing Desk 140cm	Furniture	1	5052,09	direct
00000802	20240402	C1170	Uppsala Interiör	SKU-1003	Monitor Arm Dual	Accessories	10	973,02	partner
00000803	20251013	C1312	Nordström Handel	SKU-1004	Mechanical Keyboard	Peripherals	6	1084,32	retail
00000804	20241105	C1353	Väisänen Kaluste	SKU-1006	USB-C Dock	Accessories	3	1509,52	retail
00000805	20240918	C1171	Møller Innredning	SKU-1007	Noise Cancelling Headset	Peripherals	8	2238,35	direct
00000806	20250105	C1244	Kjærstad Utstyr	SKU-1005	27in 4K Monitor	Displays	3	4777,07	online
00000807	20240619	C1375	Lindqvist AB	SKU-1008	Laptop Stand Aluminium	Accessories	6	687,13	online
00000808	20250212	C1124	Väisänen Kaluste	SKU-1005	27in 4K Monitor	Displays	-1	4671,47	online
00000809	20251102	C1324	Trondheim Utstyr	SKU-1005	27in 4K Monitor	Displays	5	4590,98	online
00000810	20240531	C1286	Søndergaard A/S	SKU-1008	Laptop Stand Aluminium	Accessories	-2	698,88	direct
00000811	20250309	C1371	Mäkinen Toimisto	SKU-1005	27in 4K Monitor	Displays	8	4816,58	retail
00000812	20240330	C1333	Dansk Kontormiljø	SKU-1008	Laptop Stand Aluminium	Accessories	1	730,74	partner
00000813	20241226	C1162	Kjærstad Utstyr	SKU-1006	USB-C Dock	Accessories	12	1591,74	partner
00000814	20240714	C1339	Kärkkäinen Oy	SKU-1004	Mechanical Keyboard	Peripherals	4	1113,53	retail
00000815	20250224	C1104	Mäkinen Toimisto	SKU-1009	Webcam 1080p	Peripherals	5	663,24	partner
00000816	20250702	C1010	Kärkkäinen Oy	SKU-1009	Webcam 1080p	Peripherals	6	765,18	retail
00000817	20250402	C1356	Søndergaard A/S	SKU-1008	Laptop Stand Aluminium	Accessories	11	550,31	direct
00000818	20241108	C1048	Ålesund Kontor	SKU-1010	Desk Lamp LED	Furniture	6	484,47	online
00000819	20241228	C1093	Søndergaard A/S	SKU-1002	Standing Desk 140cm	Furniture	7	4524,37	direct
00000820	20250323	C1166	Hämäläinen Oy	SKU-1003	Monitor Arm Dual	Accessories	6	866,85	retail
00000821	20251001	C1130	Ålesund Kontor	SKU-1004	Mechanical Keyboard	Peripherals	4	1209,43	online
00000822	20250620	C1393	Nordström Handel	SKU-1006	USB-C Dock	Accessories	3	1823,65	retail
00000823	20240118	C1047	Väisänen Kaluste	SKU-1003	Monitor Arm Dual	Accessories	1	793,40	online
00000824	20250519	C1157	Kärkkäinen Oy	SKU-1010	Desk Lamp LED	Furniture	11	477,78	retail
00000825	20241223	C1053	Kjærstad Utstyr	SKU-1001	Ergonomic Desk Chair	Furniture	9	2106,91	direct
00000826	20241023	C1330	Jyllands Inventar	SKU-1003	Monitor Arm Dual	Accessories	6	820,07	direct
00000827	20241125	C1174	Lindqvist AB	SKU-1004	Mechanical Keyboard	Peripherals	12	1257,42	partner
00000828	20250522	C1223	Kärkkäinen Oy	SKU-1009	Webcam 1080p	Peripherals	3	735,72	partner
00000829	20241221	C1300	Ålesund Kontor	SKU-1003	Monitor Arm Dual	Accessories	12	824,04	retail
00000830	20240306	C1191	Nordström Handel	SKU-1004	Mechanical Keyboard	Peripherals	6	1128,26	direct
00000831	20240727	C1269	Møller Innredning	SKU-1003	Monitor Arm Dual	Accessories	7	858,07	direct
00000832	20240512	C1367	Møller Innredning	SKU-1002	Standing Desk 140cm	Furniture	2	5839,98	retail
00000833	20240906	C1059	Ålesund Kontor	SKU-1008	Laptop Stand Aluminium	Accessories	9	667,80	online
00000834	20250320	C1025	Rødvig Møbler	SKU-1001	Ergonomic Desk Chair	Furniture	2	2749,73	online
00000835	20250412	C1379	Rødvig Møbler	SKU-1003	Monitor Arm Dual	Accessories	1	1012,34	direct
00000836	20241031	C1346	Trondheim Utstyr	SKU-1003	Monitor Arm Dual	Accessories	1	867,53	partner
00000837	20250919	C1217	Bergström & Söner	SKU-1010	Desk Lamp LED	Furniture	3	560,79	retail
00000838	20250716	C1007	Bergström & Söner	SKU-1008	Laptop Stand Aluminium	Accessories	7	694,95	online
00000839	20240205	C1161	Ålesund Kontor	SKU-1004	Mechanical Keyboard	Peripherals	6	1036,81	retail
00000840	20250325	C1019	Bergström & Söner	SKU-1004	Mechanical Keyboard	Peripherals	8	1249,38	partner
00000841	20240626	C1242	Møller Innredning	SKU-1008	Laptop Stand Aluminium	Accessories	8	666,56	retail
00000842	20250811	C1086	Nordström Handel	SKU-1001	Ergonomic Desk Chair	Furniture	12	2660,35	direct
00000843	20240402	C1230	Bergström & Söner	SKU-1002	Standing Desk 140cm	Furniture	6	5689,37	direct
00000844	20251003	C1220	Mäkinen Toimisto	SKU-1008	Laptop Stand Aluminium	Accessories	2	640,13	online
00000845	20240411	C1057	Trondheim Utstyr	SKU-1006	USB-C Dock	Accessories	9	1983,09	partner
00000846	20241111	C1134	Jyllands Inventar	SKU-1009	Webcam 1080p	Peripherals	1	769,04	online
00000847	20250524	C1285	Rødvig Møbler	SKU-1001	Ergonomic Desk Chair	Furniture	12	2457,83	online
00000848	20241010	C1317	Jyllands Inventar	SKU-1010	Desk Lamp LED	Furniture	10	487,86	partner
00000849	20250407	C1071	Uppsala Interiör	SKU-1002	Standing Desk 140cm	Furniture	6	4745,59	retail
00000850	20240403	C1130	Uppsala Interiör	SKU-1004	Mechanical Keyboard	Peripherals	3	1251,07	direct
00000851	20240903	C1238	Väisänen Kaluste	SKU-1009	Webcam 1080p	Peripherals	12	690,66	retail
00000852	20251108	C1360	Ålesund Kontor	SKU-1007	Noise Cancelling Headset	Peripherals	10	2339,90	online
00000853	20240921	C1319	Jyllands Inventar	SKU-1009	Webcam 1080p	Peripherals	1	718,55	retail
00000854	20241119	C1289	Uppsala Interiör	SKU-1003	Monitor Arm Dual	Accessories	9	1014,38	partner
00000855	20240105	C1317	Møller Innredning	SKU-1005	27in 4K Monitor	Displays	12	4313,18	retail
00000856	20241017	C1072	Väisänen Kaluste	SKU-1009	Webcam 1080p	Peripherals	7	761,15	online
00000857	20240103	C1077	Ålesund Kontor	SKU-1007	Noise Cancelling Headset	Peripherals	9	2321,41	direct
00000858	20240130	C1204	Hämäläinen Oy	SKU-1004	Mechanical Keyboard	Peripherals	12	1255,95	direct
00000859	20240731	C1032	Mäkinen Toimisto	SKU-1007	Noise Cancelling Headset	Peripherals	12	1885,92	direct
00000860	20250212	C1173	Trondheim Utstyr	SKU-1007	Noise Cancelling Headset	Peripherals	7	2166,42	partner
00000861	20250517	C1246	Kjærstad Utstyr	SKU-1009	Webcam 1080p	Peripherals	4	784,23	direct
00000862	20250929	C1055	Uppsala Interiör	SKU-1004	Mechanical Keyboard	Peripherals	-2	1077,47	retail
00000863	20250613	C1164	Kärkkäinen Oy	SKU-1005	27in 4K Monitor	Displays	10	4626,26	retail
00000864	20251226	C1267	Søndergaard A/S	SKU-1006	USB-C Dock	Accessories	5	1538,24	online
00000865	20241030	C1269	Kärkkäinen Oy	SKU-1004	Mechanical Keyboard	Peripherals	11	1065,45	retail
00000866	20251022	C1251	Hämäläinen Oy	SKU-1006	USB-C Dock	Accessories	9	1984,47	online
00000867	20250519	C1390	Hämäläinen Oy	SKU-1003	Monitor Arm Dual	Accessories	8	841,51	direct
00000868	20240613	C1073	Kjærstad Utstyr	SKU-1010	Desk Lamp LED	Furniture	12	485,18	direct
00000869	20250806	C1256	Kärkkäinen Oy	SKU-1008	Laptop Stand Aluminium	Accessories	10	633,67	partner
00000870	20241010	C1398	Kjærstad Utstyr	SKU-1003	Monitor Arm Dual	Accessories	11	864,46	-
00000871	20250102	C1387	Kärkkäinen Oy	SKU-1003	Monitor Arm Dual	Accessories	2	829,24	retail
00000872	20250810	C1197	Møller Innredning	SKU-1004	Mechanical Keyboard	Peripherals	10	1070,26	partner
00000873	20240912	C1239	Väisänen Kaluste	SKU-1004	Mechanical Keyboard	Peripherals	7	1291,89	direct
00000874	20240528	C1186	Kjærstad Utstyr	SKU-1004	Mechanical Keyboard	Peripherals	12	1053,22	direct
00000875	20251007	C1136	Trondheim Utstyr	SKU-1002	Standing Desk 140cm	Furniture	12	5266,10	partner
00000876	20240424	C1066	Rødvig Møbler	SKU-1008	Laptop Stand Aluminium	Accessories	12	703,62	online
00000877	20250523	C1254	Mäkinen Toimisto	SKU-1009	Webcam 1080p	Peripherals	5	832,10	partner
00000878	20250905	C1087	Bergström & Söner	SKU-1010	Desk Lamp LED	Furniture	1	549,08	retail
00000879	20240830	C1319	Søndergaard A/S	SKU-1002	Standing Desk 140cm	Furniture	11	5161,54	online
00000880	20250109	C1117	Hämäläinen Oy	SKU-1008	Laptop Stand Aluminium	Accessories	3	647,12	direct
00000881	20241221	C1284	Uppsala Interiör	SKU-1007	Noise Cancelling Headset	Peripherals	9	1990,08	retail
00000882	20240203	C1343	Trondheim Utstyr	SKU-1006	USB-C Dock	Accessories	8	2012,16	direct
00000883	20250923	C1074	Uppsala Interiör	SKU-1001	Ergonomic Desk Chair	Furniture	11	2727,67	partner
00000884	20250320	C1038	Nordström Handel	SKU-1001	Ergonomic Desk Chair	Furniture	-1	2562,86	direct
00000885	20250822	C1171	Mäkinen Toimisto	SKU-1010	Desk Lamp LED	Furniture	1	455,14	retail
00000886	20250404	C1209	Trondheim Utstyr	SKU-1003	Monitor Arm Dual	Accessories	9	868,32	online
00000887	20250917	C1308	Jyllands Inventar	SKU-1001	Ergonomic Desk Chair	Furniture	3	2309,60	direct
00000888	20240509	C1354	Kärkkäinen Oy	SKU-1001	Ergonomic Desk Chair	Furniture	2	2316,16	online
00000889	20241207	C1019	Møller Innredning	SKU-1008	Laptop Stand Aluminium	Accessories	12	722,96	partner
00000890	20250310	C1202	Trondheim Utstyr	SKU-1005	27in 4K Monitor	Displays	7	3926,97	partner
00000891	20250311	C1019	Mäkinen Toimisto	SKU-1006	USB-C Dock	Accessories	12	1649,81	retail
00000892	20241107	C1396	Ålesund Kontor	SKU-1007	Noise Cancelling Headset	Peripherals	4	1865,35	retail
00000893	20240403	C1072	Søndergaard A/S	SKU-1003	Monitor Arm Dual	Accessories	6	807,78	retail
00000894	20250222	C1276	Rødvig Møbler	SKU-1009	Webcam 1080p	Peripherals	3	718,85	partner
00000895	20250223	C1012	Trondheim Utstyr	SKU-1003	Monitor Arm Dual	Accessories	11	926,01	partner
00000896	20241115	C1284	Bergström & Söner	SKU-1004	Mechanical Keyboard	Peripherals	4	1269,93	partner
00000897	20251129	C1366	Lindqvist AB	SKU-1007	Noise Cancelling Headset	Peripherals	9	2234,61	partner
00000898	20251127	C1052	Ålesund Kontor	SKU-1009	Webcam 1080p	Peripherals	7	767,72	direct
00000899	20240307	C1107	Nordström Handel	SKU-1007	Noise Cancelling Headset	Peripherals	10	2386,14	partner
00000900	20241025	C1072	Lindqvist AB	SKU-1010	Desk Lamp LED	Furniture	11	457,07	direct
00000901	20240112	C1278	Ålesund Kontor	SKU-1003	Monitor Arm Dual	Accessories	10	878,81	partner
00000902	20240902	C1313	Trondheim Utstyr	SKU-1009	Webcam 1080p	Peripherals	12	686,78	partner
00000903	20251021	C1358	Møller Innredning	SKU-1002	Standing Desk 140cm	Furniture	12	5171,55	direct
00000904	20251214	C1250	Møller Innredning	SKU-1010	Desk Lamp LED	Furniture	10	541,58	online
00000905	20250612	C1322	Søndergaard A/S	SKU-1009	Webcam 1080p	Peripherals	12	806,26	direct
00000906	20250119	C1370	Søndergaard A/S	SKU-1007	Noise Cancelling Headset	Peripherals	10	1976,63	online
00000907	20240728	C1030	Kjærstad Utstyr	SKU-1006	USB-C Dock	Accessories	3	1628,46	direct
00000908	20250524	C1155	Rødvig Møbler	SKU-1009	Webcam 1080p	Peripherals	5	820,25	online
00000909	20240627	C1255	Rødvig Møbler	SKU-1005	27in 4K Monitor	Displays	10	3973,72	direct
00000910	20250807	C1310	Søndergaard A/S	SKU-1001	Ergonomic Desk Chair	Furniture	3	2310,27	direct
00000911	20250804	C1069	Kärkkäinen Oy	SKU-1006	USB-C Dock	Accessories	10	1841,17	partner
00000912	20240813	C1066	Hämäläinen Oy	SKU-1006	USB-C Dock	Accessories	6	1542,07	partner
00000913	20251216	C1264	Mäkinen Toimisto	SKU-1002	Standing Desk 140cm	Furniture	4	5842,74	retail
00000914	20240609	C1030	Ålesund Kontor	SKU-1007	Noise Cancelling Headset	Peripherals	1	2219,97	online
00000915	20241015	C1234	Lindqvist AB	SKU-1008	Laptop Stand Aluminium	Accessories	6	552,32	online
00000916	20250915	C1171	Uppsala Interiör	SKU-1009	Webcam 1080p	Peripherals	8	712,59	retail
00000917	20240112	C1321	Kärkkäinen Oy	SKU-1007	Noise Cancelling Headset	Peripherals	9	1950,20	-
00000918	20251018	C1047	Väisänen Kaluste	SKU-1010	Desk Lamp LED	Furniture	2	532,70	retail
00000919	20241024	C1250	Mäkinen Toimisto	SKU-1003	Monitor Arm Dual	Accessories	6	919,42	online
00000920	20240323	C1313	Jyllands Inventar	SKU-1002	Standing Desk 140cm	Furniture	5	4755,10	partner
00000921	20251125	C1133	Uppsala Interiör	SKU-1006	USB-C Dock	Accessories	8	2006,99	online
00000922	20251202	C1363	Kjærstad Utstyr	SKU-1007	Noise Cancelling Headset	Peripherals	6	2000,76	-
00000923	20251102	C1206	Jyllands Inventar	SKU-1005	27in 4K Monitor	Displays	3	4590,80	direct
00000924	20240105	C1072	Mäkinen Toimisto	SKU-1002	Standing Desk 140cm	Furniture	10	4617,13	direct
00000925	20251022	C1258	Väisänen Kaluste	SKU-1002	Standing Desk 140cm	Furniture	3	5502,20	direct
00000926	20250902	C1332	Mäkinen Toimisto	SKU-1007	Noise Cancelling Headset	Peripherals	2	2191,12	partner
00000927	20250819	C1335	Hämäläinen Oy	SKU-1005	27in 4K Monitor	Displays	3	4893,45	online
00000928	20241118	C1132	Nordström Handel	SKU-1007	Noise Cancelling Headset	Peripherals	12	2161,61	partner
00000929	20241229	C1209	Hämäläinen Oy	SKU-1002	Standing Desk 140cm	Furniture	6	5777,83	online
00000930	20241002	C1200	Jyllands Inventar	SKU-1001	Ergonomic Desk Chair	Furniture	11	2065,78	direct
00000931	20240215	C1258	Lindqvist AB	SKU-1002	Standing Desk 140cm	Furniture	12	5917,59	online
00000932	20251106	C1145	Nordström Handel	SKU-1004	Mechanical Keyboard	Peripherals	9	1224,81	direct
00000933	20241028	C1124	Søndergaard A/S	SKU-1007	Noise Cancelling Headset	Peripherals	11	1895,98	retail
00000934	20240714	C1230	Dansk Kontormiljø	SKU-1004	Mechanical Keyboard	Peripherals	12	1184,47	retail
00000935	20250106	C1231	Trondheim Utstyr	SKU-1008	Laptop Stand Aluminium	Accessories	5	646,62	partner
00000936	20251203	C1056	Mäkinen Toimisto	SKU-1006	USB-C Dock	Accessories	11	1951,93	partner
00000937	20251230	C1056	Ålesund Kontor	SKU-1008	Laptop Stand Aluminium	Accessories	12	698,19	retail
00000938	20240604	C1112	Väisänen Kaluste	SKU-1006	USB-C Dock	Accessories	8	1692,35	retail
00000939	20240218	C1352	Jyllands Inventar	SKU-1002	Standing Desk 140cm	Furniture	4	4781,99	direct
00000940	20240627	C1277	Mäkinen Toimisto	SKU-1003	Monitor Arm Dual	Accessories	5	912,28	direct
00000941	20241013	C1356	Mäkinen Toimisto	SKU-1004	Mechanical Keyboard	Peripherals	11	1057,67	direct
00000942	20250504	C1381	Kjærstad Utstyr	SKU-1002	Standing Desk 140cm	Furniture	-3	5720,68	direct
00000943	20251022	C1246	Hämäläinen Oy	SKU-1008	Laptop Stand Aluminium	Accessories	1	666,96	partner
00000944	20241101	C1053	Bergström & Söner	SKU-1001	Ergonomic Desk Chair	Furniture	11	2056,83	retail
00000945	20250814	C1355	Kärkkäinen Oy	SKU-1005	27in 4K Monitor	Displays	10	3731,89	direct
00000946	20250825	C1141	Lindqvist AB	SKU-1001	Ergonomic Desk Chair	Furniture	6	2526,64	retail
00000947	20240817	C1258	Dansk Kontormiljø	SKU-1002	Standing Desk 140cm	Furniture	3	4942,87	partner
00000948	20240206	C1315	Trondheim Utstyr	SKU-1006	USB-C Dock	Accessories	1	1668,86	direct
00000949	20251118	C1234	Kärkkäinen Oy	SKU-1005	27in 4K Monitor	Displays	4	4206,86	online
00000950	20240114	C1368	Lindqvist AB	SKU-1008	Laptop Stand Aluminium	Accessories	6	677,70	partner
00000951	20240517	C1353	Trondheim Utstyr	SKU-1006	USB-C Dock	Accessories	7	1729,80	partner
00000952	20250114	C1106	Lindqvist AB	SKU-1007	Noise Cancelling Headset	Peripherals	3	1844,58	partner
00000953	20240709	C1352	Uppsala Interiör	SKU-1010	Desk Lamp LED	Furniture	7	464,56	partner
00000954	20240415	C1008	Nordström Handel	SKU-1008	Laptop Stand Aluminium	Accessories	11	685,65	retail
00000955	20241029	C1014	Kjærstad Utstyr	SKU-1003	Monitor Arm Dual	Accessories	9	816,72	direct
00000956	20240327	C1108	Rødvig Møbler	SKU-1006	USB-C Dock	Accessories	4	1828,28	online
00000957	20250207	C1220	Bergström & Söner	SKU-1005	27in 4K Monitor	Displays	9	4871,44	direct
00000958	20241012	C1339	Nordström Handel	SKU-1001	Ergonomic Desk Chair	Furniture	1	2701,52	direct
00000959	20250420	C1036	Dansk Kontormiljø	SKU-1008	Laptop Stand Aluminium	Accessories	5	715,62	direct
00000960	20250609	C1205	Kjærstad Utstyr	SKU-1007	Noise Cancelling Headset	Peripherals	3	1794,23	online
00000961	20250228	C1335	Rødvig Møbler	SKU-1009	Webcam 1080p	Peripherals	12	838,31	direct
00000962	20240317	C1201	Hämäläinen Oy	SKU-1006	USB-C Dock	Accessories	2	1740,92	partner
00000963	20250220	C1022	Nordström Handel	SKU-1005	27in 4K Monitor	Displays	3	3804,76	partner
00000964	20250510	C1054	Kjærstad Utstyr	SKU-1004	Mechanical Keyboard	Peripherals	10	1273,24	retail
00000965	20250324	C1132	Søndergaard A/S	SKU-1002	Standing Desk 140cm	Furniture	1	5968,60	online
00000966	20250917	C1198	Ålesund Kontor	SKU-1002	Standing Desk 140cm	Furniture	10	5091,13	partner
00000967	20240327	C1034	Nordström Handel	SKU-1005	27in 4K Monitor	Displays	10	3808,16	direct
00000968	20240315	C1185	Søndergaard A/S	SKU-1006	USB-C Dock	Accessories	7	1690,51	partner
00000969	20240104	C1221	Rødvig Møbler	SKU-1006	USB-C Dock	Accessories	3	1584,49	direct
00000970	20250302	C1042	Kärkkäinen Oy	SKU-1002	Standing Desk 140cm	Furniture	4	5647,05	online
00000971	20240606	C1334	Hämäläinen Oy	SKU-1010	Desk Lamp LED	Furniture	2	566,12	partner
00000972	20241030	C1077	Lindqvist AB	SKU-1002	Standing Desk 140cm	Furniture	7	5273,26	partner
00000973	20250805	C1372	Mäkinen Toimisto	SKU-1002	Standing Desk 140cm	Furniture	1	5723,63	online
00000974	20240426	C1343	Trondheim Utstyr	SKU-1006	USB-C Dock	Accessories	10	1658,19	partner
00000975	20241231	C1267	Jyllands Inventar	SKU-1007	Noise Cancelling Headset	Peripherals	11	2123,02	direct
00000976	20250609	C1165	Kjærstad Utstyr	SKU-1010	Desk Lamp LED	Furniture	3	453,12	retail
00000977	20241216	C1122	Nordström Handel	SKU-1005	27in 4K Monitor	Displays	11	4323,25	direct
00000978	20250101	C1314	Ålesund Kontor	SKU-1001	Ergonomic Desk Chair	Furniture	8	2732,51	direct
00000979	20250908	C1376	Rødvig Møbler	SKU-1007	Noise Cancelling Headset	Peripherals	6	2307,91	partner
00000980	20251025	C1005	Jyllands Inventar	SKU-1004	Mechanical Keyboard	Peripherals	1	1036,26	retail
00000981	20240102	C1371	Ålesund Kontor	SKU-1001	Ergonomic Desk Chair	Furniture	1	2710,14	direct
00000982	20250914	C1379	Uppsala Interiör	SKU-1002	Standing Desk 140cm	Furniture	6	4728,44	direct
00000983	20251225	C1344	Ålesund Kontor	SKU-1008	Laptop Stand Aluminium	Accessories	9	691,83	retail
00000984	20250323	C1196	Uppsala Interiör	SKU-1007	Noise Cancelling Headset	Peripherals	1	1980,18	direct
00000985	20241103	C1372	Lindqvist AB	SKU-1002	Standing Desk 140cm	Furniture	8	4748,65	retail
00000986	20250930	C1354	Kjærstad Utstyr	SKU-1003	Monitor Arm Dual	Accessories	11	980,59	online
00000987	20240816	C1070	Kjærstad Utstyr	SKU-1005	27in 4K Monitor	Displays	3	4621,83	partner
00000988	20250708	C1233	Jyllands Inventar	SKU-1005	27in 4K Monitor	Displays	9	4894,52	retail
00000989	20240325	C1160	Kjærstad Utstyr	SKU-1007	Noise Cancelling Headset	Peripherals	12	2088,57	partner
00000990	20250523	C1065	Uppsala Interiör	SKU-1010	Desk Lamp LED	Furniture	-3	555,49	partner
00000991	20250503	C1251	Mäkinen Toimisto	SKU-1007	Noise Cancelling Headset	Peripherals	2	1878,05	direct
00000992	20250818	C1241	Uppsala Interiör	SKU-1002	Standing Desk 140cm	Furniture	4	4504,66	direct
00000993	20251104	C1184	Nordström Handel	SKU-1006	USB-C Dock	Accessories	1	1733,64	online
00000994	20250925	C1052	Nordström Handel	SKU-1009	Webcam 1080p	Peripherals	11	678,88	partner
00000995	20241018	C1333	Mäkinen Toimisto	SKU-1002	Standing Desk 140cm	Furniture	4	5146,56	partner
00000996	20250703	C1231	Jyllands Inventar	SKU-1002	Standing Desk 140cm	Furniture	8	4847,86	direct
00000997	20250118	C1200	Søndergaard A/S	SKU-1007	Noise Cancelling Headset	Peripherals	7	2199,36	-
00000998	20250207	C1073	Mäkinen Toimisto	SKU-1008	Laptop Stand Aluminium	Accessories	7	573,67	partner
00000999	20250524	C1161	Søndergaard A/S	SKU-1009	Webcam 1080p	Peripherals	1	883,93	retail
00001000	20250407	C1203	Väisänen Kaluste	SKU-1005	27in 4K Monitor	Displays	3	4104,03	-
00001001	20250831	C1202	Søndergaard A/S	SKU-1002	Standing Desk 140cm	Furniture	6	5503,62	direct
00001002	20250126	C1157	Kärkkäinen Oy	SKU-1008	Laptop Stand Aluminium	Accessories	9	579,84	online
00001003	20240430	C1390	Rødvig Møbler	SKU-1002	Standing Desk 140cm	Furniture	7	4658,02	retail
00001004	20250215	C1002	Lindqvist AB	SKU-1006	USB-C Dock	Accessories	11	1700,87	direct
00001005	20250902	C1083	Nordström Handel	SKU-1002	Standing Desk 140cm	Furniture	1	4636,50	online
00001006	20240423	C1239	Rødvig Møbler	SKU-1008	Laptop Stand Aluminium	Accessories	5	638,92	direct
00001007	20250106	C1041	Nordström Handel	SKU-1002	Standing Desk 140cm	Furniture	11	5553,90	partner
00001008	20250918	C1037	Uppsala Interiör	SKU-1001	Ergonomic Desk Chair	Furniture	10	2370,65	retail
00001009	20240928	C1334	Kjærstad Utstyr	SKU-1008	Laptop Stand Aluminium	Accessories	11	571,08	online
00001010	20241031	C1304	Trondheim Utstyr	SKU-1009	Webcam 1080p	Peripherals	4	861,63	online
00001011	20240127	C1263	Rødvig Møbler	SKU-1010	Desk Lamp LED	Furniture	5	556,03	partner
00001012	20250629	C1378	Bergström & Söner	SKU-1007	Noise Cancelling Headset	Peripherals	10	2271,37	direct
00001013	20250710	C1284	Kjærstad Utstyr	SKU-1003	Monitor Arm Dual	Accessories	1	888,92	retail
00001014	20251203	C1268	Trondheim Utstyr	SKU-1003	Monitor Arm Dual	Accessories	8	824,24	online
00001015	20250318	C1281	Jyllands Inventar	SKU-1007	Noise Cancelling Headset	Peripherals	7	2254,78	retail
00001016	20240114	C1109	Søndergaard A/S	SKU-1002	Standing Desk 140cm	Furniture	7	5546,08	retail
00001017	20250808	C1308	Rødvig Møbler	SKU-1010	Desk Lamp LED	Furniture	10	577,67	direct
00001018	20250501	C1280	Møller Innredning	SKU-1009	Webcam 1080p	Peripherals	2	760,95	retail
00001019	20240917	C1056	Møller Innredning	SKU-1003	Monitor Arm Dual	Accessories	-2	838,32	direct
00001020	20240324	C1361	Mäkinen Toimisto	SKU-1004	Mechanical Keyboard	Peripherals	6	1061,53	retail
00001021	20250516	C1173	Møller Innredning	SKU-1007	Noise Cancelling Headset	Peripherals	11	2198,67	retail
00001022	20250727	C1223	Väisänen Kaluste	SKU-1008	Laptop Stand Aluminium	Accessories	1	650,83	direct
00001023	20250220	C1221	Kjærstad Utstyr	SKU-1004	Mechanical Keyboard	Peripherals	3	1069,68	online
00001024	20250909	C1273	Dansk Kontormiljø	SKU-1001	Ergonomic Desk Chair	Furniture	5	2304,77	online
00001025	20241219	C1110	Søndergaard A/S	SKU-1010	Desk Lamp LED	Furniture	3	452,06	retail
00001026	20251107	C1397	Jyllands Inventar	SKU-1002	Standing Desk 140cm	Furniture	11	5112,08	partner
00001027	20241124	C1375	Hämäläinen Oy	SKU-1005	27in 4K Monitor	Displays	6	4651,11	direct
00001028	20241009	C1271	Lindqvist AB	SKU-1010	Desk Lamp LED	Furniture	1	480,54	retail
00001029	20250122	C1268	Kjærstad Utstyr	SKU-1008	Laptop Stand Aluminium	Accessories	12	625,90	partner
00001030	20250415	C1101	Ålesund Kontor	SKU-1010	Desk Lamp LED	Furniture	2	497,46	direct
00001031	20241227	C1068	Møller Innredning	SKU-1008	Laptop Stand Aluminium	Accessories	7	582,94	partner
00001032	20250817	C1212	Uppsala Interiör	SKU-1001	Ergonomic Desk Chair	Furniture	5	2698,99	online
00001033	20240716	C1122	Mäkinen Toimisto	SKU-1008	Laptop Stand Aluminium	Accessories	10	697,45	partner
00001034	20251027	C1103	Lindqvist AB	SKU-1008	Laptop Stand Aluminium	Accessories	6	661,11	direct
00001035	20240611	C1038	Trondheim Utstyr	SKU-1006	USB-C Dock	Accessories	8	1799,70	online
00001036	20241223	C1010	Rødvig Møbler	SKU-1006	USB-C Dock	Accessories	7	1911,37	partner
00001037	20251111	C1167	Trondheim Utstyr	SKU-1004	Mechanical Keyboard	Peripherals	12	1196,30	-
00001038	20240827	C1103	Lindqvist AB	SKU-1008	Laptop Stand Aluminium	Accessories	9	675,79	partner
00001039	20240306	C1097	Nordström Handel	SKU-1004	Mechanical Keyboard	Peripherals	12	1121,93	online
00001040	20241215	C1337	Mäkinen Toimisto	SKU-1006	USB-C Dock	Accessories	10	1917,77	online
00001041	20250107	C1353	Jyllands Inventar	SKU-1001	Ergonomic Desk Chair	Furniture	2	2354,24	direct
00001042	20250401	C1395	Søndergaard A/S	SKU-1004	Mechanical Keyboard	Peripherals	6	1150,93	retail
00001043	20250324	C1080	Uppsala Interiör	SKU-1004	Mechanical Keyboard	Peripherals	8	1189,23	online
00001044	20240530	C1035	Trondheim Utstyr	SKU-1003	Monitor Arm Dual	Accessories	9	990,57	direct
00001045	20241017	C1046	Trondheim Utstyr	SKU-1007	Noise Cancelling Headset	Peripherals	7	1891,62	partner
00001046	20240605	C1139	Hämäläinen Oy	SKU-1003	Monitor Arm Dual	Accessories	3	807,07	direct
00001047	20240717	C1209	Kjærstad Utstyr	SKU-1004	Mechanical Keyboard	Peripherals	3	1199,35	direct
00001048	20241101	C1135	Lindqvist AB	SKU-1010	Desk Lamp LED	Furniture	2	499,35	direct
00001049	20240411	C1386	Bergström & Söner	SKU-1008	Laptop Stand Aluminium	Accessories	10	595,55	-
00001050	20251021	C1097	Mäkinen Toimisto	SKU-1003	Monitor Arm Dual	Accessories	1	870,90	direct
00001051	20240421	C1089	Väisänen Kaluste	SKU-1006	USB-C Dock	Accessories	1	1989,80	partner
00001052	20251015	C1307	Hämäläinen Oy	SKU-1002	Standing Desk 140cm	Furniture	3	5335,28	direct
00001053	20240215	C1240	Nordström Handel	SKU-1005	27in 4K Monitor	Displays	11	3728,36	online
00001054	20240529	C1152	Rødvig Møbler	SKU-1001	Ergonomic Desk Chair	Furniture	3	2265,15	online
00001055	20250429	C1081	Kärkkäinen Oy	SKU-1009	Webcam 1080p	Peripherals	3	702,10	retail
00001056	20240311	C1083	Rødvig Møbler	SKU-1009	Webcam 1080p	Peripherals	7	720,96	partner
00001057	20240510	C1054	Ålesund Kontor	SKU-1009	Webcam 1080p	Peripherals	10	750,34	partner
00001058	20250211	C1388	Lindqvist AB	SKU-1009	Webcam 1080p	Peripherals	1	866,79	retail
00001059	20250122	C1308	Mäkinen Toimisto	SKU-1006	USB-C Dock	Accessories	10	1660,50	online
00001060	20250709	C1015	Jyllands Inventar	SKU-1009	Webcam 1080p	Peripherals	6	824,47	retail
00001061	20250419	C1378	Møller Innredning	SKU-1008	Laptop Stand Aluminium	Accessories	4	590,79	retail
00001062	20241023	C1032	Møller Innredning	SKU-1007	Noise Cancelling Headset	Peripherals	-2	2286,46	online
00001063	20250317	C1383	Nordström Handel	SKU-1004	Mechanical Keyboard	Peripherals	1	1077,47	direct
00001064	20251005	C1180	Hämäläinen Oy	SKU-1007	Noise Cancelling Headset	Peripherals	4	2403,19	partner
00001065	20240412	C1101	Nordström Handel	SKU-1009	Webcam 1080p	Peripherals	8	865,97	partner
00001066	20250412	C1350	Dansk Kontormiljø	SKU-1003	Monitor Arm Dual	Accessories	11	833,03	partner
00001067	20251207	C1079	Nordström Handel	SKU-1007	Noise Cancelling Headset	Peripherals	9	2278,29	retail
00001068	20240329	C1129	Trondheim Utstyr	SKU-1006	USB-C Dock	Accessories	6	1619,31	partner
00001069	20250712	C1117	Trondheim Utstyr	SKU-1006	USB-C Dock	Accessories	9	1802,80	online
00001070	20250131	C1148	Väisänen Kaluste	SKU-1010	Desk Lamp LED	Furniture	11	522,76	retail
00001071	20240503	C1356	Rødvig Møbler	SKU-1001	Ergonomic Desk Chair	Furniture	10	2541,03	retail
00001072	20240420	C1160	Møller Innredning	SKU-1007	Noise Cancelling Headset	Peripherals	2	2023,18	online
00001073	20240521	C1265	Mäkinen Toimisto	SKU-1007	Noise Cancelling Headset	Peripherals	7	1924,86	partner
00001074	20240713	C1391	Kärkkäinen Oy	SKU-1001	Ergonomic Desk Chair	Furniture	11	2584,32	-
00001075	20240916	C1090	Trondheim Utstyr	SKU-1004	Mechanical Keyboard	Peripherals	4	1234,38	partner
00001076	20251009	C1072	Hämäläinen Oy	SKU-1005	27in 4K Monitor	Displays	12	3771,32	direct
00001077	20251003	C1122	Väisänen Kaluste	SKU-1010	Desk Lamp LED	Furniture	11	558,77	retail
00001078	20250114	C1135	Mäkinen Toimisto	SKU-1008	Laptop Stand Aluminium	Accessories	1	695,44	partner
00001079	20240314	C1163	Dansk Kontormiljø	SKU-1004	Mechanical Keyboard	Peripherals	1	1225,97	direct
00001080	20240415	C1077	Ålesund Kontor	SKU-1010	Desk Lamp LED	Furniture	8	498,02	retail
00001081	20250827	C1276	Uppsala Interiör	SKU-1004	Mechanical Keyboard	Peripherals	10	1106,53	online
00001082	20251223	C1316	Nordström Handel	SKU-1002	Standing Desk 140cm	Furniture	6	4517,23	partner
00001083	20240604	C1387	Väisänen Kaluste	SKU-1005	27in 4K Monitor	Displays	3	4235,19	retail
00001084	20250501	C1044	Kjærstad Utstyr	SKU-1006	USB-C Dock	Accessories	9	1923,28	partner
00001085	20250318	C1267	Lindqvist AB	SKU-1010	Desk Lamp LED	Furniture	8	544,27	partner
00001086	20250410	C1184	Kjærstad Utstyr	SKU-1002	Standing Desk 140cm	Furniture	1	4499,78	retail
00001087	20251222	C1189	Hämäläinen Oy	SKU-1007	Noise Cancelling Headset	Peripherals	1	1790,67	retail
00001088	20240629	C1322	Møller Innredning	SKU-1007	Noise Cancelling Headset	Peripherals	-1	2343,61	online
00001089	20250528	C1305	Lindqvist AB	SKU-1006	USB-C Dock	Accessories	9	1713,58	retail
00001090	20250111	C1217	Dansk Kontormiljø	SKU-1007	Noise Cancelling Headset	Peripherals	11	2306,53	online
00001091	20251116	C1095	Søndergaard A/S	SKU-1009	Webcam 1080p	Peripherals	8	674,14	direct
00001092	20250614	C1170	Trondheim Utstyr	SKU-1010	Desk Lamp LED	Furniture	2	489,10	retail
00001093	20240622	C1335	Rødvig Møbler	SKU-1006	USB-C Dock	Accessories	8	1744,34	-
00001094	20250423	C1300	Nordström Handel	SKU-1007	Noise Cancelling Headset	Peripherals	10	1847,65	retail
00001095	20250902	C1085	Jyllands Inventar	SKU-1009	Webcam 1080p	Peripherals	10	820,57	direct
00001096	20250218	C1132	Hämäläinen Oy	SKU-1008	Laptop Stand Aluminium	Accessories	4	657,55	-
00001097	20251104	C1310	Kärkkäinen Oy	SKU-1003	Monitor Arm Dual	Accessories	4	965,46	partner
00001098	20251005	C1185	Møller Innredning	SKU-1002	Standing Desk 140cm	Furniture	5	4761,90	online
00001099	20250120	C1062	Nordström Handel	SKU-1004	Mechanical Keyboard	Peripherals	1	1059,15	direct
00001100	20250415	C1014	Søndergaard A/S	SKU-1006	USB-C Dock	Accessories	8	1912,89	direct
00001101	20240828	C1281	Søndergaard A/S	SKU-1006	USB-C Dock	Accessories	6	1896,85	direct
00001102	20240329	C1270	Kärkkäinen Oy	SKU-1009	Webcam 1080p	Peripherals	3	737,79	retail
00001103	20250531	C1322	Søndergaard A/S	SKU-1005	27in 4K Monitor	Displays	1	3996,60	online
00001104	20251015	C1359	Jyllands Inventar	SKU-1007	Noise Cancelling Headset	Peripherals	9	1803,78	direct
00001105	20250806	C1083	Väisänen Kaluste	SKU-1007	Noise Cancelling Headset	Peripherals	3	2108,63	online
00001106	20240309	C1028	Søndergaard A/S	SKU-1005	27in 4K Monitor	Displays	12	4343,44	retail
00001107	20240904	C1046	Kärkkäinen Oy	SKU-1003	Monitor Arm Dual	Accessories	12	851,22	direct
00001108	20240810	C1286	Mäkinen Toimisto	SKU-1005	27in 4K Monitor	Displays	6	4411,93	direct
00001109	20250203	C1247	Väisänen Kaluste	SKU-1001	Ergonomic Desk Chair	Furniture	6	2380,71	online
00001110	20250906	C1150	Väisänen Kaluste	SKU-1010	Desk Lamp LED	Furniture	5	488,08	online
00001111	20251223	C1174	Søndergaard A/S	SKU-1005	27in 4K Monitor	Displays	3	4915,97	retail
00001112	20250829	C1215	Møller Innredning	SKU-1005	27in 4K Monitor	Displays	2	3937,37	retail
00001113	20250704	C1307	Trondheim Utstyr	SKU-1007	Noise Cancelling Headset	Peripherals	7	1831,50	online
00001114	20240311	C1275	Bergström & Söner	SKU-1004	Mechanical Keyboard	Peripherals	2	1227,06	online
00001115	20240503	C1032	Kärkkäinen Oy	SKU-1010	Desk Lamp LED	Furniture	11	448,84	retail
00001116	20240301	C1196	Lindqvist AB	SKU-1010	Desk Lamp LED	Furniture	4	585,72	direct
00001117	20240828	C1081	Trondheim Utstyr	SKU-1007	Noise Cancelling Headset	Peripherals	11	2357,37	direct
00001118	20250701	C1311	Väisänen Kaluste	SKU-1010	Desk Lamp LED	Furniture	1	538,80	retail
00001119	20250322	C1246	Trondheim Utstyr	SKU-1004	Mechanical Keyboard	Peripherals	1	1144,10	direct
00001120	20240801	C1281	Hämäläinen Oy	SKU-1010	Desk Lamp LED	Furniture	-2	495,03	online
00001121	20250214	C1185	Lindqvist AB	SKU-1009	Webcam 1080p	Peripherals	10	830,73	direct
00001122	20250418	C1017	Kärkkäinen Oy	SKU-1006	USB-C Dock	Accessories	4	1781,81	partner
00001123	20240711	C1234	Kjærstad Utstyr	SKU-1002	Standing Desk 140cm	Furniture	10	4772,81	partner
00001124	20241222	C1364	Bergström & Söner	SKU-1010	Desk Lamp LED	Furniture	1	493,97	partner
00001125	20251002	C1268	Väisänen Kaluste	SKU-1007	Noise Cancelling Headset	Peripherals	2	2219,18	online
00001126	20250115	C1319	Kärkkäinen Oy	SKU-1002	Standing Desk 140cm	Furniture	9	5596,03	online
00001127	20250102	C1340	Kärkkäinen Oy	SKU-1010	Desk Lamp LED	Furniture	5	513,08	partner
00001128	20250421	C1171	Uppsala Interiör	SKU-1006	USB-C Dock	Accessories	8	1824,71	partner
00001129	20250911	C1033	Bergström & Söner	SKU-1002	Standing Desk 140cm	Furniture	6	4510,84	online
00001130	20250304	C1058	Kärkkäinen Oy	SKU-1002	Standing Desk 140cm	Furniture	7	5284,26	retail
00001131	20240111	C1105	Mäkinen Toimisto	SKU-1002	Standing Desk 140cm	Furniture	3	4920,15	retail
00001132	20250825	C1342	Ålesund Kontor	SKU-1008	Laptop Stand Aluminium	Accessories	12	726,76	online
00001133	20240910	C1229	Rødvig Møbler	SKU-1004	Mechanical Keyboard	Peripherals	7	1102,44	partner
00001134	20241114	C1199	Trondheim Utstyr	SKU-1006	USB-C Dock	Accessories	11	1691,29	direct
00001135	20240724	C1052	Søndergaard A/S	SKU-1005	27in 4K Monitor	Displays	10	4828,71	retail
00001136	20251202	C1399	Rødvig Møbler	SKU-1006	USB-C Dock	Accessories	-3	1735,29	partner
00001137	20240902	C1369	Søndergaard A/S	SKU-1010	Desk Lamp LED	Furniture	3	473,19	online
00001138	20250627	C1186	Jyllands Inventar	SKU-1009	Webcam 1080p	Peripherals	4	869,64	online
00001139	20250102	C1158	Hämäläinen Oy	SKU-1006	USB-C Dock	Accessories	9	1819,89	partner
00001140	20241215	C1150	Uppsala Interiör	SKU-1002	Standing Desk 140cm	Furniture	3	5101,55	partner
00001141	20250718	C1059	Dansk Kontormiljø	SKU-1010	Desk Lamp LED	Furniture	11	597,89	online
00001142	20241208	C1389	Kärkkäinen Oy	SKU-1001	Ergonomic Desk Chair	Furniture	11	2593,67	online
00001143	20240203	C1053	Lindqvist AB	SKU-1007	Noise Cancelling Headset	Peripherals	-3	2129,88	retail
00001144	20250221	C1160	Bergström & Söner	SKU-1004	Mechanical Keyboard	Peripherals	9	982,46	online
00001145	20240906	C1341	Trondheim Utstyr	SKU-1005	27in 4K Monitor	Displays	8	4624,12	online
00001146	20240504	C1052	Trondheim Utstyr	SKU-1005	27in 4K Monitor	Displays	10	4105,76	retail
00001147	20240823	C1201	Ålesund Kontor	SKU-1001	Ergonomic Desk Chair	Furniture	11	2170,03	direct
00001148	20240412	C1228	Jyllands Inventar	SKU-1004	Mechanical Keyboard	Peripherals	-2	1320,25	retail
00001149	20241217	C1338	Nordström Handel	SKU-1009	Webcam 1080p	Peripherals	3	724,88	partner
00001150	20250110	C1141	Hämäläinen Oy	SKU-1010	Desk Lamp LED	Furniture	12	538,44	partner
00001151	20240811	C1393	Kjærstad Utstyr	SKU-1002	Standing Desk 140cm	Furniture	7	5704,60	partner
00001152	20240927	C1170	Väisänen Kaluste	SKU-1008	Laptop Stand Aluminium	Accessories	7	667,46	retail
00001153	20240727	C1314	Trondheim Utstyr	SKU-1008	Laptop Stand Aluminium	Accessories	11	626,28	direct
00001154	20240519	C1110	Lindqvist AB	SKU-1004	Mechanical Keyboard	Peripherals	3	1132,22	retail
00001155	20240412	C1033	Hämäläinen Oy	SKU-1010	Desk Lamp LED	Furniture	11	507,79	partner
00001156	20240321	C1206	Dansk Kontormiljø	SKU-1008	Laptop Stand Aluminium	Accessories	1	730,19	online
00001157	20250708	C1363	Uppsala Interiör	SKU-1006	USB-C Dock	Accessories	11	1600,25	partner
00001158	20250621	C1356	Lindqvist AB	SKU-1006	USB-C Dock	Accessories	7	1846,08	-
00001159	20240316	C1051	Väisänen Kaluste	SKU-1008	Laptop Stand Aluminium	Accessories	6	584,78	direct
00001160	20240719	C1107	Nordström Handel	SKU-1002	Standing Desk 140cm	Furniture	5	4502,13	online
00001161	20250811	C1066	Trondheim Utstyr	SKU-1010	Desk Lamp LED	Furniture	3	472,17	retail
00001162	20251022	C1051	Dansk Kontormiljø	SKU-1006	USB-C Dock	Accessories	7	1942,67	retail
00001163	20241201	C1233	Ålesund Kontor	SKU-1009	Webcam 1080p	Peripherals	10	671,88	online
00001164	20250429	C1373	Nordström Handel	SKU-1010	Desk Lamp LED	Furniture	6	481,85	retail
00001165	20240922	C1065	Kärkkäinen Oy	SKU-1001	Ergonomic Desk Chair	Furniture	12	2259,95	retail
00001166	20240203	C1036	Lindqvist AB	SKU-1007	Noise Cancelling Headset	Peripherals	1	2005,42	retail
00001167	20241101	C1379	Søndergaard A/S	SKU-1001	Ergonomic Desk Chair	Furniture	2	2112,79	partner
00001168	20240524	C1262	Møller Innredning	SKU-1002	Standing Desk 140cm	Furniture	1	5844,03	online
00001169	20240820	C1333	Hämäläinen Oy	SKU-1010	Desk Lamp LED	Furniture	2	530,93	direct
00001170	20250218	C1012	Kjærstad Utstyr	SKU-1006	USB-C Dock	Accessories	11	1737,42	partner
00001171	20240203	C1109	Møller Innredning	SKU-1003	Monitor Arm Dual	Accessories	9	804,07	partner
00001172	20240615	C1193	Rødvig Møbler	SKU-1008	Laptop Stand Aluminium	Accessories	7	689,97	online
00001173	20250726	C1304	Trondheim Utstyr	SKU-1010	Desk Lamp LED	Furniture	4	580,32	online
00001174	20250710	C1028	Väisänen Kaluste	SKU-1004	Mechanical Keyboard	Peripherals	8	1232,61	retail
00001175	20250213	C1366	Lindqvist AB	SKU-1008	Laptop Stand Aluminium	Accessories	3	675,89	partner
00001176	20251027	C1040	Bergström & Söner	SKU-1002	Standing Desk 140cm	Furniture	10	5105,97	online
00001177	20241211	C1329	Trondheim Utstyr	SKU-1010	Desk Lamp LED	Furniture	4	536,84	online
00001178	20240813	C1324	Hämäläinen Oy	SKU-1010	Desk Lamp LED	Furniture	2	595,80	online
00001179	20240322	C1357	Dansk Kontormiljø	SKU-1010	Desk Lamp LED	Furniture	9	491,59	direct
00001180	20250629	C1372	Møller Innredning	SKU-1007	Noise Cancelling Headset	Peripherals	7	2219,65	partner
00001181	20240908	C1104	Trondheim Utstyr	SKU-1010	Desk Lamp LED	Furniture	9	442,39	retail
00001182	20240413	C1206	Uppsala Interiör	SKU-1005	27in 4K Monitor	Displays	5	3780,83	partner
00001183	20251103	C1219	Väisänen Kaluste	SKU-1003	Monitor Arm Dual	Accessories	9	928,54	online
00001184	20240620	C1119	Møller Innredning	SKU-1005	27in 4K Monitor	Displays	4	4862,86	-
00001185	20240518	C1088	Dansk Kontormiljø	SKU-1006	USB-C Dock	Accessories	8	1888,80	online
00001186	20250602	C1243	Kärkkäinen Oy	SKU-1005	27in 4K Monitor	Displays	2	4739,17	direct
00001187	20241112	C1302	Uppsala Interiör	SKU-1001	Ergonomic Desk Chair	Furniture	10	2255,08	partner
00001188	20250330	C1160	Kjærstad Utstyr	SKU-1006	USB-C Dock	Accessories	6	1981,70	direct
00001189	20240109	C1313	Bergström & Söner	SKU-1008	Laptop Stand Aluminium	Accessories	11	650,75	retail
00001190	20240509	C1321	Ålesund Kontor	SKU-1010	Desk Lamp LED	Furniture	2	589,78	partner
00001191	20240331	C1132	Lindqvist AB	SKU-1005	27in 4K Monitor	Displays	12	4133,15	partner
00001192	20250514	C1115	Kjærstad Utstyr	SKU-1009	Webcam 1080p	Peripherals	4	840,62	direct
00001193	20250724	C1140	Dansk Kontormiljø	SKU-1006	USB-C Dock	Accessories	8	1691,18	retail
00001194	20250622	C1064	Kjærstad Utstyr	SKU-1006	USB-C Dock	Accessories	11	1683,23	online
00001195	20250109	C1068	Trondheim Utstyr	SKU-1006	USB-C Dock	Accessories	1	1661,89	direct
00001196	20250802	C1101	Bergström & Söner	SKU-1008	Laptop Stand Aluminium	Accessories	1	701,31	partner
00001197	20251129	C1316	Väisänen Kaluste	SKU-1001	Ergonomic Desk Chair	Furniture	5	2647,75	online
00001198	20250810	C1193	Hämäläinen Oy	SKU-1004	Mechanical Keyboard	Peripherals	10	1065,30	direct
00001199	20250312	C1134	Møller Innredning	SKU-1006	USB-C Dock	Accessories	7	1731,11	online
00001200	20240908	C1382	Trondheim Utstyr	SKU-1003	Monitor Arm Dual	Accessories	1	803,30	online
00001201	20250616	C1314	Kärkkäinen Oy	SKU-1007	Noise Cancelling Headset	Peripherals	7	2263,38	retail
00001202	20241003	C1385	Nordström Handel	SKU-1007	Noise Cancelling Headset	Peripherals	9	1815,12	partner
00001203	20240219	C1290	Nordström Handel	SKU-1002	Standing Desk 140cm	Furniture	1	4770,17	retail
00001204	20240829	C1279	Ålesund Kontor	SKU-1010	Desk Lamp LED	Furniture	12	471,25	retail
00001205	20241223	C1196	Bergström & Söner	SKU-1006	USB-C Dock	Accessories	12	1771,76	online
00001206	20251114	C1102	Rødvig Møbler	SKU-1002	Standing Desk 140cm	Furniture	-1	5069,61	partner
00001207	20250225	C1237	Kjærstad Utstyr	SKU-1008	Laptop Stand Aluminium	Accessories	10	688,20	partner
00001208	20241116	C1207	Kärkkäinen Oy	SKU-1001	Ergonomic Desk Chair	Furniture	11	2336,59	online
00001209	20251023	C1225	Kärkkäinen Oy	SKU-1004	Mechanical Keyboard	Peripherals	8	1289,81	direct
00001210	20241022	C1316	Uppsala Interiör	SKU-1004	Mechanical Keyboard	Peripherals	5	1308,73	direct
00001211	20240603	C1190	Mäkinen Toimisto	SKU-1003	Monitor Arm Dual	Accessories	11	931,17	direct
00001212	20251103	C1324	Jyllands Inventar	SKU-1009	Webcam 1080p	Peripherals	1	852,83	partner
00001213	20250626	C1025	Mäkinen Toimisto	SKU-1005	27in 4K Monitor	Displays	1	4245,79	partner
00001214	20240806	C1028	Lindqvist AB	SKU-1008	Laptop Stand Aluminium	Accessories	6	580,99	partner
00001215	20250731	C1201	Kärkkäinen Oy	SKU-1008	Laptop Stand Aluminium	Accessories	7	694,72	retail
00001216	20250430	C1213	Trondheim Utstyr	SKU-1010	Desk Lamp LED	Furniture	8	554,82	online
00001217	20240902	C1089	Nordström Handel	SKU-1003	Monitor Arm Dual	Accessories	10	888,01	partner
00001218	20250604	C1183	Nordström Handel	SKU-1009	Webcam 1080p	Peripherals	2	888,48	online
00001219	20240926	C1129	Møller Innredning	SKU-1008	Laptop Stand Aluminium	Accessories	2	586,55	partner
00001220	20251211	C1316	Rødvig Møbler	SKU-1005	27in 4K Monitor	Displays	12	3839,43	direct
00001221	20250808	C1122	Søndergaard A/S	SKU-1001	Ergonomic Desk Chair	Furniture	5	2437,79	direct
00001222	20240927	C1173	Nordström Handel	SKU-1009	Webcam 1080p	Peripherals	10	824,39	retail
00001223	20251030	C1246	Nordström Handel	SKU-1003	Monitor Arm Dual	Accessories	8	922,70	retail
00001224	20240322	C1011	Møller Innredning	SKU-1007	Noise Cancelling Headset	Peripherals	5	2183,38	direct
00001225	20240323	C1113	Nordström Handel	SKU-1005	27in 4K Monitor	Displays	2	3854,16	direct
00001226	20250921	C1138	Jyllands Inventar	SKU-1010	Desk Lamp LED	Furniture	6	547,31	direct
00001227	20251216	C1043	Møller Innredning	SKU-1010	Desk Lamp LED	Furniture	-1	458,37	direct
00001228	20250625	C1271	Hämäläinen Oy	SKU-1002	Standing Desk 140cm	Furniture	2	4785,50	online
00001229	20250411	C1388	Kjærstad Utstyr	SKU-1002	Standing Desk 140cm	Furniture	11	5276,61	partner
00001230	20241205	C1047	Trondheim Utstyr	SKU-1006	USB-C Dock	Accessories	8	1502,08	partner
00001231	20250207	C1369	Väisänen Kaluste	SKU-1005	27in 4K Monitor	Displays	5	4475,35	partner
00001232	20240618	C1121	Bergström & Söner	SKU-1010	Desk Lamp LED	Furniture	1	587,20	online
00001233	20250111	C1080	Dansk Kontormiljø	SKU-1001	Ergonomic Desk Chair	Furniture	1	2073,59	direct
00001234	20250224	C1089	Trondheim Utstyr	SKU-1005	27in 4K Monitor	Displays	11	4659,29	retail
00001235	20250722	C1373	Väisänen Kaluste	SKU-1006	USB-C Dock	Accessories	1	1668,58	direct
00001236	20240831	C1002	Kjærstad Utstyr	SKU-1010	Desk Lamp LED	Furniture	11	564,34	partner
00001237	20240525	C1167	Trondheim Utstyr	SKU-1010	Desk Lamp LED	Furniture	-3	543,98	online
00001238	20240822	C1065	Väisänen Kaluste	SKU-1007	Noise Cancelling Headset	Peripherals	7	1983,15	partner
00001239	20250822	C1007	Uppsala Interiör	SKU-1005	27in 4K Monitor	Displays	8	4250,50	partner
00001240	20240317	C1134	Trondheim Utstyr	SKU-1001	Ergonomic Desk Chair	Furniture	6	2591,33	online
00001241	20250826	C1037	Søndergaard A/S	SKU-1006	USB-C Dock	Accessories	2	2011,00	direct
00001242	20240420	C1216	Hämäläinen Oy	SKU-1008	Laptop Stand Aluminium	Accessories	5	683,13	online
00001243	20241014	C1033	Väisänen Kaluste	SKU-1009	Webcam 1080p	Peripherals	1	804,21	partner
00001244	20240319	C1267	Nordström Handel	SKU-1008	Laptop Stand Aluminium	Accessories	4	715,28	retail
00001245	20240806	C1341	Väisänen Kaluste	SKU-1009	Webcam 1080p	Peripherals	-3	777,94	online
00001246	20240622	C1083	Trondheim Utstyr	SKU-1001	Ergonomic Desk Chair	Furniture	5	2520,13	partner
00001247	20241101	C1160	Hämäläinen Oy	SKU-1008	Laptop Stand Aluminium	Accessories	10	574,29	online
00001248	20240403	C1297	Bergström & Söner	SKU-1010	Desk Lamp LED	Furniture	10	509,31	online
00001249	20250208	C1272	Jyllands Inventar	SKU-1004	Mechanical Keyboard	Peripherals	10	1066,63	retail
00001250	20250614	C1348	Ålesund Kontor	SKU-1005	27in 4K Monitor	Displays	3	4591,71	partner
00001251	20241211	C1132	Väisänen Kaluste	SKU-1004	Mechanical Keyboard	Peripherals	5	1174,61	retail
00001252	20241108	C1115	Mäkinen Toimisto	SKU-1006	USB-C Dock	Accessories	7	1759,64	retail
00001253	20240209	C1281	Uppsala Interiör	SKU-1001	Ergonomic Desk Chair	Furniture	6	2723,91	direct
00001254	20250922	C1300	Lindqvist AB	SKU-1008	Laptop Stand Aluminium	Accessories	5	612,67	online
00001255	20241221	C1201	Møller Innredning	SKU-1008	Laptop Stand Aluminium	Accessories	1	598,94	online
00001256	20240906	C1154	Trondheim Utstyr	SKU-1006	USB-C Dock	Accessories	10	1707,83	retail
00001257	20241126	C1047	Lindqvist AB	SKU-1006	USB-C Dock	Accessories	6	1591,96	direct
00001258	20250302	C1259	Nordström Handel	SKU-1007	Noise Cancelling Headset	Peripherals	2	2094,81	retail
00001259	20240508	C1074	Jyllands Inventar	SKU-1001	Ergonomic Desk Chair	Furniture	3	2149,23	direct
00001260	20241111	C1290	Møller Innredning	SKU-1005	27in 4K Monitor	Displays	10	4312,11	partner
00001261	20241019	C1173	Jyllands Inventar	SKU-1007	Noise Cancelling Headset	Peripherals	6	2217,60	retail
00001262	20240419	C1188	Väisänen Kaluste	SKU-1001	Ergonomic Desk Chair	Furniture	2	2297,89	direct
00001263	20250217	C1318	Dansk Kontormiljø	SKU-1001	Ergonomic Desk Chair	Furniture	1	2051,14	partner
00001264	20250102	C1055	Rødvig Møbler	SKU-1008	Laptop Stand Aluminium	Accessories	11	703,05	online
00001265	20251212	C1275	Väisänen Kaluste	SKU-1005	27in 4K Monitor	Displays	10	3764,66	online
00001266	20250610	C1088	Ålesund Kontor	SKU-1009	Webcam 1080p	Peripherals	9	896,38	partner
00001267	20250106	C1275	Søndergaard A/S	SKU-1002	Standing Desk 140cm	Furniture	7	5930,78	direct
00001268	20240616	C1353	Søndergaard A/S	SKU-1007	Noise Cancelling Headset	Peripherals	4	2267,84	partner
00001269	20251010	C1120	Bergström & Söner	SKU-1004	Mechanical Keyboard	Peripherals	2	1003,32	retail
00001270	20240831	C1311	Bergström & Söner	SKU-1001	Ergonomic Desk Chair	Furniture	8	2097,72	retail
00001271	20251128	C1073	Kärkkäinen Oy	SKU-1002	Standing Desk 140cm	Furniture	4	5842,71	partner
00001272	20250530	C1078	Kärkkäinen Oy	SKU-1007	Noise Cancelling Headset	Peripherals	1	2182,89	partner
00001273	20250729	C1390	Jyllands Inventar	SKU-1003	Monitor Arm Dual	Accessories	12	972,30	retail
00001274	20250117	C1361	Rødvig Møbler	SKU-1001	Ergonomic Desk Chair	Furniture	6	2295,25	direct
00001275	20250323	C1306	Søndergaard A/S	SKU-1010	Desk Lamp LED	Furniture	11	545,84	-
00001276	20240405	C1222	Lindqvist AB	SKU-1006	USB-C Dock	Accessories	7	1568,20	retail
00001277	20240313	C1002	Bergström & Söner	SKU-1005	27in 4K Monitor	Displays	7	4723,83	direct
00001278	20250817	C1244	Rødvig Møbler	SKU-1008	Laptop Stand Aluminium	Accessories	9	574,26	direct
00001279	20240827	C1329	Jyllands Inventar	SKU-1004	Mechanical Keyboard	Peripherals	7	1145,35	direct
00001280	20250113	C1019	Dansk Kontormiljø	SKU-1006	USB-C Dock	Accessories	2	1893,64	direct
00001281	20240911	C1339	Kärkkäinen Oy	SKU-1009	Webcam 1080p	Peripherals	12	749,19	partner
00001282	20250210	C1246	Ålesund Kontor	SKU-1005	27in 4K Monitor	Displays	3	3915,96	direct
00001283	20250125	C1203	Dansk Kontormiljø	SKU-1001	Ergonomic Desk Chair	Furniture	2	2493,41	direct
00001284	20250529	C1122	Nordström Handel	SKU-1001	Ergonomic Desk Chair	Furniture	11	2344,58	retail
00001285	20250226	C1362	Søndergaard A/S	SKU-1005	27in 4K Monitor	Displays	11	4764,90	retail
00001286	20250405	C1130	Rødvig Møbler	SKU-1004	Mechanical Keyboard	Peripherals	3	1228,00	partner
00001287	20240917	C1203	Dansk Kontormiljø	SKU-1004	Mechanical Keyboard	Peripherals	10	1025,12	direct
00001288	20250817	C1235	Trondheim Utstyr	SKU-1009	Webcam 1080p	Peripherals	8	812,94	partner
00001289	20250104	C1320	Kärkkäinen Oy	SKU-1002	Standing Desk 140cm	Furniture	9	4962,21	online
00001290	20250905	C1280	Ålesund Kontor	SKU-1010	Desk Lamp LED	Furniture	6	442,68	retail
00001291	20240509	C1267	Lindqvist AB	SKU-1010	Desk Lamp LED	Furniture	3	574,04	partner
00001292	20240704	C1126	Hämäläinen Oy	SKU-1006	USB-C Dock	Accessories	6	1922,72	online
00001293	20241112	C1161	Kjærstad Utstyr	SKU-1008	Laptop Stand Aluminium	Accessories	12	662,43	partner
00001294	20241025	C1349	Trondheim Utstyr	SKU-1004	Mechanical Keyboard	Peripherals	11	1158,29	online
00001295	20250522	C1141	Rødvig Møbler	SKU-1010	Desk Lamp LED	Furniture	9	574,89	online
00001296	20250511	C1012	Väisänen Kaluste	SKU-1005	27in 4K Monitor	Displays	6	4913,44	direct
00001297	20240418	C1368	Kjærstad Utstyr	SKU-1010	Desk Lamp LED	Furniture	3	526,44	online
00001298	20240829	C1213	Ålesund Kontor	SKU-1002	Standing Desk 140cm	Furniture	6	5450,82	retail
00001299	20241212	C1366	Väisänen Kaluste	SKU-1010	Desk Lamp LED	Furniture	6	535,38	-
00001300	20241225	C1082	Uppsala Interiör	SKU-1009	Webcam 1080p	Peripherals	5	844,24	retail
00001301	20240919	C1302	Møller Innredning	SKU-1005	27in 4K Monitor	Displays	6	4670,05	direct
00001302	20241025	C1232	Väisänen Kaluste	SKU-1004	Mechanical Keyboard	Peripherals	-2	1051,36	online
00001303	20241101	C1361	Dansk Kontormiljø	SKU-1009	Webcam 1080p	Peripherals	11	798,15	direct
00001304	20250506	C1330	Dansk Kontormiljø	SKU-1003	Monitor Arm Dual	Accessories	8	977,80	retail
00001305	20251225	C1339	Mäkinen Toimisto	SKU-1004	Mechanical Keyboard	Peripherals	9	1117,87	online
00001306	20250730	C1105	Uppsala Interiör	SKU-1004	Mechanical Keyboard	Peripherals	11	1257,58	direct
00001307	20240605	C1384	Rødvig Møbler	SKU-1002	Standing Desk 140cm	Furniture	5	5215,07	online
00001308	20251210	C1083	Kärkkäinen Oy	SKU-1006	USB-C Dock	Accessories	1	1557,29	online
00001309	20250830	C1159	Kärkkäinen Oy	SKU-1006	USB-C Dock	Accessories	2	1655,98	partner
00001310	20241108	C1307	Trondheim Utstyr	SKU-1010	Desk Lamp LED	Furniture	6	564,26	direct
00001311	20240212	C1034	Kärkkäinen Oy	SKU-1006	USB-C Dock	Accessories	9	1925,78	retail
00001312	20240426	C1280	Kjærstad Utstyr	SKU-1004	Mechanical Keyboard	Peripherals	-3	1197,95	direct
00001313	20240210	C1231	Hämäläinen Oy	SKU-1007	Noise Cancelling Headset	Peripherals	6	2043,11	retail
00001314	20250416	C1147	Uppsala Interiör	SKU-1001	Ergonomic Desk Chair	Furniture	7	2635,92	partner
00001315	20240802	C1079	Hämäläinen Oy	SKU-1010	Desk Lamp LED	Furniture	6	449,86	online
00001316	20241119	C1071	Søndergaard A/S	SKU-1007	Noise Cancelling Headset	Peripherals	1	2258,96	direct
00001317	20250115	C1113	Hämäläinen Oy	SKU-1003	Monitor Arm Dual	Accessories	4	858,11	partner
00001318	20250828	C1005	Ålesund Kontor	SKU-1007	Noise Cancelling Headset	Peripherals	-1	1863,27	direct
00001319	20250115	C1227	Jyllands Inventar	SKU-1007	Noise Cancelling Headset	Peripherals	7	2021,34	partner
00001320	20251026	C1008	Møller Innredning	SKU-1010	Desk Lamp LED	Furniture	8	532,45	partner
00001321	20240824	C1068	Hämäläinen Oy	SKU-1002	Standing Desk 140cm	Furniture	11	4998,23	partner
00001322	20241010	C1187	Hämäläinen Oy	SKU-1003	Monitor Arm Dual	Accessories	10	847,15	retail
00001323	20250112	C1249	Rødvig Møbler	SKU-1004	Mechanical Keyboard	Peripherals	-3	1163,44	online
00001324	20241123	C1039	Nordström Handel	SKU-1010	Desk Lamp LED	Furniture	7	562,35	direct
00001325	20240514	C1327	Nordström Handel	SKU-1007	Noise Cancelling Headset	Peripherals	2	1864,61	direct
00001326	20240121	C1368	Kärkkäinen Oy	SKU-1008	Laptop Stand Aluminium	Accessories	7	573,47	partner
00001327	20250521	C1230	Kärkkäinen Oy	SKU-1001	Ergonomic Desk Chair	Furniture	11	2368,04	direct
00001328	20250228	C1058	Søndergaard A/S	SKU-1008	Laptop Stand Aluminium	Accessories	11	546,02	-
00001329	20240909	C1081	Jyllands Inventar	SKU-1007	Noise Cancelling Headset	Peripherals	9	2130,00	direct
00001330	20250130	C1320	Mäkinen Toimisto	SKU-1010	Desk Lamp LED	Furniture	10	496,45	direct
00001331	20250317	C1353	Hämäläinen Oy	SKU-1001	Ergonomic Desk Chair	Furniture	3	2428,85	online
00001332	20250722	C1148	Väisänen Kaluste	SKU-1008	Laptop Stand Aluminium	Accessories	3	710,97	direct
00001333	20240710	C1291	Dansk Kontormiljø	SKU-1004	Mechanical Keyboard	Peripherals	10	1085,71	partner
00001334	20250531	C1228	Trondheim Utstyr	SKU-1009	Webcam 1080p	Peripherals	7	769,18	partner
00001335	20250413	C1222	Hämäläinen Oy	SKU-1010	Desk Lamp LED	Furniture	7	498,77	partner
00001336	20250814	C1375	Jyllands Inventar	SKU-1009	Webcam 1080p	Peripherals	2	854,76	retail
00001337	20240902	C1364	Hämäläinen Oy	SKU-1004	Mechanical Keyboard	Peripherals	3	1197,43	online
00001338	20241009	C1304	Dansk Kontormiljø	SKU-1006	USB-C Dock	Accessories	1	1655,62	online
00001339	20250314	C1022	Uppsala Interiör	SKU-1005	27in 4K Monitor	Displays	2	4836,41	direct
00001340	20240209	C1098	Hämäläinen Oy	SKU-1007	Noise Cancelling Headset	Peripherals	4	1897,88	direct
00001341	20251119	C1041	Mäkinen Toimisto	SKU-1007	Noise Cancelling Headset	Peripherals	2	1834,46	direct
00001342	20251222	C1355	Ålesund Kontor	SKU-1009	Webcam 1080p	Peripherals	4	704,65	retail
00001343	20240722	C1222	Rødvig Møbler	SKU-1009	Webcam 1080p	Peripherals	3	718,38	online
00001344	20240218	C1131	Søndergaard A/S	SKU-1007	Noise Cancelling Headset	Peripherals	6	2155,97	direct
00001345	20250613	C1363	Ålesund Kontor	SKU-1004	Mechanical Keyboard	Peripherals	7	1177,50	retail
00001346	20241209	C1367	Kärkkäinen Oy	SKU-1001	Ergonomic Desk Chair	Furniture	1	2613,20	partner
00001347	20240709	C1388	Dansk Kontormiljø	SKU-1008	Laptop Stand Aluminium	Accessories	8	717,94	-
00001348	20251021	C1283	Dansk Kontormiljø	SKU-1007	Noise Cancelling Headset	Peripherals	9	2117,12	retail
00001349	20241217	C1389	Mäkinen Toimisto	SKU-1009	Webcam 1080p	Peripherals	11	682,76	direct
00001350	20240625	C1387	Väisänen Kaluste	SKU-1004	Mechanical Keyboard	Peripherals	12	1185,41	partner
00001351	20250929	C1275	Rødvig Møbler	SKU-1008	Laptop Stand Aluminium	Accessories	7	653,40	direct
00001352	20250128	C1259	Søndergaard A/S	SKU-1005	27in 4K Monitor	Displays	6	4536,07	online
00001353	20240610	C1257	Hämäläinen Oy	SKU-1004	Mechanical Keyboard	Peripherals	7	1245,43	retail
00001354	20240704	C1141	Trondheim Utstyr	SKU-1002	Standing Desk 140cm	Furniture	1	4928,83	partner
00001355	20240328	C1242	Kjærstad Utstyr	SKU-1002	Standing Desk 140cm	Furniture	5	5299,64	online
00001356	20240405	C1350	Rødvig Møbler	SKU-1009	Webcam 1080p	Peripherals	5	761,37	online
00001357	20240313	C1181	Rødvig Møbler	SKU-1006	USB-C Dock	Accessories	10	1977,37	direct
00001358	20250608	C1139	Møller Innredning	SKU-1004	Mechanical Keyboard	Peripherals	12	1250,97	partner
00001359	20240121	C1231	Kärkkäinen Oy	SKU-1003	Monitor Arm Dual	Accessories	3	1019,97	online
00001360	20251214	C1016	Mäkinen Toimisto	SKU-1003	Monitor Arm Dual	Accessories	1	877,97	retail
00001361	20250326	C1017	Trondheim Utstyr	SKU-1001	Ergonomic Desk Chair	Furniture	6	2640,36	direct
00001362	20240718	C1116	Kärkkäinen Oy	SKU-1009	Webcam 1080p	Peripherals	6	769,20	direct
00001363	20250403	C1288	Lindqvist AB	SKU-1008	Laptop Stand Aluminium	Accessories	11	550,39	online
00001364	20250730	C1068	Lindqvist AB	SKU-1007	Noise Cancelling Headset	Peripherals	12	2206,06	direct
00001365	20240919	C1234	Mäkinen Toimisto	SKU-1004	Mechanical Keyboard	Peripherals	1	1140,02	partner
00001366	20241119	C1182	Uppsala Interiör	SKU-1009	Webcam 1080p	Peripherals	1	710,30	online
00001367	20240925	C1231	Kärkkäinen Oy	SKU-1008	Laptop Stand Aluminium	Accessories	4	721,35	direct
00001368	20240613	C1029	Kärkkäinen Oy	SKU-1002	Standing Desk 140cm	Furniture	3	4500,52	partner
00001369	20240218	C1088	Nordström Handel	SKU-1007	Noise Cancelling Headset	Peripherals	8	2004,40	online
00001370	20240424	C1222	Mäkinen Toimisto	SKU-1004	Mechanical Keyboard	Peripherals	5	1243,47	online
00001371	20250318	C1003	Bergström & Söner	SKU-1006	USB-C Dock	Accessories	7	1920,68	online
00001372	20250201	C1357	Rødvig Møbler	SKU-1006	USB-C Dock	Accessories	9	1610,11	retail
00001373	20240220	C1074	Mäkinen Toimisto	SKU-1007	Noise Cancelling Headset	Peripherals	-1	2013,37	retail
00001374	20251128	C1313	Ålesund Kontor	SKU-1004	Mechanical Keyboard	Peripherals	6	1094,38	retail
00001375	20250603	C1034	Møller Innredning	SKU-1010	Desk Lamp LED	Furniture	2	502,19	-
00001376	20240331	C1204	Jyllands Inventar	SKU-1003	Monitor Arm Dual	Accessories	8	938,67	direct
00001377	20250110	C1378	Rødvig Møbler	SKU-1004	Mechanical Keyboard	Peripherals	9	1021,71	retail
00001378	20241105	C1025	Väisänen Kaluste	SKU-1006	USB-C Dock	Accessories	6	1898,34	-
00001379	20240908	C1038	Uppsala Interiör	SKU-1001	Ergonomic Desk Chair	Furniture	5	2381,91	direct
00001380	20250318	C1154	Ålesund Kontor	SKU-1001	Ergonomic Desk Chair	Furniture	4	2496,44	retail
00001381	20241215	C1265	Lindqvist AB	SKU-1002	Standing Desk 140cm	Furniture	9	4793,98	online
00001382	20240802	C1185	Dansk Kontormiljø	SKU-1004	Mechanical Keyboard	Peripherals	10	1195,01	retail
00001383	20240611	C1188	Väisänen Kaluste	SKU-1004	Mechanical Keyboard	Peripherals	6	1150,70	retail
00001384	20250930	C1093	Søndergaard A/S	SKU-1009	Webcam 1080p	Peripherals	10	714,99	online
00001385	20250219	C1132	Rødvig Møbler	SKU-1008	Laptop Stand Aluminium	Accessories	8	565,49	direct
00001386	20240322	C1019	Ålesund Kontor	SKU-1006	USB-C Dock	Accessories	2	1732,77	online
00001387	20251123	C1346	Kärkkäinen Oy	SKU-1010	Desk Lamp LED	Furniture	6	543,46	direct
00001388	20250930	C1014	Kärkkäinen Oy	SKU-1005	27in 4K Monitor	Displays	12	3874,06	online
00001389	20240919	C1349	Møller Innredning	SKU-1010	Desk Lamp LED	Furniture	2	587,90	partner
00001390	20250322	C1380	Hämäläinen Oy	SKU-1001	Ergonomic Desk Chair	Furniture	5	2062,85	partner
00001391	20240213	C1281	Møller Innredning	SKU-1005	27in 4K Monitor	Displays	4	4175,59	online
00001392	20240814	C1060	Lindqvist AB	SKU-1008	Laptop Stand Aluminium	Accessories	4	731,50	retail
00001393	20250530	C1044	Trondheim Utstyr	SKU-1003	Monitor Arm Dual	Accessories	6	889,81	partner
00001394	20240629	C1099	Rødvig Møbler	SKU-1003	Monitor Arm Dual	Accessories	5	870,56	direct
00001395	20240728	C1137	Søndergaard A/S	SKU-1004	Mechanical Keyboard	Peripherals	5	1025,39	direct
00001396	20251028	C1371	Hämäläinen Oy	SKU-1008	Laptop Stand Aluminium	Accessories	11	706,05	direct
00001397	20251004	C1084	Hämäläinen Oy	SKU-1010	Desk Lamp LED	Furniture	12	498,71	online
00001398	20250126	C1198	Møller Innredning	SKU-1010	Desk Lamp LED	Furniture	11	469,20	partner
00001399	20240506	C1040	Lindqvist AB	SKU-1009	Webcam 1080p	Peripherals	2	894,69	online
00001400	20251007	C1225	Lindqvist AB	SKU-1002	Standing Desk 140cm	Furniture	11	4969,46	online
00001401	20240127	C1275	Bergström & Söner	SKU-1001	Ergonomic Desk Chair	Furniture	4	2735,68	direct
00001402	20240121	C1267	Møller Innredning	SKU-1004	Mechanical Keyboard	Peripherals	2	1177,22	retail
00001403	20250306	C1211	Søndergaard A/S	SKU-1001	Ergonomic Desk Chair	Furniture	9	2337,88	retail
00001404	20250627	C1089	Uppsala Interiör	SKU-1001	Ergonomic Desk Chair	Furniture	12	2560,06	online
00001405	20240430	C1046	Kjærstad Utstyr	SKU-1005	27in 4K Monitor	Displays	10	4529,16	retail
00001406	20250405	C1151	Rødvig Møbler	SKU-1003	Monitor Arm Dual	Accessories	8	770,76	online
00001407	20250609	C1013	Uppsala Interiör	SKU-1009	Webcam 1080p	Peripherals	2	858,92	online
00001408	20250810	C1166	Kjærstad Utstyr	SKU-1008	Laptop Stand Aluminium	Accessories	3	631,35	online
00001409	20240414	C1087	Jyllands Inventar	SKU-1002	Standing Desk 140cm	Furniture	7	5900,10	retail
00001410	20250226	C1097	Søndergaard A/S	SKU-1008	Laptop Stand Aluminium	Accessories	11	672,54	direct
00001411	20240929	C1101	Møller Innredning	SKU-1006	USB-C Dock	Accessories	11	1942,20	partner
00001412	20241012	C1313	Trondheim Utstyr	SKU-1010	Desk Lamp LED	Furniture	12	597,56	partner
00001413	20251005	C1207	Kjærstad Utstyr	SKU-1010	Desk Lamp LED	Furniture	8	578,93	online
00001414	20240302	C1392	Mäkinen Toimisto	SKU-1009	Webcam 1080p	Peripherals	11	793,73	direct
00001415	20240212	C1290	Jyllands Inventar	SKU-1009	Webcam 1080p	Peripherals	1	784,79	online
00001416	20240319	C1220	Dansk Kontormiljø	SKU-1007	Noise Cancelling Headset	Peripherals	4	2124,15	retail
00001417	20240831	C1311	Kärkkäinen Oy	SKU-1010	Desk Lamp LED	Furniture	-3	577,81	retail
00001418	20251227	C1078	Väisänen Kaluste	SKU-1002	Standing Desk 140cm	Furniture	10	5613,06	retail
00001419	20240923	C1318	Bergström & Söner	SKU-1004	Mechanical Keyboard	Peripherals	5	1176,70	partner
00001420	20240124	C1342	Mäkinen Toimisto	SKU-1004	Mechanical Keyboard	Peripherals	8	1074,43	online
00001421	20251120	C1386	Nordström Handel	SKU-1007	Noise Cancelling Headset	Peripherals	8	1812,42	partner
00001422	20250929	C1332	Dansk Kontormiljø	SKU-1002	Standing Desk 140cm	Furniture	1	4619,60	retail
00001423	20250424	C1108	Bergström & Söner	SKU-1010	Desk Lamp LED	Furniture	4	561,54	partner
00001424	20250824	C1400	Dansk Kontormiljø	SKU-1005	27in 4K Monitor	Displays	8	4208,53	partner
00001425	20250601	C1164	Bergström & Söner	SKU-1003	Monitor Arm Dual	Accessories	8	958,99	retail
00001426	20250115	C1120	Dansk Kontormiljø	SKU-1009	Webcam 1080p	Peripherals	1	825,86	partner
00001427	20240808	C1179	Rødvig Møbler	SKU-1005	27in 4K Monitor	Displays	9	3932,13	retail
00001428	20240329	C1382	Bergström & Söner	SKU-1009	Webcam 1080p	Peripherals	6	700,19	partner
00001429	20240709	C1320	Rødvig Møbler	SKU-1008	Laptop Stand Aluminium	Accessories	10	688,20	online
00001430	20240920	C1073	Kjærstad Utstyr	SKU-1008	Laptop Stand Aluminium	Accessories	6	684,20	-
00001431	20251211	C1264	Dansk Kontormiljø	SKU-1006	USB-C Dock	Accessories	3	1828,65	online
00001432	20240810	C1170	Møller Innredning	SKU-1002	Standing Desk 140cm	Furniture	10	4805,78	direct
00001433	20240826	C1344	Rødvig Møbler	SKU-1010	Desk Lamp LED	Furniture	4	560,52	direct
00001434	20250701	C1349	Jyllands Inventar	SKU-1007	Noise Cancelling Headset	Peripherals	10	1785,90	direct
00001435	20240603	C1262	Dansk Kontormiljø	SKU-1001	Ergonomic Desk Chair	Furniture	5	2239,30	partner
00001436	20250607	C1024	Møller Innredning	SKU-1001	Ergonomic Desk Chair	Furniture	5	2090,15	retail
00001437	20250920	C1259	Trondheim Utstyr	SKU-1010	Desk Lamp LED	Furniture	4	528,68	partner
00001438	20251231	C1244	Rødvig Møbler	SKU-1007	Noise Cancelling Headset	Peripherals	1	2002,62	direct
00001439	20240725	C1187	Ålesund Kontor	SKU-1003	Monitor Arm Dual	Accessories	12	924,82	-
00001440	20240904	C1002	Rødvig Møbler	SKU-1006	USB-C Dock	Accessories	5	1880,10	retail
00001441	20250417	C1348	Mäkinen Toimisto	SKU-1007	Noise Cancelling Headset	Peripherals	-2	1799,04	retail
00001442	20241123	C1301	Rødvig Møbler	SKU-1005	27in 4K Monitor	Displays	10	4770,31	partner
00001443	20250112	C1039	Bergström & Söner	SKU-1006	USB-C Dock	Accessories	7	1552,24	partner
00001444	20240921	C1182	Uppsala Interiör	SKU-1004	Mechanical Keyboard	Peripherals	8	1301,26	online
00001445	20240504	C1384	Ålesund Kontor	SKU-1004	Mechanical Keyboard	Peripherals	3	1204,13	online
00001446	20240310	C1205	Hämäläinen Oy	SKU-1005	27in 4K Monitor	Displays	4	4094,27	direct
00001447	20251014	C1189	Trondheim Utstyr	SKU-1009	Webcam 1080p	Peripherals	8	707,83	direct
00001448	20240314	C1343	Uppsala Interiör	SKU-1005	27in 4K Monitor	Displays	-1	4191,52	retail
00001449	20240316	C1370	Kärkkäinen Oy	SKU-1003	Monitor Arm Dual	Accessories	8	998,70	direct
00001450	20251226	C1091	Bergström & Söner	SKU-1006	USB-C Dock	Accessories	8	1945,16	online
00001451	20240818	C1308	Uppsala Interiör	SKU-1007	Noise Cancelling Headset	Peripherals	6	2256,88	partner
00001452	20251214	C1093	Bergström & Söner	SKU-1007	Noise Cancelling Headset	Peripherals	2	2154,14	online
00001453	20240725	C1320	Nordström Handel	SKU-1002	Standing Desk 140cm	Furniture	8	5915,43	retail
00001454	20250111	C1058	Lindqvist AB	SKU-1007	Noise Cancelling Headset	Peripherals	2	1923,21	direct
00001455	20240914	C1180	Dansk Kontormiljø	SKU-1006	USB-C Dock	Accessories	1	1692,49	retail
00001456	20250909	C1055	Väisänen Kaluste	SKU-1003	Monitor Arm Dual	Accessories	9	912,51	retail
00001457	20250609	C1273	Mäkinen Toimisto	SKU-1003	Monitor Arm Dual	Accessories	5	961,43	retail
00001458	20251212	C1380	Nordström Handel	SKU-1004	Mechanical Keyboard	Peripherals	1	1315,36	online
00001459	20240104	C1329	Väisänen Kaluste	SKU-1006	USB-C Dock	Accessories	10	1855,47	retail
00001460	20241130	C1286	Hämäläinen Oy	SKU-1006	USB-C Dock	Accessories	9	1833,69	partner
00001461	20251120	C1041	Bergström & Söner	SKU-1009	Webcam 1080p	Peripherals	10	845,57	direct
00001462	20250506	C1043	Dansk Kontormiljø	SKU-1009	Webcam 1080p	Peripherals	11	778,29	partner
00001463	20250322	C1321	Søndergaard A/S	SKU-1007	Noise Cancelling Headset	Peripherals	11	2408,09	retail
00001464	20240616	C1035	Kjærstad Utstyr	SKU-1002	Standing Desk 140cm	Furniture	1	4725,13	partner
00001465	20240715	C1282	Väisänen Kaluste	SKU-1005	27in 4K Monitor	Displays	6	4716,88	partner
00001466	20240410	C1145	Møller Innredning	SKU-1006	USB-C Dock	Accessories	8	1816,50	-
00001467	20251113	C1123	Nordström Handel	SKU-1006	USB-C Dock	Accessories	5	1979,11	retail
00001468	20251113	C1319	Trondheim Utstyr	SKU-1004	Mechanical Keyboard	Peripherals	6	1282,97	partner
00001469	20250707	C1152	Kärkkäinen Oy	SKU-1008	Laptop Stand Aluminium	Accessories	12	643,82	direct
00001470	20250524	C1008	Dansk Kontormiljø	SKU-1003	Monitor Arm Dual	Accessories	1	838,49	direct
00001471	20250805	C1066	Kjærstad Utstyr	SKU-1003	Monitor Arm Dual	Accessories	11	844,17	retail
00001472	20250527	C1397	Mäkinen Toimisto	SKU-1006	USB-C Dock	Accessories	5	1684,23	direct
00001473	20240109	C1322	Møller Innredning	SKU-1001	Ergonomic Desk Chair	Furniture	3	2721,49	retail
00001474	20240508	C1300	Bergström & Söner	SKU-1002	Standing Desk 140cm	Furniture	7	5474,34	-
00001475	20250716	C1253	Møller Innredning	SKU-1003	Monitor Arm Dual	Accessories	3	1005,49	online
00001476	20241211	C1121	Bergström & Söner	SKU-1001	Ergonomic Desk Chair	Furniture	2	2533,79	partner
00001477	20250626	C1037	Nordström Handel	SKU-1007	Noise Cancelling Headset	Peripherals	12	1855,10	direct
00001478	20251006	C1146	Kjærstad Utstyr	SKU-1008	Laptop Stand Aluminium	Accessories	8	641,74	direct
00001479	20250308	C1033	Søndergaard A/S	SKU-1001	Ergonomic Desk Chair	Furniture	11	2288,52	direct
00001480	20240713	C1187	Dansk Kontormiljø	SKU-1004	Mechanical Keyboard	Peripherals	8	1238,24	online
00001481	20240522	C1217	Dansk Kontormiljø	SKU-1010	Desk Lamp LED	Furniture	6	506,03	online
00001482	20240505	C1176	Lindqvist AB	SKU-1004	Mechanical Keyboard	Peripherals	12	1088,71	direct
00001483	20240716	C1342	Rødvig Møbler	SKU-1005	27in 4K Monitor	Displays	11	4596,80	online
00001484	20241212	C1137	Hämäläinen Oy	SKU-1009	Webcam 1080p	Peripherals	8	815,46	retail
00001485	20250428	C1264	Ålesund Kontor	SKU-1007	Noise Cancelling Headset	Peripherals	6	2069,02	direct
00001486	20250519	C1166	Kjærstad Utstyr	SKU-1003	Monitor Arm Dual	Accessories	4	887,55	partner
00001487	20250806	C1340	Dansk Kontormiljø	SKU-1007	Noise Cancelling Headset	Peripherals	3	2395,19	online
00001488	20250506	C1079	Uppsala Interiör	SKU-1005	27in 4K Monitor	Displays	4	3723,45	partner
00001489	20250407	C1071	Møller Innredning	SKU-1007	Noise Cancelling Headset	Peripherals	6	1877,11	partner
00001490	20251103	C1368	Møller Innredning	SKU-1007	Noise Cancelling Headset	Peripherals	12	2280,52	online
00001491	20250617	C1236	Trondheim Utstyr	SKU-1009	Webcam 1080p	Peripherals	10	693,64	partner
00001492	20251209	C1197	Nordström Handel	SKU-1010	Desk Lamp LED	Furniture	-1	493,73	direct
00001493	20250518	C1239	Ålesund Kontor	SKU-1010	Desk Lamp LED	Furniture	3	442,30	retail
00001494	20240408	C1370	Rødvig Møbler	SKU-1003	Monitor Arm Dual	Accessories	12	1022,90	partner
00001495	20251006	C1212	Møller Innredning	SKU-1010	Desk Lamp LED	Furniture	2	549,21	partner
00001496	20240720	C1284	Trondheim Utstyr	SKU-1002	Standing Desk 140cm	Furniture	8	5066,76	direct
00001497	20240126	C1381	Jyllands Inventar	SKU-1001	Ergonomic Desk Chair	Furniture	12	2649,36	partner
00001498	20250401	C1258	Bergström & Söner	SKU-1003	Monitor Arm Dual	Accessories	9	846,70	online
00001499	20240514	C1308	Bergström & Söner	SKU-1009	Webcam 1080p	Peripherals	7	882,17	retail
00001500	20250214	C1382	Dansk Kontormiljø	SKU-1009	Webcam 1080p	Peripherals	12	667,57	partner
00001501	20241117	C1047	Søndergaard A/S	SKU-1001	Ergonomic Desk Chair	Furniture	3	2533,65	partner
00001502	20240801	C1011	Bergström & Söner	SKU-1001	Ergonomic Desk Chair	Furniture	2	2632,70	direct
00001503	20251003	C1185	Dansk Kontormiljø	SKU-1002	Standing Desk 140cm	Furniture	12	4524,11	partner
00001504	20240414	C1387	Bergström & Söner	SKU-1009	Webcam 1080p	Peripherals	7	732,64	direct
00001505	20241201	C1091	Jyllands Inventar	SKU-1004	Mechanical Keyboard	Peripherals	10	1255,41	direct
00001506	20241217	C1353	Uppsala Interiör	SKU-1009	Webcam 1080p	Peripherals	1	753,30	retail
00001507	20240618	C1087	Bergström & Söner	SKU-1008	Laptop Stand Aluminium	Accessories	2	731,06	partner
00001508	20250504	C1315	Väisänen Kaluste	SKU-1001	Ergonomic Desk Chair	Furniture	6	2604,98	retail
00001509	20240210	C1248	Lindqvist AB	SKU-1002	Standing Desk 140cm	Furniture	12	4808,52	online
00001510	20241010	C1368	Ålesund Kontor	SKU-1008	Laptop Stand Aluminium	Accessories	12	630,92	retail
00001511	20240501	C1209	Kjærstad Utstyr	SKU-1007	Noise Cancelling Headset	Peripherals	5	1968,70	retail
00001512	20241119	C1349	Ålesund Kontor	SKU-1010	Desk Lamp LED	Furniture	3	578,00	partner
00001513	20240204	C1097	Møller Innredning	SKU-1007	Noise Cancelling Headset	Peripherals	10	1937,08	retail
00001514	20240804	C1389	Kjærstad Utstyr	SKU-1002	Standing Desk 140cm	Furniture	4	4775,63	online
00001515	20250627	C1259	Ålesund Kontor	SKU-1005	27in 4K Monitor	Displays	7	4540,21	partner
00001516	20240411	C1227	Lindqvist AB	SKU-1002	Standing Desk 140cm	Furniture	10	4563,97	direct
00001517	20250603	C1287	Bergström & Söner	SKU-1010	Desk Lamp LED	Furniture	5	536,20	online
00001518	20250323	C1052	Lindqvist AB	SKU-1005	27in 4K Monitor	Displays	9	4002,66	partner
00001519	20251213	C1318	Dansk Kontormiljø	SKU-1004	Mechanical Keyboard	Peripherals	5	1066,15	direct
00001520	20240327	C1256	Dansk Kontormiljø	SKU-1009	Webcam 1080p	Peripherals	4	765,15	direct
00001521	20240429	C1009	Kärkkäinen Oy	SKU-1006	USB-C Dock	Accessories	3	1926,93	retail
00001522	20240324	C1384	Kjærstad Utstyr	SKU-1004	Mechanical Keyboard	Peripherals	-3	1037,05	direct
00001523	20251014	C1057	Uppsala Interiör	SKU-1009	Webcam 1080p	Peripherals	3	733,12	retail
00001524	20240814	C1308	Kärkkäinen Oy	SKU-1009	Webcam 1080p	Peripherals	6	756,00	online
00001525	20240110	C1240	Rødvig Møbler	SKU-1009	Webcam 1080p	Peripherals	6	699,33	retail
00001526	20250718	C1027	Ålesund Kontor	SKU-1002	Standing Desk 140cm	Furniture	10	4905,92	direct
00001527	20250503	C1239	Lindqvist AB	SKU-1006	USB-C Dock	Accessories	10	1623,07	direct
00001528	20251113	C1106	Ålesund Kontor	SKU-1003	Monitor Arm Dual	Accessories	3	818,49	online
00001529	20251101	C1040	Bergström & Söner	SKU-1004	Mechanical Keyboard	Peripherals	4	1171,05	online
00001530	20250419	C1032	Nordström Handel	SKU-1009	Webcam 1080p	Peripherals	9	733,51	direct
00001531	20240103	C1026	Nordström Handel	SKU-1005	27in 4K Monitor	Displays	6	3991,82	online
00001532	20241211	C1123	Dansk Kontormiljø	SKU-1007	Noise Cancelling Headset	Peripherals	1	2289,14	online
00001533	20240227	C1365	Bergström & Söner	SKU-1004	Mechanical Keyboard	Peripherals	5	1160,14	partner
00001534	20250715	C1210	Nordström Handel	SKU-1010	Desk Lamp LED	Furniture	12	516,91	online
00001535	20250813	C1041	Mäkinen Toimisto	SKU-1005	27in 4K Monitor	Displays	9	4173,53	partner
00001536	20241025	C1013	Uppsala Interiör	SKU-1005	27in 4K Monitor	Displays	6	3884,28	retail
00001537	20240615	C1327	Kärkkäinen Oy	SKU-1001	Ergonomic Desk Chair	Furniture	2	2713,27	online
00001538	20240308	C1007	Uppsala Interiör	SKU-1002	Standing Desk 140cm	Furniture	1	5321,45	partner
00001539	20240726	C1122	Trondheim Utstyr	SKU-1006	USB-C Dock	Accessories	11	1947,72	retail
00001540	20240521	C1032	Ålesund Kontor	SKU-1009	Webcam 1080p	Peripherals	1	788,59	direct
00001541	20240127	C1075	Lindqvist AB	SKU-1005	27in 4K Monitor	Displays	9	4803,85	online
00001542	20241017	C1360	Rødvig Møbler	SKU-1001	Ergonomic Desk Chair	Furniture	8	2391,14	retail
00001543	20241216	C1109	Nordström Handel	SKU-1009	Webcam 1080p	Peripherals	2	769,75	-
00001544	20250423	C1364	Hämäläinen Oy	SKU-1010	Desk Lamp LED	Furniture	10	593,50	online
00001545	20241008	C1082	Uppsala Interiör	SKU-1008	Laptop Stand Aluminium	Accessories	8	557,25	partner
00001546	20250802	C1080	Kjærstad Utstyr	SKU-1009	Webcam 1080p	Peripherals	7	714,76	direct
00001547	20241029	C1047	Lindqvist AB	SKU-1002	Standing Desk 140cm	Furniture	11	4782,77	online
00001548	20241121	C1191	Dansk Kontormiljø	SKU-1005	27in 4K Monitor	Displays	10	4503,34	partner
00001549	20240826	C1091	Dansk Kontormiljø	SKU-1002	Standing Desk 140cm	Furniture	7	5944,42	retail
00001550	20250316	C1225	Uppsala Interiör	SKU-1003	Monitor Arm Dual	Accessories	2	887,49	partner
00001551	20251129	C1148	Ålesund Kontor	SKU-1003	Monitor Arm Dual	Accessories	4	977,66	online
00001552	20251115	C1228	Väisänen Kaluste	SKU-1004	Mechanical Keyboard	Peripherals	11	1234,90	online
00001553	20251006	C1179	Väisänen Kaluste	SKU-1002	Standing Desk 140cm	Furniture	12	4758,26	direct
00001554	20251224	C1195	Kärkkäinen Oy	SKU-1001	Ergonomic Desk Chair	Furniture	10	2611,15	direct
00001555	20250507	C1109	Bergström & Söner	SKU-1006	USB-C Dock	Accessories	5	1942,51	direct
00001556	20240715	C1254	Lindqvist AB	SKU-1003	Monitor Arm Dual	Accessories	2	810,35	direct
00001557	20251217	C1091	Dansk Kontormiljø	SKU-1005	27in 4K Monitor	Displays	5	4765,02	partner
00001558	20241007	C1342	Hämäläinen Oy	SKU-1002	Standing Desk 140cm	Furniture	12	4969,03	retail
00001559	20240917	C1286	Hämäläinen Oy	SKU-1004	Mechanical Keyboard	Peripherals	8	1319,83	direct
00001560	20240615	C1399	Ålesund Kontor	SKU-1004	Mechanical Keyboard	Peripherals	9	1102,43	partner
00001561	20240802	C1273	Lindqvist AB	SKU-1001	Ergonomic Desk Chair	Furniture	11	2381,09	direct
00001562	20240905	C1223	Uppsala Interiör	SKU-1002	Standing Desk 140cm	Furniture	6	5278,60	direct
00001563	20250116	C1296	Väisänen Kaluste	SKU-1009	Webcam 1080p	Peripherals	5	814,69	partner
00001564	20251226	C1063	Lindqvist AB	SKU-1008	Laptop Stand Aluminium	Accessories	5	554,50	online
00001565	20241204	C1013	Uppsala Interiör	SKU-1007	Noise Cancelling Headset	Peripherals	3	1904,35	retail
00001566	20241223	C1388	Uppsala Interiör	SKU-1006	USB-C Dock	Accessories	12	1607,14	direct
00001567	20240221	C1362	Kärkkäinen Oy	SKU-1005	27in 4K Monitor	Displays	10	3780,94	online
00001568	20250404	C1319	Kjærstad Utstyr	SKU-1002	Standing Desk 140cm	Furniture	5	5486,53	partner
00001569	20250922	C1388	Uppsala Interiör	SKU-1005	27in 4K Monitor	Displays	10	3925,00	retail
00001570	20250421	C1396	Bergström & Söner	SKU-1003	Monitor Arm Dual	Accessories	11	872,22	direct
00001571	20250617	C1099	Søndergaard A/S	SKU-1006	USB-C Dock	Accessories	3	1589,06	online
00001572	20241103	C1268	Uppsala Interiör	SKU-1008	Laptop Stand Aluminium	Accessories	12	677,63	direct
00001573	20250602	C1105	Mäkinen Toimisto	SKU-1002	Standing Desk 140cm	Furniture	1	5209,77	online
00001574	20251203	C1123	Trondheim Utstyr	SKU-1002	Standing Desk 140cm	Furniture	4	5534,90	partner
00001575	20251118	C1122	Kjærstad Utstyr	SKU-1002	Standing Desk 140cm	Furniture	9	5328,61	online
00001576	20240612	C1050	Bergström & Söner	SKU-1001	Ergonomic Desk Chair	Furniture	8	2133,26	retail
00001577	20250603	C1129	Kjærstad Utstyr	SKU-1008	Laptop Stand Aluminium	Accessories	2	656,25	partner
00001578	20250720	C1393	Møller Innredning	SKU-1010	Desk Lamp LED	Furniture	8	456,32	retail
00001579	20251222	C1371	Trondheim Utstyr	SKU-1003	Monitor Arm Dual	Accessories	2	1019,95	retail
00001580	20250326	C1125	Väisänen Kaluste	SKU-1008	Laptop Stand Aluminium	Accessories	4	669,23	direct
00001581	20250908	C1196	Dansk Kontormiljø	SKU-1002	Standing Desk 140cm	Furniture	9	5639,21	direct
00001582	20251205	C1088	Mäkinen Toimisto	SKU-1010	Desk Lamp LED	Furniture	10	562,62	online
00001583	20241128	C1395	Nordström Handel	SKU-1003	Monitor Arm Dual	Accessories	9	947,34	direct
00001584	20250131	C1147	Väisänen Kaluste	SKU-1004	Mechanical Keyboard	Peripherals	6	1315,46	direct
00001585	20240627	C1187	Nordström Handel	SKU-1010	Desk Lamp LED	Furniture	5	524,70	partner
00001586	20250113	C1082	Väisänen Kaluste	SKU-1003	Monitor Arm Dual	Accessories	11	819,20	partner
00001587	20250826	C1014	Møller Innredning	SKU-1006	USB-C Dock	Accessories	4	1847,84	partner
00001588	20240927	C1341	Kjærstad Utstyr	SKU-1001	Ergonomic Desk Chair	Furniture	10	2342,83	online
00001589	20240801	C1347	Møller Innredning	SKU-1010	Desk Lamp LED	Furniture	3	511,07	retail
00001590	20251213	C1165	Jyllands Inventar	SKU-1004	Mechanical Keyboard	Peripherals	5	1129,71	partner
00001591	20240407	C1215	Dansk Kontormiljø	SKU-1003	Monitor Arm Dual	Accessories	4	1015,13	retail
00001592	20240414	C1216	Møller Innredning	SKU-1001	Ergonomic Desk Chair	Furniture	12	2739,50	partner
00001593	20251115	C1352	Uppsala Interiör	SKU-1007	Noise Cancelling Headset	Peripherals	11	1971,71	online
00001594	20240317	C1109	Kjærstad Utstyr	SKU-1005	27in 4K Monitor	Displays	2	4613,69	direct
00001595	20250609	C1385	Uppsala Interiör	SKU-1009	Webcam 1080p	Peripherals	8	864,98	online
00001596	20240823	C1301	Jyllands Inventar	SKU-1002	Standing Desk 140cm	Furniture	-3	5249,23	online
00001597	20251028	C1367	Jyllands Inventar	SKU-1009	Webcam 1080p	Peripherals	7	863,77	direct
00001598	20250211	C1337	Trondheim Utstyr	SKU-1010	Desk Lamp LED	Furniture	3	549,99	retail
00001599	20241216	C1094	Ålesund Kontor	SKU-1010	Desk Lamp LED	Furniture	8	530,03	retail
00001600	20240611	C1299	Ålesund Kontor	SKU-1002	Standing Desk 140cm	Furniture	1	5148,91	partner
00001601	20250224	C1394	Mäkinen Toimisto	SKU-1003	Monitor Arm Dual	Accessories	9	987,01	online
00001602	20250209	C1134	Uppsala Interiör	SKU-1004	Mechanical Keyboard	Peripherals	9	999,77	online
00001603	20240629	C1092	Uppsala Interiör	SKU-1006	USB-C Dock	Accessories	1	1970,25	online
00001604	20240227	C1163	Ålesund Kontor	SKU-1004	Mechanical Keyboard	Peripherals	1	1245,48	retail
00001605	20240611	C1095	Väisänen Kaluste	SKU-1009	Webcam 1080p	Peripherals	1	829,30	online
00001606	20240919	C1340	Dansk Kontormiljø	SKU-1006	USB-C Dock	Accessories	6	1643,42	partner
00001607	20241214	C1249	Nordström Handel	SKU-1007	Noise Cancelling Headset	Peripherals	7	1954,47	-
00001608	20240530	C1019	Hämäläinen Oy	SKU-1001	Ergonomic Desk Chair	Furniture	6	2628,24	direct
00001609	20250427	C1352	Trondheim Utstyr	SKU-1008	Laptop Stand Aluminium	Accessories	3	707,88	direct
00001610	20250728	C1086	Kärkkäinen Oy	SKU-1004	Mechanical Keyboard	Peripherals	12	1195,92	retail
00001611	20241111	C1290	Bergström & Söner	SKU-1007	Noise Cancelling Headset	Peripherals	1	1863,28	retail
00001612	20250917	C1223	Kjærstad Utstyr	SKU-1004	Mechanical Keyboard	Peripherals	11	1322,18	retail
00001613	20241223	C1071	Mäkinen Toimisto	SKU-1006	USB-C Dock	Accessories	-3	1790,55	retail
00001614	20240927	C1080	Trondheim Utstyr	SKU-1009	Webcam 1080p	Peripherals	12	799,20	retail
00001615	20250418	C1033	Väisänen Kaluste	SKU-1009	Webcam 1080p	Peripherals	1	686,98	retail
00001616	20250902	C1216	Uppsala Interiör	SKU-1010	Desk Lamp LED	Furniture	6	488,93	retail
00001617	20240812	C1201	Kjærstad Utstyr	SKU-1007	Noise Cancelling Headset	Peripherals	6	2109,64	retail
00001618	20250412	C1382	Kjærstad Utstyr	SKU-1006	USB-C Dock	Accessories	6	1731,67	direct
00001619	20241212	C1006	Lindqvist AB	SKU-1010	Desk Lamp LED	Furniture	9	500,76	retail
00001620	20240218	C1339	Rødvig Møbler	SKU-1004	Mechanical Keyboard	Peripherals	11	1212,81	online
00001621	20240914	C1075	Hämäläinen Oy	SKU-1004	Mechanical Keyboard	Peripherals	3	1089,72	direct
00001622	20241031	C1026	Hämäläinen Oy	SKU-1003	Monitor Arm Dual	Accessories	3	927,89	direct
00001623	20250222	C1211	Søndergaard A/S	SKU-1005	27in 4K Monitor	Displays	9	4818,20	online
00001624	20250622	C1012	Rødvig Møbler	SKU-1004	Mechanical Keyboard	Peripherals	4	1169,84	partner
00001625	20240116	C1343	Møller Innredning	SKU-1001	Ergonomic Desk Chair	Furniture	9	2453,00	direct
00001626	20240304	C1305	Ålesund Kontor	SKU-1005	27in 4K Monitor	Displays	12	4587,08	partner
00001627	20241230	C1056	Mäkinen Toimisto	SKU-1006	USB-C Dock	Accessories	9	1619,94	direct
00001628	20240225	C1146	Ålesund Kontor	SKU-1007	Noise Cancelling Headset	Peripherals	12	2121,84	direct
00001629	20251013	C1374	Nordström Handel	SKU-1009	Webcam 1080p	Peripherals	5	815,48	online
00001630	20241002	C1061	Nordström Handel	SKU-1003	Monitor Arm Dual	Accessories	9	973,85	partner
00001631	20240515	C1015	Møller Innredning	SKU-1001	Ergonomic Desk Chair	Furniture	11	2606,60	retail
00001632	20250516	C1207	Møller Innredning	SKU-1001	Ergonomic Desk Chair	Furniture	7	2513,52	direct
00001633	20251114	C1107	Dansk Kontormiljø	SKU-1008	Laptop Stand Aluminium	Accessories	12	558,15	online
00001634	20250927	C1040	Hämäläinen Oy	SKU-1009	Webcam 1080p	Peripherals	7	755,21	direct
00001635	20240924	C1239	Dansk Kontormiljø	SKU-1009	Webcam 1080p	Peripherals	1	789,37	direct
00001636	20240314	C1046	Ålesund Kontor	SKU-1008	Laptop Stand Aluminium	Accessories	5	630,27	retail
00001637	20240706	C1177	Kärkkäinen Oy	SKU-1008	Laptop Stand Aluminium	Accessories	3	580,65	-
00001638	20250807	C1071	Kjærstad Utstyr	SKU-1006	USB-C Dock	Accessories	1	1683,23	partner
00001639	20240203	C1275	Nordström Handel	SKU-1009	Webcam 1080p	Peripherals	8	872,10	online
00001640	20240407	C1203	Väisänen Kaluste	SKU-1008	Laptop Stand Aluminium	Accessories	11	644,84	partner
00001641	20250423	C1197	Dansk Kontormiljø	SKU-1004	Mechanical Keyboard	Peripherals	1	1228,29	partner
00001642	20250511	C1289	Kjærstad Utstyr	SKU-1010	Desk Lamp LED	Furniture	4	459,55	direct
00001643	20240812	C1228	Rødvig Møbler	SKU-1007	Noise Cancelling Headset	Peripherals	4	1967,39	online
00001644	20250514	C1065	Jyllands Inventar	SKU-1008	Laptop Stand Aluminium	Accessories	11	655,10	online
00001645	20240114	C1391	Kärkkäinen Oy	SKU-1010	Desk Lamp LED	Furniture	8	497,56	direct
00001646	20250730	C1149	Väisänen Kaluste	SKU-1007	Noise Cancelling Headset	Peripherals	7	2175,67	retail
00001647	20240813	C1332	Väisänen Kaluste	SKU-1008	Laptop Stand Aluminium	Accessories	11	545,84	direct
00001648	20250922	C1238	Kjærstad Utstyr	SKU-1001	Ergonomic Desk Chair	Furniture	1	2081,36	retail
00001649	20250426	C1371	Jyllands Inventar	SKU-1010	Desk Lamp LED	Furniture	4	555,64	partner
00001650	20250602	C1274	Rødvig Møbler	SKU-1001	Ergonomic Desk Chair	Furniture	11	2201,22	retail
00001651	20240726	C1082	Rødvig Møbler	SKU-1006	USB-C Dock	Accessories	6	1835,94	partner
00001652	20241130	C1133	Lindqvist AB	SKU-1010	Desk Lamp LED	Furniture	4	494,37	partner
00001653	20240422	C1194	Dansk Kontormiljø	SKU-1001	Ergonomic Desk Chair	Furniture	3	2395,39	direct
00001654	20240407	C1070	Väisänen Kaluste	SKU-1004	Mechanical Keyboard	Peripherals	6	981,25	retail
00001655	20250208	C1387	Trondheim Utstyr	SKU-1006	USB-C Dock	Accessories	5	1597,90	direct
00001656	20241117	C1147	Uppsala Interiör	SKU-1003	Monitor Arm Dual	Accessories	11	890,63	online
00001657	20240705	C1333	Ålesund Kontor	SKU-1004	Mechanical Keyboard	Peripherals	5	983,99	partner
00001658	20250821	C1169	Uppsala Interiör	SKU-1001	Ergonomic Desk Chair	Furniture	12	2649,90	direct
00001659	20250926	C1369	Dansk Kontormiljø	SKU-1007	Noise Cancelling Headset	Peripherals	2	1798,24	direct
00001660	20240309	C1331	Hämäläinen Oy	SKU-1002	Standing Desk 140cm	Furniture	2	5025,94	partner
00001661	20250130	C1226	Kjærstad Utstyr	SKU-1007	Noise Cancelling Headset	Peripherals	3	1836,95	retail
00001662	20250426	C1324	Kjærstad Utstyr	SKU-1008	Laptop Stand Aluminium	Accessories	7	597,72	retail
00001663	20240508	C1011	Kjærstad Utstyr	SKU-1010	Desk Lamp LED	Furniture	5	497,50	retail
00001664	20250610	C1032	Ålesund Kontor	SKU-1001	Ergonomic Desk Chair	Furniture	1	2694,49	direct
00001665	20250604	C1278	Kjærstad Utstyr	SKU-1008	Laptop Stand Aluminium	Accessories	9	569,21	retail
00001666	20251010	C1207	Rødvig Møbler	SKU-1002	Standing Desk 140cm	Furniture	4	5757,18	partner
00001667	20240203	C1007	Väisänen Kaluste	SKU-1002	Standing Desk 140cm	Furniture	11	4997,18	direct
00001668	20250710	C1063	Kjærstad Utstyr	SKU-1005	27in 4K Monitor	Displays	6	3873,01	online
00001669	20251125	C1305	Trondheim Utstyr	SKU-1007	Noise Cancelling Headset	Peripherals	4	2014,44	online
00001670	20241226	C1076	Jyllands Inventar	SKU-1001	Ergonomic Desk Chair	Furniture	4	2307,15	partner
00001671	20240330	C1252	Dansk Kontormiljø	SKU-1002	Standing Desk 140cm	Furniture	11	4738,43	retail
00001672	20241216	C1322	Søndergaard A/S	SKU-1009	Webcam 1080p	Peripherals	4	892,99	retail
00001673	20240629	C1121	Kärkkäinen Oy	SKU-1004	Mechanical Keyboard	Peripherals	4	1277,81	online
00001674	20240826	C1318	Mäkinen Toimisto	SKU-1002	Standing Desk 140cm	Furniture	12	4615,23	retail
00001675	20251024	C1364	Dansk Kontormiljø	SKU-1009	Webcam 1080p	Peripherals	10	701,34	online
00001676	20240213	C1109	Søndergaard A/S	SKU-1006	USB-C Dock	Accessories	2	1952,17	retail
00001677	20240322	C1279	Kjærstad Utstyr	SKU-1002	Standing Desk 140cm	Furniture	2	5598,05	direct
00001678	20241205	C1274	Kärkkäinen Oy	SKU-1001	Ergonomic Desk Chair	Furniture	3	2722,38	retail
00001679	20240619	C1168	Søndergaard A/S	SKU-1001	Ergonomic Desk Chair	Furniture	12	2740,59	partner
00001680	20240131	C1115	Kjærstad Utstyr	SKU-1001	Ergonomic Desk Chair	Furniture	11	2267,84	direct
00001681	20241028	C1070	Jyllands Inventar	SKU-1009	Webcam 1080p	Peripherals	11	773,98	retail
00001682	20241028	C1272	Kärkkäinen Oy	SKU-1008	Laptop Stand Aluminium	Accessories	8	689,88	direct
00001683	20251209	C1190	Rødvig Møbler	SKU-1003	Monitor Arm Dual	Accessories	9	1006,93	partner
00001684	20250609	C1082	Ålesund Kontor	SKU-1009	Webcam 1080p	Peripherals	4	679,92	direct
00001685	20250411	C1121	Dansk Kontormiljø	SKU-1003	Monitor Arm Dual	Accessories	3	903,99	online
00001686	20250726	C1292	Kjærstad Utstyr	SKU-1002	Standing Desk 140cm	Furniture	3	4680,94	partner
00001687	20250131	C1219	Søndergaard A/S	SKU-1001	Ergonomic Desk Chair	Furniture	8	2545,56	online
00001688	20240514	C1115	Kjærstad Utstyr	SKU-1010	Desk Lamp LED	Furniture	10	528,64	retail
00001689	20240608	C1202	Rødvig Møbler	SKU-1004	Mechanical Keyboard	Peripherals	3	1175,10	partner
00001690	20240417	C1303	Bergström & Söner	SKU-1006	USB-C Dock	Accessories	12	1591,09	retail
00001691	20241102	C1195	Uppsala Interiör	SKU-1008	Laptop Stand Aluminium	Accessories	7	573,60	partner
00001692	20240702	C1177	Mäkinen Toimisto	SKU-1005	27in 4K Monitor	Displays	12	4871,44	direct
00001693	20251229	C1161	Ålesund Kontor	SKU-1005	27in 4K Monitor	Displays	12	4121,67	retail
00001694	20250930	C1072	Lindqvist AB	SKU-1003	Monitor Arm Dual	Accessories	11	864,17	direct
00001695	20240225	C1075	Bergström & Söner	SKU-1010	Desk Lamp LED	Furniture	1	470,07	partner
00001696	20240107	C1007	Bergström & Söner	SKU-1001	Ergonomic Desk Chair	Furniture	10	2247,47	online
00001697	20250811	C1352	Kjærstad Utstyr	SKU-1007	Noise Cancelling Headset	Peripherals	7	1825,81	direct
00001698	20240319	C1245	Bergström & Söner	SKU-1010	Desk Lamp LED	Furniture	12	447,12	-
00001699	20250428	C1339	Dansk Kontormiljø	SKU-1002	Standing Desk 140cm	Furniture	12	5323,48	direct
00001700	20241021	C1196	Kärkkäinen Oy	SKU-1005	27in 4K Monitor	Displays	9	4791,61	online
00001701	20240405	C1026	Kjærstad Utstyr	SKU-1003	Monitor Arm Dual	Accessories	7	954,03	online
00001702	20250711	C1148	Uppsala Interiör	SKU-1010	Desk Lamp LED	Furniture	12	543,97	online
00001703	20251019	C1204	Søndergaard A/S	SKU-1003	Monitor Arm Dual	Accessories	12	856,36	retail
00001704	20251022	C1227	Väisänen Kaluste	SKU-1001	Ergonomic Desk Chair	Furniture	12	2627,94	partner
00001705	20241118	C1189	Trondheim Utstyr	SKU-1007	Noise Cancelling Headset	Peripherals	7	2342,88	retail
00001706	20250802	C1097	Rødvig Møbler	SKU-1006	USB-C Dock	Accessories	12	1757,09	partner
00001707	20240324	C1131	Hämäläinen Oy	SKU-1010	Desk Lamp LED	Furniture	10	481,92	partner
00001708	20250904	C1082	Väisänen Kaluste	SKU-1007	Noise Cancelling Headset	Peripherals	5	2038,65	partner
00001709	20240105	C1388	Trondheim Utstyr	SKU-1003	Monitor Arm Dual	Accessories	2	887,47	direct
00001710	20241210	C1273	Jyllands Inventar	SKU-1010	Desk Lamp LED	Furniture	5	502,33	online
00001711	20250922	C1022	Uppsala Interiör	SKU-1003	Monitor Arm Dual	Accessories	5	929,29	partner
00001712	20250824	C1357	Ålesund Kontor	SKU-1007	Noise Cancelling Headset	Peripherals	8	2038,27	partner
00001713	20250214	C1197	Mäkinen Toimisto	SKU-1010	Desk Lamp LED	Furniture	10	556,45	online
00001714	20250806	C1320	Dansk Kontormiljø	SKU-1004	Mechanical Keyboard	Peripherals	5	1022,87	direct
00001715	20241107	C1268	Bergström & Söner	SKU-1009	Webcam 1080p	Peripherals	6	786,47	retail
00001716	20240905	C1030	Ålesund Kontor	SKU-1005	27in 4K Monitor	Displays	9	3722,34	direct
00001717	20250508	C1123	Bergström & Söner	SKU-1005	27in 4K Monitor	Displays	6	4159,85	direct
00001718	20240607	C1383	Mäkinen Toimisto	SKU-1002	Standing Desk 140cm	Furniture	11	5979,42	retail
00001719	20250524	C1112	Kjærstad Utstyr	SKU-1008	Laptop Stand Aluminium	Accessories	1	564,45	partner
00001720	20241207	C1138	Jyllands Inventar	SKU-1003	Monitor Arm Dual	Accessories	4	899,75	online
00001721	20241010	C1192	Hämäläinen Oy	SKU-1007	Noise Cancelling Headset	Peripherals	8	2180,78	retail
00001722	20250102	C1161	Dansk Kontormiljø	SKU-1009	Webcam 1080p	Peripherals	6	813,61	partner
00001723	20241103	C1153	Uppsala Interiör	SKU-1004	Mechanical Keyboard	Peripherals	9	1322,28	direct
00001724	20241220	C1209	Mäkinen Toimisto	SKU-1008	Laptop Stand Aluminium	Accessories	8	583,98	retail
00001725	20240523	C1215	Søndergaard A/S	SKU-1007	Noise Cancelling Headset	Peripherals	7	2073,42	direct
00001726	20250815	C1232	Jyllands Inventar	SKU-1001	Ergonomic Desk Chair	Furniture	5	2441,24	retail
00001727	20240807	C1370	Hämäläinen Oy	SKU-1008	Laptop Stand Aluminium	Accessories	4	604,63	direct
00001728	20251121	C1079	Väisänen Kaluste	SKU-1006	USB-C Dock	Accessories	11	1871,91	direct
00001729	20250730	C1292	Søndergaard A/S	SKU-1009	Webcam 1080p	Peripherals	8	724,59	direct
00001730	20240116	C1319	Bergström & Söner	SKU-1008	Laptop Stand Aluminium	Accessories	10	582,94	online
00001731	20251015	C1144	Hämäläinen Oy	SKU-1008	Laptop Stand Aluminium	Accessories	8	646,83	retail
00001732	20250228	C1070	Bergström & Söner	SKU-1009	Webcam 1080p	Peripherals	11	795,81	-
00001733	20250929	C1209	Kjærstad Utstyr	SKU-1003	Monitor Arm Dual	Accessories	9	779,50	partner
00001734	20250219	C1035	Kärkkäinen Oy	SKU-1002	Standing Desk 140cm	Furniture	1	5345,47	retail
00001735	20240724	C1335	Lindqvist AB	SKU-1009	Webcam 1080p	Peripherals	10	666,90	partner
00001736	20250719	C1275	Ålesund Kontor	SKU-1003	Monitor Arm Dual	Accessories	5	1009,17	partner
00001737	20250515	C1242	Trondheim Utstyr	SKU-1001	Ergonomic Desk Chair	Furniture	9	2678,01	online
00001738	20251023	C1329	Bergström & Söner	SKU-1001	Ergonomic Desk Chair	Furniture	6	2617,98	retail
00001739	20250622	C1301	Bergström & Söner	SKU-1005	27in 4K Monitor	Displays	1	3898,87	partner
00001740	20240630	C1029	Bergström & Söner	SKU-1001	Ergonomic Desk Chair	Furniture	8	2235,95	direct
00001741	20251225	C1126	Trondheim Utstyr	SKU-1009	Webcam 1080p	Peripherals	9	778,42	direct
00001742	20241024	C1254	Lindqvist AB	SKU-1006	USB-C Dock	Accessories	3	1524,00	direct
00001743	20240430	C1166	Nordström Handel	SKU-1007	Noise Cancelling Headset	Peripherals	10	2145,38	online
00001744	20240812	C1087	Nordström Handel	SKU-1001	Ergonomic Desk Chair	Furniture	4	2306,43	retail
00001745	20250117	C1380	Uppsala Interiör	SKU-1004	Mechanical Keyboard	Peripherals	11	1051,92	online
00001746	20240202	C1050	Väisänen Kaluste	SKU-1007	Noise Cancelling Headset	Peripherals	9	2283,48	online
00001747	20240812	C1382	Lindqvist AB	SKU-1007	Noise Cancelling Headset	Peripherals	3	1943,30	direct
00001748	20250103	C1040	Ålesund Kontor	SKU-1003	Monitor Arm Dual	Accessories	1	803,66	retail
00001749	20240904	C1143	Ålesund Kontor	SKU-1006	USB-C Dock	Accessories	5	1722,54	direct
00001750	20250629	C1259	Rødvig Møbler	SKU-1006	USB-C Dock	Accessories	7	1490,13	direct
00001751	20241008	C1317	Møller Innredning	SKU-1001	Ergonomic Desk Chair	Furniture	4	2390,02	online
00001752	20241107	C1323	Søndergaard A/S	SKU-1004	Mechanical Keyboard	Peripherals	11	1020,32	partner
00001753	20240325	C1057	Trondheim Utstyr	SKU-1003	Monitor Arm Dual	Accessories	8	927,48	-
00001754	20250204	C1114	Jyllands Inventar	SKU-1003	Monitor Arm Dual	Accessories	4	898,91	partner
00001755	20240530	C1054	Kärkkäinen Oy	SKU-1006	USB-C Dock	Accessories	3	1968,47	online
00001756	20240713	C1148	Ålesund Kontor	SKU-1006	USB-C Dock	Accessories	8	1595,13	retail
00001757	20250104	C1103	Ålesund Kontor	SKU-1001	Ergonomic Desk Chair	Furniture	1	2298,98	retail
00001758	20250813	C1070	Søndergaard A/S	SKU-1009	Webcam 1080p	Peripherals	7	835,68	partner
00001759	20240507	C1015	Uppsala Interiör	SKU-1003	Monitor Arm Dual	Accessories	8	890,50	direct
00001760	20241229	C1392	Kjærstad Utstyr	SKU-1003	Monitor Arm Dual	Accessories	6	942,27	online
00001761	20241220	C1014	Hämäläinen Oy	SKU-1010	Desk Lamp LED	Furniture	3	482,23	retail
00001762	20240212	C1089	Väisänen Kaluste	SKU-1010	Desk Lamp LED	Furniture	5	442,95	online
00001763	20241025	C1145	Søndergaard A/S	SKU-1007	Noise Cancelling Headset	Peripherals	7	2089,54	online
00001764	20240918	C1167	Jyllands Inventar	SKU-1009	Webcam 1080p	Peripherals	11	741,06	direct
00001765	20250301	C1275	Ålesund Kontor	SKU-1010	Desk Lamp LED	Furniture	3	550,47	retail
00001766	20240304	C1218	Søndergaard A/S	SKU-1010	Desk Lamp LED	Furniture	3	479,98	partner
00001767	20240801	C1222	Väisänen Kaluste	SKU-1008	Laptop Stand Aluminium	Accessories	1	663,48	online
00001768	20250218	C1244	Rødvig Møbler	SKU-1003	Monitor Arm Dual	Accessories	1	876,31	online
00001769	20240120	C1302	Uppsala Interiör	SKU-1008	Laptop Stand Aluminium	Accessories	6	582,89	partner
00001770	20251123	C1276	Kjærstad Utstyr	SKU-1008	Laptop Stand Aluminium	Accessories	-1	655,61	retail
00001771	20240208	C1247	Trondheim Utstyr	SKU-1004	Mechanical Keyboard	Peripherals	5	1199,29	direct
00001772	20250717	C1253	Møller Innredning	SKU-1009	Webcam 1080p	Peripherals	4	830,49	partner
00001773	20251201	C1072	Kjærstad Utstyr	SKU-1004	Mechanical Keyboard	Peripherals	12	1161,65	partner
00001774	20240712	C1017	Ålesund Kontor	SKU-1010	Desk Lamp LED	Furniture	7	522,57	retail
00001775	20240606	C1070	Nordström Handel	SKU-1007	Noise Cancelling Headset	Peripherals	1	2159,98	partner
00001776	20240126	C1104	Møller Innredning	SKU-1008	Laptop Stand Aluminium	Accessories	3	583,30	online
00001777	20241215	C1304	Hämäläinen Oy	SKU-1004	Mechanical Keyboard	Peripherals	2	1017,69	online
00001778	20250509	C1347	Møller Innredning	SKU-1003	Monitor Arm Dual	Accessories	11	819,02	partner
00001779	20250610	C1386	Ålesund Kontor	SKU-1006	USB-C Dock	Accessories	12	1623,05	direct
00001780	20240329	C1166	Kjærstad Utstyr	SKU-1009	Webcam 1080p	Peripherals	3	766,25	direct
00001781	20250727	C1227	Hämäläinen Oy	SKU-1002	Standing Desk 140cm	Furniture	2	5380,16	direct
00001782	20240521	C1180	Ålesund Kontor	SKU-1009	Webcam 1080p	Peripherals	2	779,62	retail
00001783	20240120	C1366	Trondheim Utstyr	SKU-1003	Monitor Arm Dual	Accessories	2	847,70	partner
00001784	20250110	C1044	Hämäläinen Oy	SKU-1010	Desk Lamp LED	Furniture	3	596,38	direct
00001785	20240804	C1206	Jyllands Inventar	SKU-1005	27in 4K Monitor	Displays	9	4732,16	direct
00001786	20251209	C1169	Kjærstad Utstyr	SKU-1009	Webcam 1080p	Peripherals	9	808,15	retail
00001787	20251213	C1245	Jyllands Inventar	SKU-1008	Laptop Stand Aluminium	Accessories	5	707,02	retail
00001788	20240426	C1247	Bergström & Söner	SKU-1006	USB-C Dock	Accessories	-1	1568,42	online
00001789	20251013	C1394	Rødvig Møbler	SKU-1003	Monitor Arm Dual	Accessories	7	941,21	online
00001790	20240411	C1226	Dansk Kontormiljø	SKU-1006	USB-C Dock	Accessories	1	1992,37	direct
00001791	20241015	C1005	Mäkinen Toimisto	SKU-1003	Monitor Arm Dual	Accessories	9	760,82	retail
00001792	20251006	C1058	Hämäläinen Oy	SKU-1007	Noise Cancelling Headset	Peripherals	8	2360,69	retail
00001793	20250225	C1084	Søndergaard A/S	SKU-1010	Desk Lamp LED	Furniture	1	561,81	online
00001794	20250925	C1383	Mäkinen Toimisto	SKU-1002	Standing Desk 140cm	Furniture	11	5625,01	direct
00001795	20241227	C1204	Uppsala Interiör	SKU-1002	Standing Desk 140cm	Furniture	3	4694,91	online
00001796	20250924	C1222	Trondheim Utstyr	SKU-1001	Ergonomic Desk Chair	Furniture	12	2058,46	online
00001797	20240117	C1205	Uppsala Interiör	SKU-1002	Standing Desk 140cm	Furniture	9	5801,88	retail
00001798	20250813	C1345	Nordström Handel	SKU-1009	Webcam 1080p	Peripherals	11	885,03	retail
00001799	20250508	C1127	Hämäläinen Oy	SKU-1004	Mechanical Keyboard	Peripherals	12	1318,69	online
00001800	20250211	C1381	Møller Innredning	SKU-1010	Desk Lamp LED	Furniture	1	498,22	online
00001801	20240201	C1188	Ålesund Kontor	SKU-1009	Webcam 1080p	Peripherals	-1	747,36	direct
00001802	20240910	C1390	Lindqvist AB	SKU-1010	Desk Lamp LED	Furniture	9	469,45	retail
00001803	20250711	C1141	Kärkkäinen Oy	SKU-1004	Mechanical Keyboard	Peripherals	1	1223,07	partner
00001804	20240119	C1275	Trondheim Utstyr	SKU-1010	Desk Lamp LED	Furniture	12	595,58	partner
00001805	20251017	C1195	Uppsala Interiör	SKU-1006	USB-C Dock	Accessories	1	2005,67	online
00001806	20250911	C1346	Mäkinen Toimisto	SKU-1006	USB-C Dock	Accessories	-3	1931,62	partner
00001807	20240831	C1035	Søndergaard A/S	SKU-1003	Monitor Arm Dual	Accessories	7	955,35	retail
00001808	20241112	C1249	Trondheim Utstyr	SKU-1004	Mechanical Keyboard	Peripherals	1	1150,00	online
00001809	20251202	C1381	Kärkkäinen Oy	SKU-1009	Webcam 1080p	Peripherals	-3	790,21	online
00001810	20250207	C1389	Trondheim Utstyr	SKU-1002	Standing Desk 140cm	Furniture	12	5245,41	retail
00001811	20250713	C1126	Uppsala Interiör	SKU-1004	Mechanical Keyboard	Peripherals	3	1118,79	partner
00001812	20251204	C1395	Trondheim Utstyr	SKU-1010	Desk Lamp LED	Furniture	10	538,13	partner
00001813	20240611	C1388	Kjærstad Utstyr	SKU-1006	USB-C Dock	Accessories	4	1747,30	partner
00001814	20240602	C1044	Møller Innredning	SKU-1009	Webcam 1080p	Peripherals	10	674,16	retail
00001815	20240409	C1211	Bergström & Söner	SKU-1006	USB-C Dock	Accessories	8	1772,47	retail
00001816	20250915	C1130	Väisänen Kaluste	SKU-1002	Standing Desk 140cm	Furniture	12	5142,26	online
00001817	20241231	C1044	Uppsala Interiör	SKU-1002	Standing Desk 140cm	Furniture	8	5408,35	partner
00001818	20240228	C1181	Dansk Kontormiljø	SKU-1003	Monitor Arm Dual	Accessories	11	947,60	direct
00001819	20250629	C1281	Søndergaard A/S	SKU-1001	Ergonomic Desk Chair	Furniture	5	2708,11	online
00001820	20240523	C1256	Nordström Handel	SKU-1010	Desk Lamp LED	Furniture	12	557,68	online
00001821	20240209	C1128	Kärkkäinen Oy	SKU-1001	Ergonomic Desk Chair	Furniture	9	2624,45	online
00001822	20250628	C1264	Väisänen Kaluste	SKU-1003	Monitor Arm Dual	Accessories	10	1004,49	online
00001823	20250908	C1329	Møller Innredning	SKU-1005	27in 4K Monitor	Displays	2	4558,59	direct
00001824	20240207	C1399	Lindqvist AB	SKU-1004	Mechanical Keyboard	Peripherals	5	1129,80	direct
00001825	20240519	C1201	Lindqvist AB	SKU-1002	Standing Desk 140cm	Furniture	-2	5231,46	online
00001826	20240925	C1244	Lindqvist AB	SKU-1003	Monitor Arm Dual	Accessories	5	1008,72	partner
00001827	20250514	C1213	Søndergaard A/S	SKU-1003	Monitor Arm Dual	Accessories	12	908,67	online
00001828	20250525	C1184	Trondheim Utstyr	SKU-1003	Monitor Arm Dual	Accessories	9	785,52	partner
00001829	20240918	C1359	Møller Innredning	SKU-1010	Desk Lamp LED	Furniture	10	508,65	direct
00001830	20240715	C1350	Trondheim Utstyr	SKU-1004	Mechanical Keyboard	Peripherals	12	1015,10	direct
00001831	20250124	C1352	Uppsala Interiör	SKU-1005	27in 4K Monitor	Displays	10	4588,63	retail
00001832	20251126	C1050	Ålesund Kontor	SKU-1002	Standing Desk 140cm	Furniture	6	5236,97	retail
00001833	20240830	C1121	Kärkkäinen Oy	SKU-1006	USB-C Dock	Accessories	6	1604,36	partner
00001834	20240617	C1275	Lindqvist AB	SKU-1005	27in 4K Monitor	Displays	11	4416,68	-
00001835	20240904	C1147	Søndergaard A/S	SKU-1008	Laptop Stand Aluminium	Accessories	2	555,19	retail
00001836	20240905	C1277	Kjærstad Utstyr	SKU-1004	Mechanical Keyboard	Peripherals	8	1153,98	direct
00001837	20240503	C1387	Bergström & Söner	SKU-1009	Webcam 1080p	Peripherals	3	815,90	online
00001838	20251206	C1138	Dansk Kontormiljø	SKU-1006	USB-C Dock	Accessories	10	1887,61	partner
00001839	20241005	C1271	Nordström Handel	SKU-1004	Mechanical Keyboard	Peripherals	7	1213,14	partner
00001840	20250816	C1006	Hämäläinen Oy	SKU-1008	Laptop Stand Aluminium	Accessories	10	610,56	retail
00001841	20250625	C1040	Jyllands Inventar	SKU-1002	Standing Desk 140cm	Furniture	8	5438,54	partner
00001842	20241106	C1260	Søndergaard A/S	SKU-1009	Webcam 1080p	Peripherals	5	880,10	direct
00001843	20240208	C1100	Rødvig Møbler	SKU-1006	USB-C Dock	Accessories	10	1684,21	online
00001844	20251025	C1032	Väisänen Kaluste	SKU-1008	Laptop Stand Aluminium	Accessories	2	629,35	partner
00001845	20240723	C1268	Bergström & Söner	SKU-1010	Desk Lamp LED	Furniture	11	465,42	direct
00001846	20240313	C1141	Mäkinen Toimisto	SKU-1010	Desk Lamp LED	Furniture	8	482,62	partner
00001847	20250529	C1297	Nordström Handel	SKU-1004	Mechanical Keyboard	Peripherals	7	1176,04	retail
00001848	20251001	C1116	Väisänen Kaluste	SKU-1002	Standing Desk 140cm	Furniture	12	5198,03	partner
00001849	20250123	C1097	Rødvig Møbler	SKU-1006	USB-C Dock	Accessories	5	2003,43	online
00001850	20241110	C1231	Kjærstad Utstyr	SKU-1010	Desk Lamp LED	Furniture	6	519,21	retail
00001851	20250416	C1327	Nordström Handel	SKU-1005	27in 4K Monitor	Displays	8	4839,15	direct
00001852	20240326	C1375	Dansk Kontormiljø	SKU-1007	Noise Cancelling Headset	Peripherals	1	2120,25	retail
00001853	20250626	C1105	Bergström & Söner	SKU-1007	Noise Cancelling Headset	Peripherals	9	2340,41	direct
00001854	20240826	C1009	Hämäläinen Oy	SKU-1007	Noise Cancelling Headset	Peripherals	5	1931,20	online
00001855	20240106	C1230	Kjærstad Utstyr	SKU-1003	Monitor Arm Dual	Accessories	4	844,78	direct
00001856	20240516	C1106	Mäkinen Toimisto	SKU-1003	Monitor Arm Dual	Accessories	4	784,13	partner
00001857	20240312	C1206	Rødvig Møbler	SKU-1004	Mechanical Keyboard	Peripherals	10	1091,00	retail
00001858	20241126	C1032	Møller Innredning	SKU-1006	USB-C Dock	Accessories	9	1782,31	retail
00001859	20250529	C1366	Uppsala Interiör	SKU-1004	Mechanical Keyboard	Peripherals	12	1295,20	online
00001860	20250419	C1105	Väisänen Kaluste	SKU-1004	Mechanical Keyboard	Peripherals	4	1008,19	partner
00001861	20240630	C1021	Ålesund Kontor	SKU-1005	27in 4K Monitor	Displays	6	4259,44	retail
00001862	20241023	C1173	Dansk Kontormiljø	SKU-1006	USB-C Dock	Accessories	6	1544,94	direct
00001863	20251112	C1170	Dansk Kontormiljø	SKU-1009	Webcam 1080p	Peripherals	3	829,98	retail
00001864	20240727	C1014	Nordström Handel	SKU-1007	Noise Cancelling Headset	Peripherals	9	2142,56	direct
00001865	20240603	C1372	Søndergaard A/S	SKU-1004	Mechanical Keyboard	Peripherals	9	1289,42	direct
00001866	20240114	C1146	Møller Innredning	SKU-1005	27in 4K Monitor	Displays	12	3884,79	partner
00001867	20241227	C1221	Trondheim Utstyr	SKU-1003	Monitor Arm Dual	Accessories	1	786,94	partner
00001868	20240405	C1173	Kjærstad Utstyr	SKU-1004	Mechanical Keyboard	Peripherals	10	1305,61	retail
00001869	20241007	C1325	Väisänen Kaluste	SKU-1010	Desk Lamp LED	Furniture	6	588,82	partner
00001870	20240204	C1196	Møller Innredning	SKU-1008	Laptop Stand Aluminium	Accessories	1	557,22	direct
00001871	20250211	C1374	Uppsala Interiör	SKU-1009	Webcam 1080p	Peripherals	9	879,48	retail
00001872	20240315	C1088	Kjærstad Utstyr	SKU-1008	Laptop Stand Aluminium	Accessories	4	673,30	retail
00001873	20251227	C1386	Bergström & Söner	SKU-1001	Ergonomic Desk Chair	Furniture	8	2217,79	partner
00001874	20250308	C1237	Hämäläinen Oy	SKU-1001	Ergonomic Desk Chair	Furniture	7	2734,53	direct
00001875	20240208	C1304	Kjærstad Utstyr	SKU-1002	Standing Desk 140cm	Furniture	9	4824,23	direct
00001876	20240802	C1023	Uppsala Interiör	SKU-1006	USB-C Dock	Accessories	7	1637,14	online
00001877	20240121	C1232	Kärkkäinen Oy	SKU-1007	Noise Cancelling Headset	Peripherals	10	2234,91	direct
00001878	20240516	C1055	Uppsala Interiör	SKU-1001	Ergonomic Desk Chair	Furniture	6	2718,10	partner
00001879	20250609	C1283	Trondheim Utstyr	SKU-1008	Laptop Stand Aluminium	Accessories	10	551,16	direct
00001880	20240506	C1242	Trondheim Utstyr	SKU-1008	Laptop Stand Aluminium	Accessories	4	677,36	retail
00001881	20250125	C1052	Jyllands Inventar	SKU-1005	27in 4K Monitor	Displays	10	4913,53	direct
00001882	20241104	C1299	Mäkinen Toimisto	SKU-1002	Standing Desk 140cm	Furniture	9	5369,30	online
00001883	20251025	C1344	Bergström & Söner	SKU-1006	USB-C Dock	Accessories	11	1895,78	online
00001884	20251017	C1008	Trondheim Utstyr	SKU-1007	Noise Cancelling Headset	Peripherals	12	2104,61	partner
00001885	20250605	C1334	Väisänen Kaluste	SKU-1004	Mechanical Keyboard	Peripherals	5	1197,85	retail
00001886	20240118	C1340	Lindqvist AB	SKU-1006	USB-C Dock	Accessories	11	1744,09	online
00001887	20240222	C1163	Dansk Kontormiljø	SKU-1007	Noise Cancelling Headset	Peripherals	10	1818,29	partner
00001888	20240701	C1264	Bergström & Söner	SKU-1001	Ergonomic Desk Chair	Furniture	3	2463,35	retail
00001889	20250403	C1214	Kärkkäinen Oy	SKU-1005	27in 4K Monitor	Displays	10	4735,28	direct
00001890	20240813	C1038	Kjærstad Utstyr	SKU-1007	Noise Cancelling Headset	Peripherals	6	2123,75	online
00001891	20240919	C1349	Dansk Kontormiljø	SKU-1006	USB-C Dock	Accessories	12	1913,22	partner
00001892	20250307	C1366	Kjærstad Utstyr	SKU-1003	Monitor Arm Dual	Accessories	12	776,08	retail
00001893	20240316	C1181	Søndergaard A/S	SKU-1005	27in 4K Monitor	Displays	11	4512,19	retail
00001894	20240120	C1315	Bergström & Söner	SKU-1007	Noise Cancelling Headset	Peripherals	4	2135,83	direct
00001895	20250615	C1219	Kjærstad Utstyr	SKU-1007	Noise Cancelling Headset	Peripherals	2	2320,67	partner
00001896	20250214	C1308	Hämäläinen Oy	SKU-1009	Webcam 1080p	Peripherals	4	781,25	direct
00001897	20241229	C1008	Mäkinen Toimisto	SKU-1004	Mechanical Keyboard	Peripherals	4	1270,11	retail
00001898	20240816	C1220	Ålesund Kontor	SKU-1006	USB-C Dock	Accessories	5	1817,77	retail
00001899	20250512	C1081	Bergström & Söner	SKU-1003	Monitor Arm Dual	Accessories	6	805,48	online
00001900	20250821	C1224	Bergström & Söner	SKU-1009	Webcam 1080p	Peripherals	7	821,79	retail
00001901	20240909	C1182	Jyllands Inventar	SKU-1009	Webcam 1080p	Peripherals	6	812,16	partner
00001902	20241016	C1349	Nordström Handel	SKU-1008	Laptop Stand Aluminium	Accessories	7	576,71	direct
00001903	20240119	C1309	Rødvig Møbler	SKU-1004	Mechanical Keyboard	Peripherals	7	1086,18	retail
00001904	20250806	C1012	Dansk Kontormiljø	SKU-1001	Ergonomic Desk Chair	Furniture	3	2692,81	online
00001905	20250704	C1347	Søndergaard A/S	SKU-1004	Mechanical Keyboard	Peripherals	4	1044,17	direct
00001906	20241009	C1312	Mäkinen Toimisto	SKU-1010	Desk Lamp LED	Furniture	7	456,83	retail
00001907	20240515	C1137	Trondheim Utstyr	SKU-1007	Noise Cancelling Headset	Peripherals	6	2126,19	partner
00001908	20250408	C1378	Møller Innredning	SKU-1004	Mechanical Keyboard	Peripherals	10	1235,02	retail
00001909	20241002	C1031	Ålesund Kontor	SKU-1010	Desk Lamp LED	Furniture	1	517,53	partner
00001910	20240814	C1163	Jyllands Inventar	SKU-1005	27in 4K Monitor	Displays	4	3853,51	partner
00001911	20240928	C1283	Dansk Kontormiljø	SKU-1002	Standing Desk 140cm	Furniture	5	4701,16	partner
00001912	20251007	C1029	Kärkkäinen Oy	SKU-1007	Noise Cancelling Headset	Peripherals	10	2101,98	direct
00001913	20250518	C1258	Dansk Kontormiljø	SKU-1006	USB-C Dock	Accessories	11	1629,43	direct
00001914	20250213	C1220	Kärkkäinen Oy	SKU-1005	27in 4K Monitor	Displays	12	4687,11	online
00001915	20241125	C1017	Lindqvist AB	SKU-1006	USB-C Dock	Accessories	12	1934,76	direct
00001916	20241231	C1267	Mäkinen Toimisto	SKU-1003	Monitor Arm Dual	Accessories	9	819,39	direct
00001917	20250420	C1097	Søndergaard A/S	SKU-1006	USB-C Dock	Accessories	6	1715,01	online
00001918	20241025	C1098	Hämäläinen Oy	SKU-1003	Monitor Arm Dual	Accessories	5	967,45	online
00001919	20241218	C1379	Nordström Handel	SKU-1006	USB-C Dock	Accessories	3	1957,51	partner
00001920	20250308	C1235	Hämäläinen Oy	SKU-1005	27in 4K Monitor	Displays	1	4744,92	retail
00001921	20240927	C1225	Mäkinen Toimisto	SKU-1003	Monitor Arm Dual	Accessories	10	983,83	online
00001922	20251008	C1173	Søndergaard A/S	SKU-1005	27in 4K Monitor	Displays	11	4740,88	retail
00001923	20250702	C1396	Hämäläinen Oy	SKU-1006	USB-C Dock	Accessories	11	1769,51	retail
00001924	20250525	C1376	Dansk Kontormiljø	SKU-1006	USB-C Dock	Accessories	5	1614,84	retail
00001925	20250820	C1301	Bergström & Söner	SKU-1003	Monitor Arm Dual	Accessories	6	958,38	retail
00001926	20251109	C1165	Jyllands Inventar	SKU-1007	Noise Cancelling Headset	Peripherals	10	1920,55	online
00001927	20250425	C1211	Väisänen Kaluste	SKU-1003	Monitor Arm Dual	Accessories	6	874,83	direct
00001928	20240410	C1359	Hämäläinen Oy	SKU-1001	Ergonomic Desk Chair	Furniture	2	2448,42	retail
00001929	20240202	C1253	Ålesund Kontor	SKU-1003	Monitor Arm Dual	Accessories	11	990,39	online
00001930	20240216	C1249	Rødvig Møbler	SKU-1002	Standing Desk 140cm	Furniture	2	5573,91	partner
00001931	20250331	C1223	Kärkkäinen Oy	SKU-1003	Monitor Arm Dual	Accessories	4	788,37	partner
00001932	20250329	C1273	Trondheim Utstyr	SKU-1009	Webcam 1080p	Peripherals	10	800,35	partner
00001933	20240330	C1023	Dansk Kontormiljø	SKU-1006	USB-C Dock	Accessories	6	1945,30	direct
00001934	20240506	C1071	Søndergaard A/S	SKU-1007	Noise Cancelling Headset	Peripherals	1	2167,70	retail
00001935	20240103	C1241	Trondheim Utstyr	SKU-1008	Laptop Stand Aluminium	Accessories	4	711,14	direct
00001936	20241107	C1393	Nordström Handel	SKU-1005	27in 4K Monitor	Displays	7	4237,82	direct
00001937	20250606	C1003	Møller Innredning	SKU-1003	Monitor Arm Dual	Accessories	5	905,88	direct
00001938	20250607	C1400	Uppsala Interiör	SKU-1001	Ergonomic Desk Chair	Furniture	9	2581,34	retail
00001939	20251101	C1137	Rødvig Møbler	SKU-1009	Webcam 1080p	Peripherals	4	683,53	online
00001940	20240325	C1348	Nordström Handel	SKU-1001	Ergonomic Desk Chair	Furniture	4	2391,62	online
00001941	20250810	C1279	Rødvig Møbler	SKU-1003	Monitor Arm Dual	Accessories	9	835,36	partner
00001942	20250705	C1189	Dansk Kontormiljø	SKU-1003	Monitor Arm Dual	Accessories	4	923,83	online
00001943	20250208	C1104	Kärkkäinen Oy	SKU-1010	Desk Lamp LED	Furniture	10	569,01	direct
00001944	20240521	C1124	Mäkinen Toimisto	SKU-1002	Standing Desk 140cm	Furniture	5	5490,82	partner
00001945	20241021	C1088	Kärkkäinen Oy	SKU-1008	Laptop Stand Aluminium	Accessories	8	639,35	partner
00001946	20240320	C1309	Ålesund Kontor	SKU-1001	Ergonomic Desk Chair	Furniture	7	2094,05	online
00001947	20250627	C1230	Ålesund Kontor	SKU-1004	Mechanical Keyboard	Peripherals	8	1054,76	retail
00001948	20240727	C1042	Kjærstad Utstyr	SKU-1001	Ergonomic Desk Chair	Furniture	12	2233,88	online
00001949	20240313	C1191	Lindqvist AB	SKU-1010	Desk Lamp LED	Furniture	8	529,08	direct
00001950	20250822	C1305	Hämäläinen Oy	SKU-1004	Mechanical Keyboard	Peripherals	4	1203,12	partner
00001951	20240308	C1032	Rødvig Møbler	SKU-1004	Mechanical Keyboard	Peripherals	9	1059,42	partner
00001952	20240317	C1010	Kärkkäinen Oy	SKU-1001	Ergonomic Desk Chair	Furniture	8	2560,90	online
00001953	20250330	C1389	Rødvig Møbler	SKU-1010	Desk Lamp LED	Furniture	4	523,03	retail
00001954	20251211	C1359	Rødvig Møbler	SKU-1007	Noise Cancelling Headset	Peripherals	12	1945,98	partner
00001955	20240212	C1164	Jyllands Inventar	SKU-1004	Mechanical Keyboard	Peripherals	4	986,88	direct
00001956	20241009	C1353	Hämäläinen Oy	SKU-1002	Standing Desk 140cm	Furniture	7	5582,41	retail
00001957	20240612	C1232	Hämäläinen Oy	SKU-1009	Webcam 1080p	Peripherals	2	872,33	direct
00001958	20241018	C1012	Rødvig Møbler	SKU-1003	Monitor Arm Dual	Accessories	-1	948,45	online
00001959	20250418	C1363	Mäkinen Toimisto	SKU-1005	27in 4K Monitor	Displays	5	4164,06	direct
00001960	20240518	C1138	Nordström Handel	SKU-1004	Mechanical Keyboard	Peripherals	11	1211,77	online
00001961	20251121	C1071	Rødvig Møbler	SKU-1006	USB-C Dock	Accessories	4	1580,25	retail
00001962	20240731	C1239	Mäkinen Toimisto	SKU-1004	Mechanical Keyboard	Peripherals	6	1248,11	partner
00001963	20240303	C1011	Søndergaard A/S	SKU-1003	Monitor Arm Dual	Accessories	5	1002,88	partner
00001964	20241214	C1362	Uppsala Interiör	SKU-1010	Desk Lamp LED	Furniture	1	556,23	partner
00001965	20250930	C1380	Trondheim Utstyr	SKU-1006	USB-C Dock	Accessories	8	1570,84	direct
00001966	20250706	C1394	Hämäläinen Oy	SKU-1002	Standing Desk 140cm	Furniture	3	5506,75	partner
00001967	20240614	C1374	Rødvig Møbler	SKU-1008	Laptop Stand Aluminium	Accessories	1	673,72	partner
00001968	20240504	C1362	Dansk Kontormiljø	SKU-1004	Mechanical Keyboard	Peripherals	2	1149,53	online
00001969	20240730	C1399	Kärkkäinen Oy	SKU-1007	Noise Cancelling Headset	Peripherals	11	1792,33	direct
00001970	20241015	C1290	Kärkkäinen Oy	SKU-1010	Desk Lamp LED	Furniture	11	594,45	direct
00001971	20240112	C1150	Kjærstad Utstyr	SKU-1002	Standing Desk 140cm	Furniture	8	5618,17	retail
00001972	20240717	C1168	Dansk Kontormiljø	SKU-1006	USB-C Dock	Accessories	4	1595,51	retail
00001973	20251118	C1055	Jyllands Inventar	SKU-1004	Mechanical Keyboard	Peripherals	6	1130,81	retail
00001974	20250620	C1256	Väisänen Kaluste	SKU-1007	Noise Cancelling Headset	Peripherals	3	2222,77	retail
00001975	20251117	C1193	Rødvig Møbler	SKU-1010	Desk Lamp LED	Furniture	11	563,88	partner
00001976	20251027	C1301	Dansk Kontormiljø	SKU-1001	Ergonomic Desk Chair	Furniture	3	2104,66	direct
00001977	20250112	C1030	Nordström Handel	SKU-1001	Ergonomic Desk Chair	Furniture	8	2356,45	partner
00001978	20240630	C1301	Uppsala Interiör	SKU-1001	Ergonomic Desk Chair	Furniture	3	2232,30	partner
00001979	20240727	C1001	Møller Innredning	SKU-1009	Webcam 1080p	Peripherals	11	741,86	retail
00001980	20240904	C1015	Rødvig Møbler	SKU-1005	27in 4K Monitor	Displays	7	4376,13	partner
00001981	20250311	C1181	Väisänen Kaluste	SKU-1008	Laptop Stand Aluminium	Accessories	11	642,34	direct
00001982	20250820	C1208	Rødvig Møbler	SKU-1005	27in 4K Monitor	Displays	9	4885,63	partner
00001983	20240917	C1361	Ålesund Kontor	SKU-1001	Ergonomic Desk Chair	Furniture	4	2724,31	retail
00001984	20240911	C1163	Ålesund Kontor	SKU-1010	Desk Lamp LED	Furniture	12	548,99	partner
00001985	20241215	C1001	Mäkinen Toimisto	SKU-1001	Ergonomic Desk Chair	Furniture	2	2199,17	direct
00001986	20241110	C1084	Søndergaard A/S	SKU-1008	Laptop Stand Aluminium	Accessories	3	690,08	retail
00001987	20250712	C1096	Uppsala Interiör	SKU-1002	Standing Desk 140cm	Furniture	11	4587,57	retail
00001988	20240308	C1366	Mäkinen Toimisto	SKU-1009	Webcam 1080p	Peripherals	1	859,85	direct
00001989	20240202	C1366	Rødvig Møbler	SKU-1009	Webcam 1080p	Peripherals	5	841,10	partner
00001990	20240517	C1397	Kärkkäinen Oy	SKU-1007	Noise Cancelling Headset	Peripherals	11	2374,60	online
00001991	20240322	C1335	Ålesund Kontor	SKU-1002	Standing Desk 140cm	Furniture	11	4828,85	partner
00001992	20240515	C1213	Hämäläinen Oy	SKU-1007	Noise Cancelling Headset	Peripherals	4	2079,53	retail
00001993	20240118	C1068	Rødvig Møbler	SKU-1009	Webcam 1080p	Peripherals	7	677,70	direct
00001994	20250601	C1025	Lindqvist AB	SKU-1009	Webcam 1080p	Peripherals	11	773,75	partner
00001995	20240909	C1374	Uppsala Interiör	SKU-1003	Monitor Arm Dual	Accessories	11	850,40	partner
00001996	20251107	C1304	Väisänen Kaluste	SKU-1007	Noise Cancelling Headset	Peripherals	11	2173,26	online
00001997	20250519	C1054	Kärkkäinen Oy	SKU-1004	Mechanical Keyboard	Peripherals	9	1061,91	direct
00001998	20250422	C1259	Ålesund Kontor	SKU-1008	Laptop Stand Aluminium	Accessories	11	606,74	partner
00001999	20250303	C1055	Uppsala Interiör	SKU-1009	Webcam 1080p	Peripherals	10	716,63	online
00002000	20240705	C1271	Nordström Handel	SKU-1003	Monitor Arm Dual	Accessories	8	820,17	direct
00002001	20250707	C1306	Lindqvist AB	SKU-1008	Laptop Stand Aluminium	Accessories	3	551,35	partner
00002002	20240410	C1318	Ålesund Kontor	SKU-1003	Monitor Arm Dual	Accessories	1	877,39	retail
00002003	20241231	C1216	Rødvig Møbler	SKU-1006	USB-C Dock	Accessories	4	1499,51	retail
00002004	20250510	C1093	Kärkkäinen Oy	SKU-1006	USB-C Dock	Accessories	5	1948,48	online
00002005	20250304	C1324	Kjærstad Utstyr	SKU-1007	Noise Cancelling Headset	Peripherals	5	1879,81	direct
00002006	20241117	C1388	Søndergaard A/S	SKU-1008	Laptop Stand Aluminium	Accessories	7	679,03	online
00002007	20251218	C1187	Kjærstad Utstyr	SKU-1002	Standing Desk 140cm	Furniture	10	5785,30	partner
00002008	20240117	C1106	Rødvig Møbler	SKU-1008	Laptop Stand Aluminium	Accessories	3	690,24	direct
00002009	20240223	C1021	Trondheim Utstyr	SKU-1006	USB-C Dock	Accessories	2	1544,30	retail
00002010	20240115	C1036	Väisänen Kaluste	SKU-1003	Monitor Arm Dual	Accessories	5	788,18	retail
00002011	20250307	C1333	Jyllands Inventar	SKU-1005	27in 4K Monitor	Displays	12	4264,14	partner
00002012	20250727	C1311	Väisänen Kaluste	SKU-1008	Laptop Stand Aluminium	Accessories	1	651,68	online
00002013	20240203	C1152	Jyllands Inventar	SKU-1003	Monitor Arm Dual	Accessories	6	905,80	partner
00002014	20240210	C1287	Uppsala Interiör	SKU-1001	Ergonomic Desk Chair	Furniture	3	2151,85	direct
00002015	20240717	C1032	Søndergaard A/S	SKU-1005	27in 4K Monitor	Displays	11	4905,64	retail
00002016	20240815	C1376	Dansk Kontormiljø	SKU-1007	Noise Cancelling Headset	Peripherals	2	2089,07	online
00002017	20240223	C1311	Väisänen Kaluste	SKU-1006	USB-C Dock	Accessories	4	1535,86	direct
00002018	20250817	C1268	Trondheim Utstyr	SKU-1006	USB-C Dock	Accessories	12	1636,75	partner
00002019	20250509	C1193	Rødvig Møbler	SKU-1007	Noise Cancelling Headset	Peripherals	5	1863,93	online
00002020	20240521	C1075	Uppsala Interiör	SKU-1009	Webcam 1080p	Peripherals	8	832,96	direct
00002021	20240825	C1043	Mäkinen Toimisto	SKU-1009	Webcam 1080p	Peripherals	5	745,93	partner
00002022	20240222	C1318	Lindqvist AB	SKU-1003	Monitor Arm Dual	Accessories	5	860,04	partner
00002023	20240523	C1244	Kjærstad Utstyr	SKU-1007	Noise Cancelling Headset	Peripherals	-1	2224,66	partner
00002024	20240614	C1316	Kärkkäinen Oy	SKU-1010	Desk Lamp LED	Furniture	9	500,96	online
00002025	20250105	C1242	Kjærstad Utstyr	SKU-1004	Mechanical Keyboard	Peripherals	3	1147,76	online
00002026	20240129	C1251	Trondheim Utstyr	SKU-1006	USB-C Dock	Accessories	5	1562,63	partner
00002027	20250206	C1156	Hämäläinen Oy	SKU-1007	Noise Cancelling Headset	Peripherals	12	1988,12	direct
00002028	20240505	C1286	Kjærstad Utstyr	SKU-1008	Laptop Stand Aluminium	Accessories	-2	603,64	direct
00002029	20251017	C1160	Lindqvist AB	SKU-1005	27in 4K Monitor	Displays	3	3679,32	retail
00002030	20250307	C1201	Kärkkäinen Oy	SKU-1005	27in 4K Monitor	Displays	5	4098,24	partner
00002031	20240410	C1307	Mäkinen Toimisto	SKU-1009	Webcam 1080p	Peripherals	8	670,40	partner
00002032	20240618	C1246	Jyllands Inventar	SKU-1006	USB-C Dock	Accessories	4	1849,60	direct
00002033	20250829	C1155	Ålesund Kontor	SKU-1005	27in 4K Monitor	Displays	5	3876,54	partner
00002034	20240429	C1057	Ålesund Kontor	SKU-1006	USB-C Dock	Accessories	8	1959,23	partner
00002035	20240614	C1213	Hämäläinen Oy	SKU-1008	Laptop Stand Aluminium	Accessories	-2	548,65	direct
00002036	20241007	C1253	Hämäläinen Oy	SKU-1004	Mechanical Keyboard	Peripherals	7	1256,32	partner
00002037	20240709	C1311	Lindqvist AB	SKU-1010	Desk Lamp LED	Furniture	11	539,61	partner
00002038	20240130	C1339	Møller Innredning	SKU-1003	Monitor Arm Dual	Accessories	8	762,41	partner
00002039	20250524	C1083	Trondheim Utstyr	SKU-1010	Desk Lamp LED	Furniture	11	538,14	online
00002040	20240719	C1243	Lindqvist AB	SKU-1010	Desk Lamp LED	Furniture	3	454,63	partner
00002041	20250108	C1352	Uppsala Interiör	SKU-1001	Ergonomic Desk Chair	Furniture	5	2041,45	online
00002042	20240416	C1250	Väisänen Kaluste	SKU-1009	Webcam 1080p	Peripherals	1	664,49	retail
00002043	20251214	C1196	Ålesund Kontor	SKU-1005	27in 4K Monitor	Displays	2	4601,63	direct
00002044	20241231	C1334	Mäkinen Toimisto	SKU-1002	Standing Desk 140cm	Furniture	5	5476,99	direct
00002045	20241224	C1068	Kärkkäinen Oy	SKU-1003	Monitor Arm Dual	Accessories	8	926,57	direct
00002046	20240808	C1343	Kärkkäinen Oy	SKU-1004	Mechanical Keyboard	Peripherals	-3	1274,48	partner
00002047	20251206	C1292	Hämäläinen Oy	SKU-1002	Standing Desk 140cm	Furniture	11	4542,41	online
00002048	20251223	C1242	Kärkkäinen Oy	SKU-1001	Ergonomic Desk Chair	Furniture	11	2178,70	partner
00002049	20240823	C1212	Mäkinen Toimisto	SKU-1003	Monitor Arm Dual	Accessories	6	773,79	direct
00002050	20240105	C1139	Nordström Handel	SKU-1008	Laptop Stand Aluminium	Accessories	2	584,59	online
00002051	20250225	C1082	Ålesund Kontor	SKU-1003	Monitor Arm Dual	Accessories	4	893,63	partner
00002052	20240630	C1055	Mäkinen Toimisto	SKU-1008	Laptop Stand Aluminium	Accessories	8	689,61	direct
00002053	20250228	C1108	Ålesund Kontor	SKU-1004	Mechanical Keyboard	Peripherals	1	1292,49	online
00002054	20240712	C1308	Väisänen Kaluste	SKU-1008	Laptop Stand Aluminium	Accessories	11	648,31	direct
00002055	20250331	C1058	Rødvig Møbler	SKU-1001	Ergonomic Desk Chair	Furniture	6	2758,16	online
00002056	20241130	C1321	Dansk Kontormiljø	SKU-1004	Mechanical Keyboard	Peripherals	3	1125,31	retail
00002057	20240324	C1157	Väisänen Kaluste	SKU-1001	Ergonomic Desk Chair	Furniture	11	2218,92	direct
00002058	20240109	C1127	Møller Innredning	SKU-1008	Laptop Stand Aluminium	Accessories	8	562,88	online
00002059	20251221	C1022	Jyllands Inventar	SKU-1010	Desk Lamp LED	Furniture	12	491,67	online
00002060	20251130	C1110	Jyllands Inventar	SKU-1006	USB-C Dock	Accessories	6	1514,30	retail
00002061	20250815	C1062	Bergström & Söner	SKU-1008	Laptop Stand Aluminium	Accessories	8	710,99	retail
00002062	20250413	C1246	Jyllands Inventar	SKU-1005	27in 4K Monitor	Displays	12	4031,06	retail
00002063	20240604	C1007	Lindqvist AB	SKU-1001	Ergonomic Desk Chair	Furniture	3	2278,79	direct
00002064	20241118	C1050	Uppsala Interiör	SKU-1010	Desk Lamp LED	Furniture	4	592,90	retail
00002065	20250119	C1327	Søndergaard A/S	SKU-1004	Mechanical Keyboard	Peripherals	11	1151,17	partner
00002066	20250820	C1311	Hämäläinen Oy	SKU-1001	Ergonomic Desk Chair	Furniture	2	2511,34	online
00002067	20240106	C1032	Mäkinen Toimisto	SKU-1008	Laptop Stand Aluminium	Accessories	11	549,06	online
00002068	20250430	C1009	Nordström Handel	SKU-1001	Ergonomic Desk Chair	Furniture	2	2543,94	direct
00002069	20240527	C1275	Dansk Kontormiljø	SKU-1007	Noise Cancelling Headset	Peripherals	4	1790,12	retail
00002070	20250202	C1307	Jyllands Inventar	SKU-1008	Laptop Stand Aluminium	Accessories	11	565,32	direct
00002071	20240115	C1389	Uppsala Interiör	SKU-1009	Webcam 1080p	Peripherals	10	840,73	retail
00002072	20250330	C1238	Jyllands Inventar	SKU-1002	Standing Desk 140cm	Furniture	12	5110,55	direct
00002073	20241220	C1242	Rødvig Møbler	SKU-1001	Ergonomic Desk Chair	Furniture	7	2109,69	-
00002074	20250609	C1390	Ålesund Kontor	SKU-1007	Noise Cancelling Headset	Peripherals	10	1908,12	direct
00002075	20240509	C1217	Dansk Kontormiljø	SKU-1006	USB-C Dock	Accessories	1	1646,05	online
00002076	20240912	C1042	Jyllands Inventar	SKU-1009	Webcam 1080p	Peripherals	5	741,24	partner
00002077	20240803	C1026	Bergström & Söner	SKU-1001	Ergonomic Desk Chair	Furniture	9	2541,43	direct
00002078	20240604	C1360	Nordström Handel	SKU-1006	USB-C Dock	Accessories	2	1688,31	direct
00002079	20250607	C1201	Trondheim Utstyr	SKU-1009	Webcam 1080p	Peripherals	11	806,02	online
00002080	20240428	C1182	Jyllands Inventar	SKU-1010	Desk Lamp LED	Furniture	6	525,43	direct
00002081	20241020	C1000	Ålesund Kontor	SKU-1004	Mechanical Keyboard	Peripherals	12	1227,45	direct
00002082	20251226	C1385	Uppsala Interiör	SKU-1005	27in 4K Monitor	Displays	3	4066,10	direct
00002083	20240907	C1044	Kärkkäinen Oy	SKU-1002	Standing Desk 140cm	Furniture	8	5253,05	direct
00002084	20241116	C1366	Dansk Kontormiljø	SKU-1003	Monitor Arm Dual	Accessories	12	786,01	direct
00002085	20241011	C1397	Bergström & Söner	SKU-1008	Laptop Stand Aluminium	Accessories	6	696,04	retail
00002086	20250126	C1124	Søndergaard A/S	SKU-1004	Mechanical Keyboard	Peripherals	4	1181,00	online
00002087	20250429	C1074	Hämäläinen Oy	SKU-1006	USB-C Dock	Accessories	1	1869,37	direct
00002088	20240518	C1211	Lindqvist AB	SKU-1008	Laptop Stand Aluminium	Accessories	3	644,05	direct
00002089	20240220	C1342	Uppsala Interiör	SKU-1002	Standing Desk 140cm	Furniture	12	5374,47	-
00002090	20251107	C1231	Jyllands Inventar	SKU-1006	USB-C Dock	Accessories	2	1883,57	online
00002091	20241121	C1201	Väisänen Kaluste	SKU-1007	Noise Cancelling Headset	Peripherals	4	1915,53	direct
00002092	20251112	C1300	Møller Innredning	SKU-1007	Noise Cancelling Headset	Peripherals	7	2379,55	online
00002093	20250501	C1370	Jyllands Inventar	SKU-1010	Desk Lamp LED	Furniture	11	493,09	retail
00002094	20250819	C1318	Trondheim Utstyr	SKU-1002	Standing Desk 140cm	Furniture	10	4999,91	online
00002095	20240925	C1358	Rødvig Møbler	SKU-1005	27in 4K Monitor	Displays	9	3795,74	direct
00002096	20240501	C1098	Lindqvist AB	SKU-1009	Webcam 1080p	Peripherals	2	717,53	retail
00002097	20251027	C1281	Jyllands Inventar	SKU-1010	Desk Lamp LED	Furniture	6	591,49	direct
00002098	20240824	C1227	Kjærstad Utstyr	SKU-1006	USB-C Dock	Accessories	8	1955,14	online
00002099	20240104	C1059	Jyllands Inventar	SKU-1001	Ergonomic Desk Chair	Furniture	11	2067,97	partner
00002100	20250627	C1140	Nordström Handel	SKU-1002	Standing Desk 140cm	Furniture	1	5228,59	retail
00002101	20251119	C1195	Lindqvist AB	SKU-1007	Noise Cancelling Headset	Peripherals	10	2106,34	direct
00002102	20240727	C1293	Kärkkäinen Oy	SKU-1006	USB-C Dock	Accessories	1	1937,14	partner
00002103	20251210	C1390	Jyllands Inventar	SKU-1010	Desk Lamp LED	Furniture	12	568,69	retail
00002104	20251029	C1163	Hämäläinen Oy	SKU-1010	Desk Lamp LED	Furniture	2	530,19	-
00002105	20250511	C1301	Møller Innredning	SKU-1008	Laptop Stand Aluminium	Accessories	9	652,49	direct
00002106	20250916	C1385	Kjærstad Utstyr	SKU-1008	Laptop Stand Aluminium	Accessories	3	623,35	direct
00002107	20240124	C1152	Dansk Kontormiljø	SKU-1008	Laptop Stand Aluminium	Accessories	2	632,55	partner
00002108	20240128	C1098	Dansk Kontormiljø	SKU-1010	Desk Lamp LED	Furniture	5	508,60	partner
00002109	20240124	C1051	Jyllands Inventar	SKU-1001	Ergonomic Desk Chair	Furniture	7	2539,88	partner
00002110	20241224	C1148	Jyllands Inventar	SKU-1007	Noise Cancelling Headset	Peripherals	11	2114,94	online
00002111	20250302	C1210	Mäkinen Toimisto	SKU-1003	Monitor Arm Dual	Accessories	1	909,93	retail
00002112	20240724	C1168	Møller Innredning	SKU-1009	Webcam 1080p	Peripherals	8	690,90	partner
00002113	20240127	C1288	Kärkkäinen Oy	SKU-1002	Standing Desk 140cm	Furniture	4	4744,56	online
00002114	20250423	C1200	Møller Innredning	SKU-1003	Monitor Arm Dual	Accessories	7	791,38	direct
00002115	20251020	C1129	Uppsala Interiör	SKU-1005	27in 4K Monitor	Displays	12	4633,34	online
00002116	20240704	C1126	Hämäläinen Oy	SKU-1003	Monitor Arm Dual	Accessories	2	843,44	retail
00002117	20250813	C1184	Mäkinen Toimisto	SKU-1007	Noise Cancelling Headset	Peripherals	5	1859,32	online
00002118	20240609	C1149	Kärkkäinen Oy	SKU-1010	Desk Lamp LED	Furniture	3	513,84	partner
00002119	20250713	C1387	Rødvig Møbler	SKU-1008	Laptop Stand Aluminium	Accessories	12	664,63	retail
00002120	20251117	C1136	Uppsala Interiör	SKU-1003	Monitor Arm Dual	Accessories	9	958,20	online
00002121	20240715	C1080	Mäkinen Toimisto	SKU-1001	Ergonomic Desk Chair	Furniture	1	2191,95	online
00002122	20240914	C1326	Bergström & Söner	SKU-1008	Laptop Stand Aluminium	Accessories	2	652,98	direct
00002123	20241202	C1205	Bergström & Söner	SKU-1001	Ergonomic Desk Chair	Furniture	12	2170,17	retail
00002124	20251208	C1183	Møller Innredning	SKU-1008	Laptop Stand Aluminium	Accessories	-2	610,26	online
00002125	20250515	C1335	Søndergaard A/S	SKU-1002	Standing Desk 140cm	Furniture	1	4601,87	retail
00002126	20240404	C1155	Bergström & Söner	SKU-1004	Mechanical Keyboard	Peripherals	4	1043,39	direct
00002127	20250227	C1379	Väisänen Kaluste	SKU-1010	Desk Lamp LED	Furniture	12	556,48	retail
00002128	20240911	C1178	Kjærstad Utstyr	SKU-1005	27in 4K Monitor	Displays	4	4021,51	online
00002129	20250906	C1398	Ålesund Kontor	SKU-1009	Webcam 1080p	Peripherals	5	676,61	retail
00002130	20240629	C1107	Jyllands Inventar	SKU-1005	27in 4K Monitor	Displays	12	4285,81	online
00002131	20250524	C1011	Kjærstad Utstyr	SKU-1005	27in 4K Monitor	Displays	-3	4913,97	direct
00002132	20240509	C1295	Väisänen Kaluste	SKU-1003	Monitor Arm Dual	Accessories	3	904,73	partner
00002133	20240815	C1160	Søndergaard A/S	SKU-1003	Monitor Arm Dual	Accessories	7	969,53	retail
00002134	20241217	C1346	Mäkinen Toimisto	SKU-1002	Standing Desk 140cm	Furniture	3	5255,13	direct
00002135	20240103	C1045	Jyllands Inventar	SKU-1001	Ergonomic Desk Chair	Furniture	8	2169,86	retail
00002136	20240223	C1164	Ålesund Kontor	SKU-1010	Desk Lamp LED	Furniture	9	461,19	partner
00002137	20251215	C1223	Bergström & Söner	SKU-1009	Webcam 1080p	Peripherals	5	688,35	online
00002138	20251125	C1004	Rødvig Møbler	SKU-1007	Noise Cancelling Headset	Peripherals	11	1884,26	direct
00002139	20241212	C1121	Ålesund Kontor	SKU-1007	Noise Cancelling Headset	Peripherals	12	2190,17	direct
00002140	20240424	C1085	Väisänen Kaluste	SKU-1004	Mechanical Keyboard	Peripherals	3	1001,59	partner
00002141	20250625	C1305	Uppsala Interiör	SKU-1009	Webcam 1080p	Peripherals	9	828,39	partner
00002142	20240829	C1161	Nordström Handel	SKU-1006	USB-C Dock	Accessories	12	1625,72	direct
00002143	20251231	C1388	Trondheim Utstyr	SKU-1009	Webcam 1080p	Peripherals	11	887,74	direct
00002144	20240402	C1255	Kärkkäinen Oy	SKU-1010	Desk Lamp LED	Furniture	3	500,10	direct
00002145	20240113	C1349	Søndergaard A/S	SKU-1003	Monitor Arm Dual	Accessories	11	823,27	retail
00002146	20240501	C1173	Søndergaard A/S	SKU-1005	27in 4K Monitor	Displays	10	3688,07	online
00002147	20250606	C1288	Kjærstad Utstyr	SKU-1003	Monitor Arm Dual	Accessories	4	943,96	direct
00002148	20241120	C1168	Rødvig Møbler	SKU-1001	Ergonomic Desk Chair	Furniture	12	2085,50	direct
00002149	20250527	C1283	Ålesund Kontor	SKU-1002	Standing Desk 140cm	Furniture	10	5675,28	direct
00002150	20240208	C1252	Ålesund Kontor	SKU-1001	Ergonomic Desk Chair	Furniture	-2	2049,19	direct
00002151	20250728	C1288	Lindqvist AB	SKU-1010	Desk Lamp LED	Furniture	1	463,96	online
00002152	20240224	C1371	Nordström Handel	SKU-1004	Mechanical Keyboard	Peripherals	2	1292,40	online
00002153	20251221	C1297	Hämäläinen Oy	SKU-1008	Laptop Stand Aluminium	Accessories	5	671,76	partner
00002154	20241102	C1156	Nordström Handel	SKU-1003	Monitor Arm Dual	Accessories	11	948,47	-
00002155	20251010	C1342	Trondheim Utstyr	SKU-1002	Standing Desk 140cm	Furniture	11	5203,96	partner
00002156	20240408	C1344	Hämäläinen Oy	SKU-1009	Webcam 1080p	Peripherals	7	706,40	direct
00002157	20250918	C1210	Bergström & Söner	SKU-1002	Standing Desk 140cm	Furniture	11	5226,61	online
00002158	20251215	C1338	Trondheim Utstyr	SKU-1008	Laptop Stand Aluminium	Accessories	3	653,87	direct
00002159	20240905	C1213	Hämäläinen Oy	SKU-1001	Ergonomic Desk Chair	Furniture	-1	2344,93	retail
00002160	20240608	C1350	Mäkinen Toimisto	SKU-1004	Mechanical Keyboard	Peripherals	6	1135,83	partner
00002161	20240112	C1049	Lindqvist AB	SKU-1004	Mechanical Keyboard	Peripherals	2	1140,01	partner
00002162	20250222	C1239	Møller Innredning	SKU-1009	Webcam 1080p	Peripherals	1	792,57	partner
00002163	20250725	C1373	Møller Innredning	SKU-1003	Monitor Arm Dual	Accessories	10	845,65	partner
00002164	20250911	C1275	Trondheim Utstyr	SKU-1005	27in 4K Monitor	Displays	2	4035,14	-
00002165	20240405	C1258	Nordström Handel	SKU-1003	Monitor Arm Dual	Accessories	2	924,74	online
00002166	20240604	C1190	Ålesund Kontor	SKU-1002	Standing Desk 140cm	Furniture	6	4845,72	online
00002167	20250613	C1213	Väisänen Kaluste	SKU-1002	Standing Desk 140cm	Furniture	4	5397,24	retail
00002168	20250312	C1126	Jyllands Inventar	SKU-1004	Mechanical Keyboard	Peripherals	4	1220,71	online
00002169	20250813	C1192	Dansk Kontormiljø	SKU-1007	Noise Cancelling Headset	Peripherals	12	2388,84	retail
00002170	20240704	C1179	Väisänen Kaluste	SKU-1005	27in 4K Monitor	Displays	10	4757,24	-
00002171	20251122	C1290	Mäkinen Toimisto	SKU-1002	Standing Desk 140cm	Furniture	10	4992,20	online
00002172	20240330	C1374	Kjærstad Utstyr	SKU-1001	Ergonomic Desk Chair	Furniture	7	2655,06	online
00002173	20250518	C1009	Nordström Handel	SKU-1001	Ergonomic Desk Chair	Furniture	11	2600,56	partner
00002174	20240731	C1214	Hämäläinen Oy	SKU-1001	Ergonomic Desk Chair	Furniture	1	2757,16	direct
00002175	20240505	C1137	Kärkkäinen Oy	SKU-1006	USB-C Dock	Accessories	5	1686,01	retail
00002176	20250423	C1181	Søndergaard A/S	SKU-1007	Noise Cancelling Headset	Peripherals	2	2017,77	retail
00002177	20241220	C1090	Bergström & Söner	SKU-1002	Standing Desk 140cm	Furniture	6	5411,84	retail
00002178	20250613	C1239	Väisänen Kaluste	SKU-1001	Ergonomic Desk Chair	Furniture	4	2073,36	online
00002179	20250223	C1176	Dansk Kontormiljø	SKU-1005	27in 4K Monitor	Displays	6	3873,29	partner
00002180	20240323	C1320	Kärkkäinen Oy	SKU-1007	Noise Cancelling Headset	Peripherals	6	2331,88	retail
00002181	20251005	C1001	Väisänen Kaluste	SKU-1001	Ergonomic Desk Chair	Furniture	8	2335,71	retail
00002182	20240130	C1175	Rødvig Møbler	SKU-1005	27in 4K Monitor	Displays	11	3779,45	online
00002183	20250907	C1198	Rødvig Møbler	SKU-1008	Laptop Stand Aluminium	Accessories	12	608,80	online
00002184	20240316	C1013	Lindqvist AB	SKU-1008	Laptop Stand Aluminium	Accessories	10	718,67	direct
00002185	20250702	C1181	Kjærstad Utstyr	SKU-1004	Mechanical Keyboard	Peripherals	3	1026,74	online
00002186	20251102	C1109	Dansk Kontormiljø	SKU-1009	Webcam 1080p	Peripherals	1	855,96	retail
00002187	20251230	C1004	Trondheim Utstyr	SKU-1009	Webcam 1080p	Peripherals	9	840,46	online
00002188	20250518	C1364	Uppsala Interiör	SKU-1001	Ergonomic Desk Chair	Furniture	6	2493,46	direct
00002189	20240530	C1204	Nordström Handel	SKU-1003	Monitor Arm Dual	Accessories	11	956,71	online
00002190	20240813	C1267	Kärkkäinen Oy	SKU-1009	Webcam 1080p	Peripherals	1	891,27	online
00002191	20250417	C1382	Søndergaard A/S	SKU-1005	27in 4K Monitor	Displays	4	3812,60	partner
00002192	20240819	C1159	Dansk Kontormiljø	SKU-1002	Standing Desk 140cm	Furniture	12	4600,21	retail
00002193	20250622	C1091	Nordström Handel	SKU-1004	Mechanical Keyboard	Peripherals	2	1174,48	retail
00002194	20250613	C1396	Kärkkäinen Oy	SKU-1008	Laptop Stand Aluminium	Accessories	4	706,80	direct
00002195	20250411	C1349	Hämäläinen Oy	SKU-1004	Mechanical Keyboard	Peripherals	9	1156,98	direct
00002196	20240320	C1045	Lindqvist AB	SKU-1010	Desk Lamp LED	Furniture	6	499,26	direct
00002197	20250506	C1044	Trondheim Utstyr	SKU-1003	Monitor Arm Dual	Accessories	-3	766,53	partner
00002198	20250620	C1317	Jyllands Inventar	SKU-1004	Mechanical Keyboard	Peripherals	8	1273,60	retail
00002199	20240124	C1135	Søndergaard A/S	SKU-1007	Noise Cancelling Headset	Peripherals	10	2274,81	partner
00002200	20250805	C1346	Kjærstad Utstyr	SKU-1007	Noise Cancelling Headset	Peripherals	3	2190,17	retail
00002201	20250806	C1279	Väisänen Kaluste	SKU-1008	Laptop Stand Aluminium	Accessories	8	563,65	online
00002202	20241009	C1190	Mäkinen Toimisto	SKU-1003	Monitor Arm Dual	Accessories	6	883,18	online
00002203	20250226	C1255	Trondheim Utstyr	SKU-1007	Noise Cancelling Headset	Peripherals	5	2071,46	partner
00002204	20250906	C1250	Søndergaard A/S	SKU-1002	Standing Desk 140cm	Furniture	5	4493,58	retail
00002205	20240327	C1038	Bergström & Söner	SKU-1009	Webcam 1080p	Peripherals	8	777,92	partner
00002206	20240608	C1270	Ålesund Kontor	SKU-1005	27in 4K Monitor	Displays	10	4259,22	partner
00002207	20240723	C1194	Kärkkäinen Oy	SKU-1006	USB-C Dock	Accessories	10	1873,76	partner
00002208	20240120	C1272	Lindqvist AB	SKU-1009	Webcam 1080p	Peripherals	6	672,63	partner
00002209	20240710	C1119	Hämäläinen Oy	SKU-1005	27in 4K Monitor	Displays	4	3848,89	direct
00002210	20251022	C1294	Lindqvist AB	SKU-1008	Laptop Stand Aluminium	Accessories	9	642,05	direct
00002211	20240719	C1336	Dansk Kontormiljø	SKU-1003	Monitor Arm Dual	Accessories	4	923,31	online
00002212	20250928	C1147	Hämäläinen Oy	SKU-1004	Mechanical Keyboard	Peripherals	1	1013,33	retail
00002213	20250521	C1145	Lindqvist AB	SKU-1003	Monitor Arm Dual	Accessories	-1	832,91	partner
00002214	20250313	C1347	Ålesund Kontor	SKU-1001	Ergonomic Desk Chair	Furniture	-1	2045,28	online
00002215	20240405	C1227	Ålesund Kontor	SKU-1005	27in 4K Monitor	Displays	5	4377,32	direct
00002216	20240621	C1371	Bergström & Söner	SKU-1008	Laptop Stand Aluminium	Accessories	4	691,33	direct
00002217	20251009	C1111	Uppsala Interiör	SKU-1008	Laptop Stand Aluminium	Accessories	9	586,67	online
00002218	20250411	C1237	Ålesund Kontor	SKU-1009	Webcam 1080p	Peripherals	-2	776,71	partner
00002219	20250205	C1221	Hämäläinen Oy	SKU-1007	Noise Cancelling Headset	Peripherals	5	1932,62	partner
00002220	20241227	C1243	Bergström & Söner	SKU-1010	Desk Lamp LED	Furniture	5	538,60	retail
00002221	20251222	C1209	Kjærstad Utstyr	SKU-1002	Standing Desk 140cm	Furniture	12	4846,49	direct
00002222	20251026	C1357	Lindqvist AB	SKU-1008	Laptop Stand Aluminium	Accessories	1	600,34	online
00002223	20240101	C1203	Kjærstad Utstyr	SKU-1010	Desk Lamp LED	Furniture	2	507,43	online
00002224	20250919	C1097	Trondheim Utstyr	SKU-1005	27in 4K Monitor	Displays	-1	4819,04	partner
00002225	20240419	C1275	Uppsala Interiör	SKU-1009	Webcam 1080p	Peripherals	10	777,66	direct
00002226	20241001	C1276	Dansk Kontormiljø	SKU-1003	Monitor Arm Dual	Accessories	11	974,48	online
00002227	20251206	C1027	Søndergaard A/S	SKU-1008	Laptop Stand Aluminium	Accessories	11	560,08	-
00002228	20241114	C1311	Jyllands Inventar	SKU-1009	Webcam 1080p	Peripherals	7	694,23	retail
00002229	20251213	C1317	Hämäläinen Oy	SKU-1008	Laptop Stand Aluminium	Accessories	2	662,19	direct
00002230	20250417	C1046	Kjærstad Utstyr	SKU-1008	Laptop Stand Aluminium	Accessories	11	573,27	direct
00002231	20240112	C1164	Hämäläinen Oy	SKU-1003	Monitor Arm Dual	Accessories	4	773,70	partner
00002232	20250712	C1273	Lindqvist AB	SKU-1009	Webcam 1080p	Peripherals	10	709,66	partner
00002233	20240626	C1107	Jyllands Inventar	SKU-1010	Desk Lamp LED	Furniture	2	538,45	direct
00002234	20240331	C1373	Jyllands Inventar	SKU-1001	Ergonomic Desk Chair	Furniture	6	2108,80	partner
00002235	20241006	C1077	Mäkinen Toimisto	SKU-1002	Standing Desk 140cm	Furniture	-2	5276,83	retail
00002236	20241208	C1223	Jyllands Inventar	SKU-1006	USB-C Dock	Accessories	2	1675,27	partner
00002237	20240207	C1353	Trondheim Utstyr	SKU-1005	27in 4K Monitor	Displays	12	4933,38	direct
00002238	20240627	C1251	Rødvig Møbler	SKU-1007	Noise Cancelling Headset	Peripherals	7	2253,78	online
00002239	20250907	C1187	Søndergaard A/S	SKU-1010	Desk Lamp LED	Furniture	3	542,88	direct
00002240	20240829	C1047	Lindqvist AB	SKU-1008	Laptop Stand Aluminium	Accessories	8	720,24	direct
00002241	20250601	C1214	Bergström & Söner	SKU-1002	Standing Desk 140cm	Furniture	11	5388,01	direct
00002242	20240508	C1194	Mäkinen Toimisto	SKU-1006	USB-C Dock	Accessories	9	1941,72	online
00002243	20250620	C1369	Nordström Handel	SKU-1001	Ergonomic Desk Chair	Furniture	1	2162,94	online
00002244	20250514	C1349	Søndergaard A/S	SKU-1001	Ergonomic Desk Chair	Furniture	5	2393,70	online
00002245	20250405	C1279	Mäkinen Toimisto	SKU-1003	Monitor Arm Dual	Accessories	2	1001,10	retail
00002246	20240519	C1247	Rødvig Møbler	SKU-1006	USB-C Dock	Accessories	8	1918,93	partner
00002247	20240828	C1143	Hämäläinen Oy	SKU-1005	27in 4K Monitor	Displays	12	4054,25	retail
00002248	20250630	C1290	Bergström & Söner	SKU-1001	Ergonomic Desk Chair	Furniture	1	2305,14	online
00002249	20250711	C1323	Møller Innredning	SKU-1009	Webcam 1080p	Peripherals	-1	843,87	partner
00002250	20251202	C1106	Jyllands Inventar	SKU-1007	Noise Cancelling Headset	Peripherals	11	1864,25	direct
00002251	20240108	C1060	Rødvig Møbler	SKU-1009	Webcam 1080p	Peripherals	9	836,84	partner
00002252	20241017	C1024	Kärkkäinen Oy	SKU-1006	USB-C Dock	Accessories	1	1770,51	partner
00002253	20250824	C1099	Rødvig Møbler	SKU-1003	Monitor Arm Dual	Accessories	3	947,62	partner
00002254	20240427	C1377	Lindqvist AB	SKU-1002	Standing Desk 140cm	Furniture	9	5615,27	retail
00002255	20241012	C1206	Jyllands Inventar	SKU-1003	Monitor Arm Dual	Accessories	11	836,84	direct
00002256	20241110	C1256	Väisänen Kaluste	SKU-1007	Noise Cancelling Headset	Peripherals	10	1905,02	partner
00002257	20250627	C1345	Mäkinen Toimisto	SKU-1007	Noise Cancelling Headset	Peripherals	5	2182,58	online
00002258	20250320	C1295	Nordström Handel	SKU-1006	USB-C Dock	Accessories	10	1888,66	online
00002259	20240424	C1296	Bergström & Söner	SKU-1004	Mechanical Keyboard	Peripherals	5	1040,05	direct
00002260	20240808	C1315	Mäkinen Toimisto	SKU-1005	27in 4K Monitor	Displays	9	4525,81	direct
00002261	20240407	C1231	Jyllands Inventar	SKU-1005	27in 4K Monitor	Displays	3	4243,00	direct
00002262	20241115	C1076	Søndergaard A/S	SKU-1008	Laptop Stand Aluminium	Accessories	4	632,92	direct
00002263	20251027	C1235	Mäkinen Toimisto	SKU-1005	27in 4K Monitor	Displays	3	3938,42	retail
00002264	20250320	C1220	Rødvig Møbler	SKU-1007	Noise Cancelling Headset	Peripherals	-2	2300,00	direct
00002265	20250729	C1297	Kjærstad Utstyr	SKU-1010	Desk Lamp LED	Furniture	7	562,04	-
00002266	20240913	C1345	Hämäläinen Oy	SKU-1005	27in 4K Monitor	Displays	3	4557,14	partner
00002267	20250311	C1148	Kärkkäinen Oy	SKU-1003	Monitor Arm Dual	Accessories	2	866,09	retail
00002268	20240525	C1068	Søndergaard A/S	SKU-1007	Noise Cancelling Headset	Peripherals	1	1881,14	retail
00002269	20240916	C1100	Møller Innredning	SKU-1004	Mechanical Keyboard	Peripherals	3	1079,15	retail
00002270	20240416	C1169	Dansk Kontormiljø	SKU-1009	Webcam 1080p	Peripherals	5	705,76	partner
00002271	20250403	C1321	Ålesund Kontor	SKU-1010	Desk Lamp LED	Furniture	5	471,04	online
00002272	20240514	C1126	Nordström Handel	SKU-1009	Webcam 1080p	Peripherals	12	862,70	direct
00002273	20240217	C1241	Kjærstad Utstyr	SKU-1007	Noise Cancelling Headset	Peripherals	5	2317,23	online
00002274	20250908	C1349	Mäkinen Toimisto	SKU-1010	Desk Lamp LED	Furniture	2	456,81	partner
00002275	20240825	C1347	Trondheim Utstyr	SKU-1010	Desk Lamp LED	Furniture	3	557,01	online
00002276	20250719	C1193	Ålesund Kontor	SKU-1001	Ergonomic Desk Chair	Furniture	1	2462,05	retail
00002277	20241213	C1120	Kjærstad Utstyr	SKU-1007	Noise Cancelling Headset	Peripherals	2	2306,72	direct
00002278	20240721	C1268	Jyllands Inventar	SKU-1006	USB-C Dock	Accessories	2	1898,15	retail
00002279	20250814	C1283	Trondheim Utstyr	SKU-1002	Standing Desk 140cm	Furniture	4	4552,22	online
00002280	20240818	C1151	Nordström Handel	SKU-1009	Webcam 1080p	Peripherals	8	693,26	direct
00002281	20240507	C1111	Väisänen Kaluste	SKU-1009	Webcam 1080p	Peripherals	5	757,24	partner
00002282	20250726	C1015	Mäkinen Toimisto	SKU-1009	Webcam 1080p	Peripherals	1	812,33	online
00002283	20250315	C1353	Kärkkäinen Oy	SKU-1003	Monitor Arm Dual	Accessories	-3	830,99	online
00002284	20250816	C1209	Lindqvist AB	SKU-1001	Ergonomic Desk Chair	Furniture	4	2583,81	online
00002285	20251108	C1088	Ålesund Kontor	SKU-1001	Ergonomic Desk Chair	Furniture	3	2362,06	partner
00002286	20240131	C1197	Hämäläinen Oy	SKU-1006	USB-C Dock	Accessories	1	1541,21	retail
00002287	20250525	C1100	Uppsala Interiör	SKU-1001	Ergonomic Desk Chair	Furniture	2	2381,05	online
00002288	20240901	C1072	Jyllands Inventar	SKU-1003	Monitor Arm Dual	Accessories	8	990,58	direct
00002289	20250119	C1274	Rødvig Møbler	SKU-1010	Desk Lamp LED	Furniture	7	445,84	partner
00002290	20250705	C1059	Lindqvist AB	SKU-1002	Standing Desk 140cm	Furniture	1	4967,89	partner
00002291	20251006	C1246	Kärkkäinen Oy	SKU-1005	27in 4K Monitor	Displays	9	4208,40	retail
00002292	20240222	C1195	Lindqvist AB	SKU-1009	Webcam 1080p	Peripherals	2	783,96	direct
00002293	20250821	C1127	Hämäläinen Oy	SKU-1007	Noise Cancelling Headset	Peripherals	2	2185,70	online
00002294	20250525	C1034	Kärkkäinen Oy	SKU-1005	27in 4K Monitor	Displays	8	4011,09	partner
00002295	20251211	C1061	Kärkkäinen Oy	SKU-1007	Noise Cancelling Headset	Peripherals	5	2202,96	direct
00002296	20250424	C1227	Mäkinen Toimisto	SKU-1003	Monitor Arm Dual	Accessories	5	888,51	online
00002297	20250812	C1104	Trondheim Utstyr	SKU-1008	Laptop Stand Aluminium	Accessories	3	713,85	online
00002298	20250717	C1173	Uppsala Interiör	SKU-1009	Webcam 1080p	Peripherals	8	807,57	partner
00002299	20240417	C1324	Søndergaard A/S	SKU-1001	Ergonomic Desk Chair	Furniture	9	2505,53	direct
00002300	20241022	C1309	Hämäläinen Oy	SKU-1001	Ergonomic Desk Chair	Furniture	10	2055,04	partner
00002301	20240504	C1100	Bergström & Söner	SKU-1010	Desk Lamp LED	Furniture	9	493,70	online
00002302	20250622	C1390	Lindqvist AB	SKU-1007	Noise Cancelling Headset	Peripherals	3	2399,03	direct
00002303	20250923	C1241	Nordström Handel	SKU-1003	Monitor Arm Dual	Accessories	5	978,03	retail
00002304	20241221	C1141	Kjærstad Utstyr	SKU-1003	Monitor Arm Dual	Accessories	8	924,89	partner
00002305	20250521	C1122	Uppsala Interiör	SKU-1008	Laptop Stand Aluminium	Accessories	3	590,94	retail
00002306	20250711	C1267	Søndergaard A/S	SKU-1005	27in 4K Monitor	Displays	11	4635,66	partner
00002307	20250325	C1317	Lindqvist AB	SKU-1005	27in 4K Monitor	Displays	1	4303,65	online
00002308	20250201	C1176	Hämäläinen Oy	SKU-1006	USB-C Dock	Accessories	1	1515,58	retail
00002309	20250804	C1124	Väisänen Kaluste	SKU-1001	Ergonomic Desk Chair	Furniture	-3	2098,05	online
00002310	20251002	C1239	Trondheim Utstyr	SKU-1003	Monitor Arm Dual	Accessories	2	833,21	direct
00002311	20250615	C1295	Hämäläinen Oy	SKU-1005	27in 4K Monitor	Displays	11	4271,07	online
00002312	20250127	C1237	Mäkinen Toimisto	SKU-1007	Noise Cancelling Headset	Peripherals	1	2240,28	direct
00002313	20251205	C1190	Kärkkäinen Oy	SKU-1006	USB-C Dock	Accessories	6	1950,69	retail
00002314	20250328	C1323	Ålesund Kontor	SKU-1005	27in 4K Monitor	Displays	10	4624,51	partner
00002315	20251011	C1088	Lindqvist AB	SKU-1002	Standing Desk 140cm	Furniture	1	5444,85	online
00002316	20250116	C1313	Søndergaard A/S	SKU-1009	Webcam 1080p	Peripherals	8	883,73	retail
00002317	20241013	C1362	Jyllands Inventar	SKU-1009	Webcam 1080p	Peripherals	6	867,95	retail
00002318	20250207	C1298	Hämäläinen Oy	SKU-1002	Standing Desk 140cm	Furniture	11	5394,09	online
00002319	20240831	C1379	Kärkkäinen Oy	SKU-1010	Desk Lamp LED	Furniture	11	563,36	direct
00002320	20240707	C1010	Nordström Handel	SKU-1001	Ergonomic Desk Chair	Furniture	9	2372,70	direct
00002321	20251208	C1361	Lindqvist AB	SKU-1008	Laptop Stand Aluminium	Accessories	-3	581,01	direct
00002322	20240523	C1232	Bergström & Söner	SKU-1009	Webcam 1080p	Peripherals	5	676,83	online
00002323	20250317	C1037	Kärkkäinen Oy	SKU-1009	Webcam 1080p	Peripherals	6	866,07	partner
00002324	20241223	C1234	Trondheim Utstyr	SKU-1001	Ergonomic Desk Chair	Furniture	6	2169,63	direct
00002325	20251031	C1260	Kjærstad Utstyr	SKU-1010	Desk Lamp LED	Furniture	3	470,10	retail
00002326	20250818	C1171	Nordström Handel	SKU-1004	Mechanical Keyboard	Peripherals	5	1027,77	partner
00002327	20250228	C1379	Søndergaard A/S	SKU-1009	Webcam 1080p	Peripherals	3	721,33	retail
00002328	20240828	C1091	Ålesund Kontor	SKU-1007	Noise Cancelling Headset	Peripherals	8	2410,39	direct
00002329	20250821	C1353	Dansk Kontormiljø	SKU-1005	27in 4K Monitor	Displays	11	4942,02	retail
00002330	20240102	C1079	Trondheim Utstyr	SKU-1008	Laptop Stand Aluminium	Accessories	2	586,94	direct
00002331	20241006	C1380	Dansk Kontormiljø	SKU-1004	Mechanical Keyboard	Peripherals	9	1182,42	online
00002332	20240910	C1020	Hämäläinen Oy	SKU-1005	27in 4K Monitor	Displays	10	3822,48	direct
00002333	20241010	C1392	Søndergaard A/S	SKU-1005	27in 4K Monitor	Displays	10	4592,93	direct
00002334	20240622	C1158	Dansk Kontormiljø	SKU-1005	27in 4K Monitor	Displays	12	4331,62	direct
00002335	20240606	C1066	Møller Innredning	SKU-1001	Ergonomic Desk Chair	Furniture	8	2062,75	direct
00002336	20240926	C1122	Møller Innredning	SKU-1001	Ergonomic Desk Chair	Furniture	2	2540,02	direct
00002337	20240218	C1370	Søndergaard A/S	SKU-1008	Laptop Stand Aluminium	Accessories	5	729,03	direct
00002338	20240223	C1090	Uppsala Interiör	SKU-1004	Mechanical Keyboard	Peripherals	5	1116,99	online
00002339	20250702	C1341	Hämäläinen Oy	SKU-1003	Monitor Arm Dual	Accessories	4	954,06	-
00002340	20240623	C1178	Nordström Handel	SKU-1006	USB-C Dock	Accessories	7	1782,48	direct
00002341	20250629	C1084	Uppsala Interiör	SKU-1006	USB-C Dock	Accessories	12	1675,51	online
00002342	20251026	C1144	Dansk Kontormiljø	SKU-1005	27in 4K Monitor	Displays	2	3819,76	online
00002343	20251221	C1289	Mäkinen Toimisto	SKU-1002	Standing Desk 140cm	Furniture	4	5477,94	retail
00002344	20250828	C1164	Trondheim Utstyr	SKU-1004	Mechanical Keyboard	Peripherals	9	1093,44	online
00002345	20240201	C1173	Dansk Kontormiljø	SKU-1007	Noise Cancelling Headset	Peripherals	6	2399,49	retail
00002346	20250612	C1238	Mäkinen Toimisto	SKU-1003	Monitor Arm Dual	Accessories	2	874,23	online
00002347	20241108	C1061	Søndergaard A/S	SKU-1007	Noise Cancelling Headset	Peripherals	2	2292,57	online
00002348	20240901	C1356	Ålesund Kontor	SKU-1006	USB-C Dock	Accessories	6	1540,79	direct
00002349	20240612	C1373	Bergström & Söner	SKU-1005	27in 4K Monitor	Displays	11	4801,27	retail
00002350	20240414	C1265	Dansk Kontormiljø	SKU-1001	Ergonomic Desk Chair	Furniture	12	2715,64	direct
00002351	20250622	C1152	Nordström Handel	SKU-1007	Noise Cancelling Headset	Peripherals	10	2351,71	online
00002352	20250704	C1094	Rødvig Møbler	SKU-1006	USB-C Dock	Accessories	2	1586,67	direct
00002353	20250716	C1302	Ålesund Kontor	SKU-1002	Standing Desk 140cm	Furniture	9	4752,76	direct
00002354	20240709	C1217	Ålesund Kontor	SKU-1005	27in 4K Monitor	Displays	9	4033,31	direct
00002355	20240502	C1025	Møller Innredning	SKU-1007	Noise Cancelling Headset	Peripherals	4	2101,52	retail
00002356	20250224	C1023	Jyllands Inventar	SKU-1002	Standing Desk 140cm	Furniture	6	4716,16	direct
00002357	20241029	C1381	Kärkkäinen Oy	SKU-1007	Noise Cancelling Headset	Peripherals	2	2249,66	retail
00002358	20250227	C1311	Lindqvist AB	SKU-1004	Mechanical Keyboard	Peripherals	10	1269,63	retail
00002359	20240501	C1071	Mäkinen Toimisto	SKU-1007	Noise Cancelling Headset	Peripherals	5	2130,45	partner
00002360	20251207	C1032	Väisänen Kaluste	SKU-1010	Desk Lamp LED	Furniture	3	456,05	partner
00002361	20250705	C1229	Hämäläinen Oy	SKU-1005	27in 4K Monitor	Displays	4	4054,49	online
00002362	20250831	C1365	Jyllands Inventar	SKU-1006	USB-C Dock	Accessories	12	1703,05	partner
00002363	20250504	C1359	Hämäläinen Oy	SKU-1010	Desk Lamp LED	Furniture	2	492,89	direct
00002364	20240910	C1310	Jyllands Inventar	SKU-1001	Ergonomic Desk Chair	Furniture	5	2591,70	online
00002365	20251111	C1107	Søndergaard A/S	SKU-1002	Standing Desk 140cm	Furniture	11	5652,35	partner
00002366	20240830	C1042	Kärkkäinen Oy	SKU-1007	Noise Cancelling Headset	Peripherals	2	2176,78	retail
00002367	20240421	C1395	Hämäläinen Oy	SKU-1006	USB-C Dock	Accessories	5	1806,72	retail
00002368	20250609	C1137	Jyllands Inventar	SKU-1002	Standing Desk 140cm	Furniture	10	5378,84	partner
00002369	20240320	C1125	Kärkkäinen Oy	SKU-1003	Monitor Arm Dual	Accessories	5	905,97	partner
00002370	20240704	C1069	Søndergaard A/S	SKU-1004	Mechanical Keyboard	Peripherals	4	1041,88	direct
00002371	20240821	C1307	Ålesund Kontor	SKU-1001	Ergonomic Desk Chair	Furniture	5	2665,41	direct
00002372	20240718	C1319	Kärkkäinen Oy	SKU-1003	Monitor Arm Dual	Accessories	4	777,66	partner
00002373	20240918	C1276	Ålesund Kontor	SKU-1007	Noise Cancelling Headset	Peripherals	3	2285,32	online
00002374	20240205	C1373	Kjærstad Utstyr	SKU-1004	Mechanical Keyboard	Peripherals	5	1264,96	direct
00002375	20251016	C1312	Hämäläinen Oy	SKU-1004	Mechanical Keyboard	Peripherals	10	1040,58	online
00002376	20240916	C1101	Bergström & Söner	SKU-1007	Noise Cancelling Headset	Peripherals	1	1825,11	retail
00002377	20240804	C1019	Kjærstad Utstyr	SKU-1003	Monitor Arm Dual	Accessories	11	959,79	direct
00002378	20250817	C1046	Kärkkäinen Oy	SKU-1004	Mechanical Keyboard	Peripherals	5	1213,18	partner
00002379	20250516	C1308	Väisänen Kaluste	SKU-1006	USB-C Dock	Accessories	8	1747,19	retail
00002380	20251115	C1132	Bergström & Söner	SKU-1002	Standing Desk 140cm	Furniture	7	5447,09	partner
00002381	20240703	C1335	Dansk Kontormiljø	SKU-1005	27in 4K Monitor	Displays	1	3923,56	online
00002382	20250921	C1112	Väisänen Kaluste	SKU-1002	Standing Desk 140cm	Furniture	3	4747,68	partner
00002383	20250626	C1053	Rødvig Møbler	SKU-1004	Mechanical Keyboard	Peripherals	1	981,68	direct
00002384	20240208	C1343	Uppsala Interiör	SKU-1003	Monitor Arm Dual	Accessories	2	769,89	partner
00002385	20250509	C1300	Kjærstad Utstyr	SKU-1009	Webcam 1080p	Peripherals	1	767,22	online
00002386	20240205	C1023	Kärkkäinen Oy	SKU-1004	Mechanical Keyboard	Peripherals	8	1184,52	direct
00002387	20250227	C1390	Dansk Kontormiljø	SKU-1003	Monitor Arm Dual	Accessories	1	994,44	online
00002388	20250217	C1338	Kärkkäinen Oy	SKU-1004	Mechanical Keyboard	Peripherals	6	1208,57	-
00002389	20250416	C1244	Møller Innredning	SKU-1009	Webcam 1080p	Peripherals	6	694,88	direct
00002390	20240628	C1026	Trondheim Utstyr	SKU-1002	Standing Desk 140cm	Furniture	7	5534,54	partner
00002391	20241002	C1221	Jyllands Inventar	SKU-1001	Ergonomic Desk Chair	Furniture	7	2714,13	direct
00002392	20240108	C1202	Nordström Handel	SKU-1002	Standing Desk 140cm	Furniture	5	5960,00	retail
00002393	20250604	C1276	Lindqvist AB	SKU-1009	Webcam 1080p	Peripherals	7	697,97	direct
00002394	20250414	C1307	Mäkinen Toimisto	SKU-1005	27in 4K Monitor	Displays	7	4648,06	retail
00002395	20251102	C1182	Møller Innredning	SKU-1005	27in 4K Monitor	Displays	10	4428,17	partner
00002396	20240917	C1365	Mäkinen Toimisto	SKU-1008	Laptop Stand Aluminium	Accessories	2	608,00	retail
00002397	20250111	C1188	Uppsala Interiör	SKU-1001	Ergonomic Desk Chair	Furniture	9	2563,92	online
00002398	20240314	C1241	Søndergaard A/S	SKU-1009	Webcam 1080p	Peripherals	6	743,93	direct
00002399	20240512	C1254	Uppsala Interiör	SKU-1003	Monitor Arm Dual	Accessories	9	985,30	online
00002400	20250813	C1243	Dansk Kontormiljø	SKU-1002	Standing Desk 140cm	Furniture	11	5619,91	direct
00002401	20251010	C1135	Mäkinen Toimisto	SKU-1008	Laptop Stand Aluminium	Accessories	10	727,86	direct
00002402	20251222	C1027	Nordström Handel	SKU-1006	USB-C Dock	Accessories	10	1754,07	retail
00002403	20250312	C1091	Nordström Handel	SKU-1004	Mechanical Keyboard	Peripherals	4	1135,78	retail
00002404	20240716	C1288	Trondheim Utstyr	SKU-1005	27in 4K Monitor	Displays	8	4872,60	partner
00002405	20250129	C1296	Jyllands Inventar	SKU-1010	Desk Lamp LED	Furniture	4	514,79	direct
00002406	20241206	C1052	Søndergaard A/S	SKU-1006	USB-C Dock	Accessories	-1	1654,35	partner
00002407	20251223	C1286	Lindqvist AB	SKU-1006	USB-C Dock	Accessories	5	1705,88	direct
00002408	20240505	C1097	Bergström & Söner	SKU-1003	Monitor Arm Dual	Accessories	1	831,02	direct
00002409	20250518	C1314	Väisänen Kaluste	SKU-1006	USB-C Dock	Accessories	10	1608,78	online
00002410	20250830	C1244	Søndergaard A/S	SKU-1006	USB-C Dock	Accessories	3	1984,41	partner
00002411	20240814	C1057	Søndergaard A/S	SKU-1001	Ergonomic Desk Chair	Furniture	7	2487,15	online
00002412	20240110	C1367	Lindqvist AB	SKU-1003	Monitor Arm Dual	Accessories	2	826,86	partner
00002413	20241114	C1238	Ålesund Kontor	SKU-1004	Mechanical Keyboard	Peripherals	10	1022,83	retail
00002414	20250107	C1314	Møller Innredning	SKU-1010	Desk Lamp LED	Furniture	3	583,02	online
00002415	20251020	C1072	Dansk Kontormiljø	SKU-1010	Desk Lamp LED	Furniture	5	524,27	partner
00002416	20240331	C1053	Jyllands Inventar	SKU-1008	Laptop Stand Aluminium	Accessories	3	694,97	retail
00002417	20250602	C1233	Rødvig Møbler	SKU-1008	Laptop Stand Aluminium	Accessories	9	607,31	direct
00002418	20250625	C1115	Kjærstad Utstyr	SKU-1009	Webcam 1080p	Peripherals	2	895,02	partner
00002419	20240613	C1257	Kärkkäinen Oy	SKU-1007	Noise Cancelling Headset	Peripherals	6	2057,86	partner
00002420	20250910	C1186	Mäkinen Toimisto	SKU-1005	27in 4K Monitor	Displays	5	4080,78	-
00002421	20250207	C1080	Jyllands Inventar	SKU-1008	Laptop Stand Aluminium	Accessories	11	546,87	retail
00002422	20241128	C1379	Lindqvist AB	SKU-1005	27in 4K Monitor	Displays	1	4352,99	online
00002423	20240818	C1022	Møller Innredning	SKU-1002	Standing Desk 140cm	Furniture	6	4944,81	-
00002424	20240116	C1389	Hämäläinen Oy	SKU-1004	Mechanical Keyboard	Peripherals	2	1143,99	retail
00002425	20240728	C1114	Ålesund Kontor	SKU-1001	Ergonomic Desk Chair	Furniture	9	2530,10	partner
00002426	20240619	C1273	Lindqvist AB	SKU-1008	Laptop Stand Aluminium	Accessories	5	677,26	retail
00002427	20251020	C1131	Trondheim Utstyr	SKU-1001	Ergonomic Desk Chair	Furniture	11	2223,71	retail
00002428	20240604	C1202	Hämäläinen Oy	SKU-1008	Laptop Stand Aluminium	Accessories	2	704,50	direct
00002429	20250921	C1121	Trondheim Utstyr	SKU-1001	Ergonomic Desk Chair	Furniture	-3	2104,36	online
00002430	20251222	C1286	Bergström & Söner	SKU-1006	USB-C Dock	Accessories	7	1818,13	online
00002431	20240202	C1090	Hämäläinen Oy	SKU-1007	Noise Cancelling Headset	Peripherals	10	2080,32	partner
00002432	20240421	C1093	Uppsala Interiör	SKU-1007	Noise Cancelling Headset	Peripherals	1	1805,37	direct
00002433	20250914	C1202	Søndergaard A/S	SKU-1008	Laptop Stand Aluminium	Accessories	11	685,08	direct
00002434	20250817	C1193	Uppsala Interiör	SKU-1002	Standing Desk 140cm	Furniture	7	5312,99	online
00002435	20241206	C1340	Ålesund Kontor	SKU-1005	27in 4K Monitor	Displays	8	4896,96	partner
00002436	20250302	C1244	Ålesund Kontor	SKU-1001	Ergonomic Desk Chair	Furniture	12	2378,30	retail
00002437	20250116	C1254	Jyllands Inventar	SKU-1009	Webcam 1080p	Peripherals	5	876,55	online
00002438	20250223	C1083	Jyllands Inventar	SKU-1006	USB-C Dock	Accessories	8	1491,21	direct
00002439	20240811	C1290	Kärkkäinen Oy	SKU-1006	USB-C Dock	Accessories	10	1545,44	online
00002440	20241102	C1280	Jyllands Inventar	SKU-1001	Ergonomic Desk Chair	Furniture	2	2095,75	direct
00002441	20240825	C1239	Nordström Handel	SKU-1001	Ergonomic Desk Chair	Furniture	12	2421,55	partner
00002442	20240419	C1196	Lindqvist AB	SKU-1004	Mechanical Keyboard	Peripherals	1	1320,82	partner
00002443	20250527	C1296	Jyllands Inventar	SKU-1009	Webcam 1080p	Peripherals	7	857,85	retail
00002444	20240810	C1026	Bergström & Söner	SKU-1002	Standing Desk 140cm	Furniture	1	5099,60	direct
00002445	20251001	C1373	Mäkinen Toimisto	SKU-1002	Standing Desk 140cm	Furniture	2	5560,70	partner
00002446	20240331	C1254	Møller Innredning	SKU-1007	Noise Cancelling Headset	Peripherals	12	2018,60	online
00002447	20240312	C1331	Lindqvist AB	SKU-1002	Standing Desk 140cm	Furniture	10	5233,24	retail
00002448	20251011	C1217	Jyllands Inventar	SKU-1009	Webcam 1080p	Peripherals	9	721,34	partner
00002449	20250818	C1400	Jyllands Inventar	SKU-1008	Laptop Stand Aluminium	Accessories	8	716,56	retail
00002450	20240628	C1267	Bergström & Söner	SKU-1001	Ergonomic Desk Chair	Furniture	2	2164,00	online
00002451	20240828	C1241	Hämäläinen Oy	SKU-1010	Desk Lamp LED	Furniture	11	443,42	direct
00002452	20240423	C1325	Kjærstad Utstyr	SKU-1002	Standing Desk 140cm	Furniture	7	5739,43	online
00002453	20250704	C1137	Mäkinen Toimisto	SKU-1007	Noise Cancelling Headset	Peripherals	4	1918,42	partner
00002454	20250627	C1273	Rødvig Møbler	SKU-1010	Desk Lamp LED	Furniture	2	468,99	online
00002455	20241215	C1279	Dansk Kontormiljø	SKU-1008	Laptop Stand Aluminium	Accessories	2	660,75	direct
00002456	20251015	C1376	Dansk Kontormiljø	SKU-1002	Standing Desk 140cm	Furniture	11	4486,62	direct
00002457	20240904	C1074	Mäkinen Toimisto	SKU-1010	Desk Lamp LED	Furniture	7	521,01	online
00002458	20250619	C1345	Väisänen Kaluste	SKU-1010	Desk Lamp LED	Furniture	10	444,97	retail
00002459	20240912	C1021	Kjærstad Utstyr	SKU-1005	27in 4K Monitor	Displays	11	4237,01	partner
00002460	20250929	C1307	Dansk Kontormiljø	SKU-1009	Webcam 1080p	Peripherals	4	813,39	partner
00002461	20241105	C1088	Jyllands Inventar	SKU-1005	27in 4K Monitor	Displays	8	4628,71	online
00002462	20250207	C1280	Trondheim Utstyr	SKU-1005	27in 4K Monitor	Displays	9	3791,26	direct
00002463	20251009	C1345	Väisänen Kaluste	SKU-1008	Laptop Stand Aluminium	Accessories	5	609,42	online
00002464	20250430	C1339	Ålesund Kontor	SKU-1010	Desk Lamp LED	Furniture	12	591,66	retail
00002465	20250509	C1073	Mäkinen Toimisto	SKU-1006	USB-C Dock	Accessories	3	1574,77	online
00002466	20240110	C1262	Väisänen Kaluste	SKU-1010	Desk Lamp LED	Furniture	5	485,80	-
00002467	20241226	C1284	Uppsala Interiör	SKU-1010	Desk Lamp LED	Furniture	8	452,67	online
00002468	20241109	C1073	Uppsala Interiör	SKU-1006	USB-C Dock	Accessories	11	1868,81	direct
00002469	20241230	C1008	Hämäläinen Oy	SKU-1003	Monitor Arm Dual	Accessories	11	790,94	online
00002470	20240825	C1330	Ålesund Kontor	SKU-1007	Noise Cancelling Headset	Peripherals	6	2019,30	direct
00002471	20240429	C1151	Rødvig Møbler	SKU-1010	Desk Lamp LED	Furniture	1	537,22	retail
00002472	20250317	C1074	Søndergaard A/S	SKU-1001	Ergonomic Desk Chair	Furniture	10	2274,33	retail
00002473	20251203	C1391	Kjærstad Utstyr	SKU-1002	Standing Desk 140cm	Furniture	1	5618,51	retail
00002474	20240203	C1239	Dansk Kontormiljø	SKU-1006	USB-C Dock	Accessories	8	1605,19	direct
00002475	20251114	C1241	Väisänen Kaluste	SKU-1010	Desk Lamp LED	Furniture	11	528,62	partner
00002476	20240629	C1313	Møller Innredning	SKU-1010	Desk Lamp LED	Furniture	12	474,84	direct
00002477	20251011	C1204	Väisänen Kaluste	SKU-1003	Monitor Arm Dual	Accessories	8	819,01	partner
00002478	20251103	C1305	Uppsala Interiör	SKU-1002	Standing Desk 140cm	Furniture	4	5930,49	direct
00002479	20251018	C1089	Kärkkäinen Oy	SKU-1008	Laptop Stand Aluminium	Accessories	6	673,98	retail
00002480	20240601	C1274	Lindqvist AB	SKU-1009	Webcam 1080p	Peripherals	6	800,34	online
00002481	20240102	C1188	Rødvig Møbler	SKU-1007	Noise Cancelling Headset	Peripherals	1	2409,77	online
00002482	20251208	C1158	Hämäläinen Oy	SKU-1007	Noise Cancelling Headset	Peripherals	6	2319,05	retail
00002483	20250928	C1059	Jyllands Inventar	SKU-1007	Noise Cancelling Headset	Peripherals	10	2247,30	online
00002484	20240507	C1250	Trondheim Utstyr	SKU-1004	Mechanical Keyboard	Peripherals	5	1063,48	partner
00002485	20250113	C1175	Dansk Kontormiljø	SKU-1003	Monitor Arm Dual	Accessories	10	938,15	direct
00002486	20240105	C1109	Mäkinen Toimisto	SKU-1005	27in 4K Monitor	Displays	9	4155,71	partner
00002487	20251227	C1249	Rødvig Møbler	SKU-1001	Ergonomic Desk Chair	Furniture	9	2279,18	online
00002488	20250805	C1364	Dansk Kontormiljø	SKU-1007	Noise Cancelling Headset	Peripherals	8	2055,69	online
00002489	20241126	C1092	Lindqvist AB	SKU-1004	Mechanical Keyboard	Peripherals	12	1075,50	direct
00002490	20240418	C1175	Trondheim Utstyr	SKU-1010	Desk Lamp LED	Furniture	3	508,27	online
00002491	20240822	C1388	Kärkkäinen Oy	SKU-1004	Mechanical Keyboard	Peripherals	4	983,89	retail
00002492	20251117	C1039	Jyllands Inventar	SKU-1002	Standing Desk 140cm	Furniture	2	4675,16	partner
00002493	20250409	C1255	Ålesund Kontor	SKU-1007	Noise Cancelling Headset	Peripherals	2	1977,02	partner
00002494	20250406	C1141	Ålesund Kontor	SKU-1001	Ergonomic Desk Chair	Furniture	7	2742,70	partner
00002495	20250731	C1179	Møller Innredning	SKU-1005	27in 4K Monitor	Displays	6	4610,22	partner
00002496	20251020	C1054	Lindqvist AB	SKU-1002	Standing Desk 140cm	Furniture	1	5935,10	retail
00002497	20240328	C1112	Jyllands Inventar	SKU-1003	Monitor Arm Dual	Accessories	3	831,45	retail
00002498	20250319	C1312	Kjærstad Utstyr	SKU-1002	Standing Desk 140cm	Furniture	11	5705,27	direct
00002499	20250315	C1107	Kärkkäinen Oy	SKU-1007	Noise Cancelling Headset	Peripherals	5	1812,10	retail
00002500	20250429	C1204	Bergström & Söner	SKU-1006	USB-C Dock	Accessories	1	1794,88	retail
00002501	20240106	C1224	Jyllands Inventar	SKU-1007	Noise Cancelling Headset	Peripherals	6	2264,38	retail
00002502	20240129	C1101	Søndergaard A/S	SKU-1010	Desk Lamp LED	Furniture	4	514,36	online
00002503	20250819	C1190	Kjærstad Utstyr	SKU-1007	Noise Cancelling Headset	Peripherals	12	1893,25	online
00002504	20240211	C1157	Søndergaard A/S	SKU-1009	Webcam 1080p	Peripherals	4	674,12	partner
00002505	20241015	C1224	Uppsala Interiör	SKU-1003	Monitor Arm Dual	Accessories	4	1015,97	partner
00002506	20250113	C1089	Rødvig Møbler	SKU-1001	Ergonomic Desk Chair	Furniture	4	2717,44	direct
00002507	20250708	C1147	Lindqvist AB	SKU-1010	Desk Lamp LED	Furniture	3	538,25	partner
00002508	20250427	C1188	Väisänen Kaluste	SKU-1001	Ergonomic Desk Chair	Furniture	5	2270,35	retail
00002509	20241016	C1162	Uppsala Interiör	SKU-1003	Monitor Arm Dual	Accessories	5	828,96	retail
00002510	20241030	C1289	Søndergaard A/S	SKU-1007	Noise Cancelling Headset	Peripherals	9	2403,44	partner
00002511	20250509	C1381	Rødvig Møbler	SKU-1001	Ergonomic Desk Chair	Furniture	12	2323,96	partner
00002512	20240716	C1340	Hämäläinen Oy	SKU-1005	27in 4K Monitor	Displays	12	4552,12	partner
00002513	20240821	C1394	Jyllands Inventar	SKU-1009	Webcam 1080p	Peripherals	8	889,38	partner
00002514	20251116	C1159	Kärkkäinen Oy	SKU-1003	Monitor Arm Dual	Accessories	6	836,76	direct
00002515	20250115	C1201	Jyllands Inventar	SKU-1006	USB-C Dock	Accessories	12	1980,01	direct
00002516	20251106	C1215	Trondheim Utstyr	SKU-1002	Standing Desk 140cm	Furniture	8	4778,58	direct
00002517	20240707	C1169	Kärkkäinen Oy	SKU-1008	Laptop Stand Aluminium	Accessories	5	601,31	online
00002518	20250110	C1126	Uppsala Interiör	SKU-1004	Mechanical Keyboard	Peripherals	6	1067,87	direct
00002519	20250808	C1381	Møller Innredning	SKU-1009	Webcam 1080p	Peripherals	7	841,02	retail
00002520	20240313	C1126	Väisänen Kaluste	SKU-1010	Desk Lamp LED	Furniture	1	452,67	online
00002521	20251001	C1018	Bergström & Söner	SKU-1007	Noise Cancelling Headset	Peripherals	6	2167,26	direct
00002522	20241108	C1175	Trondheim Utstyr	SKU-1001	Ergonomic Desk Chair	Furniture	6	2110,48	partner
00002523	20240317	C1188	Lindqvist AB	SKU-1002	Standing Desk 140cm	Furniture	1	5132,70	online
00002524	20240405	C1194	Ålesund Kontor	SKU-1006	USB-C Dock	Accessories	9	1597,84	online
00002525	20240530	C1034	Väisänen Kaluste	SKU-1008	Laptop Stand Aluminium	Accessories	12	705,13	direct
00002526	20250726	C1057	Lindqvist AB	SKU-1008	Laptop Stand Aluminium	Accessories	6	683,65	partner
00002527	20250816	C1256	Uppsala Interiör	SKU-1009	Webcam 1080p	Peripherals	9	817,65	retail
00002528	20251214	C1389	Dansk Kontormiljø	SKU-1009	Webcam 1080p	Peripherals	6	791,96	online
00002529	20250121	C1306	Bergström & Söner	SKU-1008	Laptop Stand Aluminium	Accessories	5	567,93	direct
00002530	20240929	C1127	Dansk Kontormiljø	SKU-1003	Monitor Arm Dual	Accessories	6	1005,75	retail
00002531	20251220	C1312	Rødvig Møbler	SKU-1007	Noise Cancelling Headset	Peripherals	9	1856,61	direct
00002532	20250227	C1286	Kärkkäinen Oy	SKU-1006	USB-C Dock	Accessories	6	1976,81	online
00002533	20240112	C1249	Rødvig Møbler	SKU-1007	Noise Cancelling Headset	Peripherals	6	2151,48	direct
00002534	20240511	C1080	Rødvig Møbler	SKU-1003	Monitor Arm Dual	Accessories	6	926,04	direct
00002535	20240323	C1036	Jyllands Inventar	SKU-1004	Mechanical Keyboard	Peripherals	6	1141,68	direct
00002536	20240219	C1147	Lindqvist AB	SKU-1006	USB-C Dock	Accessories	7	1943,54	online
00002537	20240126	C1142	Møller Innredning	SKU-1001	Ergonomic Desk Chair	Furniture	7	2725,57	retail
00002538	20250419	C1194	Nordström Handel	SKU-1009	Webcam 1080p	Peripherals	3	881,20	retail
00002539	20250713	C1140	Kjærstad Utstyr	SKU-1008	Laptop Stand Aluminium	Accessories	10	726,21	direct
00002540	20250212	C1002	Lindqvist AB	SKU-1007	Noise Cancelling Headset	Peripherals	9	1931,20	direct
00002541	20250510	C1143	Jyllands Inventar	SKU-1009	Webcam 1080p	Peripherals	10	678,53	online
00002542	20250920	C1310	Nordström Handel	SKU-1007	Noise Cancelling Headset	Peripherals	4	1951,62	partner
00002543	20250124	C1124	Møller Innredning	SKU-1004	Mechanical Keyboard	Peripherals	4	1130,05	online
00002544	20240401	C1266	Jyllands Inventar	SKU-1001	Ergonomic Desk Chair	Furniture	10	2177,94	direct
00002545	20241015	C1383	Kärkkäinen Oy	SKU-1007	Noise Cancelling Headset	Peripherals	3	1947,37	retail
00002546	20240609	C1376	Dansk Kontormiljø	SKU-1003	Monitor Arm Dual	Accessories	5	915,61	partner
00002547	20250222	C1105	Uppsala Interiör	SKU-1010	Desk Lamp LED	Furniture	7	537,39	partner
00002548	20251201	C1207	Väisänen Kaluste	SKU-1008	Laptop Stand Aluminium	Accessories	7	713,11	online
00002549	20240307	C1389	Hämäläinen Oy	SKU-1008	Laptop Stand Aluminium	Accessories	9	606,36	partner
00002550	20240208	C1078	Rødvig Møbler	SKU-1009	Webcam 1080p	Peripherals	9	885,03	retail
00002551	20250421	C1173	Dansk Kontormiljø	SKU-1003	Monitor Arm Dual	Accessories	3	909,61	retail
00002552	20250404	C1366	Väisänen Kaluste	SKU-1003	Monitor Arm Dual	Accessories	10	965,96	online
00002553	20240807	C1184	Søndergaard A/S	SKU-1001	Ergonomic Desk Chair	Furniture	2	2332,09	partner
00002554	20240331	C1117	Trondheim Utstyr	SKU-1007	Noise Cancelling Headset	Peripherals	2	2003,56	direct
00002555	20250421	C1147	Møller Innredning	SKU-1001	Ergonomic Desk Chair	Furniture	2	2723,64	online
00002556	20250805	C1302	Bergström & Söner	SKU-1009	Webcam 1080p	Peripherals	7	861,38	retail
00002557	20240213	C1085	Lindqvist AB	SKU-1004	Mechanical Keyboard	Peripherals	2	981,65	partner
00002558	20251017	C1373	Hämäläinen Oy	SKU-1005	27in 4K Monitor	Displays	8	3888,63	online
00002559	20251002	C1377	Väisänen Kaluste	SKU-1001	Ergonomic Desk Chair	Furniture	11	2084,22	direct
00002560	20250620	C1146	Kjærstad Utstyr	SKU-1007	Noise Cancelling Headset	Peripherals	6	2358,77	retail
00002561	20241117	C1188	Lindqvist AB	SKU-1008	Laptop Stand Aluminium	Accessories	8	559,60	partner
00002562	20250929	C1020	Søndergaard A/S	SKU-1002	Standing Desk 140cm	Furniture	4	5246,71	retail
00002563	20250804	C1146	Rødvig Møbler	SKU-1002	Standing Desk 140cm	Furniture	6	5810,76	online
00002564	20240117	C1318	Trondheim Utstyr	SKU-1004	Mechanical Keyboard	Peripherals	12	1180,86	online
00002565	20250901	C1192	Dansk Kontormiljø	SKU-1005	27in 4K Monitor	Displays	3	3738,32	direct
00002566	20240914	C1332	Mäkinen Toimisto	SKU-1008	Laptop Stand Aluminium	Accessories	1	603,02	retail
00002567	20250707	C1176	Hämäläinen Oy	SKU-1007	Noise Cancelling Headset	Peripherals	2	2004,32	online
00002568	20241024	C1220	Jyllands Inventar	SKU-1001	Ergonomic Desk Chair	Furniture	1	2555,97	direct
00002569	20241204	C1106	Kärkkäinen Oy	SKU-1008	Laptop Stand Aluminium	Accessories	7	691,37	partner
00002570	20240326	C1137	Rødvig Møbler	SKU-1010	Desk Lamp LED	Furniture	5	551,31	direct
00002571	20250410	C1204	Mäkinen Toimisto	SKU-1003	Monitor Arm Dual	Accessories	5	784,05	partner
00002572	20240118	C1130	Kärkkäinen Oy	SKU-1010	Desk Lamp LED	Furniture	7	503,30	online
00002573	20250617	C1370	Jyllands Inventar	SKU-1001	Ergonomic Desk Chair	Furniture	12	2190,92	retail
00002574	20251005	C1209	Bergström & Söner	SKU-1003	Monitor Arm Dual	Accessories	7	925,94	partner
00002575	20250712	C1273	Väisänen Kaluste	SKU-1003	Monitor Arm Dual	Accessories	9	874,44	online
00002576	20250207	C1334	Bergström & Söner	SKU-1003	Monitor Arm Dual	Accessories	10	820,11	retail
00002577	20250123	C1396	Møller Innredning	SKU-1006	USB-C Dock	Accessories	5	1889,85	partner
00002578	20240608	C1197	Väisänen Kaluste	SKU-1007	Noise Cancelling Headset	Peripherals	6	2328,39	online
00002579	20250903	C1339	Trondheim Utstyr	SKU-1010	Desk Lamp LED	Furniture	2	451,13	retail
00002580	20240211	C1307	Nordström Handel	SKU-1003	Monitor Arm Dual	Accessories	4	859,52	retail
00002581	20250621	C1158	Bergström & Söner	SKU-1002	Standing Desk 140cm	Furniture	10	5116,01	-
00002582	20250112	C1333	Uppsala Interiör	SKU-1010	Desk Lamp LED	Furniture	-2	453,84	retail
00002583	20240627	C1132	Kjærstad Utstyr	SKU-1004	Mechanical Keyboard	Peripherals	7	994,45	online
00002584	20250830	C1097	Kärkkäinen Oy	SKU-1007	Noise Cancelling Headset	Peripherals	4	1880,34	direct
00002585	20250718	C1211	Bergström & Söner	SKU-1010	Desk Lamp LED	Furniture	8	529,77	retail
00002586	20251030	C1214	Søndergaard A/S	SKU-1005	27in 4K Monitor	Displays	3	4497,16	partner
00002587	20250215	C1163	Trondheim Utstyr	SKU-1001	Ergonomic Desk Chair	Furniture	12	2324,04	direct
00002588	20240115	C1219	Bergström & Söner	SKU-1004	Mechanical Keyboard	Peripherals	4	1222,32	partner
00002589	20241021	C1081	Søndergaard A/S	SKU-1004	Mechanical Keyboard	Peripherals	12	1255,09	direct
00002590	20250924	C1277	Väisänen Kaluste	SKU-1003	Monitor Arm Dual	Accessories	12	1020,78	retail
00002591	20251018	C1212	Hämäläinen Oy	SKU-1010	Desk Lamp LED	Furniture	6	569,85	direct
00002592	20240828	C1182	Mäkinen Toimisto	SKU-1002	Standing Desk 140cm	Furniture	1	5718,12	online
00002593	20241129	C1239	Trondheim Utstyr	SKU-1007	Noise Cancelling Headset	Peripherals	4	2257,31	online
00002594	20250427	C1280	Dansk Kontormiljø	SKU-1003	Monitor Arm Dual	Accessories	11	940,44	online
00002595	20240302	C1110	Mäkinen Toimisto	SKU-1005	27in 4K Monitor	Displays	5	4667,86	online
00002596	20240615	C1292	Kärkkäinen Oy	SKU-1005	27in 4K Monitor	Displays	9	4402,13	retail
00002597	20250111	C1181	Rødvig Møbler	SKU-1002	Standing Desk 140cm	Furniture	4	4649,84	partner
00002598	20251109	C1386	Bergström & Söner	SKU-1010	Desk Lamp LED	Furniture	9	482,92	partner
00002599	20250505	C1366	Nordström Handel	SKU-1007	Noise Cancelling Headset	Peripherals	10	2293,33	retail
00002600	20240322	C1112	Kärkkäinen Oy	SKU-1003	Monitor Arm Dual	Accessories	5	843,45	partner
00002601	20250516	C1022	Søndergaard A/S	SKU-1001	Ergonomic Desk Chair	Furniture	9	2218,52	direct
00002602	20250813	C1277	Ålesund Kontor	SKU-1003	Monitor Arm Dual	Accessories	12	809,28	partner
00002603	20240907	C1138	Hämäläinen Oy	SKU-1010	Desk Lamp LED	Furniture	8	537,01	direct
00002604	20250515	C1271	Dansk Kontormiljø	SKU-1002	Standing Desk 140cm	Furniture	8	5791,26	partner
00002605	20241206	C1148	Møller Innredning	SKU-1003	Monitor Arm Dual	Accessories	2	964,19	online
00002606	20250815	C1372	Rødvig Møbler	SKU-1007	Noise Cancelling Headset	Peripherals	1	1880,82	online
00002607	20250611	C1209	Jyllands Inventar	SKU-1008	Laptop Stand Aluminium	Accessories	7	669,39	online
00002608	20251127	C1110	Kärkkäinen Oy	SKU-1001	Ergonomic Desk Chair	Furniture	-3	2367,92	partner
00002609	20251204	C1315	Hämäläinen Oy	SKU-1007	Noise Cancelling Headset	Peripherals	7	1827,93	online
00002610	20240730	C1299	Nordström Handel	SKU-1002	Standing Desk 140cm	Furniture	8	5530,32	partner
00002611	20240908	C1206	Kjærstad Utstyr	SKU-1008	Laptop Stand Aluminium	Accessories	10	591,32	online
00002612	20240122	C1392	Kjærstad Utstyr	SKU-1001	Ergonomic Desk Chair	Furniture	9	2730,69	direct
00002613	20240121	C1206	Väisänen Kaluste	SKU-1008	Laptop Stand Aluminium	Accessories	6	593,87	direct
00002614	20240711	C1103	Dansk Kontormiljø	SKU-1002	Standing Desk 140cm	Furniture	4	5112,57	direct
00002615	20250301	C1112	Mäkinen Toimisto	SKU-1006	USB-C Dock	Accessories	12	1570,41	retail
00002616	20250124	C1282	Rødvig Møbler	SKU-1005	27in 4K Monitor	Displays	8	4584,38	partner
00002617	20250524	C1209	Søndergaard A/S	SKU-1008	Laptop Stand Aluminium	Accessories	2	552,48	direct
00002618	20251128	C1160	Bergström & Söner	SKU-1002	Standing Desk 140cm	Furniture	5	5159,00	online
00002619	20240322	C1310	Trondheim Utstyr	SKU-1002	Standing Desk 140cm	Furniture	-2	5949,10	-
00002620	20250804	C1203	Mäkinen Toimisto	SKU-1008	Laptop Stand Aluminium	Accessories	1	563,95	online
00002621	20250613	C1218	Nordström Handel	SKU-1003	Monitor Arm Dual	Accessories	2	886,02	online
00002622	20240203	C1136	Bergström & Söner	SKU-1007	Noise Cancelling Headset	Peripherals	12	2302,95	partner
00002623	20240518	C1154	Søndergaard A/S	SKU-1008	Laptop Stand Aluminium	Accessories	2	624,18	partner
00002624	20240529	C1272	Jyllands Inventar	SKU-1005	27in 4K Monitor	Displays	2	3683,94	online
00002625	20240914	C1341	Nordström Handel	SKU-1009	Webcam 1080p	Peripherals	12	822,69	retail
00002626	20250701	C1090	Nordström Handel	SKU-1003	Monitor Arm Dual	Accessories	10	960,95	online
00002627	20241117	C1338	Väisänen Kaluste	SKU-1004	Mechanical Keyboard	Peripherals	9	1002,41	retail
00002628	20251008	C1252	Kärkkäinen Oy	SKU-1006	USB-C Dock	Accessories	10	1729,13	retail
00002629	20240428	C1056	Trondheim Utstyr	SKU-1008	Laptop Stand Aluminium	Accessories	3	669,52	direct
00002630	20240215	C1321	Mäkinen Toimisto	SKU-1010	Desk Lamp LED	Furniture	7	490,72	direct
00002631	20241016	C1342	Väisänen Kaluste	SKU-1008	Laptop Stand Aluminium	Accessories	5	626,52	retail
00002632	20240508	C1300	Ålesund Kontor	SKU-1006	USB-C Dock	Accessories	8	1701,49	partner
00002633	20251212	C1187	Dansk Kontormiljø	SKU-1007	Noise Cancelling Headset	Peripherals	6	2019,89	retail
00002634	20240703	C1213	Bergström & Söner	SKU-1005	27in 4K Monitor	Displays	7	4442,85	partner
00002635	20250719	C1191	Ålesund Kontor	SKU-1009	Webcam 1080p	Peripherals	9	871,13	online
00002636	20240407	C1078	Ålesund Kontor	SKU-1008	Laptop Stand Aluminium	Accessories	-3	580,41	online
00002637	20240419	C1318	Jyllands Inventar	SKU-1006	USB-C Dock	Accessories	10	1754,95	direct
00002638	20250121	C1069	Trondheim Utstyr	SKU-1001	Ergonomic Desk Chair	Furniture	6	2107,08	online
00002639	20241117	C1056	Lindqvist AB	SKU-1009	Webcam 1080p	Peripherals	1	859,31	retail
00002640	20251227	C1062	Ålesund Kontor	SKU-1003	Monitor Arm Dual	Accessories	1	957,89	partner
00002641	20250918	C1222	Kärkkäinen Oy	SKU-1008	Laptop Stand Aluminium	Accessories	8	674,59	online
00002642	20240208	C1243	Kärkkäinen Oy	SKU-1003	Monitor Arm Dual	Accessories	4	771,75	direct
00002643	20240509	C1042	Søndergaard A/S	SKU-1008	Laptop Stand Aluminium	Accessories	5	648,87	retail
00002644	20251106	C1357	Bergström & Söner	SKU-1010	Desk Lamp LED	Furniture	8	575,24	direct
00002645	20250626	C1299	Ålesund Kontor	SKU-1004	Mechanical Keyboard	Peripherals	10	1172,29	direct
00002646	20250716	C1084	Väisänen Kaluste	SKU-1003	Monitor Arm Dual	Accessories	4	837,37	partner
00002647	20240223	C1118	Ålesund Kontor	SKU-1004	Mechanical Keyboard	Peripherals	5	1043,44	online
00002648	20250117	C1266	Uppsala Interiör	SKU-1004	Mechanical Keyboard	Peripherals	4	1059,76	partner
00002649	20250801	C1023	Lindqvist AB	SKU-1008	Laptop Stand Aluminium	Accessories	8	608,82	online
00002650	20250613	C1352	Nordström Handel	SKU-1001	Ergonomic Desk Chair	Furniture	2	2685,82	online
00002651	20240430	C1032	Väisänen Kaluste	SKU-1004	Mechanical Keyboard	Peripherals	12	1110,19	retail
00002652	20240216	C1395	Kjærstad Utstyr	SKU-1005	27in 4K Monitor	Displays	2	4405,06	direct
00002653	20240317	C1034	Mäkinen Toimisto	SKU-1009	Webcam 1080p	Peripherals	11	684,32	partner
00002654	20240603	C1048	Nordström Handel	SKU-1004	Mechanical Keyboard	Peripherals	1	1292,22	retail
00002655	20241112	C1121	Uppsala Interiör	SKU-1004	Mechanical Keyboard	Peripherals	12	1106,68	online
00002656	20250711	C1200	Uppsala Interiör	SKU-1003	Monitor Arm Dual	Accessories	7	801,58	retail
00002657	20250226	C1209	Ålesund Kontor	SKU-1005	27in 4K Monitor	Displays	9	3831,06	online
00002658	20240713	C1183	Jyllands Inventar	SKU-1010	Desk Lamp LED	Furniture	12	476,42	online
00002659	20251211	C1266	Bergström & Söner	SKU-1006	USB-C Dock	Accessories	4	1644,17	online
00002660	20240419	C1148	Dansk Kontormiljø	SKU-1005	27in 4K Monitor	Displays	4	4639,81	direct
00002661	20240706	C1277	Dansk Kontormiljø	SKU-1006	USB-C Dock	Accessories	3	1903,43	direct
00002662	20250112	C1344	Mäkinen Toimisto	SKU-1003	Monitor Arm Dual	Accessories	6	844,23	retail
00002663	20240807	C1322	Lindqvist AB	SKU-1004	Mechanical Keyboard	Peripherals	10	1091,38	retail
00002664	20240205	C1109	Väisänen Kaluste	SKU-1007	Noise Cancelling Headset	Peripherals	4	2101,41	partner
00002665	20251219	C1369	Jyllands Inventar	SKU-1006	USB-C Dock	Accessories	1	1818,53	retail
00002666	20240504	C1082	Nordström Handel	SKU-1002	Standing Desk 140cm	Furniture	10	5489,22	retail
00002667	20241102	C1301	Jyllands Inventar	SKU-1002	Standing Desk 140cm	Furniture	7	5298,71	online
00002668	20240722	C1247	Lindqvist AB	SKU-1009	Webcam 1080p	Peripherals	8	886,73	partner
00002669	20240903	C1151	Hämäläinen Oy	SKU-1002	Standing Desk 140cm	Furniture	2	5088,39	direct
00002670	20240917	C1135	Kärkkäinen Oy	SKU-1010	Desk Lamp LED	Furniture	1	575,41	partner
00002671	20251001	C1230	Bergström & Söner	SKU-1003	Monitor Arm Dual	Accessories	7	974,56	partner
00002672	20250325	C1251	Väisänen Kaluste	SKU-1010	Desk Lamp LED	Furniture	3	560,48	partner
00002673	20240716	C1095	Lindqvist AB	SKU-1002	Standing Desk 140cm	Furniture	6	4564,38	partner
00002674	20251119	C1393	Uppsala Interiör	SKU-1010	Desk Lamp LED	Furniture	10	571,93	online
00002675	20250713	C1030	Dansk Kontormiljø	SKU-1002	Standing Desk 140cm	Furniture	12	5700,90	partner
00002676	20240501	C1034	Kärkkäinen Oy	SKU-1006	USB-C Dock	Accessories	12	1643,12	online
00002677	20250828	C1286	Kärkkäinen Oy	SKU-1002	Standing Desk 140cm	Furniture	10	5283,88	direct
00002678	20240103	C1394	Ålesund Kontor	SKU-1008	Laptop Stand Aluminium	Accessories	10	696,13	direct
00002679	20240726	C1139	Lindqvist AB	SKU-1003	Monitor Arm Dual	Accessories	1	813,88	online
00002680	20251017	C1324	Ålesund Kontor	SKU-1005	27in 4K Monitor	Displays	10	3657,57	online
00002681	20241101	C1095	Ålesund Kontor	SKU-1001	Ergonomic Desk Chair	Furniture	10	2153,78	online
00002682	20240103	C1116	Uppsala Interiör	SKU-1001	Ergonomic Desk Chair	Furniture	4	2472,93	retail
00002683	20250621	C1163	Jyllands Inventar	SKU-1008	Laptop Stand Aluminium	Accessories	12	699,10	online
00002684	20250721	C1108	Väisänen Kaluste	SKU-1004	Mechanical Keyboard	Peripherals	5	1181,73	retail
00002685	20240107	C1335	Lindqvist AB	SKU-1004	Mechanical Keyboard	Peripherals	2	1233,50	-
00002686	20250831	C1323	Uppsala Interiör	SKU-1004	Mechanical Keyboard	Peripherals	5	1047,24	partner
00002687	20240925	C1192	Bergström & Söner	SKU-1008	Laptop Stand Aluminium	Accessories	6	632,27	online
00002688	20250622	C1008	Lindqvist AB	SKU-1005	27in 4K Monitor	Displays	12	4637,03	online
00002689	20241122	C1377	Lindqvist AB	SKU-1009	Webcam 1080p	Peripherals	3	698,57	online
00002690	20250419	C1360	Møller Innredning	SKU-1004	Mechanical Keyboard	Peripherals	3	1280,63	partner
00002691	20251223	C1102	Uppsala Interiör	SKU-1006	USB-C Dock	Accessories	6	1965,24	direct
00002692	20250408	C1131	Nordström Handel	SKU-1006	USB-C Dock	Accessories	9	1916,29	direct
00002693	20250810	C1170	Søndergaard A/S	SKU-1010	Desk Lamp LED	Furniture	12	495,90	direct
00002694	20251004	C1170	Lindqvist AB	SKU-1003	Monitor Arm Dual	Accessories	5	826,85	retail
00002695	20250519	C1193	Hämäläinen Oy	SKU-1010	Desk Lamp LED	Furniture	5	512,49	retail
00002696	20250611	C1145	Trondheim Utstyr	SKU-1002	Standing Desk 140cm	Furniture	9	5874,57	online
00002697	20250811	C1280	Kärkkäinen Oy	SKU-1009	Webcam 1080p	Peripherals	8	848,62	online
00002698	20250715	C1142	Nordström Handel	SKU-1006	USB-C Dock	Accessories	9	1577,08	retail
00002699	20250428	C1076	Møller Innredning	SKU-1010	Desk Lamp LED	Furniture	11	485,32	online
00002700	20250611	C1282	Rødvig Møbler	SKU-1010	Desk Lamp LED	Furniture	7	529,40	retail
00002701	20251107	C1000	Søndergaard A/S	SKU-1002	Standing Desk 140cm	Furniture	11	4723,91	online
00002702	20241117	C1031	Møller Innredning	SKU-1008	Laptop Stand Aluminium	Accessories	6	728,66	retail
00002703	20250918	C1356	Jyllands Inventar	SKU-1003	Monitor Arm Dual	Accessories	2	836,42	partner
00002704	20251019	C1171	Hämäläinen Oy	SKU-1009	Webcam 1080p	Peripherals	5	764,10	retail
00002705	20240227	C1235	Rødvig Møbler	SKU-1001	Ergonomic Desk Chair	Furniture	11	2743,35	direct
00002706	20250804	C1130	Hämäläinen Oy	SKU-1001	Ergonomic Desk Chair	Furniture	3	2166,93	-
00002707	20250405	C1096	Kjærstad Utstyr	SKU-1007	Noise Cancelling Headset	Peripherals	8	2044,48	online
00002708	20240929	C1222	Dansk Kontormiljø	SKU-1005	27in 4K Monitor	Displays	5	4307,96	direct
00002709	20250706	C1095	Nordström Handel	SKU-1004	Mechanical Keyboard	Peripherals	1	1195,41	online
00002710	20241018	C1351	Søndergaard A/S	SKU-1002	Standing Desk 140cm	Furniture	4	4491,44	partner
00002711	20251103	C1084	Søndergaard A/S	SKU-1003	Monitor Arm Dual	Accessories	8	1011,09	partner
00002712	20241028	C1207	Lindqvist AB	SKU-1006	USB-C Dock	Accessories	12	1876,80	partner
00002713	20240903	C1236	Jyllands Inventar	SKU-1002	Standing Desk 140cm	Furniture	1	4877,86	partner
00002714	20240815	C1323	Trondheim Utstyr	SKU-1006	USB-C Dock	Accessories	4	1735,42	partner
00002715	20250710	C1342	Lindqvist AB	SKU-1002	Standing Desk 140cm	Furniture	6	5877,10	online
00002716	20250717	C1264	Lindqvist AB	SKU-1008	Laptop Stand Aluminium	Accessories	4	570,44	retail
00002717	20241003	C1371	Møller Innredning	SKU-1004	Mechanical Keyboard	Peripherals	4	1143,47	retail
00002718	20250622	C1014	Kärkkäinen Oy	SKU-1009	Webcam 1080p	Peripherals	-1	840,92	online
00002719	20240518	C1330	Møller Innredning	SKU-1006	USB-C Dock	Accessories	2	1803,40	direct
00002720	20250706	C1358	Lindqvist AB	SKU-1008	Laptop Stand Aluminium	Accessories	9	641,28	retail
00002721	20250818	C1118	Kjærstad Utstyr	SKU-1009	Webcam 1080p	Peripherals	6	672,85	online
00002722	20250220	C1353	Väisänen Kaluste	SKU-1004	Mechanical Keyboard	Peripherals	9	1060,83	-
00002723	20241006	C1311	Trondheim Utstyr	SKU-1004	Mechanical Keyboard	Peripherals	12	1002,23	direct
00002724	20240308	C1399	Møller Innredning	SKU-1007	Noise Cancelling Headset	Peripherals	-1	1943,83	online
00002725	20250730	C1210	Dansk Kontormiljø	SKU-1007	Noise Cancelling Headset	Peripherals	4	2322,80	direct
00002726	20250516	C1207	Møller Innredning	SKU-1004	Mechanical Keyboard	Peripherals	9	1159,49	retail
00002727	20250427	C1152	Lindqvist AB	SKU-1004	Mechanical Keyboard	Peripherals	8	1145,27	online
00002728	20240627	C1246	Väisänen Kaluste	SKU-1003	Monitor Arm Dual	Accessories	7	778,37	partner
00002729	20240411	C1069	Søndergaard A/S	SKU-1003	Monitor Arm Dual	Accessories	10	972,85	direct
00002730	20250911	C1191	Dansk Kontormiljø	SKU-1010	Desk Lamp LED	Furniture	3	595,96	online
00002731	20250709	C1202	Møller Innredning	SKU-1008	Laptop Stand Aluminium	Accessories	4	684,42	partner
00002732	20250718	C1386	Lindqvist AB	SKU-1004	Mechanical Keyboard	Peripherals	2	1305,89	retail
00002733	20241121	C1345	Mäkinen Toimisto	SKU-1008	Laptop Stand Aluminium	Accessories	8	690,09	retail
00002734	20240319	C1393	Dansk Kontormiljø	SKU-1001	Ergonomic Desk Chair	Furniture	6	2240,73	retail
00002735	20250521	C1260	Väisänen Kaluste	SKU-1001	Ergonomic Desk Chair	Furniture	1	2100,14	online
00002736	20250823	C1008	Hämäläinen Oy	SKU-1008	Laptop Stand Aluminium	Accessories	9	551,09	direct
00002737	20250624	C1282	Lindqvist AB	SKU-1005	27in 4K Monitor	Displays	11	4942,69	retail
00002738	20241129	C1039	Trondheim Utstyr	SKU-1003	Monitor Arm Dual	Accessories	10	961,60	direct
00002739	20250523	C1273	Søndergaard A/S	SKU-1003	Monitor Arm Dual	Accessories	10	950,16	retail
00002740	20240909	C1196	Hämäläinen Oy	SKU-1005	27in 4K Monitor	Displays	5	4379,21	partner
00002741	20251009	C1337	Nordström Handel	SKU-1006	USB-C Dock	Accessories	12	1754,28	online
00002742	20240628	C1361	Väisänen Kaluste	SKU-1004	Mechanical Keyboard	Peripherals	7	1196,43	direct
00002743	20240112	C1093	Uppsala Interiör	SKU-1009	Webcam 1080p	Peripherals	9	771,38	online
00002744	20241016	C1344	Mäkinen Toimisto	SKU-1002	Standing Desk 140cm	Furniture	10	5040,92	partner
00002745	20240929	C1095	Nordström Handel	SKU-1008	Laptop Stand Aluminium	Accessories	3	676,28	online
00002746	20250908	C1101	Ålesund Kontor	SKU-1006	USB-C Dock	Accessories	-1	1538,60	retail
00002747	20250404	C1006	Mäkinen Toimisto	SKU-1008	Laptop Stand Aluminium	Accessories	5	684,85	retail
00002748	20251207	C1327	Kjærstad Utstyr	SKU-1001	Ergonomic Desk Chair	Furniture	10	2196,75	direct
00002749	20251011	C1110	Mäkinen Toimisto	SKU-1005	27in 4K Monitor	Displays	9	3692,00	retail
00002750	20240323	C1361	Kjærstad Utstyr	SKU-1007	Noise Cancelling Headset	Peripherals	3	2293,42	-
00002751	20240511	C1025	Dansk Kontormiljø	SKU-1002	Standing Desk 140cm	Furniture	12	5330,97	direct
00002752	20240525	C1105	Mäkinen Toimisto	SKU-1010	Desk Lamp LED	Furniture	3	574,83	retail
00002753	20250911	C1063	Jyllands Inventar	SKU-1008	Laptop Stand Aluminium	Accessories	2	687,17	partner
00002754	20240831	C1347	Nordström Handel	SKU-1002	Standing Desk 140cm	Furniture	10	5737,76	online
00002755	20250727	C1350	Søndergaard A/S	SKU-1008	Laptop Stand Aluminium	Accessories	5	597,11	direct
00002756	20251230	C1268	Rødvig Møbler	SKU-1009	Webcam 1080p	Peripherals	8	790,36	online
00002757	20250521	C1220	Kärkkäinen Oy	SKU-1007	Noise Cancelling Headset	Peripherals	5	2096,69	online
00002758	20241016	C1298	Møller Innredning	SKU-1010	Desk Lamp LED	Furniture	9	596,90	online
00002759	20250808	C1174	Dansk Kontormiljø	SKU-1001	Ergonomic Desk Chair	Furniture	11	2261,91	direct
00002760	20250202	C1250	Nordström Handel	SKU-1001	Ergonomic Desk Chair	Furniture	9	2340,91	retail
00002761	20240707	C1050	Nordström Handel	SKU-1010	Desk Lamp LED	Furniture	-3	476,00	direct
00002762	20240222	C1242	Dansk Kontormiljø	SKU-1009	Webcam 1080p	Peripherals	6	740,31	online
00002763	20250312	C1111	Kjærstad Utstyr	SKU-1003	Monitor Arm Dual	Accessories	10	992,83	retail
00002764	20251125	C1291	Ålesund Kontor	SKU-1003	Monitor Arm Dual	Accessories	8	800,10	partner
00002765	20240730	C1016	Bergström & Söner	SKU-1004	Mechanical Keyboard	Peripherals	7	1056,49	-
00002766	20250905	C1022	Søndergaard A/S	SKU-1004	Mechanical Keyboard	Peripherals	2	1063,06	online
00002767	20250428	C1227	Rødvig Møbler	SKU-1003	Monitor Arm Dual	Accessories	5	953,43	partner
00002768	20250925	C1253	Nordström Handel	SKU-1006	USB-C Dock	Accessories	5	1963,53	online
00002769	20250501	C1021	Nordström Handel	SKU-1008	Laptop Stand Aluminium	Accessories	2	730,00	online
00002770	20240730	C1297	Møller Innredning	SKU-1005	27in 4K Monitor	Displays	3	4739,36	direct
00002771	20250527	C1112	Dansk Kontormiljø	SKU-1004	Mechanical Keyboard	Peripherals	12	1104,12	partner
00002772	20241109	C1082	Nordström Handel	SKU-1002	Standing Desk 140cm	Furniture	8	4765,58	retail
00002773	20251104	C1303	Nordström Handel	SKU-1001	Ergonomic Desk Chair	Furniture	2	2336,00	partner
00002774	20250416	C1306	Nordström Handel	SKU-1008	Laptop Stand Aluminium	Accessories	2	636,07	online
00002775	20241115	C1004	Väisänen Kaluste	SKU-1003	Monitor Arm Dual	Accessories	11	807,07	retail
00002776	20240620	C1239	Møller Innredning	SKU-1003	Monitor Arm Dual	Accessories	2	981,78	partner
00002777	20240301	C1212	Jyllands Inventar	SKU-1009	Webcam 1080p	Peripherals	10	817,20	direct
00002778	20241129	C1127	Bergström & Söner	SKU-1008	Laptop Stand Aluminium	Accessories	4	596,79	partner
00002779	20250914	C1094	Hämäläinen Oy	SKU-1005	27in 4K Monitor	Displays	3	3778,49	online
00002780	20250422	C1216	Søndergaard A/S	SKU-1007	Noise Cancelling Headset	Peripherals	2	2207,94	online
00002781	20250626	C1015	Mäkinen Toimisto	SKU-1008	Laptop Stand Aluminium	Accessories	4	665,23	retail
00002782	20251004	C1382	Kjærstad Utstyr	SKU-1009	Webcam 1080p	Peripherals	9	749,30	retail
00002783	20251030	C1291	Lindqvist AB	SKU-1004	Mechanical Keyboard	Peripherals	12	1177,54	direct
00002784	20240615	C1233	Søndergaard A/S	SKU-1007	Noise Cancelling Headset	Peripherals	9	2341,62	direct
00002785	20250912	C1120	Rødvig Møbler	SKU-1004	Mechanical Keyboard	Peripherals	12	1032,34	retail
00002786	20240427	C1340	Ålesund Kontor	SKU-1009	Webcam 1080p	Peripherals	9	815,98	online
00002787	20241109	C1281	Hämäläinen Oy	SKU-1010	Desk Lamp LED	Furniture	2	577,98	partner
00002788	20240513	C1239	Bergström & Söner	SKU-1010	Desk Lamp LED	Furniture	5	540,54	partner
00002789	20251129	C1329	Nordström Handel	SKU-1005	27in 4K Monitor	Displays	9	4652,67	partner
00002790	20240328	C1386	Kjærstad Utstyr	SKU-1007	Noise Cancelling Headset	Peripherals	2	1998,53	online
00002791	20250311	C1251	Møller Innredning	SKU-1002	Standing Desk 140cm	Furniture	5	4773,44	direct
00002792	20250324	C1387	Mäkinen Toimisto	SKU-1004	Mechanical Keyboard	Peripherals	11	1059,78	partner
00002793	20241229	C1213	Kjærstad Utstyr	SKU-1010	Desk Lamp LED	Furniture	8	564,73	direct
00002794	20250221	C1099	Bergström & Söner	SKU-1007	Noise Cancelling Headset	Peripherals	12	1881,46	partner
00002795	20250812	C1181	Lindqvist AB	SKU-1009	Webcam 1080p	Peripherals	7	737,88	direct
00002796	20251026	C1101	Jyllands Inventar	SKU-1006	USB-C Dock	Accessories	2	1668,49	retail
00002797	20241020	C1005	Dansk Kontormiljø	SKU-1002	Standing Desk 140cm	Furniture	1	4583,88	direct
00002798	20240123	C1389	Väisänen Kaluste	SKU-1010	Desk Lamp LED	Furniture	6	491,05	retail
00002799	20250115	C1313	Bergström & Söner	SKU-1009	Webcam 1080p	Peripherals	10	755,83	online
00002800	20251127	C1189	Møller Innredning	SKU-1003	Monitor Arm Dual	Accessories	8	829,23	online
00002801	20240111	C1195	Lindqvist AB	SKU-1001	Ergonomic Desk Chair	Furniture	12	2191,82	online
00002802	20250907	C1008	Dansk Kontormiljø	SKU-1007	Noise Cancelling Headset	Peripherals	11	2382,70	retail
00002803	20240211	C1199	Jyllands Inventar	SKU-1005	27in 4K Monitor	Displays	10	4850,90	direct
00002804	20250204	C1287	Kjærstad Utstyr	SKU-1002	Standing Desk 140cm	Furniture	10	4464,90	online
00002805	20240924	C1092	Kjærstad Utstyr	SKU-1004	Mechanical Keyboard	Peripherals	5	1025,70	direct
00002806	20241230	C1278	Ålesund Kontor	SKU-1006	USB-C Dock	Accessories	4	1921,05	partner
00002807	20240403	C1181	Søndergaard A/S	SKU-1004	Mechanical Keyboard	Peripherals	3	1023,21	online
00002808	20241124	C1274	Ålesund Kontor	SKU-1006	USB-C Dock	Accessories	12	1783,64	partner
00002809	20250208	C1032	Kärkkäinen Oy	SKU-1006	USB-C Dock	Accessories	3	1613,34	online
00002810	20240117	C1275	Lindqvist AB	SKU-1004	Mechanical Keyboard	Peripherals	7	1293,67	retail
00002811	20251030	C1041	Dansk Kontormiljø	SKU-1010	Desk Lamp LED	Furniture	8	594,01	retail
00002812	20241211	C1040	Väisänen Kaluste	SKU-1005	27in 4K Monitor	Displays	2	3863,50	retail
00002813	20240216	C1038	Ålesund Kontor	SKU-1002	Standing Desk 140cm	Furniture	10	5587,74	online
00002814	20240124	C1240	Nordström Handel	SKU-1002	Standing Desk 140cm	Furniture	7	5060,64	retail
00002815	20241212	C1184	Bergström & Söner	SKU-1004	Mechanical Keyboard	Peripherals	10	1164,56	retail
00002816	20240706	C1277	Jyllands Inventar	SKU-1007	Noise Cancelling Headset	Peripherals	10	1879,01	retail
00002817	20241212	C1218	Väisänen Kaluste	SKU-1002	Standing Desk 140cm	Furniture	2	5755,40	retail
00002818	20240226	C1094	Kjærstad Utstyr	SKU-1009	Webcam 1080p	Peripherals	12	665,38	online
00002819	20250508	C1144	Väisänen Kaluste	SKU-1001	Ergonomic Desk Chair	Furniture	11	2444,97	retail
00002820	20240926	C1337	Søndergaard A/S	SKU-1010	Desk Lamp LED	Furniture	3	465,44	direct
00002821	20250427	C1285	Hämäläinen Oy	SKU-1008	Laptop Stand Aluminium	Accessories	7	553,90	partner
00002822	20241018	C1330	Uppsala Interiör	SKU-1010	Desk Lamp LED	Furniture	5	583,11	partner
00002823	20240502	C1271	Ålesund Kontor	SKU-1008	Laptop Stand Aluminium	Accessories	5	730,87	online
00002824	20250602	C1323	Mäkinen Toimisto	SKU-1005	27in 4K Monitor	Displays	5	4474,28	direct
00002825	20251224	C1391	Jyllands Inventar	SKU-1006	USB-C Dock	Accessories	1	1589,83	retail
00002826	20250217	C1211	Mäkinen Toimisto	SKU-1009	Webcam 1080p	Peripherals	3	761,03	direct
00002827	20251104	C1395	Jyllands Inventar	SKU-1003	Monitor Arm Dual	Accessories	3	1021,87	partner
00002828	20241227	C1240	Uppsala Interiör	SKU-1006	USB-C Dock	Accessories	8	1838,05	online
00002829	20240526	C1309	Nordström Handel	SKU-1008	Laptop Stand Aluminium	Accessories	10	653,66	partner
00002830	20240301	C1106	Møller Innredning	SKU-1001	Ergonomic Desk Chair	Furniture	12	2357,42	partner
00002831	20250821	C1297	Nordström Handel	SKU-1010	Desk Lamp LED	Furniture	11	553,40	retail
00002832	20251023	C1224	Uppsala Interiör	SKU-1004	Mechanical Keyboard	Peripherals	1	1227,41	direct
00002833	20240507	C1204	Søndergaard A/S	SKU-1004	Mechanical Keyboard	Peripherals	7	1061,90	direct
00002834	20240130	C1177	Hämäläinen Oy	SKU-1004	Mechanical Keyboard	Peripherals	2	1000,51	partner
00002835	20250428	C1160	Rødvig Møbler	SKU-1010	Desk Lamp LED	Furniture	10	581,62	online
00002836	20250908	C1220	Rødvig Møbler	SKU-1008	Laptop Stand Aluminium	Accessories	-2	582,10	online
00002837	20241211	C1341	Søndergaard A/S	SKU-1009	Webcam 1080p	Peripherals	9	706,21	partner
00002838	20241202	C1018	Nordström Handel	SKU-1009	Webcam 1080p	Peripherals	8	701,85	direct
00002839	20250116	C1099	Møller Innredning	SKU-1007	Noise Cancelling Headset	Peripherals	3	2351,21	direct
00002840	20250610	C1084	Kjærstad Utstyr	SKU-1005	27in 4K Monitor	Displays	5	3823,65	online
00002841	20250624	C1129	Hämäläinen Oy	SKU-1008	Laptop Stand Aluminium	Accessories	4	638,81	retail
00002842	20240310	C1045	Trondheim Utstyr	SKU-1002	Standing Desk 140cm	Furniture	9	4908,29	partner
00002843	20250324	C1090	Uppsala Interiör	SKU-1001	Ergonomic Desk Chair	Furniture	11	2381,81	retail
00002844	20241117	C1212	Ålesund Kontor	SKU-1008	Laptop Stand Aluminium	Accessories	12	676,19	partner
00002845	20240601	C1319	Uppsala Interiör	SKU-1001	Ergonomic Desk Chair	Furniture	11	2162,06	partner
00002846	20240509	C1049	Kjærstad Utstyr	SKU-1007	Noise Cancelling Headset	Peripherals	9	2360,18	retail
00002847	20241030	C1363	Møller Innredning	SKU-1006	USB-C Dock	Accessories	2	1650,06	direct
00002848	20241204	C1171	Väisänen Kaluste	SKU-1009	Webcam 1080p	Peripherals	5	797,25	online
00002849	20250608	C1337	Ålesund Kontor	SKU-1003	Monitor Arm Dual	Accessories	1	919,60	online
00002850	20240912	C1037	Mäkinen Toimisto	SKU-1001	Ergonomic Desk Chair	Furniture	4	2439,47	direct
00002851	20250625	C1089	Nordström Handel	SKU-1009	Webcam 1080p	Peripherals	4	845,54	partner
00002852	20250518	C1189	Bergström & Söner	SKU-1008	Laptop Stand Aluminium	Accessories	1	559,00	retail
00002853	20251005	C1347	Dansk Kontormiljø	SKU-1003	Monitor Arm Dual	Accessories	5	1017,87	partner
00002854	20241129	C1115	Søndergaard A/S	SKU-1009	Webcam 1080p	Peripherals	7	668,40	direct
00002855	20240326	C1229	Møller Innredning	SKU-1002	Standing Desk 140cm	Furniture	12	5360,90	online
00002856	20241007	C1397	Søndergaard A/S	SKU-1006	USB-C Dock	Accessories	12	1530,30	retail
00002857	20250224	C1087	Uppsala Interiör	SKU-1003	Monitor Arm Dual	Accessories	2	989,82	retail
00002858	20240211	C1067	Ålesund Kontor	SKU-1006	USB-C Dock	Accessories	8	1658,35	online
00002859	20250504	C1298	Uppsala Interiör	SKU-1005	27in 4K Monitor	Displays	5	4933,48	retail
00002860	20251231	C1217	Dansk Kontormiljø	SKU-1005	27in 4K Monitor	Displays	3	4758,98	online
00002861	20240417	C1178	Hämäläinen Oy	SKU-1001	Ergonomic Desk Chair	Furniture	5	2541,61	retail
00002862	20240101	C1027	Jyllands Inventar	SKU-1007	Noise Cancelling Headset	Peripherals	8	2274,14	direct
00002863	20251108	C1202	Lindqvist AB	SKU-1004	Mechanical Keyboard	Peripherals	3	1264,76	online
00002864	20241122	C1304	Väisänen Kaluste	SKU-1007	Noise Cancelling Headset	Peripherals	1	2048,45	direct
00002865	20250528	C1107	Kärkkäinen Oy	SKU-1002	Standing Desk 140cm	Furniture	3	5121,91	direct
00002866	20240703	C1012	Dansk Kontormiljø	SKU-1004	Mechanical Keyboard	Peripherals	7	1176,43	online
00002867	20250724	C1029	Dansk Kontormiljø	SKU-1010	Desk Lamp LED	Furniture	1	569,09	retail
00002868	20250304	C1297	Trondheim Utstyr	SKU-1009	Webcam 1080p	Peripherals	8	850,87	partner
00002869	20240528	C1008	Uppsala Interiör	SKU-1008	Laptop Stand Aluminium	Accessories	3	653,95	direct
00002870	20250726	C1274	Hämäläinen Oy	SKU-1004	Mechanical Keyboard	Peripherals	8	1266,53	online
00002871	20240506	C1119	Søndergaard A/S	SKU-1005	27in 4K Monitor	Displays	6	4489,55	retail
00002872	20250426	C1368	Hämäläinen Oy	SKU-1010	Desk Lamp LED	Furniture	5	509,00	direct
00002873	20251101	C1015	Jyllands Inventar	SKU-1003	Monitor Arm Dual	Accessories	7	1005,41	partner
00002874	20241021	C1286	Hämäläinen Oy	SKU-1010	Desk Lamp LED	Furniture	8	584,67	partner
00002875	20250607	C1282	Kjærstad Utstyr	SKU-1002	Standing Desk 140cm	Furniture	4	4836,06	retail
00002876	20250109	C1040	Ålesund Kontor	SKU-1009	Webcam 1080p	Peripherals	12	856,78	online
00002877	20240124	C1047	Kjærstad Utstyr	SKU-1003	Monitor Arm Dual	Accessories	7	890,58	online
00002878	20240831	C1320	Søndergaard A/S	SKU-1007	Noise Cancelling Headset	Peripherals	3	2208,64	online
00002879	20241129	C1195	Kärkkäinen Oy	SKU-1005	27in 4K Monitor	Displays	3	4489,20	retail
00002880	20240825	C1210	Uppsala Interiör	SKU-1008	Laptop Stand Aluminium	Accessories	4	594,85	retail
00002881	20250822	C1142	Møller Innredning	SKU-1010	Desk Lamp LED	Furniture	5	475,85	-
00002882	20240501	C1139	Møller Innredning	SKU-1001	Ergonomic Desk Chair	Furniture	12	2462,04	partner
00002883	20250819	C1061	Trondheim Utstyr	SKU-1007	Noise Cancelling Headset	Peripherals	5	2310,04	direct
00002884	20240928	C1118	Søndergaard A/S	SKU-1008	Laptop Stand Aluminium	Accessories	-1	578,68	retail
00002885	20251211	C1235	Väisänen Kaluste	SKU-1001	Ergonomic Desk Chair	Furniture	3	2752,28	direct
00002886	20241225	C1229	Nordström Handel	SKU-1006	USB-C Dock	Accessories	3	1746,92	partner
00002887	20250212	C1064	Bergström & Söner	SKU-1002	Standing Desk 140cm	Furniture	-3	4904,47	online
00002888	20250412	C1252	Hämäläinen Oy	SKU-1004	Mechanical Keyboard	Peripherals	10	1065,00	retail
00002889	20241001	C1083	Kärkkäinen Oy	SKU-1010	Desk Lamp LED	Furniture	5	586,25	-
00002890	20241116	C1114	Nordström Handel	SKU-1006	USB-C Dock	Accessories	3	1729,93	partner
00002891	20241223	C1367	Søndergaard A/S	SKU-1010	Desk Lamp LED	Furniture	1	454,94	partner
00002892	20251230	C1067	Møller Innredning	SKU-1010	Desk Lamp LED	Furniture	5	583,60	partner
00002893	20240722	C1399	Jyllands Inventar	SKU-1002	Standing Desk 140cm	Furniture	12	5199,73	partner
00002894	20250727	C1173	Uppsala Interiör	SKU-1008	Laptop Stand Aluminium	Accessories	3	597,26	direct
00002895	20240624	C1278	Väisänen Kaluste	SKU-1008	Laptop Stand Aluminium	Accessories	6	706,61	direct
00002896	20251130	C1082	Jyllands Inventar	SKU-1001	Ergonomic Desk Chair	Furniture	3	2332,73	direct
00002897	20250910	C1193	Dansk Kontormiljø	SKU-1007	Noise Cancelling Headset	Peripherals	1	1800,93	online
00002898	20251024	C1176	Nordström Handel	SKU-1008	Laptop Stand Aluminium	Accessories	-1	558,16	online
00002899	20241111	C1102	Uppsala Interiör	SKU-1001	Ergonomic Desk Chair	Furniture	6	2120,46	retail
00002900	20250624	C1083	Mäkinen Toimisto	SKU-1010	Desk Lamp LED	Furniture	10	532,34	online
00002901	20250423	C1146	Väisänen Kaluste	SKU-1006	USB-C Dock	Accessories	5	1638,45	retail
00002902	20241231	C1354	Jyllands Inventar	SKU-1009	Webcam 1080p	Peripherals	3	851,31	retail
00002903	20240917	C1244	Trondheim Utstyr	SKU-1008	Laptop Stand Aluminium	Accessories	3	722,80	online
00002904	20251119	C1382	Møller Innredning	SKU-1007	Noise Cancelling Headset	Peripherals	8	2039,26	direct
00002905	20250913	C1155	Kjærstad Utstyr	SKU-1001	Ergonomic Desk Chair	Furniture	3	2490,03	partner
00002906	20251021	C1051	Rødvig Møbler	SKU-1001	Ergonomic Desk Chair	Furniture	2	2417,82	online
00002907	20240211	C1310	Søndergaard A/S	SKU-1004	Mechanical Keyboard	Peripherals	4	1289,94	direct
00002908	20240715	C1375	Väisänen Kaluste	SKU-1001	Ergonomic Desk Chair	Furniture	6	2117,57	direct
00002909	20250905	C1341	Hämäläinen Oy	SKU-1010	Desk Lamp LED	Furniture	7	509,66	online
00002910	20240508	C1366	Rødvig Møbler	SKU-1008	Laptop Stand Aluminium	Accessories	1	608,90	online
00002911	20240729	C1199	Väisänen Kaluste	SKU-1003	Monitor Arm Dual	Accessories	11	1014,46	partner
00002912	20240903	C1143	Bergström & Söner	SKU-1008	Laptop Stand Aluminium	Accessories	5	606,36	direct
00002913	20251202	C1009	Søndergaard A/S	SKU-1007	Noise Cancelling Headset	Peripherals	5	2333,64	retail
00002914	20241224	C1121	Nordström Handel	SKU-1003	Monitor Arm Dual	Accessories	-1	769,28	retail
00002915	20251110	C1230	Trondheim Utstyr	SKU-1005	27in 4K Monitor	Displays	7	4371,43	direct
00002916	20250327	C1302	Trondheim Utstyr	SKU-1003	Monitor Arm Dual	Accessories	12	1000,02	partner
00002917	20250221	C1086	Mäkinen Toimisto	SKU-1004	Mechanical Keyboard	Peripherals	9	1185,10	online
00002918	20240405	C1241	Väisänen Kaluste	SKU-1005	27in 4K Monitor	Displays	9	3839,48	partner
00002919	20251026	C1257	Mäkinen Toimisto	SKU-1008	Laptop Stand Aluminium	Accessories	6	664,26	direct
00002920	20240319	C1233	Nordström Handel	SKU-1003	Monitor Arm Dual	Accessories	6	783,63	retail
00002921	20240712	C1320	Mäkinen Toimisto	SKU-1005	27in 4K Monitor	Displays	12	4655,56	online
00002922	20240906	C1135	Kärkkäinen Oy	SKU-1002	Standing Desk 140cm	Furniture	12	5127,06	direct
00002923	20250320	C1382	Kjærstad Utstyr	SKU-1004	Mechanical Keyboard	Peripherals	7	1265,11	partner
00002924	20250213	C1074	Ålesund Kontor	SKU-1003	Monitor Arm Dual	Accessories	9	934,23	retail
00002925	20241109	C1323	Søndergaard A/S	SKU-1004	Mechanical Keyboard	Peripherals	8	1084,30	direct
00002926	20250110	C1294	Mäkinen Toimisto	SKU-1001	Ergonomic Desk Chair	Furniture	5	2494,28	retail
00002927	20250611	C1389	Kärkkäinen Oy	SKU-1007	Noise Cancelling Headset	Peripherals	12	2229,02	retail
00002928	20251001	C1339	Hämäläinen Oy	SKU-1007	Noise Cancelling Headset	Peripherals	3	2211,27	partner
00002929	20250216	C1165	Väisänen Kaluste	SKU-1008	Laptop Stand Aluminium	Accessories	7	622,63	partner
00002930	20240831	C1021	Nordström Handel	SKU-1005	27in 4K Monitor	Displays	12	4710,78	partner
00002931	20251127	C1171	Kärkkäinen Oy	SKU-1007	Noise Cancelling Headset	Peripherals	1	2223,94	partner
00002932	20240820	C1249	Kärkkäinen Oy	SKU-1008	Laptop Stand Aluminium	Accessories	8	734,88	retail
00002933	20250321	C1249	Rødvig Møbler	SKU-1002	Standing Desk 140cm	Furniture	4	5184,88	direct
00002934	20250803	C1352	Søndergaard A/S	SKU-1004	Mechanical Keyboard	Peripherals	8	1266,05	partner
00002935	20251101	C1134	Dansk Kontormiljø	SKU-1006	USB-C Dock	Accessories	11	1652,03	retail
00002936	20241111	C1125	Nordström Handel	SKU-1004	Mechanical Keyboard	Peripherals	12	1280,02	partner
00002937	20251209	C1215	Møller Innredning	SKU-1004	Mechanical Keyboard	Peripherals	4	1043,69	online
00002938	20250723	C1073	Kjærstad Utstyr	SKU-1001	Ergonomic Desk Chair	Furniture	1	2755,18	retail
00002939	20250619	C1041	Hämäläinen Oy	SKU-1006	USB-C Dock	Accessories	3	1525,84	partner
00002940	20240326	C1159	Trondheim Utstyr	SKU-1009	Webcam 1080p	Peripherals	7	733,36	-
00002941	20250307	C1060	Nordström Handel	SKU-1001	Ergonomic Desk Chair	Furniture	5	2156,78	online
00002942	20241206	C1006	Väisänen Kaluste	SKU-1005	27in 4K Monitor	Displays	2	3863,96	retail
00002943	20240816	C1351	Rødvig Møbler	SKU-1001	Ergonomic Desk Chair	Furniture	4	2729,72	direct
00002944	20240925	C1088	Väisänen Kaluste	SKU-1009	Webcam 1080p	Peripherals	6	685,03	direct
00002945	20240414	C1217	Kärkkäinen Oy	SKU-1003	Monitor Arm Dual	Accessories	9	783,20	online
00002946	20240307	C1248	Trondheim Utstyr	SKU-1007	Noise Cancelling Headset	Peripherals	1	1870,07	direct
00002947	20240301	C1284	Søndergaard A/S	SKU-1010	Desk Lamp LED	Furniture	10	582,50	direct
00002948	20241012	C1134	Dansk Kontormiljø	SKU-1010	Desk Lamp LED	Furniture	7	467,50	retail
00002949	20250601	C1242	Mäkinen Toimisto	SKU-1009	Webcam 1080p	Peripherals	11	891,58	direct
00002950	20251201	C1076	Hämäläinen Oy	SKU-1007	Noise Cancelling Headset	Peripherals	3	2088,67	partner
00002951	20240725	C1005	Nordström Handel	SKU-1001	Ergonomic Desk Chair	Furniture	7	2436,15	online
00002952	20250508	C1273	Uppsala Interiör	SKU-1008	Laptop Stand Aluminium	Accessories	4	676,16	retail
00002953	20240227	C1094	Kjærstad Utstyr	SKU-1001	Ergonomic Desk Chair	Furniture	10	2058,05	partner
00002954	20250123	C1383	Mäkinen Toimisto	SKU-1002	Standing Desk 140cm	Furniture	5	5903,65	retail
00002955	20250923	C1383	Väisänen Kaluste	SKU-1008	Laptop Stand Aluminium	Accessories	9	719,60	online
00002956	20241129	C1085	Bergström & Söner	SKU-1008	Laptop Stand Aluminium	Accessories	-1	684,59	retail
00002957	20250826	C1039	Søndergaard A/S	SKU-1001	Ergonomic Desk Chair	Furniture	2	2066,91	partner
00002958	20250203	C1109	Bergström & Söner	SKU-1006	USB-C Dock	Accessories	1	1741,91	online
00002959	20240423	C1397	Uppsala Interiör	SKU-1009	Webcam 1080p	Peripherals	12	731,70	online
00002960	20251031	C1393	Nordström Handel	SKU-1005	27in 4K Monitor	Displays	-3	3995,17	partner
00002961	20240602	C1299	Uppsala Interiör	SKU-1005	27in 4K Monitor	Displays	2	3708,16	online
00002962	20250507	C1340	Mäkinen Toimisto	SKU-1007	Noise Cancelling Headset	Peripherals	10	2396,85	online
00002963	20251003	C1087	Bergström & Söner	SKU-1008	Laptop Stand Aluminium	Accessories	9	728,52	partner
00002964	20241227	C1322	Lindqvist AB	SKU-1001	Ergonomic Desk Chair	Furniture	12	2715,58	partner
00002965	20241226	C1282	Møller Innredning	SKU-1006	USB-C Dock	Accessories	3	1678,72	retail
00002966	20250122	C1143	Ålesund Kontor	SKU-1010	Desk Lamp LED	Furniture	12	452,92	retail
00002967	20251220	C1117	Jyllands Inventar	SKU-1003	Monitor Arm Dual	Accessories	-1	849,79	partner
00002968	20240404	C1081	Mäkinen Toimisto	SKU-1007	Noise Cancelling Headset	Peripherals	3	1845,63	direct
00002969	20251116	C1240	Kärkkäinen Oy	SKU-1009	Webcam 1080p	Peripherals	8	845,20	-
00002970	20240416	C1273	Hämäläinen Oy	SKU-1008	Laptop Stand Aluminium	Accessories	9	605,32	-
00002971	20251116	C1026	Trondheim Utstyr	SKU-1006	USB-C Dock	Accessories	8	1582,53	partner
00002972	20240319	C1346	Kjærstad Utstyr	SKU-1010	Desk Lamp LED	Furniture	9	519,22	retail
00002973	20240912	C1073	Lindqvist AB	SKU-1009	Webcam 1080p	Peripherals	8	783,75	direct
00002974	20250418	C1336	Mäkinen Toimisto	SKU-1004	Mechanical Keyboard	Peripherals	7	1272,74	online
00002975	20250705	C1093	Hämäläinen Oy	SKU-1009	Webcam 1080p	Peripherals	8	688,22	retail
00002976	20250704	C1041	Lindqvist AB	SKU-1002	Standing Desk 140cm	Furniture	8	4960,70	online
00002977	20251231	C1321	Väisänen Kaluste	SKU-1003	Monitor Arm Dual	Accessories	10	764,11	direct
00002978	20240527	C1266	Ålesund Kontor	SKU-1008	Laptop Stand Aluminium	Accessories	3	570,89	partner
00002979	20240320	C1061	Dansk Kontormiljø	SKU-1010	Desk Lamp LED	Furniture	9	528,68	partner
00002980	20251229	C1078	Rødvig Møbler	SKU-1009	Webcam 1080p	Peripherals	10	752,85	retail
00002981	20240308	C1147	Väisänen Kaluste	SKU-1003	Monitor Arm Dual	Accessories	2	912,72	direct
00002982	20250822	C1114	Møller Innredning	SKU-1009	Webcam 1080p	Peripherals	11	870,83	online
00002983	20240403	C1127	Lindqvist AB	SKU-1003	Monitor Arm Dual	Accessories	1	958,35	direct
00002984	20240630	C1344	Bergström & Söner	SKU-1008	Laptop Stand Aluminium	Accessories	11	587,30	partner
00002985	20241109	C1193	Rødvig Møbler	SKU-1009	Webcam 1080p	Peripherals	12	886,73	partner
00002986	20240708	C1355	Hämäläinen Oy	SKU-1007	Noise Cancelling Headset	Peripherals	4	2368,26	online
00002987	20240404	C1268	Dansk Kontormiljø	SKU-1003	Monitor Arm Dual	Accessories	2	941,67	direct
00002988	20240922	C1211	Møller Innredning	SKU-1004	Mechanical Keyboard	Peripherals	3	1074,56	direct
00002989	20251213	C1068	Uppsala Interiör	SKU-1009	Webcam 1080p	Peripherals	2	710,90	retail
00002990	20240608	C1188	Bergström & Söner	SKU-1010	Desk Lamp LED	Furniture	5	551,10	partner
00002991	20250608	C1283	Uppsala Interiör	SKU-1010	Desk Lamp LED	Furniture	2	460,88	online
00002992	20250927	C1327	Uppsala Interiör	SKU-1002	Standing Desk 140cm	Furniture	12	4667,42	retail
00002993	20250109	C1325	Rødvig Møbler	SKU-1005	27in 4K Monitor	Displays	7	4508,51	online
00002994	20241103	C1001	Møller Innredning	SKU-1001	Ergonomic Desk Chair	Furniture	10	2703,21	online
00002995	20240614	C1334	Bergström & Söner	SKU-1002	Standing Desk 140cm	Furniture	7	5660,89	retail
00002996	20240226	C1324	Jyllands Inventar	SKU-1008	Laptop Stand Aluminium	Accessories	1	646,18	direct
00002997	20241024	C1233	Nordström Handel	SKU-1007	Noise Cancelling Headset	Peripherals	8	1839,55	online
00002998	20250920	C1123	Lindqvist AB	SKU-1010	Desk Lamp LED	Furniture	8	554,79	partner
00002999	20240129	C1253	Møller Innredning	SKU-1002	Standing Desk 140cm	Furniture	11	4893,84	direct
00003000	20240827	C1336	Rødvig Møbler	SKU-1010	Desk Lamp LED	Furniture	10	558,13	partner
00003001	20251019	C1035	Søndergaard A/S	SKU-1007	Noise Cancelling Headset	Peripherals	4	2038,72	online
00003002	20250603	C1385	Lindqvist AB	SKU-1004	Mechanical Keyboard	Peripherals	5	997,24	direct
00003003	20240327	C1314	Møller Innredning	SKU-1008	Laptop Stand Aluminium	Accessories	5	726,45	online
00003004	20240502	C1186	Ålesund Kontor	SKU-1003	Monitor Arm Dual	Accessories	9	989,14	retail
00003005	20250724	C1345	Jyllands Inventar	SKU-1004	Mechanical Keyboard	Peripherals	9	1283,00	retail
00003006	20240409	C1166	Lindqvist AB	SKU-1005	27in 4K Monitor	Displays	2	4847,85	direct
00003007	20250126	C1194	Hämäläinen Oy	SKU-1004	Mechanical Keyboard	Peripherals	2	1065,53	-
00003008	20250301	C1133	Mäkinen Toimisto	SKU-1008	Laptop Stand Aluminium	Accessories	12	677,80	partner
00003009	20250425	C1090	Hämäläinen Oy	SKU-1001	Ergonomic Desk Chair	Furniture	2	2447,44	direct
00003010	20250912	C1237	Mäkinen Toimisto	SKU-1002	Standing Desk 140cm	Furniture	1	5420,35	direct
00003011	20250419	C1040	Jyllands Inventar	SKU-1009	Webcam 1080p	Peripherals	10	742,18	online
00003012	20250409	C1197	Dansk Kontormiljø	SKU-1008	Laptop Stand Aluminium	Accessories	1	575,79	partner
00003013	20240901	C1311	Trondheim Utstyr	SKU-1007	Noise Cancelling Headset	Peripherals	5	2345,27	direct
00003014	20250110	C1092	Møller Innredning	SKU-1005	27in 4K Monitor	Displays	5	4768,48	partner
00003015	20241017	C1074	Mäkinen Toimisto	SKU-1007	Noise Cancelling Headset	Peripherals	2	2351,56	retail
00003016	20250602	C1236	Uppsala Interiör	SKU-1010	Desk Lamp LED	Furniture	4	514,13	retail
00003017	20241105	C1389	Väisänen Kaluste	SKU-1008	Laptop Stand Aluminium	Accessories	9	609,86	partner
00003018	20251130	C1075	Hämäläinen Oy	SKU-1004	Mechanical Keyboard	Peripherals	3	1289,45	retail
00003019	20250227	C1031	Bergström & Söner	SKU-1004	Mechanical Keyboard	Peripherals	4	1300,94	partner
00003020	20241116	C1362	Nordström Handel	SKU-1010	Desk Lamp LED	Furniture	10	514,52	direct
00003021	20240826	C1349	Dansk Kontormiljø	SKU-1002	Standing Desk 140cm	Furniture	9	5734,33	partner
00003022	20250923	C1024	Bergström & Söner	SKU-1004	Mechanical Keyboard	Peripherals	2	1318,16	partner
00003023	20241017	C1226	Mäkinen Toimisto	SKU-1003	Monitor Arm Dual	Accessories	8	1019,62	online
00003024	20241019	C1133	Kjærstad Utstyr	SKU-1008	Laptop Stand Aluminium	Accessories	2	611,73	partner
00003025	20241218	C1320	Dansk Kontormiljø	SKU-1001	Ergonomic Desk Chair	Furniture	10	2053,21	direct
00003026	20240713	C1199	Mäkinen Toimisto	SKU-1004	Mechanical Keyboard	Peripherals	2	1311,67	partner
00003027	20240218	C1020	Bergström & Söner	SKU-1004	Mechanical Keyboard	Peripherals	7	1210,45	partner
00003028	20251110	C1337	Jyllands Inventar	SKU-1009	Webcam 1080p	Peripherals	3	845,90	partner
00003029	20240718	C1211	Lindqvist AB	SKU-1006	USB-C Dock	Accessories	-1	1727,01	partner
00003030	20250922	C1102	Ålesund Kontor	SKU-1007	Noise Cancelling Headset	Peripherals	8	1941,42	partner
00003031	20250530	C1028	Ålesund Kontor	SKU-1008	Laptop Stand Aluminium	Accessories	9	588,83	partner
00003032	20240604	C1271	Ålesund Kontor	SKU-1006	USB-C Dock	Accessories	12	1557,64	retail
00003033	20241209	C1110	Ålesund Kontor	SKU-1009	Webcam 1080p	Peripherals	1	797,09	retail
00003034	20250317	C1070	Møller Innredning	SKU-1003	Monitor Arm Dual	Accessories	1	776,39	retail
00003035	20240412	C1088	Nordström Handel	SKU-1009	Webcam 1080p	Peripherals	10	844,01	retail
00003036	20250928	C1218	Väisänen Kaluste	SKU-1004	Mechanical Keyboard	Peripherals	1	1191,14	online
00003037	20251108	C1116	Rødvig Møbler	SKU-1003	Monitor Arm Dual	Accessories	12	866,18	retail
00003038	20241014	C1284	Rødvig Møbler	SKU-1003	Monitor Arm Dual	Accessories	5	923,68	online
00003039	20240802	C1132	Lindqvist AB	SKU-1002	Standing Desk 140cm	Furniture	4	5098,18	online
00003040	20250910	C1381	Hämäläinen Oy	SKU-1004	Mechanical Keyboard	Peripherals	2	1279,85	partner
00003041	20251116	C1226	Ålesund Kontor	SKU-1008	Laptop Stand Aluminium	Accessories	2	560,61	online
00003042	20250615	C1280	Jyllands Inventar	SKU-1008	Laptop Stand Aluminium	Accessories	1	718,68	online
00003043	20251019	C1165	Rødvig Møbler	SKU-1001	Ergonomic Desk Chair	Furniture	3	2287,59	online
00003044	20251215	C1387	Jyllands Inventar	SKU-1007	Noise Cancelling Headset	Peripherals	1	1917,87	online
00003045	20251214	C1310	Jyllands Inventar	SKU-1010	Desk Lamp LED	Furniture	9	571,44	-
00003046	20240131	C1352	Väisänen Kaluste	SKU-1010	Desk Lamp LED	Furniture	11	557,33	partner
00003047	20240518	C1370	Mäkinen Toimisto	SKU-1008	Laptop Stand Aluminium	Accessories	3	627,14	partner
00003048	20240527	C1094	Bergström & Söner	SKU-1007	Noise Cancelling Headset	Peripherals	8	1796,68	retail
00003049	20250128	C1209	Kärkkäinen Oy	SKU-1007	Noise Cancelling Headset	Peripherals	10	2215,66	retail
00003050	20250605	C1399	Kärkkäinen Oy	SKU-1001	Ergonomic Desk Chair	Furniture	8	2415,27	online
00003051	20240707	C1357	Møller Innredning	SKU-1004	Mechanical Keyboard	Peripherals	8	1283,48	retail
00003052	20250506	C1134	Ålesund Kontor	SKU-1003	Monitor Arm Dual	Accessories	-2	892,32	online
00003053	20250527	C1024	Trondheim Utstyr	SKU-1009	Webcam 1080p	Peripherals	12	787,72	online
00003054	20240428	C1148	Rødvig Møbler	SKU-1007	Noise Cancelling Headset	Peripherals	5	2403,49	direct
00003055	20240413	C1282	Kärkkäinen Oy	SKU-1008	Laptop Stand Aluminium	Accessories	7	730,52	partner
00003056	20240517	C1071	Nordström Handel	SKU-1009	Webcam 1080p	Peripherals	6	746,46	direct
00003057	20251211	C1071	Dansk Kontormiljø	SKU-1003	Monitor Arm Dual	Accessories	1	875,27	direct
00003058	20250602	C1329	Väisänen Kaluste	SKU-1002	Standing Desk 140cm	Furniture	8	4867,26	retail
00003059	20250506	C1162	Trondheim Utstyr	SKU-1006	USB-C Dock	Accessories	8	1532,10	partner
00003060	20241101	C1027	Dansk Kontormiljø	SKU-1005	27in 4K Monitor	Displays	2	4357,39	retail
00003061	20240822	C1169	Møller Innredning	SKU-1002	Standing Desk 140cm	Furniture	11	4781,93	online
00003062	20241130	C1382	Ålesund Kontor	SKU-1004	Mechanical Keyboard	Peripherals	6	1100,92	online
00003063	20250205	C1148	Hämäläinen Oy	SKU-1009	Webcam 1080p	Peripherals	8	760,40	direct
00003064	20250110	C1341	Søndergaard A/S	SKU-1004	Mechanical Keyboard	Peripherals	6	1073,96	retail
00003065	20240824	C1049	Jyllands Inventar	SKU-1002	Standing Desk 140cm	Furniture	10	5058,68	direct
00003066	20240102	C1231	Dansk Kontormiljø	SKU-1010	Desk Lamp LED	Furniture	5	519,37	online
00003067	20241015	C1206	Hämäläinen Oy	SKU-1007	Noise Cancelling Headset	Peripherals	12	2036,81	retail
00003068	20240308	C1185	Uppsala Interiör	SKU-1010	Desk Lamp LED	Furniture	3	470,68	partner
00003069	20251017	C1304	Søndergaard A/S	SKU-1009	Webcam 1080p	Peripherals	3	696,57	partner
00003070	20250608	C1234	Møller Innredning	SKU-1009	Webcam 1080p	Peripherals	3	685,86	online
00003071	20240323	C1377	Uppsala Interiör	SKU-1004	Mechanical Keyboard	Peripherals	5	1273,41	retail
00003072	20240829	C1208	Kärkkäinen Oy	SKU-1002	Standing Desk 140cm	Furniture	9	5854,89	partner
00003073	20250116	C1046	Dansk Kontormiljø	SKU-1003	Monitor Arm Dual	Accessories	1	943,11	direct
00003074	20240130	C1354	Nordström Handel	SKU-1010	Desk Lamp LED	Furniture	6	539,62	retail
00003075	20250214	C1082	Hämäläinen Oy	SKU-1001	Ergonomic Desk Chair	Furniture	6	2566,45	retail
00003076	20241027	C1225	Ålesund Kontor	SKU-1001	Ergonomic Desk Chair	Furniture	11	2756,57	partner
00003077	20240321	C1031	Uppsala Interiör	SKU-1001	Ergonomic Desk Chair	Furniture	6	2736,62	retail
00003078	20240320	C1237	Trondheim Utstyr	SKU-1004	Mechanical Keyboard	Peripherals	6	1204,76	retail
00003079	20250412	C1355	Dansk Kontormiljø	SKU-1007	Noise Cancelling Headset	Peripherals	6	2017,16	retail
00003080	20250201	C1154	Kjærstad Utstyr	SKU-1005	27in 4K Monitor	Displays	9	4184,59	retail
00003081	20250827	C1354	Mäkinen Toimisto	SKU-1002	Standing Desk 140cm	Furniture	5	4928,17	retail
00003082	20250419	C1123	Kärkkäinen Oy	SKU-1003	Monitor Arm Dual	Accessories	11	761,89	direct
00003083	20241115	C1333	Hämäläinen Oy	SKU-1001	Ergonomic Desk Chair	Furniture	4	2338,27	online
00003084	20240130	C1393	Lindqvist AB	SKU-1005	27in 4K Monitor	Displays	3	4522,69	online
00003085	20251104	C1173	Trondheim Utstyr	SKU-1008	Laptop Stand Aluminium	Accessories	2	626,17	partner
00003086	20240814	C1250	Bergström & Söner	SKU-1009	Webcam 1080p	Peripherals	9	691,47	online
00003087	20240905	C1356	Lindqvist AB	SKU-1005	27in 4K Monitor	Displays	5	4809,00	-
00003088	20241129	C1220	Uppsala Interiör	SKU-1008	Laptop Stand Aluminium	Accessories	1	670,47	retail
00003089	20240207	C1394	Søndergaard A/S	SKU-1002	Standing Desk 140cm	Furniture	2	5241,49	direct
00003090	20240407	C1252	Dansk Kontormiljø	SKU-1001	Ergonomic Desk Chair	Furniture	7	2120,56	direct
00003091	20240119	C1170	Søndergaard A/S	SKU-1008	Laptop Stand Aluminium	Accessories	9	695,12	retail
00003092	20241006	C1061	Dansk Kontormiljø	SKU-1004	Mechanical Keyboard	Peripherals	5	1079,47	online
00003093	20250224	C1187	Jyllands Inventar	SKU-1003	Monitor Arm Dual	Accessories	9	945,40	retail
00003094	20250507	C1249	Nordström Handel	SKU-1006	USB-C Dock	Accessories	5	1616,52	partner
00003095	20251227	C1070	Rødvig Møbler	SKU-1006	USB-C Dock	Accessories	-2	1929,79	online
00003096	20250605	C1377	Trondheim Utstyr	SKU-1007	Noise Cancelling Headset	Peripherals	9	1940,34	partner
00003097	20250114	C1088	Mäkinen Toimisto	SKU-1009	Webcam 1080p	Peripherals	6	724,54	retail
00003098	20240930	C1273	Søndergaard A/S	SKU-1007	Noise Cancelling Headset	Peripherals	1	2102,44	online
00003099	20250225	C1020	Väisänen Kaluste	SKU-1001	Ergonomic Desk Chair	Furniture	12	2360,94	online
00003100	20240708	C1362	Ålesund Kontor	SKU-1004	Mechanical Keyboard	Peripherals	-3	1262,09	online
00003101	20250919	C1203	Väisänen Kaluste	SKU-1005	27in 4K Monitor	Displays	6	3888,41	partner
00003102	20241208	C1205	Trondheim Utstyr	SKU-1005	27in 4K Monitor	Displays	5	3675,63	retail
00003103	20241126	C1051	Kärkkäinen Oy	SKU-1007	Noise Cancelling Headset	Peripherals	12	2215,41	direct
00003104	20251202	C1278	Väisänen Kaluste	SKU-1008	Laptop Stand Aluminium	Accessories	12	650,14	direct
00003105	20251014	C1367	Bergström & Söner	SKU-1009	Webcam 1080p	Peripherals	7	803,35	partner
00003106	20251226	C1086	Søndergaard A/S	SKU-1009	Webcam 1080p	Peripherals	7	748,25	retail
00003107	20241204	C1058	Møller Innredning	SKU-1001	Ergonomic Desk Chair	Furniture	5	2684,85	retail
00003108	20250116	C1229	Kjærstad Utstyr	SKU-1007	Noise Cancelling Headset	Peripherals	11	1978,70	retail
00003109	20240405	C1046	Søndergaard A/S	SKU-1003	Monitor Arm Dual	Accessories	8	998,61	partner
00003110	20240730	C1212	Møller Innredning	SKU-1003	Monitor Arm Dual	Accessories	7	776,60	retail
00003111	20240114	C1173	Kärkkäinen Oy	SKU-1009	Webcam 1080p	Peripherals	3	760,67	direct
00003112	20250419	C1255	Kjærstad Utstyr	SKU-1003	Monitor Arm Dual	Accessories	3	878,16	direct
00003113	20250508	C1248	Dansk Kontormiljø	SKU-1004	Mechanical Keyboard	Peripherals	5	1251,17	partner
00003114	20250806	C1377	Hämäläinen Oy	SKU-1001	Ergonomic Desk Chair	Furniture	5	2349,51	partner
00003115	20250611	C1135	Rødvig Møbler	SKU-1008	Laptop Stand Aluminium	Accessories	2	702,61	retail
00003116	20251223	C1266	Lindqvist AB	SKU-1010	Desk Lamp LED	Furniture	8	511,71	direct
00003117	20250624	C1112	Väisänen Kaluste	SKU-1004	Mechanical Keyboard	Peripherals	2	1186,74	direct
00003118	20251020	C1033	Søndergaard A/S	SKU-1004	Mechanical Keyboard	Peripherals	10	1025,61	direct
00003119	20250206	C1011	Nordström Handel	SKU-1005	27in 4K Monitor	Displays	2	4166,67	partner
00003120	20240813	C1060	Kjærstad Utstyr	SKU-1002	Standing Desk 140cm	Furniture	1	5725,59	direct
00003121	20240617	C1299	Trondheim Utstyr	SKU-1008	Laptop Stand Aluminium	Accessories	7	688,28	partner
00003122	20240108	C1115	Dansk Kontormiljø	SKU-1005	27in 4K Monitor	Displays	4	4923,27	online
00003123	20240531	C1068	Kärkkäinen Oy	SKU-1006	USB-C Dock	Accessories	7	1626,21	retail
00003124	20240303	C1024	Møller Innredning	SKU-1006	USB-C Dock	Accessories	1	1702,76	direct
00003125	20240801	C1020	Nordström Handel	SKU-1006	USB-C Dock	Accessories	2	1574,14	retail
00003126	20250528	C1364	Bergström & Söner	SKU-1010	Desk Lamp LED	Furniture	7	549,49	online
00003127	20240605	C1282	Søndergaard A/S	SKU-1007	Noise Cancelling Headset	Peripherals	7	2182,35	direct
00003128	20251219	C1323	Trondheim Utstyr	SKU-1010	Desk Lamp LED	Furniture	7	466,40	retail
00003129	20250307	C1276	Trondheim Utstyr	SKU-1003	Monitor Arm Dual	Accessories	12	783,75	online
00003130	20240806	C1115	Møller Innredning	SKU-1010	Desk Lamp LED	Furniture	11	450,59	direct
00003131	20250425	C1344	Kjærstad Utstyr	SKU-1005	27in 4K Monitor	Displays	7	3816,21	direct
00003132	20240321	C1198	Nordström Handel	SKU-1002	Standing Desk 140cm	Furniture	11	4433,82	retail
00003133	20250207	C1246	Nordström Handel	SKU-1004	Mechanical Keyboard	Peripherals	-3	1211,64	retail
00003134	20250503	C1024	Hämäläinen Oy	SKU-1007	Noise Cancelling Headset	Peripherals	8	1815,39	partner
00003135	20250105	C1299	Mäkinen Toimisto	SKU-1004	Mechanical Keyboard	Peripherals	9	1033,37	retail
00003136	20250810	C1179	Uppsala Interiör	SKU-1003	Monitor Arm Dual	Accessories	12	878,82	direct
00003137	20241116	C1147	Søndergaard A/S	SKU-1004	Mechanical Keyboard	Peripherals	5	1103,07	partner
00003138	20250524	C1294	Kärkkäinen Oy	SKU-1002	Standing Desk 140cm	Furniture	6	5884,72	online
00003139	20241021	C1199	Väisänen Kaluste	SKU-1009	Webcam 1080p	Peripherals	10	827,47	online
00003140	20250925	C1164	Kärkkäinen Oy	SKU-1005	27in 4K Monitor	Displays	9	3900,66	online
00003141	20250525	C1067	Bergström & Söner	SKU-1004	Mechanical Keyboard	Peripherals	9	1036,30	online
00003142	20250424	C1368	Rødvig Møbler	SKU-1010	Desk Lamp LED	Furniture	7	535,67	direct
00003143	20241202	C1020	Nordström Handel	SKU-1009	Webcam 1080p	Peripherals	4	787,12	retail
00003144	20240125	C1169	Hämäläinen Oy	SKU-1005	27in 4K Monitor	Displays	9	4478,58	online
00003145	20250418	C1025	Møller Innredning	SKU-1007	Noise Cancelling Headset	Peripherals	5	2265,39	retail
00003146	20240208	C1125	Nordström Handel	SKU-1001	Ergonomic Desk Chair	Furniture	10	2632,79	direct
00003147	20250502	C1115	Kjærstad Utstyr	SKU-1003	Monitor Arm Dual	Accessories	-3	796,48	retail
00003148	20250810	C1264	Dansk Kontormiljø	SKU-1003	Monitor Arm Dual	Accessories	6	870,85	retail
00003149	20250717	C1035	Uppsala Interiör	SKU-1006	USB-C Dock	Accessories	9	1617,99	retail
00003150	20250829	C1053	Dansk Kontormiljø	SKU-1010	Desk Lamp LED	Furniture	5	549,10	partner
00003151	20240401	C1210	Kärkkäinen Oy	SKU-1005	27in 4K Monitor	Displays	10	4616,72	retail
00003152	20250711	C1140	Mäkinen Toimisto	SKU-1004	Mechanical Keyboard	Peripherals	6	1040,28	retail
00003153	20250711	C1259	Rødvig Møbler	SKU-1007	Noise Cancelling Headset	Peripherals	2	1827,31	direct
00003154	20241227	C1169	Lindqvist AB	SKU-1005	27in 4K Monitor	Displays	10	4515,07	direct
00003155	20250628	C1203	Väisänen Kaluste	SKU-1005	27in 4K Monitor	Displays	11	4770,50	direct
00003156	20241118	C1064	Trondheim Utstyr	SKU-1009	Webcam 1080p	Peripherals	4	871,77	-
00003157	20250105	C1377	Nordström Handel	SKU-1001	Ergonomic Desk Chair	Furniture	5	2700,03	retail
00003158	20240419	C1166	Bergström & Söner	SKU-1003	Monitor Arm Dual	Accessories	1	916,32	direct
00003159	20250319	C1076	Kärkkäinen Oy	SKU-1007	Noise Cancelling Headset	Peripherals	1	2137,48	online
00003160	20250323	C1225	Kjærstad Utstyr	SKU-1006	USB-C Dock	Accessories	2	1810,56	online
00003161	20240227	C1208	Hämäläinen Oy	SKU-1002	Standing Desk 140cm	Furniture	6	5843,58	partner
00003162	20240202	C1210	Kärkkäinen Oy	SKU-1006	USB-C Dock	Accessories	12	1589,16	retail
00003163	20250309	C1164	Kärkkäinen Oy	SKU-1006	USB-C Dock	Accessories	10	1703,19	direct
00003164	20250605	C1337	Søndergaard A/S	SKU-1004	Mechanical Keyboard	Peripherals	9	1124,10	online
00003165	20250831	C1120	Väisänen Kaluste	SKU-1004	Mechanical Keyboard	Peripherals	9	1269,72	online
00003166	20250226	C1230	Kjærstad Utstyr	SKU-1007	Noise Cancelling Headset	Peripherals	4	2337,17	direct
00003167	20241209	C1156	Jyllands Inventar	SKU-1010	Desk Lamp LED	Furniture	7	528,16	partner
00003168	20240215	C1286	Väisänen Kaluste	SKU-1009	Webcam 1080p	Peripherals	8	839,35	retail
00003169	20250329	C1386	Kärkkäinen Oy	SKU-1004	Mechanical Keyboard	Peripherals	12	1280,75	direct
00003170	20251124	C1387	Rødvig Møbler	SKU-1008	Laptop Stand Aluminium	Accessories	11	623,52	online
00003171	20240321	C1095	Lindqvist AB	SKU-1005	27in 4K Monitor	Displays	8	4440,83	online
00003172	20251228	C1215	Uppsala Interiör	SKU-1005	27in 4K Monitor	Displays	7	3895,42	retail
00003173	20240114	C1029	Väisänen Kaluste	SKU-1003	Monitor Arm Dual	Accessories	1	850,68	direct
00003174	20250829	C1357	Uppsala Interiör	SKU-1006	USB-C Dock	Accessories	3	1532,01	partner
00003175	20240731	C1003	Ålesund Kontor	SKU-1004	Mechanical Keyboard	Peripherals	9	1047,84	online
00003176	20241106	C1144	Søndergaard A/S	SKU-1006	USB-C Dock	Accessories	10	1727,41	direct
00003177	20250407	C1386	Uppsala Interiör	SKU-1002	Standing Desk 140cm	Furniture	4	5635,99	online
00003178	20240608	C1107	Bergström & Söner	SKU-1008	Laptop Stand Aluminium	Accessories	2	601,23	retail
00003179	20251027	C1056	Rødvig Møbler	SKU-1003	Monitor Arm Dual	Accessories	4	880,09	direct
00003180	20250927	C1391	Mäkinen Toimisto	SKU-1002	Standing Desk 140cm	Furniture	6	4478,80	retail
00003181	20240407	C1279	Kjærstad Utstyr	SKU-1006	USB-C Dock	Accessories	12	1563,37	direct
00003182	20240521	C1132	Uppsala Interiör	SKU-1001	Ergonomic Desk Chair	Furniture	4	2684,21	partner
00003183	20241212	C1314	Ålesund Kontor	SKU-1006	USB-C Dock	Accessories	4	1629,83	online
00003184	20240419	C1332	Lindqvist AB	SKU-1007	Noise Cancelling Headset	Peripherals	7	1986,31	retail
00003185	20240621	C1224	Rødvig Møbler	SKU-1006	USB-C Dock	Accessories	7	1739,53	retail
00003186	20240911	C1281	Jyllands Inventar	SKU-1002	Standing Desk 140cm	Furniture	-2	4497,95	direct
00003187	20240122	C1054	Nordström Handel	SKU-1005	27in 4K Monitor	Displays	11	4627,18	retail
00003188	20250210	C1333	Lindqvist AB	SKU-1007	Noise Cancelling Headset	Peripherals	-3	1980,45	direct
00003189	20250606	C1082	Jyllands Inventar	SKU-1005	27in 4K Monitor	Displays	12	4304,90	direct
00003190	20250904	C1109	Kjærstad Utstyr	SKU-1009	Webcam 1080p	Peripherals	3	665,04	partner
00003191	20251114	C1313	Lindqvist AB	SKU-1007	Noise Cancelling Headset	Peripherals	8	2264,31	partner
00003192	20250309	C1185	Jyllands Inventar	SKU-1009	Webcam 1080p	Peripherals	12	872,51	partner
00003193	20240120	C1342	Kärkkäinen Oy	SKU-1010	Desk Lamp LED	Furniture	3	583,61	direct
00003194	20240827	C1244	Uppsala Interiör	SKU-1006	USB-C Dock	Accessories	4	1629,79	direct
00003195	20240923	C1385	Väisänen Kaluste	SKU-1009	Webcam 1080p	Peripherals	6	743,18	direct
00003196	20250322	C1139	Kjærstad Utstyr	SKU-1007	Noise Cancelling Headset	Peripherals	10	2328,68	partner
00003197	20240206	C1094	Mäkinen Toimisto	SKU-1003	Monitor Arm Dual	Accessories	2	783,58	online
00003198	20240105	C1308	Kärkkäinen Oy	SKU-1009	Webcam 1080p	Peripherals	4	685,33	partner
00003199	20250129	C1096	Trondheim Utstyr	SKU-1001	Ergonomic Desk Chair	Furniture	5	2376,90	direct
00003200	20240301	C1150	Lindqvist AB	SKU-1004	Mechanical Keyboard	Peripherals	11	1091,25	online
00003201	20240612	C1242	Jyllands Inventar	SKU-1001	Ergonomic Desk Chair	Furniture	6	2731,96	direct
00003202	20250723	C1279	Uppsala Interiör	SKU-1001	Ergonomic Desk Chair	Furniture	1	2359,01	direct
00003203	20240117	C1312	Rødvig Møbler	SKU-1007	Noise Cancelling Headset	Peripherals	6	1953,14	partner
00003204	20240405	C1136	Väisänen Kaluste	SKU-1003	Monitor Arm Dual	Accessories	3	822,26	online
00003205	20240703	C1012	Hämäläinen Oy	SKU-1009	Webcam 1080p	Peripherals	2	841,13	retail
00003206	20251118	C1129	Jyllands Inventar	SKU-1009	Webcam 1080p	Peripherals	4	703,86	online
00003207	20240806	C1332	Lindqvist AB	SKU-1006	USB-C Dock	Accessories	6	1997,79	direct
00003208	20240422	C1217	Dansk Kontormiljø	SKU-1005	27in 4K Monitor	Displays	12	3800,72	partner
00003209	20250619	C1303	Uppsala Interiör	SKU-1009	Webcam 1080p	Peripherals	1	877,35	partner
00003210	20240314	C1000	Jyllands Inventar	SKU-1007	Noise Cancelling Headset	Peripherals	9	2116,76	online
00003211	20240818	C1130	Uppsala Interiör	SKU-1003	Monitor Arm Dual	Accessories	8	965,70	online
00003212	20251105	C1337	Kjærstad Utstyr	SKU-1008	Laptop Stand Aluminium	Accessories	2	605,51	partner
00003213	20250625	C1110	Dansk Kontormiljø	SKU-1010	Desk Lamp LED	Furniture	7	478,60	retail
00003214	20250816	C1071	Dansk Kontormiljø	SKU-1008	Laptop Stand Aluminium	Accessories	5	630,42	direct
00003215	20251208	C1155	Dansk Kontormiljø	SKU-1003	Monitor Arm Dual	Accessories	1	982,26	online
00003216	20251205	C1187	Ålesund Kontor	SKU-1005	27in 4K Monitor	Displays	2	4270,47	direct
00003217	20240721	C1025	Jyllands Inventar	SKU-1008	Laptop Stand Aluminium	Accessories	7	669,11	direct
00003218	20250427	C1236	Møller Innredning	SKU-1003	Monitor Arm Dual	Accessories	8	827,18	partner
00003219	20241005	C1294	Mäkinen Toimisto	SKU-1007	Noise Cancelling Headset	Peripherals	9	2138,98	partner
00003220	20240808	C1345	Lindqvist AB	SKU-1006	USB-C Dock	Accessories	2	1728,98	partner
00003221	20251003	C1184	Mäkinen Toimisto	SKU-1005	27in 4K Monitor	Displays	4	3829,59	online
00003222	20250629	C1110	Bergström & Söner	SKU-1009	Webcam 1080p	Peripherals	12	881,86	online
00003223	20250417	C1169	Dansk Kontormiljø	SKU-1008	Laptop Stand Aluminium	Accessories	10	667,06	retail
00003224	20250925	C1287	Lindqvist AB	SKU-1008	Laptop Stand Aluminium	Accessories	7	657,60	partner
00003225	20240727	C1051	Rødvig Møbler	SKU-1009	Webcam 1080p	Peripherals	8	677,24	direct
00003226	20251022	C1259	Nordström Handel	SKU-1004	Mechanical Keyboard	Peripherals	7	1217,71	partner
00003227	20250823	C1180	Trondheim Utstyr	SKU-1009	Webcam 1080p	Peripherals	5	716,77	direct
00003228	20251112	C1164	Dansk Kontormiljø	SKU-1010	Desk Lamp LED	Furniture	12	484,32	retail
00003229	20251022	C1372	Trondheim Utstyr	SKU-1004	Mechanical Keyboard	Peripherals	10	1131,84	direct
00003230	20250215	C1110	Kärkkäinen Oy	SKU-1010	Desk Lamp LED	Furniture	12	448,68	direct
00003231	20240606	C1018	Ålesund Kontor	SKU-1005	27in 4K Monitor	Displays	3	4291,64	retail
00003232	20240127	C1034	Lindqvist AB	SKU-1006	USB-C Dock	Accessories	4	1953,18	online
00003233	20240609	C1270	Jyllands Inventar	SKU-1010	Desk Lamp LED	Furniture	6	509,35	direct
00003234	20240424	C1073	Dansk Kontormiljø	SKU-1008	Laptop Stand Aluminium	Accessories	2	601,77	partner
00003235	20250621	C1186	Rødvig Møbler	SKU-1007	Noise Cancelling Headset	Peripherals	11	2391,64	online
00003236	20240627	C1082	Jyllands Inventar	SKU-1002	Standing Desk 140cm	Furniture	4	5113,23	online
00003237	20240111	C1239	Rødvig Møbler	SKU-1001	Ergonomic Desk Chair	Furniture	4	2209,16	direct
00003238	20240823	C1284	Hämäläinen Oy	SKU-1004	Mechanical Keyboard	Peripherals	11	1299,18	online
00003239	20241122	C1057	Mäkinen Toimisto	SKU-1005	27in 4K Monitor	Displays	1	3853,83	retail
00003240	20250117	C1359	Møller Innredning	SKU-1007	Noise Cancelling Headset	Peripherals	9	2199,55	partner
00003241	20240904	C1191	Søndergaard A/S	SKU-1009	Webcam 1080p	Peripherals	7	837,92	retail
00003242	20250518	C1048	Mäkinen Toimisto	SKU-1009	Webcam 1080p	Peripherals	6	892,40	retail
00003243	20241026	C1118	Kärkkäinen Oy	SKU-1001	Ergonomic Desk Chair	Furniture	10	2688,99	retail
00003244	20240725	C1064	Hämäläinen Oy	SKU-1008	Laptop Stand Aluminium	Accessories	2	631,33	retail
00003245	20240916	C1396	Dansk Kontormiljø	SKU-1004	Mechanical Keyboard	Peripherals	6	1279,25	partner
00003246	20240803	C1328	Uppsala Interiör	SKU-1007	Noise Cancelling Headset	Peripherals	8	2096,93	direct
00003247	20240206	C1223	Bergström & Söner	SKU-1003	Monitor Arm Dual	Accessories	6	767,17	online
00003248	20240611	C1233	Dansk Kontormiljø	SKU-1008	Laptop Stand Aluminium	Accessories	9	706,20	online
00003249	20240623	C1104	Uppsala Interiör	SKU-1010	Desk Lamp LED	Furniture	1	542,13	online
00003250	20250325	C1380	Uppsala Interiör	SKU-1004	Mechanical Keyboard	Peripherals	6	1126,63	partner
00003251	20241024	C1344	Kjærstad Utstyr	SKU-1004	Mechanical Keyboard	Peripherals	5	1042,58	retail
00003252	20251001	C1297	Lindqvist AB	SKU-1001	Ergonomic Desk Chair	Furniture	7	2700,35	retail
00003253	20251105	C1172	Søndergaard A/S	SKU-1010	Desk Lamp LED	Furniture	3	448,69	partner
00003254	20240510	C1363	Lindqvist AB	SKU-1010	Desk Lamp LED	Furniture	1	588,69	partner
00003255	20240306	C1205	Jyllands Inventar	SKU-1008	Laptop Stand Aluminium	Accessories	3	559,24	online
00003256	20251208	C1289	Bergström & Söner	SKU-1008	Laptop Stand Aluminium	Accessories	11	547,99	online
00003257	20240414	C1347	Jyllands Inventar	SKU-1002	Standing Desk 140cm	Furniture	3	5703,56	online
00003258	20241113	C1027	Väisänen Kaluste	SKU-1003	Monitor Arm Dual	Accessories	2	960,02	retail
00003259	20250416	C1252	Kärkkäinen Oy	SKU-1006	USB-C Dock	Accessories	1	1653,47	partner
00003260	20251217	C1251	Rødvig Møbler	SKU-1007	Noise Cancelling Headset	Peripherals	2	2141,56	partner
00003261	20240604	C1384	Rødvig Møbler	SKU-1001	Ergonomic Desk Chair	Furniture	3	2457,59	retail
00003262	20251222	C1385	Møller Innredning	SKU-1004	Mechanical Keyboard	Peripherals	12	1184,10	direct
00003263	20251211	C1368	Uppsala Interiör	SKU-1004	Mechanical Keyboard	Peripherals	3	1236,83	partner
00003264	20241126	C1165	Kjærstad Utstyr	SKU-1010	Desk Lamp LED	Furniture	12	502,13	retail
00003265	20241005	C1271	Kjærstad Utstyr	SKU-1003	Monitor Arm Dual	Accessories	6	868,73	retail
00003266	20240819	C1252	Bergström & Söner	SKU-1008	Laptop Stand Aluminium	Accessories	9	728,74	direct
00003267	20241011	C1021	Väisänen Kaluste	SKU-1007	Noise Cancelling Headset	Peripherals	5	2082,14	direct
00003268	20241118	C1134	Bergström & Söner	SKU-1008	Laptop Stand Aluminium	Accessories	2	714,53	retail
00003269	20241008	C1104	Dansk Kontormiljø	SKU-1001	Ergonomic Desk Chair	Furniture	1	2139,54	direct
00003270	20241207	C1385	Ålesund Kontor	SKU-1006	USB-C Dock	Accessories	12	1800,92	direct
00003271	20251223	C1228	Mäkinen Toimisto	SKU-1003	Monitor Arm Dual	Accessories	6	776,13	direct
00003272	20241214	C1075	Rødvig Møbler	SKU-1001	Ergonomic Desk Chair	Furniture	1	2307,57	retail
00003273	20250404	C1236	Rødvig Møbler	SKU-1010	Desk Lamp LED	Furniture	11	481,92	direct
00003274	20250709	C1038	Väisänen Kaluste	SKU-1008	Laptop Stand Aluminium	Accessories	12	717,21	partner
00003275	20240226	C1233	Ålesund Kontor	SKU-1008	Laptop Stand Aluminium	Accessories	2	720,54	partner
00003276	20240214	C1229	Bergström & Söner	SKU-1008	Laptop Stand Aluminium	Accessories	10	603,47	retail
00003277	20250902	C1304	Bergström & Söner	SKU-1008	Laptop Stand Aluminium	Accessories	1	634,41	-
00003278	20240712	C1263	Nordström Handel	SKU-1007	Noise Cancelling Headset	Peripherals	7	2301,98	online
00003279	20240712	C1296	Ålesund Kontor	SKU-1006	USB-C Dock	Accessories	1	1848,28	direct
00003280	20250616	C1094	Trondheim Utstyr	SKU-1006	USB-C Dock	Accessories	12	2012,19	online
00003281	20240104	C1163	Møller Innredning	SKU-1006	USB-C Dock	Accessories	7	1603,20	online
00003282	20251205	C1031	Møller Innredning	SKU-1003	Monitor Arm Dual	Accessories	9	1011,56	direct
00003283	20240309	C1173	Kjærstad Utstyr	SKU-1010	Desk Lamp LED	Furniture	7	493,44	retail
00003284	20250216	C1208	Hämäläinen Oy	SKU-1008	Laptop Stand Aluminium	Accessories	6	700,21	partner
00003285	20240801	C1018	Väisänen Kaluste	SKU-1003	Monitor Arm Dual	Accessories	6	922,07	partner
00003286	20240120	C1135	Bergström & Söner	SKU-1001	Ergonomic Desk Chair	Furniture	11	2557,85	direct
00003287	20241002	C1181	Mäkinen Toimisto	SKU-1004	Mechanical Keyboard	Peripherals	6	1124,62	partner
00003288	20241111	C1354	Väisänen Kaluste	SKU-1003	Monitor Arm Dual	Accessories	6	788,59	retail
00003289	20241225	C1274	Hämäläinen Oy	SKU-1010	Desk Lamp LED	Furniture	4	518,92	online
00003290	20241125	C1262	Väisänen Kaluste	SKU-1001	Ergonomic Desk Chair	Furniture	8	2760,00	partner
00003291	20250620	C1280	Søndergaard A/S	SKU-1002	Standing Desk 140cm	Furniture	1	4654,44	direct
00003292	20240724	C1094	Hämäläinen Oy	SKU-1003	Monitor Arm Dual	Accessories	8	1007,46	online
00003293	20250402	C1285	Ålesund Kontor	SKU-1004	Mechanical Keyboard	Peripherals	5	1194,74	direct
00003294	20250320	C1359	Ålesund Kontor	SKU-1006	USB-C Dock	Accessories	6	1621,42	online
00003295	20240101	C1346	Nordström Handel	SKU-1004	Mechanical Keyboard	Peripherals	-3	1008,01	retail
00003296	20251013	C1108	Nordström Handel	SKU-1007	Noise Cancelling Headset	Peripherals	5	1913,35	direct
00003297	20240124	C1059	Lindqvist AB	SKU-1009	Webcam 1080p	Peripherals	6	893,60	partner
00003298	20240412	C1257	Mäkinen Toimisto	SKU-1004	Mechanical Keyboard	Peripherals	6	1164,13	partner
00003299	20240311	C1299	Väisänen Kaluste	SKU-1010	Desk Lamp LED	Furniture	4	565,52	online
00003300	20250301	C1324	Møller Innredning	SKU-1006	USB-C Dock	Accessories	1	1961,25	partner
00003301	20251215	C1276	Møller Innredning	SKU-1008	Laptop Stand Aluminium	Accessories	4	597,05	retail
00003302	20250420	C1267	Rødvig Møbler	SKU-1009	Webcam 1080p	Peripherals	8	739,89	partner
00003303	20250715	C1108	Väisänen Kaluste	SKU-1005	27in 4K Monitor	Displays	1	4563,46	online
00003304	20240527	C1113	Ålesund Kontor	SKU-1003	Monitor Arm Dual	Accessories	-3	889,75	online
00003305	20250703	C1273	Väisänen Kaluste	SKU-1010	Desk Lamp LED	Furniture	5	586,48	partner
00003306	20241115	C1366	Uppsala Interiör	SKU-1007	Noise Cancelling Headset	Peripherals	10	2389,20	online
00003307	20240104	C1397	Lindqvist AB	SKU-1009	Webcam 1080p	Peripherals	2	737,21	retail
00003308	20241108	C1108	Väisänen Kaluste	SKU-1001	Ergonomic Desk Chair	Furniture	12	2225,94	partner
00003309	20240131	C1375	Trondheim Utstyr	SKU-1002	Standing Desk 140cm	Furniture	3	5484,03	direct
00003310	20251215	C1062	Jyllands Inventar	SKU-1007	Noise Cancelling Headset	Peripherals	10	2314,52	retail
00003311	20250814	C1306	Bergström & Söner	SKU-1006	USB-C Dock	Accessories	1	1835,18	partner
00003312	20250730	C1205	Bergström & Söner	SKU-1002	Standing Desk 140cm	Furniture	9	5618,33	direct
00003313	20240131	C1041	Trondheim Utstyr	SKU-1002	Standing Desk 140cm	Furniture	5	4723,03	direct
00003314	20250418	C1114	Møller Innredning	SKU-1007	Noise Cancelling Headset	Peripherals	3	2029,11	online
00003315	20250927	C1098	Nordström Handel	SKU-1010	Desk Lamp LED	Furniture	12	536,12	retail
00003316	20250825	C1328	Uppsala Interiör	SKU-1003	Monitor Arm Dual	Accessories	4	999,75	retail
00003317	20240917	C1172	Søndergaard A/S	SKU-1005	27in 4K Monitor	Displays	3	4791,45	direct
00003318	20240908	C1218	Kärkkäinen Oy	SKU-1002	Standing Desk 140cm	Furniture	7	5836,08	retail
00003319	20240522	C1307	Trondheim Utstyr	SKU-1001	Ergonomic Desk Chair	Furniture	1	2583,29	online
00003320	20251127	C1377	Ålesund Kontor	SKU-1005	27in 4K Monitor	Displays	8	4551,82	retail
00003321	20250529	C1048	Väisänen Kaluste	SKU-1002	Standing Desk 140cm	Furniture	7	4633,93	retail
00003322	20251108	C1022	Søndergaard A/S	SKU-1002	Standing Desk 140cm	Furniture	12	5690,19	online
00003323	20250707	C1139	Trondheim Utstyr	SKU-1001	Ergonomic Desk Chair	Furniture	4	2519,86	-
00003324	20251024	C1115	Ålesund Kontor	SKU-1003	Monitor Arm Dual	Accessories	2	1013,95	direct
00003325	20240504	C1082	Uppsala Interiör	SKU-1005	27in 4K Monitor	Displays	12	4321,77	partner
00003326	20240909	C1385	Trondheim Utstyr	SKU-1005	27in 4K Monitor	Displays	2	3780,89	partner
00003327	20250409	C1016	Lindqvist AB	SKU-1005	27in 4K Monitor	Displays	6	3927,60	online
00003328	20250424	C1168	Hämäläinen Oy	SKU-1008	Laptop Stand Aluminium	Accessories	3	578,06	online
00003329	20251015	C1138	Lindqvist AB	SKU-1008	Laptop Stand Aluminium	Accessories	4	547,56	partner
00003330	20240511	C1358	Kjærstad Utstyr	SKU-1002	Standing Desk 140cm	Furniture	11	4698,08	retail
00003331	20250825	C1223	Kjærstad Utstyr	SKU-1004	Mechanical Keyboard	Peripherals	1	1061,41	retail
00003332	20251106	C1363	Lindqvist AB	SKU-1001	Ergonomic Desk Chair	Furniture	3	2636,12	retail
00003333	20250630	C1004	Hämäläinen Oy	SKU-1001	Ergonomic Desk Chair	Furniture	2	2087,16	online
00003334	20250120	C1229	Ålesund Kontor	SKU-1008	Laptop Stand Aluminium	Accessories	3	615,26	online
00003335	20240803	C1011	Bergström & Söner	SKU-1003	Monitor Arm Dual	Accessories	1	956,19	partner
00003336	20240104	C1267	Dansk Kontormiljø	SKU-1003	Monitor Arm Dual	Accessories	9	1022,51	direct
00003337	20241024	C1195	Nordström Handel	SKU-1009	Webcam 1080p	Peripherals	5	716,65	online
00003338	20240911	C1274	Uppsala Interiör	SKU-1004	Mechanical Keyboard	Peripherals	4	1054,16	partner
00003339	20251202	C1232	Kärkkäinen Oy	SKU-1003	Monitor Arm Dual	Accessories	2	857,12	direct
00003340	20250421	C1136	Jyllands Inventar	SKU-1006	USB-C Dock	Accessories	9	1780,81	online
00003341	20250510	C1211	Ålesund Kontor	SKU-1006	USB-C Dock	Accessories	8	1789,01	retail
00003342	20250415	C1266	Rødvig Møbler	SKU-1010	Desk Lamp LED	Furniture	1	527,95	retail
00003343	20240211	C1310	Bergström & Söner	SKU-1004	Mechanical Keyboard	Peripherals	5	1165,05	retail
00003344	20240716	C1330	Uppsala Interiör	SKU-1003	Monitor Arm Dual	Accessories	2	788,95	direct
00003345	20251223	C1340	Kjærstad Utstyr	SKU-1003	Monitor Arm Dual	Accessories	10	864,98	online
00003346	20240321	C1287	Lindqvist AB	SKU-1001	Ergonomic Desk Chair	Furniture	1	2218,57	direct
00003347	20240514	C1258	Uppsala Interiör	SKU-1009	Webcam 1080p	Peripherals	2	736,42	direct
00003348	20251016	C1089	Søndergaard A/S	SKU-1001	Ergonomic Desk Chair	Furniture	9	2369,77	online
00003349	20251120	C1083	Dansk Kontormiljø	SKU-1010	Desk Lamp LED	Furniture	4	480,45	partner
00003350	20250317	C1114	Rødvig Møbler	SKU-1004	Mechanical Keyboard	Peripherals	7	1032,31	direct
00003351	20250219	C1200	Bergström & Söner	SKU-1006	USB-C Dock	Accessories	3	1706,98	partner
00003352	20240217	C1282	Bergström & Söner	SKU-1004	Mechanical Keyboard	Peripherals	-2	1268,53	partner
00003353	20240329	C1075	Bergström & Söner	SKU-1001	Ergonomic Desk Chair	Furniture	7	2706,65	direct
00003354	20250602	C1349	Mäkinen Toimisto	SKU-1006	USB-C Dock	Accessories	3	1733,01	retail
00003355	20250909	C1377	Dansk Kontormiljø	SKU-1009	Webcam 1080p	Peripherals	-1	821,94	retail
00003356	20250409	C1333	Møller Innredning	SKU-1006	USB-C Dock	Accessories	7	1760,69	partner
00003357	20240604	C1354	Søndergaard A/S	SKU-1003	Monitor Arm Dual	Accessories	5	855,67	direct
00003358	20240829	C1278	Søndergaard A/S	SKU-1010	Desk Lamp LED	Furniture	10	533,11	online
00003359	20241208	C1107	Trondheim Utstyr	SKU-1001	Ergonomic Desk Chair	Furniture	4	2689,86	retail
00003360	20250529	C1131	Rødvig Møbler	SKU-1010	Desk Lamp LED	Furniture	1	508,12	partner
00003361	20241217	C1190	Lindqvist AB	SKU-1009	Webcam 1080p	Peripherals	9	671,12	partner
00003362	20251224	C1366	Väisänen Kaluste	SKU-1008	Laptop Stand Aluminium	Accessories	5	644,17	online
00003363	20240907	C1038	Dansk Kontormiljø	SKU-1003	Monitor Arm Dual	Accessories	1	995,39	-
00003364	20240422	C1023	Mäkinen Toimisto	SKU-1005	27in 4K Monitor	Displays	3	4343,33	direct
00003365	20240812	C1222	Rødvig Møbler	SKU-1007	Noise Cancelling Headset	Peripherals	11	2203,89	online
00003366	20251127	C1038	Bergström & Söner	SKU-1001	Ergonomic Desk Chair	Furniture	10	2257,37	direct
00003367	20250919	C1264	Lindqvist AB	SKU-1006	USB-C Dock	Accessories	7	1859,95	partner
00003368	20240327	C1048	Rødvig Møbler	SKU-1005	27in 4K Monitor	Displays	1	4375,53	online
00003369	20240211	C1172	Bergström & Söner	SKU-1001	Ergonomic Desk Chair	Furniture	12	2114,94	direct
00003370	20241021	C1032	Rødvig Møbler	SKU-1010	Desk Lamp LED	Furniture	9	553,17	partner
00003371	20240315	C1150	Mäkinen Toimisto	SKU-1007	Noise Cancelling Headset	Peripherals	6	2354,39	direct
00003372	20251224	C1389	Mäkinen Toimisto	SKU-1008	Laptop Stand Aluminium	Accessories	-1	581,48	partner
00003373	20250531	C1041	Søndergaard A/S	SKU-1010	Desk Lamp LED	Furniture	5	455,81	partner
00003374	20240701	C1074	Dansk Kontormiljø	SKU-1007	Noise Cancelling Headset	Peripherals	11	2331,99	direct
00003375	20250110	C1020	Hämäläinen Oy	SKU-1003	Monitor Arm Dual	Accessories	9	1018,03	partner
00003376	20240408	C1118	Lindqvist AB	SKU-1006	USB-C Dock	Accessories	8	1626,91	online
00003377	20240108	C1364	Dansk Kontormiljø	SKU-1006	USB-C Dock	Accessories	12	1514,38	partner
00003378	20250214	C1223	Bergström & Söner	SKU-1009	Webcam 1080p	Peripherals	4	837,06	retail
00003379	20240315	C1238	Rødvig Møbler	SKU-1009	Webcam 1080p	Peripherals	5	682,07	direct
00003380	20240630	C1171	Kärkkäinen Oy	SKU-1001	Ergonomic Desk Chair	Furniture	12	2457,34	retail
00003381	20240127	C1168	Rødvig Møbler	SKU-1005	27in 4K Monitor	Displays	9	4494,45	partner
00003382	20240224	C1138	Mäkinen Toimisto	SKU-1002	Standing Desk 140cm	Furniture	10	5911,47	online
00003383	20240307	C1316	Rødvig Møbler	SKU-1010	Desk Lamp LED	Furniture	8	595,20	online
00003384	20251123	C1099	Søndergaard A/S	SKU-1003	Monitor Arm Dual	Accessories	8	933,09	partner
00003385	20240707	C1011	Lindqvist AB	SKU-1003	Monitor Arm Dual	Accessories	1	763,41	online
00003386	20250704	C1341	Rødvig Møbler	SKU-1001	Ergonomic Desk Chair	Furniture	6	2528,88	partner
00003387	20250219	C1145	Bergström & Söner	SKU-1003	Monitor Arm Dual	Accessories	12	784,16	online
00003388	20250223	C1347	Søndergaard A/S	SKU-1003	Monitor Arm Dual	Accessories	2	816,89	direct
00003389	20250815	C1124	Ålesund Kontor	SKU-1006	USB-C Dock	Accessories	5	1811,40	direct
00003390	20241122	C1056	Bergström & Söner	SKU-1001	Ergonomic Desk Chair	Furniture	9	2109,59	partner
00003391	20240724	C1272	Hämäläinen Oy	SKU-1005	27in 4K Monitor	Displays	5	4185,13	online
00003392	20251027	C1072	Jyllands Inventar	SKU-1007	Noise Cancelling Headset	Peripherals	1	2028,01	direct
00003393	20240115	C1015	Ålesund Kontor	SKU-1003	Monitor Arm Dual	Accessories	3	973,93	partner
00003394	20241217	C1151	Hämäläinen Oy	SKU-1003	Monitor Arm Dual	Accessories	2	952,43	partner
00003395	20251010	C1059	Kärkkäinen Oy	SKU-1010	Desk Lamp LED	Furniture	12	500,71	retail
00003396	20251012	C1100	Lindqvist AB	SKU-1005	27in 4K Monitor	Displays	9	4114,90	retail
00003397	20240516	C1311	Kärkkäinen Oy	SKU-1004	Mechanical Keyboard	Peripherals	4	1185,21	partner
00003398	20250810	C1166	Trondheim Utstyr	SKU-1010	Desk Lamp LED	Furniture	6	504,67	direct
00003399	20240718	C1314	Uppsala Interiör	SKU-1003	Monitor Arm Dual	Accessories	3	816,87	retail
00003400	20250802	C1302	Hämäläinen Oy	SKU-1003	Monitor Arm Dual	Accessories	4	974,97	retail
00003401	20250721	C1201	Ålesund Kontor	SKU-1005	27in 4K Monitor	Displays	1	4344,28	partner
00003402	20250306	C1265	Trondheim Utstyr	SKU-1002	Standing Desk 140cm	Furniture	1	5228,62	online
00003403	20240708	C1234	Trondheim Utstyr	SKU-1004	Mechanical Keyboard	Peripherals	10	1081,68	online
00003404	20251228	C1121	Uppsala Interiör	SKU-1002	Standing Desk 140cm	Furniture	9	5035,93	retail
00003405	20241204	C1244	Jyllands Inventar	SKU-1004	Mechanical Keyboard	Peripherals	9	1162,98	retail
00003406	20240316	C1103	Jyllands Inventar	SKU-1001	Ergonomic Desk Chair	Furniture	6	2417,48	partner
00003407	20240922	C1151	Uppsala Interiör	SKU-1005	27in 4K Monitor	Displays	2	4387,10	online
00003408	20250317	C1060	Ålesund Kontor	SKU-1009	Webcam 1080p	Peripherals	11	785,28	partner
00003409	20240303	C1066	Trondheim Utstyr	SKU-1002	Standing Desk 140cm	Furniture	2	4964,28	retail
00003410	20250308	C1350	Bergström & Söner	SKU-1002	Standing Desk 140cm	Furniture	5	4997,44	partner
00003411	20240321	C1040	Uppsala Interiör	SKU-1005	27in 4K Monitor	Displays	-2	3926,72	retail
00003412	20251017	C1319	Møller Innredning	SKU-1004	Mechanical Keyboard	Peripherals	-1	1038,70	online
00003413	20240208	C1032	Uppsala Interiör	SKU-1007	Noise Cancelling Headset	Peripherals	4	2127,16	online
00003414	20250416	C1107	Søndergaard A/S	SKU-1005	27in 4K Monitor	Displays	10	3816,79	direct
00003415	20240602	C1072	Kärkkäinen Oy	SKU-1007	Noise Cancelling Headset	Peripherals	6	1991,23	online
00003416	20250808	C1334	Nordström Handel	SKU-1010	Desk Lamp LED	Furniture	6	563,02	direct
00003417	20241216	C1088	Jyllands Inventar	SKU-1010	Desk Lamp LED	Furniture	4	570,03	direct
00003418	20240530	C1031	Møller Innredning	SKU-1008	Laptop Stand Aluminium	Accessories	8	583,81	online
00003419	20240421	C1305	Kjærstad Utstyr	SKU-1007	Noise Cancelling Headset	Peripherals	7	1857,54	direct
00003420	20250925	C1366	Kjærstad Utstyr	SKU-1002	Standing Desk 140cm	Furniture	9	5201,96	direct
00003421	20241015	C1292	Nordström Handel	SKU-1007	Noise Cancelling Headset	Peripherals	9	2125,20	partner
00003422	20240707	C1201	Mäkinen Toimisto	SKU-1003	Monitor Arm Dual	Accessories	3	801,65	direct
00003423	20251107	C1200	Dansk Kontormiljø	SKU-1006	USB-C Dock	Accessories	6	1518,17	retail
00003424	20240503	C1347	Møller Innredning	SKU-1010	Desk Lamp LED	Furniture	9	523,24	online
00003425	20250106	C1285	Møller Innredning	SKU-1002	Standing Desk 140cm	Furniture	12	5456,64	partner
00003426	20241122	C1134	Dansk Kontormiljø	SKU-1009	Webcam 1080p	Peripherals	5	850,53	direct
00003427	20250131	C1038	Jyllands Inventar	SKU-1003	Monitor Arm Dual	Accessories	3	864,47	direct
00003428	20241129	C1144	Ålesund Kontor	SKU-1006	USB-C Dock	Accessories	3	1586,14	direct
00003429	20250516	C1098	Kjærstad Utstyr	SKU-1008	Laptop Stand Aluminium	Accessories	-3	597,91	partner
00003430	20250423	C1183	Jyllands Inventar	SKU-1002	Standing Desk 140cm	Furniture	4	5444,95	partner
00003431	20251001	C1365	Søndergaard A/S	SKU-1004	Mechanical Keyboard	Peripherals	11	1154,87	direct
00003432	20240805	C1018	Ålesund Kontor	SKU-1004	Mechanical Keyboard	Peripherals	4	1107,29	retail
00003433	20241006	C1170	Søndergaard A/S	SKU-1010	Desk Lamp LED	Furniture	8	543,09	direct
00003434	20250910	C1124	Mäkinen Toimisto	SKU-1006	USB-C Dock	Accessories	10	1854,88	retail
00003435	20250708	C1107	Jyllands Inventar	SKU-1007	Noise Cancelling Headset	Peripherals	2	2248,07	retail
00003436	20250328	C1169	Dansk Kontormiljø	SKU-1001	Ergonomic Desk Chair	Furniture	9	2140,95	direct
00003437	20250219	C1233	Kärkkäinen Oy	SKU-1001	Ergonomic Desk Chair	Furniture	10	2633,04	retail
00003438	20241012	C1298	Bergström & Söner	SKU-1005	27in 4K Monitor	Displays	10	4193,88	online
00003439	20250615	C1249	Lindqvist AB	SKU-1009	Webcam 1080p	Peripherals	-2	708,28	direct
00003440	20241022	C1164	Trondheim Utstyr	SKU-1010	Desk Lamp LED	Furniture	3	473,69	online
00003441	20240627	C1137	Uppsala Interiör	SKU-1002	Standing Desk 140cm	Furniture	5	5835,46	online
00003442	20250202	C1250	Lindqvist AB	SKU-1008	Laptop Stand Aluminium	Accessories	6	625,45	partner
00003443	20240131	C1220	Hämäläinen Oy	SKU-1006	USB-C Dock	Accessories	6	1882,71	retail
00003444	20250101	C1243	Søndergaard A/S	SKU-1001	Ergonomic Desk Chair	Furniture	2	2340,50	direct
00003445	20240201	C1231	Ålesund Kontor	SKU-1006	USB-C Dock	Accessories	12	1961,82	-
00003446	20240214	C1263	Uppsala Interiör	SKU-1002	Standing Desk 140cm	Furniture	11	4976,66	partner
00003447	20250312	C1202	Bergström & Söner	SKU-1002	Standing Desk 140cm	Furniture	1	5175,30	online
00003448	20240901	C1055	Nordström Handel	SKU-1003	Monitor Arm Dual	Accessories	3	906,05	direct
00003449	20250615	C1101	Bergström & Söner	SKU-1003	Monitor Arm Dual	Accessories	1	778,92	partner
00003450	20241221	C1109	Kjærstad Utstyr	SKU-1005	27in 4K Monitor	Displays	2	4191,38	partner
00003451	20240915	C1070	Lindqvist AB	SKU-1007	Noise Cancelling Headset	Peripherals	10	2141,42	partner
00003452	20250403	C1291	Väisänen Kaluste	SKU-1003	Monitor Arm Dual	Accessories	1	824,44	online
00003453	20240314	C1152	Mäkinen Toimisto	SKU-1008	Laptop Stand Aluminium	Accessories	10	581,14	partner
00003454	20241016	C1091	Kärkkäinen Oy	SKU-1002	Standing Desk 140cm	Furniture	1	5112,19	direct
00003455	20251124	C1230	Ålesund Kontor	SKU-1002	Standing Desk 140cm	Furniture	6	5753,18	retail
00003456	20240412	C1073	Nordström Handel	SKU-1005	27in 4K Monitor	Displays	7	4899,44	online
00003457	20240601	C1278	Dansk Kontormiljø	SKU-1009	Webcam 1080p	Peripherals	8	845,30	partner
00003458	20240318	C1258	Jyllands Inventar	SKU-1004	Mechanical Keyboard	Peripherals	6	1215,53	retail
00003459	20240606	C1257	Møller Innredning	SKU-1007	Noise Cancelling Headset	Peripherals	2	2059,80	partner
00003460	20240827	C1317	Jyllands Inventar	SKU-1003	Monitor Arm Dual	Accessories	1	873,75	partner
00003461	20241018	C1264	Bergström & Söner	SKU-1006	USB-C Dock	Accessories	5	1717,28	-
00003462	20250608	C1033	Jyllands Inventar	SKU-1006	USB-C Dock	Accessories	5	1829,28	partner
00003463	20250704	C1215	Rødvig Møbler	SKU-1001	Ergonomic Desk Chair	Furniture	3	2212,16	retail
00003464	20241210	C1044	Uppsala Interiör	SKU-1005	27in 4K Monitor	Displays	10	3827,13	partner
00003465	20241120	C1243	Väisänen Kaluste	SKU-1009	Webcam 1080p	Peripherals	8	802,34	direct
00003466	20240304	C1089	Bergström & Söner	SKU-1001	Ergonomic Desk Chair	Furniture	6	2157,73	partner
00003467	20250802	C1070	Rødvig Møbler	SKU-1002	Standing Desk 140cm	Furniture	11	5908,86	direct
00003468	20241102	C1047	Bergström & Söner	SKU-1006	USB-C Dock	Accessories	1	1755,74	partner
00003469	20250423	C1220	Kärkkäinen Oy	SKU-1004	Mechanical Keyboard	Peripherals	2	1083,46	partner
00003470	20240405	C1349	Kärkkäinen Oy	SKU-1001	Ergonomic Desk Chair	Furniture	8	2118,24	online
00003471	20240710	C1204	Jyllands Inventar	SKU-1003	Monitor Arm Dual	Accessories	6	893,50	partner
00003472	20251015	C1367	Kärkkäinen Oy	SKU-1006	USB-C Dock	Accessories	7	1775,84	online
00003473	20240517	C1024	Nordström Handel	SKU-1005	27in 4K Monitor	Displays	10	4407,37	online
00003474	20240124	C1338	Hämäläinen Oy	SKU-1009	Webcam 1080p	Peripherals	2	861,84	retail
00003475	20241211	C1143	Møller Innredning	SKU-1002	Standing Desk 140cm	Furniture	6	5140,89	direct
00003476	20240703	C1172	Dansk Kontormiljø	SKU-1005	27in 4K Monitor	Displays	12	4730,58	retail
00003477	20250126	C1051	Lindqvist AB	SKU-1005	27in 4K Monitor	Displays	3	3680,52	partner
00003478	20250620	C1161	Dansk Kontormiljø	SKU-1002	Standing Desk 140cm	Furniture	12	5781,22	retail
00003479	20250711	C1151	Uppsala Interiör	SKU-1004	Mechanical Keyboard	Peripherals	9	1049,19	partner
00003480	20240205	C1099	Lindqvist AB	SKU-1010	Desk Lamp LED	Furniture	5	446,95	online
00003481	20240614	C1282	Jyllands Inventar	SKU-1006	USB-C Dock	Accessories	6	1561,80	partner
00003482	20241118	C1279	Trondheim Utstyr	SKU-1005	27in 4K Monitor	Displays	-3	3706,28	retail
00003483	20240207	C1031	Uppsala Interiör	SKU-1008	Laptop Stand Aluminium	Accessories	12	577,23	partner
00003484	20250111	C1049	Bergström & Söner	SKU-1009	Webcam 1080p	Peripherals	11	664,77	partner
00003485	20240504	C1099	Nordström Handel	SKU-1001	Ergonomic Desk Chair	Furniture	5	2267,90	direct
00003486	20250926	C1248	Mäkinen Toimisto	SKU-1003	Monitor Arm Dual	Accessories	12	812,56	retail
00003487	20250815	C1203	Møller Innredning	SKU-1004	Mechanical Keyboard	Peripherals	6	1184,30	direct
00003488	20240105	C1169	Trondheim Utstyr	SKU-1001	Ergonomic Desk Chair	Furniture	12	2079,19	direct
00003489	20241028	C1077	Hämäläinen Oy	SKU-1004	Mechanical Keyboard	Peripherals	3	1110,04	direct
00003490	20240522	C1042	Dansk Kontormiljø	SKU-1007	Noise Cancelling Headset	Peripherals	3	2233,41	online
00003491	20250822	C1250	Uppsala Interiör	SKU-1007	Noise Cancelling Headset	Peripherals	3	2224,42	direct
00003492	20241106	C1366	Jyllands Inventar	SKU-1004	Mechanical Keyboard	Peripherals	9	1315,24	retail
00003493	20250412	C1169	Väisänen Kaluste	SKU-1007	Noise Cancelling Headset	Peripherals	6	1965,25	partner
00003494	20250809	C1055	Møller Innredning	SKU-1003	Monitor Arm Dual	Accessories	1	894,71	retail
00003495	20251112	C1314	Møller Innredning	SKU-1010	Desk Lamp LED	Furniture	4	457,70	direct
00003496	20241014	C1032	Dansk Kontormiljø	SKU-1005	27in 4K Monitor	Displays	-3	4524,16	direct
00003497	20240628	C1312	Bergström & Söner	SKU-1004	Mechanical Keyboard	Peripherals	11	999,30	retail
00003498	20251226	C1166	Nordström Handel	SKU-1004	Mechanical Keyboard	Peripherals	12	1265,52	direct
00003499	20240224	C1266	Søndergaard A/S	SKU-1001	Ergonomic Desk Chair	Furniture	11	2587,94	retail
00003500	20250622	C1032	Kjærstad Utstyr	SKU-1009	Webcam 1080p	Peripherals	4	763,01	partner
00003501	20240603	C1216	Møller Innredning	SKU-1010	Desk Lamp LED	Furniture	10	572,16	online
00003502	20240504	C1189	Hämäläinen Oy	SKU-1008	Laptop Stand Aluminium	Accessories	3	694,53	direct
00003503	20240514	C1338	Søndergaard A/S	SKU-1008	Laptop Stand Aluminium	Accessories	1	596,36	partner
00003504	20240308	C1292	Jyllands Inventar	SKU-1007	Noise Cancelling Headset	Peripherals	2	2357,56	online
00003505	20241212	C1284	Rødvig Møbler	SKU-1001	Ergonomic Desk Chair	Furniture	3	2621,25	partner
00003506	20240905	C1394	Lindqvist AB	SKU-1007	Noise Cancelling Headset	Peripherals	6	2026,96	partner
00003507	20250106	C1000	Kärkkäinen Oy	SKU-1008	Laptop Stand Aluminium	Accessories	11	604,64	partner
00003508	20250319	C1061	Hämäläinen Oy	SKU-1006	USB-C Dock	Accessories	3	1826,50	retail
00003509	20240706	C1275	Søndergaard A/S	SKU-1005	27in 4K Monitor	Displays	1	4419,41	-
00003510	20241019	C1166	Väisänen Kaluste	SKU-1008	Laptop Stand Aluminium	Accessories	11	696,27	direct
00003511	20250110	C1092	Kjærstad Utstyr	SKU-1008	Laptop Stand Aluminium	Accessories	9	655,01	online
00003512	20251109	C1021	Jyllands Inventar	SKU-1004	Mechanical Keyboard	Peripherals	8	1146,40	online
00003513	20241214	C1358	Lindqvist AB	SKU-1009	Webcam 1080p	Peripherals	8	872,97	-
00003514	20250417	C1240	Rødvig Møbler	SKU-1008	Laptop Stand Aluminium	Accessories	4	547,67	direct
00003515	20250622	C1137	Kjærstad Utstyr	SKU-1008	Laptop Stand Aluminium	Accessories	8	639,62	partner
00003516	20251125	C1136	Bergström & Söner	SKU-1001	Ergonomic Desk Chair	Furniture	1	2243,46	retail
00003517	20250413	C1261	Lindqvist AB	SKU-1005	27in 4K Monitor	Displays	10	4185,51	partner
00003518	20240630	C1300	Nordström Handel	SKU-1009	Webcam 1080p	Peripherals	4	886,49	partner
00003519	20240930	C1164	Väisänen Kaluste	SKU-1004	Mechanical Keyboard	Peripherals	7	1220,21	retail
00003520	20250904	C1369	Trondheim Utstyr	SKU-1001	Ergonomic Desk Chair	Furniture	5	2478,45	online
00003521	20240421	C1090	Jyllands Inventar	SKU-1009	Webcam 1080p	Peripherals	1	881,99	retail
00003522	20250312	C1243	Dansk Kontormiljø	SKU-1002	Standing Desk 140cm	Furniture	4	5802,88	retail
00003523	20250503	C1293	Hämäläinen Oy	SKU-1007	Noise Cancelling Headset	Peripherals	11	1978,83	partner
00003524	20240225	C1081	Bergström & Söner	SKU-1001	Ergonomic Desk Chair	Furniture	7	2655,13	online
00003525	20241205	C1027	Lindqvist AB	SKU-1008	Laptop Stand Aluminium	Accessories	5	663,89	direct
00003526	20250819	C1327	Jyllands Inventar	SKU-1002	Standing Desk 140cm	Furniture	6	5957,05	direct
00003527	20240415	C1029	Kärkkäinen Oy	SKU-1002	Standing Desk 140cm	Furniture	3	4526,46	direct
00003528	20250909	C1231	Ålesund Kontor	SKU-1001	Ergonomic Desk Chair	Furniture	11	2547,07	online
00003529	20240323	C1344	Dansk Kontormiljø	SKU-1005	27in 4K Monitor	Displays	10	4784,87	direct
00003530	20240623	C1232	Ålesund Kontor	SKU-1005	27in 4K Monitor	Displays	5	3873,67	direct
00003531	20240716	C1003	Jyllands Inventar	SKU-1009	Webcam 1080p	Peripherals	10	706,71	online
00003532	20241106	C1336	Møller Innredning	SKU-1003	Monitor Arm Dual	Accessories	1	1016,93	partner
00003533	20251116	C1375	Hämäläinen Oy	SKU-1002	Standing Desk 140cm	Furniture	4	4572,25	retail
00003534	20250511	C1241	Ålesund Kontor	SKU-1005	27in 4K Monitor	Displays	8	4217,88	retail
00003535	20250718	C1336	Kjærstad Utstyr	SKU-1004	Mechanical Keyboard	Peripherals	-2	1035,96	direct
00003536	20250516	C1357	Dansk Kontormiljø	SKU-1008	Laptop Stand Aluminium	Accessories	1	632,37	direct
00003537	20250723	C1377	Søndergaard A/S	SKU-1009	Webcam 1080p	Peripherals	12	702,03	partner
00003538	20240423	C1002	Nordström Handel	SKU-1003	Monitor Arm Dual	Accessories	3	913,63	direct
00003539	20240814	C1157	Lindqvist AB	SKU-1008	Laptop Stand Aluminium	Accessories	10	658,32	online
00003540	20241008	C1372	Lindqvist AB	SKU-1003	Monitor Arm Dual	Accessories	7	796,39	partner
00003541	20250828	C1264	Kjærstad Utstyr	SKU-1003	Monitor Arm Dual	Accessories	11	989,57	direct
00003542	20240104	C1125	Møller Innredning	SKU-1002	Standing Desk 140cm	Furniture	7	5379,30	direct
00003543	20250503	C1204	Nordström Handel	SKU-1009	Webcam 1080p	Peripherals	4	814,60	direct
00003544	20250122	C1227	Trondheim Utstyr	SKU-1006	USB-C Dock	Accessories	7	1575,75	retail
00003545	20240326	C1345	Dansk Kontormiljø	SKU-1008	Laptop Stand Aluminium	Accessories	-1	680,17	partner
00003546	20240213	C1251	Dansk Kontormiljø	SKU-1005	27in 4K Monitor	Displays	1	4316,90	-
00003547	20250730	C1306	Hämäläinen Oy	SKU-1001	Ergonomic Desk Chair	Furniture	5	2484,61	online
00003548	20250510	C1302	Dansk Kontormiljø	SKU-1002	Standing Desk 140cm	Furniture	12	5473,71	direct
00003549	20241030	C1392	Rødvig Møbler	SKU-1006	USB-C Dock	Accessories	10	1501,61	retail
00003550	20250912	C1156	Väisänen Kaluste	SKU-1005	27in 4K Monitor	Displays	2	4013,62	partner
00003551	20241115	C1159	Hämäläinen Oy	SKU-1006	USB-C Dock	Accessories	1	1735,66	retail
00003552	20240210	C1048	Søndergaard A/S	SKU-1005	27in 4K Monitor	Displays	1	4694,16	online
00003553	20240227	C1146	Kärkkäinen Oy	SKU-1009	Webcam 1080p	Peripherals	10	870,53	partner
00003554	20240119	C1397	Hämäläinen Oy	SKU-1008	Laptop Stand Aluminium	Accessories	10	626,78	retail
00003555	20241219	C1356	Kärkkäinen Oy	SKU-1004	Mechanical Keyboard	Peripherals	6	1059,68	online
00003556	20250303	C1147	Ålesund Kontor	SKU-1001	Ergonomic Desk Chair	Furniture	9	2416,83	partner
00003557	20241116	C1279	Kjærstad Utstyr	SKU-1010	Desk Lamp LED	Furniture	3	476,11	direct
00003558	20250518	C1057	Søndergaard A/S	SKU-1004	Mechanical Keyboard	Peripherals	7	1294,96	direct
00003559	20240728	C1343	Ålesund Kontor	SKU-1004	Mechanical Keyboard	Peripherals	3	981,72	direct
00003560	20250610	C1124	Ålesund Kontor	SKU-1002	Standing Desk 140cm	Furniture	8	4539,43	retail
00003561	20251230	C1202	Bergström & Söner	SKU-1007	Noise Cancelling Headset	Peripherals	4	2154,88	direct
00003562	20240131	C1060	Mäkinen Toimisto	SKU-1003	Monitor Arm Dual	Accessories	2	962,92	online
00003563	20250817	C1286	Søndergaard A/S	SKU-1002	Standing Desk 140cm	Furniture	2	5119,12	direct
00003564	20251228	C1374	Hämäläinen Oy	SKU-1003	Monitor Arm Dual	Accessories	6	839,54	direct
00003565	20240519	C1166	Søndergaard A/S	SKU-1003	Monitor Arm Dual	Accessories	-1	894,59	online
00003566	20250624	C1036	Jyllands Inventar	SKU-1001	Ergonomic Desk Chair	Furniture	3	2272,92	retail
00003567	20241211	C1290	Kärkkäinen Oy	SKU-1003	Monitor Arm Dual	Accessories	4	1003,52	online
00003568	20250802	C1210	Søndergaard A/S	SKU-1001	Ergonomic Desk Chair	Furniture	10	2485,35	partner
00003569	20250929	C1087	Søndergaard A/S	SKU-1008	Laptop Stand Aluminium	Accessories	10	729,17	partner
00003570	20240511	C1185	Jyllands Inventar	SKU-1009	Webcam 1080p	Peripherals	6	708,42	direct
00003571	20240111	C1133	Väisänen Kaluste	SKU-1001	Ergonomic Desk Chair	Furniture	8	2456,03	partner
00003572	20250829	C1159	Kärkkäinen Oy	SKU-1001	Ergonomic Desk Chair	Furniture	5	2532,71	online
00003573	20240725	C1207	Hämäläinen Oy	SKU-1005	27in 4K Monitor	Displays	7	3847,04	partner
00003574	20240420	C1066	Rødvig Møbler	SKU-1009	Webcam 1080p	Peripherals	2	875,23	retail
00003575	20250905	C1210	Hämäläinen Oy	SKU-1007	Noise Cancelling Headset	Peripherals	1	2219,01	retail
00003576	20250301	C1098	Trondheim Utstyr	SKU-1001	Ergonomic Desk Chair	Furniture	3	2071,43	online
00003577	20250412	C1157	Kärkkäinen Oy	SKU-1007	Noise Cancelling Headset	Peripherals	2	2154,35	online
00003578	20240227	C1328	Väisänen Kaluste	SKU-1003	Monitor Arm Dual	Accessories	9	886,15	direct
00003579	20250414	C1298	Jyllands Inventar	SKU-1003	Monitor Arm Dual	Accessories	-3	816,82	partner
00003580	20241012	C1210	Søndergaard A/S	SKU-1003	Monitor Arm Dual	Accessories	7	990,57	partner
00003581	20250219	C1131	Uppsala Interiör	SKU-1002	Standing Desk 140cm	Furniture	5	4896,77	online
00003582	20240427	C1372	Trondheim Utstyr	SKU-1005	27in 4K Monitor	Displays	8	3683,25	online
00003583	20240520	C1159	Nordström Handel	SKU-1003	Monitor Arm Dual	Accessories	10	826,33	direct
00003584	20240303	C1082	Kjærstad Utstyr	SKU-1001	Ergonomic Desk Chair	Furniture	12	2432,14	online
00003585	20250716	C1274	Väisänen Kaluste	SKU-1002	Standing Desk 140cm	Furniture	2	5606,54	retail
00003586	20240119	C1345	Rødvig Møbler	SKU-1005	27in 4K Monitor	Displays	7	4836,16	online
00003587	20250306	C1213	Trondheim Utstyr	SKU-1002	Standing Desk 140cm	Furniture	9	5014,39	online
00003588	20250830	C1391	Søndergaard A/S	SKU-1003	Monitor Arm Dual	Accessories	10	969,99	online
00003589	20250528	C1226	Møller Innredning	SKU-1005	27in 4K Monitor	Displays	11	4775,81	retail
00003590	20241122	C1053	Väisänen Kaluste	SKU-1002	Standing Desk 140cm	Furniture	4	5273,60	partner
00003591	20250613	C1292	Väisänen Kaluste	SKU-1010	Desk Lamp LED	Furniture	12	597,95	retail
00003592	20251118	C1341	Ålesund Kontor	SKU-1002	Standing Desk 140cm	Furniture	2	5729,71	online
00003593	20250224	C1054	Ålesund Kontor	SKU-1003	Monitor Arm Dual	Accessories	7	872,72	online
00003594	20251101	C1389	Nordström Handel	SKU-1005	27in 4K Monitor	Displays	3	4059,07	retail
00003595	20251015	C1177	Uppsala Interiör	SKU-1004	Mechanical Keyboard	Peripherals	3	1222,72	direct
00003596	20250509	C1320	Nordström Handel	SKU-1003	Monitor Arm Dual	Accessories	1	929,07	online
00003597	20250923	C1368	Søndergaard A/S	SKU-1001	Ergonomic Desk Chair	Furniture	-1	2159,52	partner
00003598	20240210	C1099	Nordström Handel	SKU-1006	USB-C Dock	Accessories	11	1577,37	partner
00003599	20251209	C1102	Rødvig Møbler	SKU-1002	Standing Desk 140cm	Furniture	2	5148,62	online
00003600	20251007	C1125	Møller Innredning	SKU-1002	Standing Desk 140cm	Furniture	12	5431,03	partner
00003601	20240728	C1275	Hämäläinen Oy	SKU-1010	Desk Lamp LED	Furniture	5	501,17	partner
00003602	20240424	C1323	Rødvig Møbler	SKU-1003	Monitor Arm Dual	Accessories	11	1013,65	retail
00003603	20240104	C1302	Jyllands Inventar	SKU-1005	27in 4K Monitor	Displays	4	4284,75	retail
00003604	20240505	C1287	Søndergaard A/S	SKU-1002	Standing Desk 140cm	Furniture	10	5062,41	direct
00003605	20240629	C1063	Kjærstad Utstyr	SKU-1005	27in 4K Monitor	Displays	8	4184,71	direct
00003606	20240126	C1332	Ålesund Kontor	SKU-1002	Standing Desk 140cm	Furniture	10	5757,79	retail
00003607	20240908	C1140	Rødvig Møbler	SKU-1007	Noise Cancelling Headset	Peripherals	2	2049,21	online
00003608	20240817	C1077	Hämäläinen Oy	SKU-1006	USB-C Dock	Accessories	9	1596,04	retail
00003609	20240311	C1376	Kjærstad Utstyr	SKU-1007	Noise Cancelling Headset	Peripherals	6	1886,07	retail
00003610	20250307	C1256	Søndergaard A/S	SKU-1002	Standing Desk 140cm	Furniture	2	5188,16	retail
00003611	20250519	C1311	Uppsala Interiör	SKU-1010	Desk Lamp LED	Furniture	10	570,60	online
00003612	20240522	C1054	Väisänen Kaluste	SKU-1008	Laptop Stand Aluminium	Accessories	3	587,62	online
00003613	20251229	C1086	Lindqvist AB	SKU-1009	Webcam 1080p	Peripherals	1	794,13	partner
00003614	20241110	C1255	Dansk Kontormiljø	SKU-1004	Mechanical Keyboard	Peripherals	4	1023,60	direct
00003615	20241113	C1116	Uppsala Interiör	SKU-1005	27in 4K Monitor	Displays	2	4414,58	direct
00003616	20240314	C1043	Mäkinen Toimisto	SKU-1002	Standing Desk 140cm	Furniture	8	4760,84	retail
00003617	20251218	C1389	Ålesund Kontor	SKU-1005	27in 4K Monitor	Displays	2	3725,77	online
00003618	20241110	C1256	Jyllands Inventar	SKU-1006	USB-C Dock	Accessories	2	1648,56	retail
00003619	20241012	C1325	Bergström & Söner	SKU-1009	Webcam 1080p	Peripherals	11	799,12	partner
00003620	20251220	C1021	Hämäläinen Oy	SKU-1006	USB-C Dock	Accessories	4	1617,14	direct
00003621	20240331	C1289	Ålesund Kontor	SKU-1004	Mechanical Keyboard	Peripherals	7	1152,49	retail
00003622	20250105	C1270	Mäkinen Toimisto	SKU-1005	27in 4K Monitor	Displays	8	3972,46	online
00003623	20251110	C1242	Hämäläinen Oy	SKU-1007	Noise Cancelling Headset	Peripherals	2	2240,30	online
00003624	20250223	C1248	Kärkkäinen Oy	SKU-1005	27in 4K Monitor	Displays	7	4551,71	retail
00003625	20251017	C1260	Dansk Kontormiljø	SKU-1009	Webcam 1080p	Peripherals	5	754,93	partner
00003626	20251030	C1082	Dansk Kontormiljø	SKU-1008	Laptop Stand Aluminium	Accessories	6	548,61	partner
00003627	20241026	C1300	Nordström Handel	SKU-1010	Desk Lamp LED	Furniture	12	551,59	retail
00003628	20250108	C1267	Møller Innredning	SKU-1001	Ergonomic Desk Chair	Furniture	1	2700,83	online
00003629	20240809	C1276	Väisänen Kaluste	SKU-1009	Webcam 1080p	Peripherals	6	687,09	online
00003630	20250505	C1378	Nordström Handel	SKU-1007	Noise Cancelling Headset	Peripherals	12	2345,66	partner
00003631	20241219	C1013	Nordström Handel	SKU-1007	Noise Cancelling Headset	Peripherals	11	1832,87	retail
00003632	20241127	C1101	Lindqvist AB	SKU-1002	Standing Desk 140cm	Furniture	6	4634,22	direct
00003633	20241129	C1313	Nordström Handel	SKU-1006	USB-C Dock	Accessories	11	1982,98	partner
00003634	20251017	C1352	Dansk Kontormiljø	SKU-1007	Noise Cancelling Headset	Peripherals	8	2376,33	partner
00003635	20250805	C1091	Uppsala Interiör	SKU-1001	Ergonomic Desk Chair	Furniture	11	2576,97	direct
00003636	20250120	C1121	Hämäläinen Oy	SKU-1002	Standing Desk 140cm	Furniture	1	4862,03	online
00003637	20241003	C1345	Uppsala Interiör	SKU-1010	Desk Lamp LED	Furniture	5	494,72	online
00003638	20251011	C1083	Søndergaard A/S	SKU-1001	Ergonomic Desk Chair	Furniture	10	2490,89	direct
00003639	20240614	C1116	Lindqvist AB	SKU-1006	USB-C Dock	Accessories	3	1890,96	direct
00003640	20240316	C1035	Ålesund Kontor	SKU-1006	USB-C Dock	Accessories	5	1520,41	direct
00003641	20251209	C1350	Ålesund Kontor	SKU-1009	Webcam 1080p	Peripherals	4	773,82	online
00003642	20251117	C1204	Dansk Kontormiljø	SKU-1005	27in 4K Monitor	Displays	4	4438,07	online
00003643	20250826	C1355	Søndergaard A/S	SKU-1006	USB-C Dock	Accessories	10	1716,26	retail
00003644	20241002	C1395	Nordström Handel	SKU-1008	Laptop Stand Aluminium	Accessories	2	720,23	retail
00003645	20250116	C1109	Mäkinen Toimisto	SKU-1010	Desk Lamp LED	Furniture	10	594,77	direct
00003646	20240727	C1091	Søndergaard A/S	SKU-1005	27in 4K Monitor	Displays	12	4783,71	online
00003647	20250114	C1281	Väisänen Kaluste	SKU-1008	Laptop Stand Aluminium	Accessories	3	586,84	online
00003648	20250514	C1240	Hämäläinen Oy	SKU-1002	Standing Desk 140cm	Furniture	9	4793,58	direct
00003649	20240317	C1114	Rødvig Møbler	SKU-1004	Mechanical Keyboard	Peripherals	10	1012,75	partner
00003650	20240925	C1108	Nordström Handel	SKU-1009	Webcam 1080p	Peripherals	3	730,19	retail
00003651	20251120	C1325	Nordström Handel	SKU-1003	Monitor Arm Dual	Accessories	6	949,20	-
00003652	20240311	C1200	Dansk Kontormiljø	SKU-1008	Laptop Stand Aluminium	Accessories	3	704,81	direct
00003653	20250511	C1212	Väisänen Kaluste	SKU-1010	Desk Lamp LED	Furniture	8	574,62	partner
00003654	20240615	C1140	Jyllands Inventar	SKU-1003	Monitor Arm Dual	Accessories	2	895,41	online
00003655	20250812	C1207	Trondheim Utstyr	SKU-1007	Noise Cancelling Headset	Peripherals	4	2147,07	direct
00003656	20251022	C1099	Lindqvist AB	SKU-1002	Standing Desk 140cm	Furniture	9	5375,49	retail
00003657	20251222	C1197	Hämäläinen Oy	SKU-1007	Noise Cancelling Headset	Peripherals	4	2076,39	online
00003658	20250520	C1285	Nordström Handel	SKU-1008	Laptop Stand Aluminium	Accessories	12	677,03	direct
00003659	20250915	C1269	Søndergaard A/S	SKU-1004	Mechanical Keyboard	Peripherals	6	1157,26	direct
00003660	20250927	C1233	Kärkkäinen Oy	SKU-1002	Standing Desk 140cm	Furniture	3	5395,56	direct
00003661	20251102	C1352	Kärkkäinen Oy	SKU-1007	Noise Cancelling Headset	Peripherals	12	1886,93	online
00003662	20240204	C1052	Hämäläinen Oy	SKU-1005	27in 4K Monitor	Displays	5	4743,88	direct
00003663	20240302	C1304	Dansk Kontormiljø	SKU-1005	27in 4K Monitor	Displays	1	4053,46	direct
00003664	20251126	C1330	Kjærstad Utstyr	SKU-1009	Webcam 1080p	Peripherals	1	682,66	retail
00003665	20240104	C1126	Mäkinen Toimisto	SKU-1009	Webcam 1080p	Peripherals	3	692,20	direct
00003666	20250607	C1155	Hämäläinen Oy	SKU-1003	Monitor Arm Dual	Accessories	9	1022,88	online
00003667	20250307	C1021	Kärkkäinen Oy	SKU-1005	27in 4K Monitor	Displays	4	4899,73	direct
00003668	20251024	C1325	Uppsala Interiör	SKU-1007	Noise Cancelling Headset	Peripherals	11	1791,49	online
00003669	20250820	C1257	Søndergaard A/S	SKU-1003	Monitor Arm Dual	Accessories	8	850,35	retail
00003670	20250219	C1038	Väisänen Kaluste	SKU-1007	Noise Cancelling Headset	Peripherals	2	2264,32	partner
00003671	20250612	C1353	Trondheim Utstyr	SKU-1002	Standing Desk 140cm	Furniture	11	5298,17	online
00003672	20250810	C1344	Hämäläinen Oy	SKU-1009	Webcam 1080p	Peripherals	9	743,02	partner
00003673	20250720	C1183	Lindqvist AB	SKU-1001	Ergonomic Desk Chair	Furniture	6	2410,55	partner
00003674	20250526	C1366	Väisänen Kaluste	SKU-1006	USB-C Dock	Accessories	5	1899,03	retail
00003675	20240912	C1357	Dansk Kontormiljø	SKU-1002	Standing Desk 140cm	Furniture	12	5219,33	direct
00003676	20251010	C1271	Ålesund Kontor	SKU-1007	Noise Cancelling Headset	Peripherals	5	2153,26	retail
00003677	20250720	C1245	Søndergaard A/S	SKU-1009	Webcam 1080p	Peripherals	7	686,50	retail
00003678	20241016	C1026	Nordström Handel	SKU-1006	USB-C Dock	Accessories	11	1527,86	retail
00003679	20251127	C1051	Väisänen Kaluste	SKU-1004	Mechanical Keyboard	Peripherals	8	1014,11	retail
00003680	20240609	C1367	Hämäläinen Oy	SKU-1005	27in 4K Monitor	Displays	10	4082,87	online
00003681	20240301	C1051	Søndergaard A/S	SKU-1003	Monitor Arm Dual	Accessories	1	835,47	direct
00003682	20240422	C1359	Hämäläinen Oy	SKU-1001	Ergonomic Desk Chair	Furniture	11	2271,44	online
00003683	20250124	C1312	Kjærstad Utstyr	SKU-1008	Laptop Stand Aluminium	Accessories	7	664,44	online
00003684	20241021	C1400	Kärkkäinen Oy	SKU-1001	Ergonomic Desk Chair	Furniture	4	2341,43	partner
00003685	20250831	C1199	Lindqvist AB	SKU-1003	Monitor Arm Dual	Accessories	-3	916,80	retail
00003686	20250521	C1112	Uppsala Interiör	SKU-1005	27in 4K Monitor	Displays	12	4154,56	-
00003687	20250911	C1190	Søndergaard A/S	SKU-1001	Ergonomic Desk Chair	Furniture	2	2528,66	direct
00003688	20250406	C1028	Trondheim Utstyr	SKU-1010	Desk Lamp LED	Furniture	1	444,59	partner
00003689	20250515	C1275	Ålesund Kontor	SKU-1010	Desk Lamp LED	Furniture	1	497,15	-
00003690	20250221	C1348	Ålesund Kontor	SKU-1004	Mechanical Keyboard	Peripherals	-1	986,93	partner
00003691	20240519	C1306	Møller Innredning	SKU-1006	USB-C Dock	Accessories	9	1758,20	online
00003692	20241103	C1230	Trondheim Utstyr	SKU-1009	Webcam 1080p	Peripherals	9	699,35	retail
00003693	20240303	C1079	Mäkinen Toimisto	SKU-1001	Ergonomic Desk Chair	Furniture	3	2756,00	retail
00003694	20240327	C1283	Kärkkäinen Oy	SKU-1006	USB-C Dock	Accessories	6	1641,53	direct
00003695	20241120	C1231	Väisänen Kaluste	SKU-1006	USB-C Dock	Accessories	7	1978,10	retail
00003696	20241126	C1309	Ålesund Kontor	SKU-1005	27in 4K Monitor	Displays	8	4476,07	online
00003697	20251010	C1228	Ålesund Kontor	SKU-1010	Desk Lamp LED	Furniture	5	449,91	retail
00003698	20240324	C1015	Jyllands Inventar	SKU-1002	Standing Desk 140cm	Furniture	9	4852,31	partner
00003699	20250604	C1219	Søndergaard A/S	SKU-1006	USB-C Dock	Accessories	10	1794,58	-
00003700	20241015	C1374	Rødvig Møbler	SKU-1005	27in 4K Monitor	Displays	1	3997,70	retail
00003701	20250415	C1370	Uppsala Interiör	SKU-1009	Webcam 1080p	Peripherals	8	890,18	partner
00003702	20240719	C1199	Dansk Kontormiljø	SKU-1001	Ergonomic Desk Chair	Furniture	8	2330,08	retail
00003703	20251023	C1036	Ålesund Kontor	SKU-1003	Monitor Arm Dual	Accessories	12	852,06	retail
00003704	20240308	C1170	Lindqvist AB	SKU-1003	Monitor Arm Dual	Accessories	6	950,26	retail
00003705	20250912	C1177	Lindqvist AB	SKU-1006	USB-C Dock	Accessories	4	1650,90	retail
00003706	20250220	C1261	Lindqvist AB	SKU-1007	Noise Cancelling Headset	Peripherals	2	2223,65	direct
00003707	20250216	C1234	Dansk Kontormiljø	SKU-1001	Ergonomic Desk Chair	Furniture	2	2228,40	direct
00003708	20241002	C1364	Møller Innredning	SKU-1002	Standing Desk 140cm	Furniture	6	5817,60	online
00003709	20240411	C1375	Møller Innredning	SKU-1002	Standing Desk 140cm	Furniture	4	5922,78	direct
00003710	20241213	C1129	Hämäläinen Oy	SKU-1001	Ergonomic Desk Chair	Furniture	1	2193,73	direct
00003711	20250322	C1218	Rødvig Møbler	SKU-1008	Laptop Stand Aluminium	Accessories	11	702,99	retail
00003712	20240124	C1296	Trondheim Utstyr	SKU-1004	Mechanical Keyboard	Peripherals	6	1311,08	direct
00003713	20240421	C1216	Møller Innredning	SKU-1002	Standing Desk 140cm	Furniture	2	4435,11	partner
00003714	20250919	C1007	Jyllands Inventar	SKU-1010	Desk Lamp LED	Furniture	6	518,26	direct
00003715	20240119	C1367	Søndergaard A/S	SKU-1009	Webcam 1080p	Peripherals	2	700,62	direct
00003716	20240713	C1006	Trondheim Utstyr	SKU-1010	Desk Lamp LED	Furniture	3	454,65	retail
00003717	20240227	C1368	Nordström Handel	SKU-1007	Noise Cancelling Headset	Peripherals	9	2064,27	retail
00003718	20240403	C1327	Kärkkäinen Oy	SKU-1003	Monitor Arm Dual	Accessories	6	926,07	online
00003719	20240302	C1064	Kärkkäinen Oy	SKU-1002	Standing Desk 140cm	Furniture	8	5742,00	direct
00003720	20241206	C1323	Mäkinen Toimisto	SKU-1007	Noise Cancelling Headset	Peripherals	4	2222,96	retail
00003721	20240620	C1090	Dansk Kontormiljø	SKU-1006	USB-C Dock	Accessories	8	1926,71	online
00003722	20250519	C1000	Uppsala Interiör	SKU-1006	USB-C Dock	Accessories	12	1783,38	partner
00003723	20240106	C1181	Bergström & Söner	SKU-1008	Laptop Stand Aluminium	Accessories	3	649,70	retail
00003724	20250406	C1303	Mäkinen Toimisto	SKU-1009	Webcam 1080p	Peripherals	7	713,76	partner
00003725	20250816	C1272	Ålesund Kontor	SKU-1008	Laptop Stand Aluminium	Accessories	6	696,63	direct
00003726	20240322	C1395	Trondheim Utstyr	SKU-1002	Standing Desk 140cm	Furniture	4	4583,79	partner
00003727	20240211	C1182	Kärkkäinen Oy	SKU-1006	USB-C Dock	Accessories	9	1592,64	partner
00003728	20251121	C1399	Jyllands Inventar	SKU-1009	Webcam 1080p	Peripherals	3	724,90	direct
00003729	20240418	C1213	Bergström & Söner	SKU-1004	Mechanical Keyboard	Peripherals	5	1188,34	partner
00003730	20251002	C1059	Jyllands Inventar	SKU-1003	Monitor Arm Dual	Accessories	11	843,53	retail
00003731	20240519	C1265	Rødvig Møbler	SKU-1010	Desk Lamp LED	Furniture	4	492,51	retail
00003732	20250506	C1292	Dansk Kontormiljø	SKU-1001	Ergonomic Desk Chair	Furniture	8	2738,83	online
00003733	20240705	C1395	Lindqvist AB	SKU-1008	Laptop Stand Aluminium	Accessories	7	702,70	online
00003734	20240928	C1124	Hämäläinen Oy	SKU-1001	Ergonomic Desk Chair	Furniture	3	2721,82	retail
00003735	20250815	C1193	Ålesund Kontor	SKU-1007	Noise Cancelling Headset	Peripherals	9	2081,59	direct
00003736	20240126	C1186	Hämäläinen Oy	SKU-1004	Mechanical Keyboard	Peripherals	11	1275,37	partner
00003737	20240703	C1094	Lindqvist AB	SKU-1004	Mechanical Keyboard	Peripherals	6	1070,86	direct
00003738	20240531	C1020	Ålesund Kontor	SKU-1001	Ergonomic Desk Chair	Furniture	5	2189,90	online
00003739	20251225	C1308	Dansk Kontormiljø	SKU-1005	27in 4K Monitor	Displays	7	4215,60	retail
00003740	20251024	C1057	Kärkkäinen Oy	SKU-1008	Laptop Stand Aluminium	Accessories	11	673,76	direct
00003741	20250606	C1159	Ålesund Kontor	SKU-1005	27in 4K Monitor	Displays	3	4336,08	online
00003742	20250915	C1385	Mäkinen Toimisto	SKU-1008	Laptop Stand Aluminium	Accessories	7	625,38	direct
00003743	20241030	C1248	Jyllands Inventar	SKU-1010	Desk Lamp LED	Furniture	1	489,54	retail
00003744	20250101	C1301	Kärkkäinen Oy	SKU-1002	Standing Desk 140cm	Furniture	7	5098,69	retail
00003745	20241020	C1273	Søndergaard A/S	SKU-1010	Desk Lamp LED	Furniture	9	593,21	direct
00003746	20241007	C1361	Trondheim Utstyr	SKU-1005	27in 4K Monitor	Displays	1	4348,28	retail
00003747	20250706	C1040	Uppsala Interiör	SKU-1007	Noise Cancelling Headset	Peripherals	1	2218,03	online
00003748	20251103	C1262	Søndergaard A/S	SKU-1001	Ergonomic Desk Chair	Furniture	2	2130,24	direct
00003749	20250730	C1145	Lindqvist AB	SKU-1004	Mechanical Keyboard	Peripherals	1	1294,83	online
00003750	20251228	C1042	Trondheim Utstyr	SKU-1001	Ergonomic Desk Chair	Furniture	12	2214,54	partner
00003751	20241107	C1309	Dansk Kontormiljø	SKU-1006	USB-C Dock	Accessories	6	1898,56	online
00003752	20240804	C1311	Hämäläinen Oy	SKU-1006	USB-C Dock	Accessories	6	1876,30	online
00003753	20240330	C1099	Kjærstad Utstyr	SKU-1002	Standing Desk 140cm	Furniture	12	5696,30	partner
00003754	20250714	C1017	Nordström Handel	SKU-1001	Ergonomic Desk Chair	Furniture	12	2453,67	retail
00003755	20240622	C1194	Møller Innredning	SKU-1010	Desk Lamp LED	Furniture	10	523,23	partner
00003756	20241230	C1139	Mäkinen Toimisto	SKU-1004	Mechanical Keyboard	Peripherals	8	1298,07	online
00003757	20240417	C1123	Kjærstad Utstyr	SKU-1002	Standing Desk 140cm	Furniture	2	5444,24	online
00003758	20250927	C1129	Kjærstad Utstyr	SKU-1004	Mechanical Keyboard	Peripherals	8	1250,00	direct
00003759	20250730	C1282	Mäkinen Toimisto	SKU-1009	Webcam 1080p	Peripherals	4	793,06	retail
00003760	20250618	C1004	Rødvig Møbler	SKU-1006	USB-C Dock	Accessories	9	1608,35	direct
00003761	20250319	C1075	Trondheim Utstyr	SKU-1007	Noise Cancelling Headset	Peripherals	3	1957,35	online
00003762	20240921	C1192	Rødvig Møbler	SKU-1010	Desk Lamp LED	Furniture	-1	561,14	partner
00003763	20241018	C1327	Rødvig Møbler	SKU-1003	Monitor Arm Dual	Accessories	11	929,10	online
00003764	20240107	C1277	Dansk Kontormiljø	SKU-1001	Ergonomic Desk Chair	Furniture	4	2223,44	direct
00003765	20241126	C1010	Lindqvist AB	SKU-1008	Laptop Stand Aluminium	Accessories	12	665,81	direct
00003766	20240308	C1039	Kärkkäinen Oy	SKU-1008	Laptop Stand Aluminium	Accessories	5	693,21	retail
00003767	20240124	C1334	Kjærstad Utstyr	SKU-1005	27in 4K Monitor	Displays	3	3961,58	retail
00003768	20251209	C1291	Søndergaard A/S	SKU-1003	Monitor Arm Dual	Accessories	9	834,76	online
00003769	20240624	C1383	Lindqvist AB	SKU-1009	Webcam 1080p	Peripherals	1	716,30	partner
00003770	20250124	C1375	Kjærstad Utstyr	SKU-1001	Ergonomic Desk Chair	Furniture	8	2538,57	retail
00003771	20250513	C1124	Ålesund Kontor	SKU-1008	Laptop Stand Aluminium	Accessories	1	657,31	direct
00003772	20250101	C1389	Lindqvist AB	SKU-1009	Webcam 1080p	Peripherals	4	750,88	partner
00003773	20240526	C1379	Ålesund Kontor	SKU-1007	Noise Cancelling Headset	Peripherals	5	2261,65	partner
00003774	20250928	C1274	Rødvig Møbler	SKU-1006	USB-C Dock	Accessories	12	1659,50	retail
00003775	20250602	C1174	Nordström Handel	SKU-1007	Noise Cancelling Headset	Peripherals	2	2101,01	partner
00003776	20250121	C1027	Kjærstad Utstyr	SKU-1003	Monitor Arm Dual	Accessories	11	828,46	online
00003777	20240909	C1225	Kjærstad Utstyr	SKU-1003	Monitor Arm Dual	Accessories	12	953,14	direct
00003778	20250721	C1349	Bergström & Söner	SKU-1004	Mechanical Keyboard	Peripherals	11	1156,09	online
00003779	20240613	C1056	Kjærstad Utstyr	SKU-1007	Noise Cancelling Headset	Peripherals	11	2007,24	online
00003780	20250819	C1259	Kjærstad Utstyr	SKU-1010	Desk Lamp LED	Furniture	11	490,02	retail
00003781	20250516	C1171	Jyllands Inventar	SKU-1010	Desk Lamp LED	Furniture	11	480,27	online
00003782	20250404	C1244	Ålesund Kontor	SKU-1006	USB-C Dock	Accessories	1	1865,49	retail
00003783	20250416	C1290	Trondheim Utstyr	SKU-1008	Laptop Stand Aluminium	Accessories	7	544,80	partner
00003784	20251115	C1069	Søndergaard A/S	SKU-1008	Laptop Stand Aluminium	Accessories	8	604,58	retail
00003785	20250425	C1047	Jyllands Inventar	SKU-1006	USB-C Dock	Accessories	12	1515,43	retail
00003786	20240413	C1087	Ålesund Kontor	SKU-1010	Desk Lamp LED	Furniture	5	490,77	online
00003787	20240513	C1015	Väisänen Kaluste	SKU-1001	Ergonomic Desk Chair	Furniture	1	2742,10	retail
00003788	20240124	C1388	Nordström Handel	SKU-1004	Mechanical Keyboard	Peripherals	2	987,85	direct
00003789	20250614	C1008	Kjærstad Utstyr	SKU-1003	Monitor Arm Dual	Accessories	8	1003,25	direct
00003790	20240101	C1007	Hämäläinen Oy	SKU-1002	Standing Desk 140cm	Furniture	2	5199,27	direct
00003791	20240601	C1255	Nordström Handel	SKU-1008	Laptop Stand Aluminium	Accessories	7	617,49	direct
00003792	20240624	C1281	Søndergaard A/S	SKU-1007	Noise Cancelling Headset	Peripherals	8	2275,80	retail
00003793	20240314	C1094	Nordström Handel	SKU-1006	USB-C Dock	Accessories	-1	1809,24	retail
00003794	20240824	C1190	Lindqvist AB	SKU-1007	Noise Cancelling Headset	Peripherals	8	2310,32	direct
00003795	20250216	C1212	Trondheim Utstyr	SKU-1005	27in 4K Monitor	Displays	11	4011,92	online
00003796	20240910	C1084	Bergström & Söner	SKU-1002	Standing Desk 140cm	Furniture	4	5963,01	partner
00003797	20240227	C1322	Kjærstad Utstyr	SKU-1003	Monitor Arm Dual	Accessories	7	757,23	online
00003798	20240917	C1052	Møller Innredning	SKU-1009	Webcam 1080p	Peripherals	2	744,39	direct
00003799	20251015	C1228	Jyllands Inventar	SKU-1006	USB-C Dock	Accessories	5	1607,95	direct
00003800	20250814	C1292	Trondheim Utstyr	SKU-1006	USB-C Dock	Accessories	12	1493,29	partner
00003801	20250221	C1252	Jyllands Inventar	SKU-1002	Standing Desk 140cm	Furniture	11	4579,34	retail
00003802	20240211	C1275	Ålesund Kontor	SKU-1005	27in 4K Monitor	Displays	9	4191,00	partner
00003803	20250609	C1305	Väisänen Kaluste	SKU-1003	Monitor Arm Dual	Accessories	4	804,21	direct
00003804	20250216	C1369	Hämäläinen Oy	SKU-1005	27in 4K Monitor	Displays	5	4641,60	direct
00003805	20240331	C1329	Väisänen Kaluste	SKU-1004	Mechanical Keyboard	Peripherals	3	1284,85	direct
00003806	20240719	C1265	Uppsala Interiör	SKU-1001	Ergonomic Desk Chair	Furniture	1	2483,08	partner
00003807	20251022	C1040	Jyllands Inventar	SKU-1008	Laptop Stand Aluminium	Accessories	2	547,27	online
00003808	20240701	C1259	Kjærstad Utstyr	SKU-1004	Mechanical Keyboard	Peripherals	6	1166,72	direct
00003809	20240103	C1283	Nordström Handel	SKU-1010	Desk Lamp LED	Furniture	8	517,55	retail
00003810	20240812	C1176	Rødvig Møbler	SKU-1008	Laptop Stand Aluminium	Accessories	1	571,42	partner
00003811	20240229	C1103	Bergström & Söner	SKU-1007	Noise Cancelling Headset	Peripherals	-1	1826,27	direct
00003812	20251024	C1302	Nordström Handel	SKU-1006	USB-C Dock	Accessories	5	1890,02	direct
00003813	20240824	C1311	Søndergaard A/S	SKU-1008	Laptop Stand Aluminium	Accessories	9	609,49	partner
00003814	20240715	C1249	Trondheim Utstyr	SKU-1005	27in 4K Monitor	Displays	11	4019,15	online
00003815	20251023	C1216	Hämäläinen Oy	SKU-1009	Webcam 1080p	Peripherals	8	699,74	direct
00003816	20241216	C1274	Rødvig Møbler	SKU-1001	Ergonomic Desk Chair	Furniture	10	2487,92	direct
00003817	20240427	C1289	Ålesund Kontor	SKU-1004	Mechanical Keyboard	Peripherals	2	1215,07	retail
00003818	20240520	C1385	Dansk Kontormiljø	SKU-1003	Monitor Arm Dual	Accessories	9	960,68	direct
00003819	20240723	C1110	Jyllands Inventar	SKU-1010	Desk Lamp LED	Furniture	8	478,74	online
00003820	20250425	C1250	Rødvig Møbler	SKU-1010	Desk Lamp LED	Furniture	-3	544,21	direct
00003821	20240928	C1067	Ålesund Kontor	SKU-1001	Ergonomic Desk Chair	Furniture	7	2139,86	partner
00003822	20240418	C1243	Trondheim Utstyr	SKU-1001	Ergonomic Desk Chair	Furniture	10	2222,29	retail
00003823	20241228	C1113	Kjærstad Utstyr	SKU-1001	Ergonomic Desk Chair	Furniture	4	2673,55	partner
00003824	20240105	C1278	Kärkkäinen Oy	SKU-1003	Monitor Arm Dual	Accessories	8	977,31	online
00003825	20250212	C1119	Søndergaard A/S	SKU-1007	Noise Cancelling Headset	Peripherals	2	2364,95	online
00003826	20250226	C1264	Hämäläinen Oy	SKU-1007	Noise Cancelling Headset	Peripherals	7	2273,28	partner
00003827	20250114	C1224	Trondheim Utstyr	SKU-1007	Noise Cancelling Headset	Peripherals	2	1862,96	direct
00003828	20251119	C1396	Søndergaard A/S	SKU-1003	Monitor Arm Dual	Accessories	6	820,29	direct
00003829	20251010	C1053	Kjærstad Utstyr	SKU-1008	Laptop Stand Aluminium	Accessories	1	679,18	direct
00003830	20250827	C1276	Jyllands Inventar	SKU-1009	Webcam 1080p	Peripherals	6	739,39	direct
00003831	20250419	C1029	Rødvig Møbler	SKU-1006	USB-C Dock	Accessories	6	1500,99	direct
00003832	20250614	C1014	Mäkinen Toimisto	SKU-1008	Laptop Stand Aluminium	Accessories	4	722,42	direct
00003833	20240722	C1082	Møller Innredning	SKU-1009	Webcam 1080p	Peripherals	8	824,01	online
00003834	20251004	C1387	Møller Innredning	SKU-1006	USB-C Dock	Accessories	5	1599,11	retail
00003835	20240102	C1139	Lindqvist AB	SKU-1003	Monitor Arm Dual	Accessories	12	1004,82	partner
00003836	20240802	C1358	Trondheim Utstyr	SKU-1003	Monitor Arm Dual	Accessories	11	961,19	direct
00003837	20240916	C1356	Møller Innredning	SKU-1003	Monitor Arm Dual	Accessories	6	873,39	online
00003838	20241223	C1347	Bergström & Söner	SKU-1009	Webcam 1080p	Peripherals	11	836,46	partner
00003839	20251212	C1064	Lindqvist AB	SKU-1001	Ergonomic Desk Chair	Furniture	8	2317,29	partner
00003840	20241110	C1288	Väisänen Kaluste	SKU-1008	Laptop Stand Aluminium	Accessories	7	617,20	retail
00003841	20250820	C1199	Kärkkäinen Oy	SKU-1002	Standing Desk 140cm	Furniture	4	5042,07	retail
00003842	20250924	C1383	Kjærstad Utstyr	SKU-1005	27in 4K Monitor	Displays	10	3865,22	direct
00003843	20251006	C1070	Rødvig Møbler	SKU-1003	Monitor Arm Dual	Accessories	5	773,86	partner
00003844	20240304	C1094	Møller Innredning	SKU-1001	Ergonomic Desk Chair	Furniture	1	2098,09	direct
00003845	20241013	C1344	Kärkkäinen Oy	SKU-1007	Noise Cancelling Headset	Peripherals	3	2100,52	online
00003846	20250124	C1130	Trondheim Utstyr	SKU-1005	27in 4K Monitor	Displays	11	3855,19	retail
00003847	20240904	C1012	Dansk Kontormiljø	SKU-1001	Ergonomic Desk Chair	Furniture	4	2710,26	retail
00003848	20240525	C1105	Hämäläinen Oy	SKU-1009	Webcam 1080p	Peripherals	6	799,38	online
00003849	20250516	C1300	Møller Innredning	SKU-1010	Desk Lamp LED	Furniture	2	501,39	direct
00003850	20241015	C1056	Kjærstad Utstyr	SKU-1002	Standing Desk 140cm	Furniture	10	5334,58	direct
00003851	20240524	C1140	Mäkinen Toimisto	SKU-1009	Webcam 1080p	Peripherals	1	710,39	retail
00003852	20240916	C1152	Søndergaard A/S	SKU-1001	Ergonomic Desk Chair	Furniture	2	2602,54	online
00003853	20250505	C1251	Nordström Handel	SKU-1003	Monitor Arm Dual	Accessories	1	757,90	direct
00003854	20250925	C1031	Søndergaard A/S	SKU-1002	Standing Desk 140cm	Furniture	1	5502,80	-
00003855	20250810	C1332	Søndergaard A/S	SKU-1004	Mechanical Keyboard	Peripherals	12	1225,39	online
00003856	20240829	C1222	Kjærstad Utstyr	SKU-1002	Standing Desk 140cm	Furniture	4	5081,35	retail
00003857	20250627	C1382	Lindqvist AB	SKU-1009	Webcam 1080p	Peripherals	9	809,20	partner
00003858	20241222	C1147	Hämäläinen Oy	SKU-1003	Monitor Arm Dual	Accessories	10	797,50	direct
00003859	20250301	C1379	Kjærstad Utstyr	SKU-1004	Mechanical Keyboard	Peripherals	11	1217,85	online
00003860	20241125	C1100	Dansk Kontormiljø	SKU-1010	Desk Lamp LED	Furniture	4	554,78	direct
00003861	20240502	C1061	Trondheim Utstyr	SKU-1004	Mechanical Keyboard	Peripherals	9	1038,32	partner
00003862	20251119	C1250	Väisänen Kaluste	SKU-1001	Ergonomic Desk Chair	Furniture	10	2068,13	online
00003863	20250107	C1221	Mäkinen Toimisto	SKU-1004	Mechanical Keyboard	Peripherals	12	1067,95	direct
00003864	20241127	C1069	Møller Innredning	SKU-1001	Ergonomic Desk Chair	Furniture	6	2053,24	partner
00003865	20250208	C1122	Nordström Handel	SKU-1004	Mechanical Keyboard	Peripherals	9	1203,80	online
00003866	20241129	C1355	Dansk Kontormiljø	SKU-1009	Webcam 1080p	Peripherals	1	736,94	direct
00003867	20240224	C1099	Mäkinen Toimisto	SKU-1001	Ergonomic Desk Chair	Furniture	3	2522,44	partner
00003868	20241001	C1199	Lindqvist AB	SKU-1010	Desk Lamp LED	Furniture	7	505,05	direct
00003869	20250116	C1134	Kjærstad Utstyr	SKU-1009	Webcam 1080p	Peripherals	10	850,06	partner
00003870	20250617	C1064	Ålesund Kontor	SKU-1009	Webcam 1080p	Peripherals	2	673,24	online
00003871	20240102	C1256	Trondheim Utstyr	SKU-1003	Monitor Arm Dual	Accessories	10	877,26	retail
00003872	20240209	C1059	Jyllands Inventar	SKU-1010	Desk Lamp LED	Furniture	9	577,63	direct
00003873	20240221	C1274	Lindqvist AB	SKU-1005	27in 4K Monitor	Displays	4	4564,76	online
00003874	20240324	C1162	Bergström & Söner	SKU-1002	Standing Desk 140cm	Furniture	1	5857,71	retail
00003875	20240322	C1387	Lindqvist AB	SKU-1001	Ergonomic Desk Chair	Furniture	7	2615,46	retail
00003876	20240221	C1144	Ålesund Kontor	SKU-1009	Webcam 1080p	Peripherals	2	758,54	retail
00003877	20251018	C1367	Mäkinen Toimisto	SKU-1004	Mechanical Keyboard	Peripherals	3	1086,29	partner
00003878	20250410	C1098	Bergström & Söner	SKU-1005	27in 4K Monitor	Displays	4	4102,51	online
00003879	20240620	C1091	Møller Innredning	SKU-1003	Monitor Arm Dual	Accessories	12	933,32	partner
00003880	20250603	C1060	Lindqvist AB	SKU-1002	Standing Desk 140cm	Furniture	11	4460,92	online
00003881	20250424	C1145	Kjærstad Utstyr	SKU-1010	Desk Lamp LED	Furniture	8	593,60	-
00003882	20240415	C1236	Väisänen Kaluste	SKU-1006	USB-C Dock	Accessories	10	1894,98	direct
00003883	20241119	C1172	Nordström Handel	SKU-1005	27in 4K Monitor	Displays	11	4031,55	direct
00003884	20240507	C1375	Lindqvist AB	SKU-1002	Standing Desk 140cm	Furniture	12	4934,58	partner
00003885	20240119	C1379	Kärkkäinen Oy	SKU-1009	Webcam 1080p	Peripherals	7	747,40	retail
00003886	20240323	C1286	Dansk Kontormiljø	SKU-1009	Webcam 1080p	Peripherals	6	779,55	direct
00003887	20240730	C1221	Lindqvist AB	SKU-1006	USB-C Dock	Accessories	1	1734,49	retail
00003888	20241220	C1303	Ålesund Kontor	SKU-1005	27in 4K Monitor	Displays	6	4695,33	direct
00003889	20240323	C1292	Dansk Kontormiljø	SKU-1005	27in 4K Monitor	Displays	4	3784,62	online
00003890	20240530	C1318	Kjærstad Utstyr	SKU-1001	Ergonomic Desk Chair	Furniture	9	2576,92	partner
00003891	20250211	C1057	Väisänen Kaluste	SKU-1003	Monitor Arm Dual	Accessories	4	900,27	online
00003892	20240826	C1382	Nordström Handel	SKU-1004	Mechanical Keyboard	Peripherals	12	1059,23	retail
00003893	20251021	C1130	Väisänen Kaluste	SKU-1003	Monitor Arm Dual	Accessories	1	794,28	retail
00003894	20251108	C1177	Møller Innredning	SKU-1009	Webcam 1080p	Peripherals	2	706,02	retail
00003895	20251006	C1244	Kärkkäinen Oy	SKU-1010	Desk Lamp LED	Furniture	3	462,06	online
00003896	20240604	C1271	Lindqvist AB	SKU-1005	27in 4K Monitor	Displays	6	3928,20	retail
00003897	20250120	C1255	Trondheim Utstyr	SKU-1002	Standing Desk 140cm	Furniture	6	4887,44	partner
00003898	20250120	C1370	Ålesund Kontor	SKU-1004	Mechanical Keyboard	Peripherals	4	1131,82	partner
00003899	20240316	C1275	Møller Innredning	SKU-1010	Desk Lamp LED	Furniture	3	450,76	retail
00003900	20250926	C1026	Bergström & Söner	SKU-1001	Ergonomic Desk Chair	Furniture	5	2499,08	direct
00003901	20240928	C1262	Nordström Handel	SKU-1001	Ergonomic Desk Chair	Furniture	8	2473,41	direct
00003902	20250605	C1088	Kärkkäinen Oy	SKU-1007	Noise Cancelling Headset	Peripherals	3	1879,37	retail
00003903	20250527	C1259	Trondheim Utstyr	SKU-1004	Mechanical Keyboard	Peripherals	1	1059,34	online
00003904	20240613	C1057	Nordström Handel	SKU-1002	Standing Desk 140cm	Furniture	7	5683,13	partner
00003905	20240229	C1247	Nordström Handel	SKU-1009	Webcam 1080p	Peripherals	2	793,72	direct
00003906	20250311	C1125	Väisänen Kaluste	SKU-1003	Monitor Arm Dual	Accessories	11	950,57	online
00003907	20250508	C1233	Jyllands Inventar	SKU-1001	Ergonomic Desk Chair	Furniture	7	2244,30	online
00003908	20250718	C1343	Kärkkäinen Oy	SKU-1005	27in 4K Monitor	Displays	1	4334,94	online
00003909	20240819	C1080	Rødvig Møbler	SKU-1002	Standing Desk 140cm	Furniture	3	4946,87	online
00003910	20240719	C1224	Jyllands Inventar	SKU-1010	Desk Lamp LED	Furniture	9	550,72	retail
00003911	20250907	C1255	Ålesund Kontor	SKU-1002	Standing Desk 140cm	Furniture	2	4443,17	online
00003912	20240711	C1029	Kjærstad Utstyr	SKU-1008	Laptop Stand Aluminium	Accessories	2	677,69	direct
00003913	20241107	C1326	Nordström Handel	SKU-1006	USB-C Dock	Accessories	6	1635,92	retail
00003914	20240214	C1294	Kärkkäinen Oy	SKU-1009	Webcam 1080p	Peripherals	7	889,55	online
00003915	20241120	C1108	Bergström & Söner	SKU-1004	Mechanical Keyboard	Peripherals	1	1239,63	retail
00003916	20240817	C1131	Søndergaard A/S	SKU-1003	Monitor Arm Dual	Accessories	5	1022,11	retail
00003917	20240623	C1063	Väisänen Kaluste	SKU-1003	Monitor Arm Dual	Accessories	7	1021,52	retail
00003918	20250730	C1045	Kärkkäinen Oy	SKU-1005	27in 4K Monitor	Displays	5	3771,73	direct
00003919	20240120	C1132	Kjærstad Utstyr	SKU-1009	Webcam 1080p	Peripherals	8	714,16	online
00003920	20250618	C1255	Kjærstad Utstyr	SKU-1009	Webcam 1080p	Peripherals	3	721,63	partner
00003921	20250321	C1073	Kärkkäinen Oy	SKU-1001	Ergonomic Desk Chair	Furniture	3	2475,87	direct
00003922	20250403	C1209	Bergström & Söner	SKU-1007	Noise Cancelling Headset	Peripherals	-3	2238,93	partner
00003923	20250615	C1110	Kärkkäinen Oy	SKU-1007	Noise Cancelling Headset	Peripherals	1	2270,06	retail
00003924	20250323	C1013	Rødvig Møbler	SKU-1005	27in 4K Monitor	Displays	6	4043,27	-
00003925	20250402	C1353	Nordström Handel	SKU-1004	Mechanical Keyboard	Peripherals	1	1086,34	retail
00003926	20240827	C1045	Uppsala Interiör	SKU-1004	Mechanical Keyboard	Peripherals	8	1125,92	retail
00003927	20240529	C1256	Hämäläinen Oy	SKU-1006	USB-C Dock	Accessories	1	1554,18	retail
00003928	20250120	C1324	Nordström Handel	SKU-1006	USB-C Dock	Accessories	12	1720,94	direct
00003929	20240309	C1149	Trondheim Utstyr	SKU-1002	Standing Desk 140cm	Furniture	-2	5296,17	direct
00003930	20240319	C1169	Ålesund Kontor	SKU-1001	Ergonomic Desk Chair	Furniture	7	2161,48	retail
00003931	20241002	C1128	Väisänen Kaluste	SKU-1003	Monitor Arm Dual	Accessories	4	817,79	partner
00003932	20240706	C1105	Lindqvist AB	SKU-1010	Desk Lamp LED	Furniture	11	512,64	retail
00003933	20250905	C1182	Kjærstad Utstyr	SKU-1003	Monitor Arm Dual	Accessories	4	814,56	partner
00003934	20241205	C1035	Kärkkäinen Oy	SKU-1010	Desk Lamp LED	Furniture	3	533,66	online
00003935	20250225	C1142	Bergström & Söner	SKU-1008	Laptop Stand Aluminium	Accessories	6	669,15	retail
00003936	20241011	C1290	Jyllands Inventar	SKU-1009	Webcam 1080p	Peripherals	9	708,57	direct
00003937	20250912	C1142	Kjærstad Utstyr	SKU-1003	Monitor Arm Dual	Accessories	11	890,52	online
00003938	20250108	C1305	Ålesund Kontor	SKU-1001	Ergonomic Desk Chair	Furniture	1	2641,43	partner
00003939	20251008	C1293	Kärkkäinen Oy	SKU-1007	Noise Cancelling Headset	Peripherals	3	2331,88	partner
00003940	20250531	C1185	Bergström & Söner	SKU-1005	27in 4K Monitor	Displays	5	4578,82	direct
00003941	20241227	C1300	Dansk Kontormiljø	SKU-1006	USB-C Dock	Accessories	12	1622,91	direct
00003942	20240822	C1136	Søndergaard A/S	SKU-1007	Noise Cancelling Headset	Peripherals	8	2317,20	online
00003943	20250601	C1037	Møller Innredning	SKU-1009	Webcam 1080p	Peripherals	10	669,10	direct
00003944	20250413	C1184	Møller Innredning	SKU-1008	Laptop Stand Aluminium	Accessories	6	681,15	direct
00003945	20250705	C1180	Møller Innredning	SKU-1007	Noise Cancelling Headset	Peripherals	11	2132,76	direct
00003946	20240331	C1270	Bergström & Söner	SKU-1006	USB-C Dock	Accessories	9	1572,38	direct
00003947	20240601	C1374	Uppsala Interiör	SKU-1003	Monitor Arm Dual	Accessories	2	1012,61	direct
00003948	20240123	C1184	Hämäläinen Oy	SKU-1007	Noise Cancelling Headset	Peripherals	5	2397,18	online
00003949	20250711	C1318	Väisänen Kaluste	SKU-1007	Noise Cancelling Headset	Peripherals	9	2268,61	retail
00003950	20250907	C1268	Søndergaard A/S	SKU-1008	Laptop Stand Aluminium	Accessories	2	545,42	direct
00003951	20250616	C1255	Väisänen Kaluste	SKU-1010	Desk Lamp LED	Furniture	6	513,14	direct
00003952	20241207	C1330	Rødvig Møbler	SKU-1003	Monitor Arm Dual	Accessories	5	824,09	retail
00003953	20250411	C1132	Ålesund Kontor	SKU-1009	Webcam 1080p	Peripherals	12	730,87	retail
00003954	20250203	C1105	Trondheim Utstyr	SKU-1010	Desk Lamp LED	Furniture	10	570,31	direct
00003955	20250628	C1391	Ålesund Kontor	SKU-1002	Standing Desk 140cm	Furniture	4	5674,66	retail
00003956	20250626	C1177	Ålesund Kontor	SKU-1001	Ergonomic Desk Chair	Furniture	11	2741,31	partner
00003957	20240107	C1274	Uppsala Interiör	SKU-1007	Noise Cancelling Headset	Peripherals	1	2333,07	direct
00003958	20240520	C1027	Kärkkäinen Oy	SKU-1008	Laptop Stand Aluminium	Accessories	1	674,62	direct
00003959	20240101	C1058	Bergström & Söner	SKU-1001	Ergonomic Desk Chair	Furniture	10	2240,71	online
00003960	20250718	C1088	Hämäläinen Oy	SKU-1009	Webcam 1080p	Peripherals	12	692,66	partner
00003961	20240530	C1257	Søndergaard A/S	SKU-1003	Monitor Arm Dual	Accessories	12	813,42	partner
00003962	20241010	C1183	Møller Innredning	SKU-1007	Noise Cancelling Headset	Peripherals	11	2022,26	retail
00003963	20241004	C1065	Trondheim Utstyr	SKU-1001	Ergonomic Desk Chair	Furniture	12	2294,65	direct
00003964	20250506	C1187	Ålesund Kontor	SKU-1001	Ergonomic Desk Chair	Furniture	5	2483,23	direct
00003965	20250821	C1167	Kjærstad Utstyr	SKU-1001	Ergonomic Desk Chair	Furniture	1	2523,31	direct
00003966	20251026	C1026	Møller Innredning	SKU-1002	Standing Desk 140cm	Furniture	12	5805,84	direct
00003967	20240709	C1197	Trondheim Utstyr	SKU-1006	USB-C Dock	Accessories	10	1941,03	direct
00003968	20250226	C1268	Kjærstad Utstyr	SKU-1007	Noise Cancelling Headset	Peripherals	3	2027,39	direct
00003969	20250206	C1267	Søndergaard A/S	SKU-1010	Desk Lamp LED	Furniture	10	516,34	partner
00003970	20241224	C1337	Uppsala Interiör	SKU-1006	USB-C Dock	Accessories	6	1877,52	online
00003971	20240525	C1030	Søndergaard A/S	SKU-1006	USB-C Dock	Accessories	9	1676,06	partner
00003972	20250728	C1319	Lindqvist AB	SKU-1006	USB-C Dock	Accessories	10	1928,58	online
00003973	20241002	C1144	Nordström Handel	SKU-1005	27in 4K Monitor	Displays	1	4280,02	retail
00003974	20241122	C1143	Trondheim Utstyr	SKU-1001	Ergonomic Desk Chair	Furniture	7	2439,54	retail
00003975	20251213	C1366	Ålesund Kontor	SKU-1010	Desk Lamp LED	Furniture	6	530,38	retail
00003976	20240207	C1175	Hämäläinen Oy	SKU-1005	27in 4K Monitor	Displays	5	4461,55	retail
00003977	20251005	C1324	Mäkinen Toimisto	SKU-1001	Ergonomic Desk Chair	Furniture	2	2738,63	online
00003978	20241118	C1298	Ålesund Kontor	SKU-1010	Desk Lamp LED	Furniture	11	489,70	retail
00003979	20240919	C1234	Kärkkäinen Oy	SKU-1005	27in 4K Monitor	Displays	2	3911,00	direct
00003980	20250623	C1284	Uppsala Interiör	SKU-1009	Webcam 1080p	Peripherals	4	700,99	direct
00003981	20250704	C1190	Hämäläinen Oy	SKU-1007	Noise Cancelling Headset	Peripherals	6	2093,74	retail
00003982	20240629	C1097	Väisänen Kaluste	SKU-1004	Mechanical Keyboard	Peripherals	11	1264,80	online
00003983	20240304	C1005	Dansk Kontormiljø	SKU-1002	Standing Desk 140cm	Furniture	2	5417,05	online
00003984	20240305	C1306	Søndergaard A/S	SKU-1009	Webcam 1080p	Peripherals	3	682,54	direct
00003985	20240418	C1086	Dansk Kontormiljø	SKU-1004	Mechanical Keyboard	Peripherals	11	1240,89	direct
00003986	20240113	C1141	Mäkinen Toimisto	SKU-1009	Webcam 1080p	Peripherals	2	772,79	direct
00003987	20241011	C1043	Lindqvist AB	SKU-1004	Mechanical Keyboard	Peripherals	5	1134,42	retail
00003988	20250717	C1293	Bergström & Söner	SKU-1005	27in 4K Monitor	Displays	10	4899,58	direct
00003989	20240302	C1343	Hämäläinen Oy	SKU-1010	Desk Lamp LED	Furniture	12	513,65	online
00003990	20240104	C1365	Lindqvist AB	SKU-1006	USB-C Dock	Accessories	4	1832,29	direct
00003991	20240712	C1148	Kärkkäinen Oy	SKU-1002	Standing Desk 140cm	Furniture	7	5300,95	online
00003992	20250130	C1328	Søndergaard A/S	SKU-1007	Noise Cancelling Headset	Peripherals	9	2089,65	direct
00003993	20250806	C1122	Dansk Kontormiljø	SKU-1010	Desk Lamp LED	Furniture	8	575,10	direct
00003994	20251209	C1142	Søndergaard A/S	SKU-1009	Webcam 1080p	Peripherals	9	683,12	retail
00003995	20240105	C1188	Kärkkäinen Oy	SKU-1001	Ergonomic Desk Chair	Furniture	4	2482,06	partner
00003996	20250505	C1138	Trondheim Utstyr	SKU-1008	Laptop Stand Aluminium	Accessories	3	734,55	partner
00003997	20250630	C1294	Kjærstad Utstyr	SKU-1003	Monitor Arm Dual	Accessories	3	799,81	retail
00003998	20251029	C1282	Søndergaard A/S	SKU-1006	USB-C Dock	Accessories	9	1630,69	retail
00003999	20240606	C1117	Uppsala Interiör	SKU-1004	Mechanical Keyboard	Peripherals	4	1121,83	online
00004000	20240213	C1028	Rødvig Møbler	SKU-1010	Desk Lamp LED	Furniture	2	573,61	online
00004001	20240502	C1351	Rødvig Møbler	SKU-1008	Laptop Stand Aluminium	Accessories	8	619,81	online
00004002	20250916	C1282	Dansk Kontormiljø	SKU-1008	Laptop Stand Aluminium	Accessories	5	606,89	direct
00004003	20250116	C1037	Uppsala Interiör	SKU-1003	Monitor Arm Dual	Accessories	1	765,23	online
00004004	20240925	C1081	Kjærstad Utstyr	SKU-1008	Laptop Stand Aluminium	Accessories	9	546,81	online
00004005	20240821	C1145	Søndergaard A/S	SKU-1006	USB-C Dock	Accessories	2	1884,10	online
00004006	20240229	C1138	Rødvig Møbler	SKU-1008	Laptop Stand Aluminium	Accessories	12	635,76	direct
00004007	20240805	C1304	Uppsala Interiör	SKU-1003	Monitor Arm Dual	Accessories	4	908,37	partner
00004008	20240119	C1363	Møller Innredning	SKU-1005	27in 4K Monitor	Displays	4	4440,50	partner
00004009	20240719	C1321	Søndergaard A/S	SKU-1006	USB-C Dock	Accessories	10	1653,86	partner
00004010	20250709	C1084	Väisänen Kaluste	SKU-1006	USB-C Dock	Accessories	5	1551,84	direct
00004011	20240915	C1278	Søndergaard A/S	SKU-1003	Monitor Arm Dual	Accessories	6	798,17	partner
00004012	20240426	C1072	Trondheim Utstyr	SKU-1009	Webcam 1080p	Peripherals	7	884,46	-
00004013	20250410	C1039	Jyllands Inventar	SKU-1008	Laptop Stand Aluminium	Accessories	6	656,83	online
00004014	20240118	C1103	Ålesund Kontor	SKU-1001	Ergonomic Desk Chair	Furniture	9	2102,67	partner
00004015	20240603	C1342	Mäkinen Toimisto	SKU-1001	Ergonomic Desk Chair	Furniture	10	2742,94	partner
00004016	20250513	C1344	Dansk Kontormiljø	SKU-1006	USB-C Dock	Accessories	3	1697,45	direct
00004017	20250726	C1313	Hämäläinen Oy	SKU-1007	Noise Cancelling Headset	Peripherals	1	2217,58	partner
00004018	20251125	C1346	Uppsala Interiör	SKU-1001	Ergonomic Desk Chair	Furniture	3	2564,50	retail
00004019	20240604	C1388	Hämäläinen Oy	SKU-1008	Laptop Stand Aluminium	Accessories	7	567,08	partner
00004020	20240515	C1268	Kjærstad Utstyr	SKU-1009	Webcam 1080p	Peripherals	2	770,62	-
00004021	20251125	C1149	Møller Innredning	SKU-1002	Standing Desk 140cm	Furniture	2	5473,52	retail
00004022	20250305	C1022	Ålesund Kontor	SKU-1003	Monitor Arm Dual	Accessories	2	992,62	partner
00004023	20250401	C1243	Hämäläinen Oy	SKU-1010	Desk Lamp LED	Furniture	6	455,52	direct
00004024	20240801	C1044	Lindqvist AB	SKU-1008	Laptop Stand Aluminium	Accessories	10	681,13	online
00004025	20240627	C1002	Møller Innredning	SKU-1002	Standing Desk 140cm	Furniture	10	5470,66	partner
00004026	20250702	C1015	Jyllands Inventar	SKU-1004	Mechanical Keyboard	Peripherals	10	1314,46	partner
00004027	20240926	C1175	Kärkkäinen Oy	SKU-1004	Mechanical Keyboard	Peripherals	12	1097,46	direct
00004028	20241231	C1213	Ålesund Kontor	SKU-1008	Laptop Stand Aluminium	Accessories	4	560,66	retail
00004029	20250916	C1195	Jyllands Inventar	SKU-1008	Laptop Stand Aluminium	Accessories	12	571,26	partner
00004030	20250812	C1052	Ålesund Kontor	SKU-1004	Mechanical Keyboard	Peripherals	11	1251,87	direct
00004031	20251010	C1305	Nordström Handel	SKU-1004	Mechanical Keyboard	Peripherals	-1	1274,03	direct
00004032	20240317	C1290	Møller Innredning	SKU-1003	Monitor Arm Dual	Accessories	10	801,90	partner
00004033	20250523	C1133	Mäkinen Toimisto	SKU-1003	Monitor Arm Dual	Accessories	8	824,86	direct
00004034	20241127	C1012	Ålesund Kontor	SKU-1005	27in 4K Monitor	Displays	4	3816,09	retail
00004035	20240824	C1112	Trondheim Utstyr	SKU-1008	Laptop Stand Aluminium	Accessories	11	719,19	online
00004036	20250422	C1146	Uppsala Interiör	SKU-1010	Desk Lamp LED	Furniture	12	554,81	partner
00004037	20240827	C1070	Nordström Handel	SKU-1007	Noise Cancelling Headset	Peripherals	10	2289,69	online
00004038	20240514	C1102	Trondheim Utstyr	SKU-1007	Noise Cancelling Headset	Peripherals	3	2291,36	online
00004039	20240618	C1300	Bergström & Söner	SKU-1002	Standing Desk 140cm	Furniture	1	5340,95	retail
00004040	20240727	C1384	Ålesund Kontor	SKU-1007	Noise Cancelling Headset	Peripherals	10	2154,95	direct
00004041	20240704	C1206	Mäkinen Toimisto	SKU-1008	Laptop Stand Aluminium	Accessories	6	641,19	direct
00004042	20241024	C1338	Ålesund Kontor	SKU-1008	Laptop Stand Aluminium	Accessories	11	727,79	online
00004043	20250309	C1341	Dansk Kontormiljø	SKU-1005	27in 4K Monitor	Displays	10	4141,26	direct
00004044	20240616	C1012	Dansk Kontormiljø	SKU-1007	Noise Cancelling Headset	Peripherals	11	2093,63	partner
00004045	20250911	C1139	Bergström & Söner	SKU-1003	Monitor Arm Dual	Accessories	-3	794,61	partner
00004046	20250218	C1247	Rødvig Møbler	SKU-1008	Laptop Stand Aluminium	Accessories	10	584,68	retail
00004047	20251012	C1237	Kärkkäinen Oy	SKU-1001	Ergonomic Desk Chair	Furniture	9	2402,38	partner
00004048	20240420	C1124	Lindqvist AB	SKU-1008	Laptop Stand Aluminium	Accessories	4	587,16	retail
00004049	20241120	C1287	Bergström & Söner	SKU-1007	Noise Cancelling Headset	Peripherals	1	2358,05	direct
00004050	20251010	C1240	Kjærstad Utstyr	SKU-1004	Mechanical Keyboard	Peripherals	1	1200,56	-
00004051	20240306	C1138	Hämäläinen Oy	SKU-1004	Mechanical Keyboard	Peripherals	1	1030,51	retail
00004052	20240912	C1000	Bergström & Söner	SKU-1001	Ergonomic Desk Chair	Furniture	12	2596,07	online
00004053	20241214	C1062	Väisänen Kaluste	SKU-1008	Laptop Stand Aluminium	Accessories	10	659,31	online
00004054	20240224	C1035	Hämäläinen Oy	SKU-1003	Monitor Arm Dual	Accessories	6	888,39	retail
00004055	20240915	C1215	Uppsala Interiör	SKU-1007	Noise Cancelling Headset	Peripherals	3	1831,69	online
00004056	20250811	C1251	Jyllands Inventar	SKU-1003	Monitor Arm Dual	Accessories	2	829,61	online
00004057	20240319	C1029	Møller Innredning	SKU-1003	Monitor Arm Dual	Accessories	3	992,71	retail
00004058	20241122	C1349	Søndergaard A/S	SKU-1006	USB-C Dock	Accessories	11	1886,92	direct
00004059	20250525	C1384	Rødvig Møbler	SKU-1001	Ergonomic Desk Chair	Furniture	8	2069,54	direct
00004060	20250726	C1121	Hämäläinen Oy	SKU-1002	Standing Desk 140cm	Furniture	8	5177,69	retail
00004061	20241218	C1285	Søndergaard A/S	SKU-1001	Ergonomic Desk Chair	Furniture	9	2403,58	direct
00004062	20241104	C1212	Uppsala Interiör	SKU-1002	Standing Desk 140cm	Furniture	2	4671,09	partner
00004063	20241206	C1211	Uppsala Interiör	SKU-1002	Standing Desk 140cm	Furniture	9	5003,30	retail
00004064	20240609	C1157	Hämäläinen Oy	SKU-1003	Monitor Arm Dual	Accessories	10	936,94	retail
00004065	20250826	C1340	Hämäläinen Oy	SKU-1006	USB-C Dock	Accessories	-2	1899,50	direct
00004066	20250202	C1190	Väisänen Kaluste	SKU-1006	USB-C Dock	Accessories	4	1540,37	direct
00004067	20251024	C1224	Dansk Kontormiljø	SKU-1001	Ergonomic Desk Chair	Furniture	4	2566,54	online
00004068	20241111	C1086	Hämäläinen Oy	SKU-1005	27in 4K Monitor	Displays	10	4257,45	direct
00004069	20240323	C1220	Søndergaard A/S	SKU-1009	Webcam 1080p	Peripherals	3	667,51	partner
00004070	20240721	C1313	Uppsala Interiör	SKU-1002	Standing Desk 140cm	Furniture	9	5582,74	direct
00004071	20240220	C1062	Trondheim Utstyr	SKU-1005	27in 4K Monitor	Displays	5	4731,86	partner
00004072	20250816	C1254	Møller Innredning	SKU-1008	Laptop Stand Aluminium	Accessories	9	560,10	retail
00004073	20250628	C1309	Kjærstad Utstyr	SKU-1008	Laptop Stand Aluminium	Accessories	7	555,68	partner
00004074	20250224	C1119	Møller Innredning	SKU-1007	Noise Cancelling Headset	Peripherals	11	2233,81	partner
00004075	20251216	C1009	Hämäläinen Oy	SKU-1010	Desk Lamp LED	Furniture	9	510,75	partner
00004076	20250901	C1070	Dansk Kontormiljø	SKU-1009	Webcam 1080p	Peripherals	9	725,07	partner
00004077	20240916	C1332	Dansk Kontormiljø	SKU-1003	Monitor Arm Dual	Accessories	2	1015,92	retail
00004078	20240419	C1360	Lindqvist AB	SKU-1010	Desk Lamp LED	Furniture	4	477,81	direct
00004079	20250227	C1355	Ålesund Kontor	SKU-1001	Ergonomic Desk Chair	Furniture	1	2572,40	partner
00004080	20250830	C1332	Lindqvist AB	SKU-1005	27in 4K Monitor	Displays	3	4086,91	direct
00004081	20240724	C1182	Dansk Kontormiljø	SKU-1008	Laptop Stand Aluminium	Accessories	8	724,36	partner
00004082	20241214	C1046	Jyllands Inventar	SKU-1003	Monitor Arm Dual	Accessories	8	764,99	partner
00004083	20250522	C1354	Kärkkäinen Oy	SKU-1004	Mechanical Keyboard	Peripherals	10	1166,11	partner
00004084	20250101	C1343	Bergström & Söner	SKU-1001	Ergonomic Desk Chair	Furniture	6	2500,13	online
00004085	20250228	C1281	Jyllands Inventar	SKU-1006	USB-C Dock	Accessories	1	1723,11	retail
00004086	20250802	C1212	Kjærstad Utstyr	SKU-1001	Ergonomic Desk Chair	Furniture	1	2167,62	partner
00004087	20250205	C1159	Trondheim Utstyr	SKU-1001	Ergonomic Desk Chair	Furniture	9	2374,08	retail
00004088	20240531	C1015	Kärkkäinen Oy	SKU-1002	Standing Desk 140cm	Furniture	9	4581,76	online
00004089	20250829	C1370	Uppsala Interiör	SKU-1006	USB-C Dock	Accessories	10	1805,32	retail
00004090	20240408	C1282	Rødvig Møbler	SKU-1001	Ergonomic Desk Chair	Furniture	9	2541,14	retail
00004091	20250421	C1372	Rødvig Møbler	SKU-1010	Desk Lamp LED	Furniture	10	494,98	direct
00004092	20250222	C1322	Dansk Kontormiljø	SKU-1007	Noise Cancelling Headset	Peripherals	11	2234,90	online
00004093	20240618	C1315	Uppsala Interiör	SKU-1003	Monitor Arm Dual	Accessories	11	1014,46	retail
00004094	20240807	C1368	Møller Innredning	SKU-1006	USB-C Dock	Accessories	1	1940,87	direct
00004095	20250428	C1154	Jyllands Inventar	SKU-1006	USB-C Dock	Accessories	11	1719,62	retail
00004096	20251105	C1337	Mäkinen Toimisto	SKU-1003	Monitor Arm Dual	Accessories	1	952,07	partner
00004097	20250810	C1393	Kjærstad Utstyr	SKU-1001	Ergonomic Desk Chair	Furniture	2	2264,80	partner
00004098	20250617	C1297	Jyllands Inventar	SKU-1001	Ergonomic Desk Chair	Furniture	2	2736,90	retail
00004099	20250625	C1279	Lindqvist AB	SKU-1003	Monitor Arm Dual	Accessories	2	920,99	online
00004100	20240902	C1317	Mäkinen Toimisto	SKU-1005	27in 4K Monitor	Displays	8	4365,76	direct
00004101	20250206	C1158	Kjærstad Utstyr	SKU-1002	Standing Desk 140cm	Furniture	6	5651,08	online
00004102	20250314	C1114	Lindqvist AB	SKU-1003	Monitor Arm Dual	Accessories	9	1010,85	retail
00004103	20250628	C1327	Trondheim Utstyr	SKU-1009	Webcam 1080p	Peripherals	7	678,69	direct
00004104	20250721	C1066	Kjærstad Utstyr	SKU-1006	USB-C Dock	Accessories	12	1783,54	online
00004105	20240928	C1361	Møller Innredning	SKU-1007	Noise Cancelling Headset	Peripherals	5	1954,31	direct
00004106	20240528	C1070	Nordström Handel	SKU-1008	Laptop Stand Aluminium	Accessories	1	647,79	partner
00004107	20240507	C1021	Nordström Handel	SKU-1006	USB-C Dock	Accessories	10	1957,72	online
00004108	20250510	C1079	Ålesund Kontor	SKU-1004	Mechanical Keyboard	Peripherals	7	1255,36	online
00004109	20241004	C1088	Hämäläinen Oy	SKU-1002	Standing Desk 140cm	Furniture	1	4815,45	partner
00004110	20251002	C1381	Rødvig Møbler	SKU-1006	USB-C Dock	Accessories	6	1615,44	retail
00004111	20240422	C1064	Rødvig Møbler	SKU-1004	Mechanical Keyboard	Peripherals	10	995,65	partner
00004112	20250225	C1175	Bergström & Söner	SKU-1001	Ergonomic Desk Chair	Furniture	2	2345,58	online
00004113	20250210	C1129	Søndergaard A/S	SKU-1009	Webcam 1080p	Peripherals	8	711,33	partner
00004114	20241117	C1288	Dansk Kontormiljø	SKU-1010	Desk Lamp LED	Furniture	9	574,52	direct
00004115	20240208	C1297	Rødvig Møbler	SKU-1006	USB-C Dock	Accessories	11	1510,72	retail
00004116	20240706	C1168	Møller Innredning	SKU-1004	Mechanical Keyboard	Peripherals	-3	1086,79	direct
00004117	20250926	C1025	Trondheim Utstyr	SKU-1003	Monitor Arm Dual	Accessories	1	795,22	retail
00004118	20241221	C1112	Ålesund Kontor	SKU-1009	Webcam 1080p	Peripherals	6	709,55	direct
00004119	20250518	C1002	Bergström & Söner	SKU-1003	Monitor Arm Dual	Accessories	4	842,45	direct
00004120	20241205	C1074	Møller Innredning	SKU-1005	27in 4K Monitor	Displays	5	4227,63	direct
00004121	20240715	C1388	Väisänen Kaluste	SKU-1001	Ergonomic Desk Chair	Furniture	3	2728,70	direct
00004122	20250208	C1007	Rødvig Møbler	SKU-1008	Laptop Stand Aluminium	Accessories	9	721,98	retail
00004123	20241009	C1240	Kjærstad Utstyr	SKU-1009	Webcam 1080p	Peripherals	4	803,02	direct
00004124	20240222	C1241	Jyllands Inventar	SKU-1004	Mechanical Keyboard	Peripherals	8	1071,29	online
00004125	20251205	C1382	Kärkkäinen Oy	SKU-1002	Standing Desk 140cm	Furniture	-2	5640,92	retail
00004126	20250809	C1063	Mäkinen Toimisto	SKU-1008	Laptop Stand Aluminium	Accessories	7	622,15	partner
00004127	20251227	C1299	Trondheim Utstyr	SKU-1010	Desk Lamp LED	Furniture	5	569,84	partner
00004128	20241129	C1398	Nordström Handel	SKU-1003	Monitor Arm Dual	Accessories	10	882,14	retail
00004129	20240910	C1003	Nordström Handel	SKU-1008	Laptop Stand Aluminium	Accessories	3	683,67	direct
00004130	20240503	C1144	Søndergaard A/S	SKU-1004	Mechanical Keyboard	Peripherals	9	1180,60	direct
00004131	20240426	C1208	Rødvig Møbler	SKU-1006	USB-C Dock	Accessories	4	1937,87	direct
00004132	20240206	C1326	Kärkkäinen Oy	SKU-1008	Laptop Stand Aluminium	Accessories	1	546,33	partner
00004133	20240324	C1296	Nordström Handel	SKU-1005	27in 4K Monitor	Displays	3	4463,99	retail
00004134	20241114	C1156	Kärkkäinen Oy	SKU-1001	Ergonomic Desk Chair	Furniture	11	2147,51	online
00004135	20240722	C1021	Väisänen Kaluste	SKU-1009	Webcam 1080p	Peripherals	8	836,72	partner
00004136	20240123	C1377	Dansk Kontormiljø	SKU-1009	Webcam 1080p	Peripherals	3	825,31	direct
00004137	20250522	C1125	Trondheim Utstyr	SKU-1010	Desk Lamp LED	Furniture	5	506,80	retail
00004138	20240229	C1098	Dansk Kontormiljø	SKU-1002	Standing Desk 140cm	Furniture	7	5978,84	partner
00004139	20241103	C1226	Trondheim Utstyr	SKU-1009	Webcam 1080p	Peripherals	8	694,31	direct
00004140	20241130	C1278	Ålesund Kontor	SKU-1003	Monitor Arm Dual	Accessories	8	1021,81	direct
00004141	20241214	C1100	Kärkkäinen Oy	SKU-1004	Mechanical Keyboard	Peripherals	5	1163,49	partner
00004142	20250221	C1028	Kjærstad Utstyr	SKU-1005	27in 4K Monitor	Displays	12	4051,81	retail
00004143	20251225	C1084	Kjærstad Utstyr	SKU-1001	Ergonomic Desk Chair	Furniture	8	2109,42	retail
00004144	20241105	C1011	Dansk Kontormiljø	SKU-1002	Standing Desk 140cm	Furniture	5	5468,56	direct
00004145	20250129	C1289	Bergström & Söner	SKU-1005	27in 4K Monitor	Displays	6	4219,74	partner
00004146	20250406	C1159	Kärkkäinen Oy	SKU-1008	Laptop Stand Aluminium	Accessories	11	575,68	retail
00004147	20241101	C1370	Rødvig Møbler	SKU-1008	Laptop Stand Aluminium	Accessories	2	733,14	direct
00004148	20250923	C1167	Kjærstad Utstyr	SKU-1010	Desk Lamp LED	Furniture	12	492,07	partner
00004149	20240313	C1282	Uppsala Interiör	SKU-1002	Standing Desk 140cm	Furniture	3	4760,33	partner
00004150	20251021	C1036	Søndergaard A/S	SKU-1004	Mechanical Keyboard	Peripherals	5	1291,03	online
00004151	20240721	C1052	Väisänen Kaluste	SKU-1006	USB-C Dock	Accessories	-3	1685,26	direct
00004152	20241008	C1323	Rødvig Møbler	SKU-1003	Monitor Arm Dual	Accessories	1	878,32	retail
00004153	20240607	C1268	Lindqvist AB	SKU-1004	Mechanical Keyboard	Peripherals	11	1193,38	direct
00004154	20240618	C1398	Kjærstad Utstyr	SKU-1007	Noise Cancelling Headset	Peripherals	5	2000,93	retail
00004155	20240830	C1105	Rødvig Møbler	SKU-1010	Desk Lamp LED	Furniture	5	511,04	direct
00004156	20251104	C1155	Trondheim Utstyr	SKU-1006	USB-C Dock	Accessories	1	1904,35	partner
00004157	20250630	C1037	Ålesund Kontor	SKU-1008	Laptop Stand Aluminium	Accessories	8	555,85	partner
00004158	20240417	C1211	Hämäläinen Oy	SKU-1008	Laptop Stand Aluminium	Accessories	4	566,29	online
00004159	20250204	C1271	Uppsala Interiör	SKU-1002	Standing Desk 140cm	Furniture	3	5961,91	partner
00004160	20240529	C1185	Hämäläinen Oy	SKU-1002	Standing Desk 140cm	Furniture	5	4989,57	direct
00004161	20250826	C1124	Rødvig Møbler	SKU-1002	Standing Desk 140cm	Furniture	6	4643,63	online
00004162	20250217	C1367	Kjærstad Utstyr	SKU-1003	Monitor Arm Dual	Accessories	5	986,59	retail
00004163	20250612	C1283	Bergström & Söner	SKU-1004	Mechanical Keyboard	Peripherals	8	1288,02	retail
00004164	20250404	C1041	Rødvig Møbler	SKU-1002	Standing Desk 140cm	Furniture	2	5205,91	direct
00004165	20251201	C1315	Dansk Kontormiljø	SKU-1009	Webcam 1080p	Peripherals	10	776,85	online
00004166	20250512	C1236	Nordström Handel	SKU-1002	Standing Desk 140cm	Furniture	11	5673,09	partner
00004167	20250816	C1190	Rødvig Møbler	SKU-1003	Monitor Arm Dual	Accessories	7	999,23	direct
00004168	20251008	C1158	Lindqvist AB	SKU-1004	Mechanical Keyboard	Peripherals	8	989,24	partner
00004169	20250611	C1206	Uppsala Interiör	SKU-1002	Standing Desk 140cm	Furniture	5	5086,59	retail
00004170	20251205	C1060	Bergström & Söner	SKU-1001	Ergonomic Desk Chair	Furniture	2	2332,99	online
00004171	20240216	C1128	Nordström Handel	SKU-1003	Monitor Arm Dual	Accessories	5	854,55	direct
00004172	20250407	C1390	Ålesund Kontor	SKU-1002	Standing Desk 140cm	Furniture	4	5686,65	direct
00004173	20240123	C1001	Bergström & Söner	SKU-1003	Monitor Arm Dual	Accessories	1	912,31	online
00004174	20241222	C1397	Trondheim Utstyr	SKU-1001	Ergonomic Desk Chair	Furniture	6	2407,66	online
00004175	20251216	C1121	Uppsala Interiör	SKU-1008	Laptop Stand Aluminium	Accessories	11	582,77	online
00004176	20240103	C1079	Lindqvist AB	SKU-1005	27in 4K Monitor	Displays	3	4444,51	retail
00004177	20250513	C1241	Jyllands Inventar	SKU-1009	Webcam 1080p	Peripherals	3	735,09	direct
00004178	20250117	C1268	Kjærstad Utstyr	SKU-1010	Desk Lamp LED	Furniture	6	523,66	retail
00004179	20250314	C1326	Mäkinen Toimisto	SKU-1006	USB-C Dock	Accessories	2	1969,75	partner
00004180	20241007	C1285	Väisänen Kaluste	SKU-1009	Webcam 1080p	Peripherals	10	808,41	partner
00004181	20240227	C1283	Lindqvist AB	SKU-1001	Ergonomic Desk Chair	Furniture	7	2318,72	retail
00004182	20240823	C1379	Bergström & Söner	SKU-1001	Ergonomic Desk Chair	Furniture	1	2182,26	retail
00004183	20240314	C1094	Ålesund Kontor	SKU-1007	Noise Cancelling Headset	Peripherals	6	2115,03	retail
00004184	20240908	C1375	Nordström Handel	SKU-1006	USB-C Dock	Accessories	1	1520,11	online
00004185	20250429	C1383	Mäkinen Toimisto	SKU-1006	USB-C Dock	Accessories	8	1937,24	online
00004186	20250328	C1038	Ålesund Kontor	SKU-1004	Mechanical Keyboard	Peripherals	11	981,61	direct
00004187	20241209	C1268	Lindqvist AB	SKU-1002	Standing Desk 140cm	Furniture	6	5648,18	partner
00004188	20250531	C1039	Kjærstad Utstyr	SKU-1004	Mechanical Keyboard	Peripherals	12	1097,01	retail
00004189	20241127	C1342	Ålesund Kontor	SKU-1002	Standing Desk 140cm	Furniture	4	5053,66	retail
00004190	20250529	C1385	Trondheim Utstyr	SKU-1007	Noise Cancelling Headset	Peripherals	2	2314,94	direct
00004191	20240722	C1061	Trondheim Utstyr	SKU-1001	Ergonomic Desk Chair	Furniture	2	2639,77	retail
00004192	20250724	C1127	Nordström Handel	SKU-1005	27in 4K Monitor	Displays	12	4718,14	direct
00004193	20241123	C1253	Hämäläinen Oy	SKU-1010	Desk Lamp LED	Furniture	2	445,82	online
00004194	20241223	C1314	Kjærstad Utstyr	SKU-1001	Ergonomic Desk Chair	Furniture	1	2293,86	direct
00004195	20250619	C1138	Kjærstad Utstyr	SKU-1005	27in 4K Monitor	Displays	10	4477,78	direct
00004196	20250304	C1214	Dansk Kontormiljø	SKU-1009	Webcam 1080p	Peripherals	8	762,44	direct
00004197	20241018	C1016	Trondheim Utstyr	SKU-1008	Laptop Stand Aluminium	Accessories	1	697,00	partner
00004198	20251006	C1071	Lindqvist AB	SKU-1004	Mechanical Keyboard	Peripherals	11	1130,88	retail
00004199	20250922	C1258	Dansk Kontormiljø	SKU-1003	Monitor Arm Dual	Accessories	12	982,20	partner
00004200	20241114	C1398	Nordström Handel	SKU-1006	USB-C Dock	Accessories	12	1905,66	partner
00004201	20251021	C1126	Väisänen Kaluste	SKU-1003	Monitor Arm Dual	Accessories	8	932,76	online
00004202	20250929	C1343	Ålesund Kontor	SKU-1003	Monitor Arm Dual	Accessories	10	995,27	partner
00004203	20240426	C1378	Rødvig Møbler	SKU-1004	Mechanical Keyboard	Peripherals	5	1027,88	direct
00004204	20250624	C1074	Hämäläinen Oy	SKU-1002	Standing Desk 140cm	Furniture	7	5370,90	online
00004205	20250301	C1007	Ålesund Kontor	SKU-1001	Ergonomic Desk Chair	Furniture	7	2371,61	partner
00004206	20250907	C1178	Hämäläinen Oy	SKU-1007	Noise Cancelling Headset	Peripherals	6	2102,70	retail
00004207	20240925	C1315	Kjærstad Utstyr	SKU-1008	Laptop Stand Aluminium	Accessories	1	642,68	partner
00004208	20240627	C1279	Hämäläinen Oy	SKU-1006	USB-C Dock	Accessories	1	1674,60	retail
00004209	20240818	C1059	Bergström & Söner	SKU-1010	Desk Lamp LED	Furniture	1	530,07	direct
00004210	20250423	C1238	Kärkkäinen Oy	SKU-1010	Desk Lamp LED	Furniture	11	569,61	partner
00004211	20250910	C1134	Kjærstad Utstyr	SKU-1007	Noise Cancelling Headset	Peripherals	4	2062,46	retail
00004212	20240203	C1386	Rødvig Møbler	SKU-1005	27in 4K Monitor	Displays	1	4359,07	online
00004213	20240827	C1259	Søndergaard A/S	SKU-1005	27in 4K Monitor	Displays	10	4623,82	partner
00004214	20240115	C1252	Hämäläinen Oy	SKU-1008	Laptop Stand Aluminium	Accessories	7	650,23	direct
00004215	20250322	C1289	Ålesund Kontor	SKU-1005	27in 4K Monitor	Displays	8	3709,36	retail
00004216	20240524	C1267	Hämäläinen Oy	SKU-1006	USB-C Dock	Accessories	5	1653,54	online
00004217	20241229	C1269	Bergström & Söner	SKU-1001	Ergonomic Desk Chair	Furniture	6	2572,57	online
00004218	20250918	C1152	Ålesund Kontor	SKU-1002	Standing Desk 140cm	Furniture	2	4833,97	online
00004219	20240927	C1190	Lindqvist AB	SKU-1008	Laptop Stand Aluminium	Accessories	4	721,85	retail
00004220	20240316	C1084	Dansk Kontormiljø	SKU-1002	Standing Desk 140cm	Furniture	7	5573,53	retail
00004221	20250710	C1137	Kärkkäinen Oy	SKU-1002	Standing Desk 140cm	Furniture	5	5846,82	direct
00004222	20250911	C1190	Hämäläinen Oy	SKU-1002	Standing Desk 140cm	Furniture	2	4526,85	partner
00004223	20250819	C1270	Uppsala Interiör	SKU-1001	Ergonomic Desk Chair	Furniture	10	2692,45	direct
00004224	20240707	C1357	Jyllands Inventar	SKU-1001	Ergonomic Desk Chair	Furniture	11	2192,82	online
00004225	20250622	C1135	Dansk Kontormiljø	SKU-1005	27in 4K Monitor	Displays	1	4836,20	partner
00004226	20250630	C1268	Møller Innredning	SKU-1008	Laptop Stand Aluminium	Accessories	9	622,34	retail
00004227	20250809	C1301	Møller Innredning	SKU-1007	Noise Cancelling Headset	Peripherals	12	1812,34	partner
00004228	20250104	C1143	Dansk Kontormiljø	SKU-1003	Monitor Arm Dual	Accessories	2	855,38	direct
00004229	20240410	C1192	Hämäläinen Oy	SKU-1010	Desk Lamp LED	Furniture	12	538,54	online
00004230	20250510	C1127	Uppsala Interiör	SKU-1008	Laptop Stand Aluminium	Accessories	6	586,80	online
00004231	20240418	C1002	Møller Innredning	SKU-1009	Webcam 1080p	Peripherals	12	769,18	direct
00004232	20241225	C1106	Lindqvist AB	SKU-1003	Monitor Arm Dual	Accessories	3	814,50	-
00004233	20251118	C1073	Søndergaard A/S	SKU-1004	Mechanical Keyboard	Peripherals	10	1039,78	online
00004234	20250528	C1129	Rødvig Møbler	SKU-1001	Ergonomic Desk Chair	Furniture	11	2129,41	retail
00004235	20240117	C1282	Kjærstad Utstyr	SKU-1007	Noise Cancelling Headset	Peripherals	4	2301,82	online
00004236	20240605	C1395	Søndergaard A/S	SKU-1002	Standing Desk 140cm	Furniture	11	4671,66	retail
00004237	20241115	C1047	Jyllands Inventar	SKU-1001	Ergonomic Desk Chair	Furniture	10	2103,60	direct
00004238	20240418	C1270	Mäkinen Toimisto	SKU-1009	Webcam 1080p	Peripherals	11	851,41	partner
00004239	20250806	C1211	Trondheim Utstyr	SKU-1006	USB-C Dock	Accessories	7	1770,80	online
00004240	20250731	C1092	Kjærstad Utstyr	SKU-1001	Ergonomic Desk Chair	Furniture	9	2350,73	direct
00004241	20250121	C1242	Dansk Kontormiljø	SKU-1010	Desk Lamp LED	Furniture	12	543,19	online
00004242	20240329	C1054	Møller Innredning	SKU-1009	Webcam 1080p	Peripherals	7	820,56	online
00004243	20250228	C1295	Kärkkäinen Oy	SKU-1010	Desk Lamp LED	Furniture	3	530,30	partner
00004244	20250618	C1280	Nordström Handel	SKU-1006	USB-C Dock	Accessories	2	1716,29	retail
00004245	20250319	C1272	Nordström Handel	SKU-1002	Standing Desk 140cm	Furniture	8	5102,91	direct
00004246	20240617	C1228	Nordström Handel	SKU-1003	Monitor Arm Dual	Accessories	8	947,31	online
00004247	20240429	C1329	Bergström & Söner	SKU-1003	Monitor Arm Dual	Accessories	11	943,17	direct
00004248	20240310	C1096	Väisänen Kaluste	SKU-1010	Desk Lamp LED	Furniture	9	515,06	direct
00004249	20250409	C1209	Mäkinen Toimisto	SKU-1001	Ergonomic Desk Chair	Furniture	2	2349,22	online
00004250	20240118	C1081	Rødvig Møbler	SKU-1010	Desk Lamp LED	Furniture	1	498,93	retail
00004251	20241204	C1397	Trondheim Utstyr	SKU-1006	USB-C Dock	Accessories	8	1532,88	partner
00004252	20240929	C1238	Lindqvist AB	SKU-1005	27in 4K Monitor	Displays	4	3904,68	partner
00004253	20250614	C1274	Søndergaard A/S	SKU-1004	Mechanical Keyboard	Peripherals	5	1278,02	direct
00004254	20250220	C1139	Kjærstad Utstyr	SKU-1003	Monitor Arm Dual	Accessories	5	1013,52	retail
00004255	20250629	C1035	Väisänen Kaluste	SKU-1004	Mechanical Keyboard	Peripherals	1	1103,32	retail
00004256	20250624	C1207	Trondheim Utstyr	SKU-1004	Mechanical Keyboard	Peripherals	8	1293,47	direct
00004257	20250802	C1120	Nordström Handel	SKU-1001	Ergonomic Desk Chair	Furniture	6	2466,62	partner
00004258	20240803	C1295	Jyllands Inventar	SKU-1005	27in 4K Monitor	Displays	8	3720,71	online
00004259	20241206	C1070	Dansk Kontormiljø	SKU-1003	Monitor Arm Dual	Accessories	12	914,59	online
00004260	20240724	C1381	Lindqvist AB	SKU-1003	Monitor Arm Dual	Accessories	3	948,73	partner
00004261	20240305	C1188	Søndergaard A/S	SKU-1002	Standing Desk 140cm	Furniture	4	5413,44	retail
00004262	20250206	C1185	Kärkkäinen Oy	SKU-1008	Laptop Stand Aluminium	Accessories	6	683,67	direct
00004263	20251208	C1104	Ålesund Kontor	SKU-1002	Standing Desk 140cm	Furniture	2	4515,70	partner
00004264	20250505	C1235	Møller Innredning	SKU-1007	Noise Cancelling Headset	Peripherals	6	2270,06	direct
00004265	20240611	C1076	Nordström Handel	SKU-1002	Standing Desk 140cm	Furniture	-2	5557,80	direct
00004266	20250818	C1074	Møller Innredning	SKU-1001	Ergonomic Desk Chair	Furniture	12	2697,47	direct
00004267	20250415	C1198	Søndergaard A/S	SKU-1010	Desk Lamp LED	Furniture	4	566,51	direct
00004268	20250530	C1363	Kjærstad Utstyr	SKU-1001	Ergonomic Desk Chair	Furniture	5	2180,38	retail
00004269	20241016	C1373	Nordström Handel	SKU-1005	27in 4K Monitor	Displays	1	3897,48	retail
00004270	20240622	C1062	Rødvig Møbler	SKU-1007	Noise Cancelling Headset	Peripherals	1	2346,54	online
00004271	20240919	C1040	Uppsala Interiör	SKU-1003	Monitor Arm Dual	Accessories	3	788,18	-
00004272	20240418	C1382	Trondheim Utstyr	SKU-1005	27in 4K Monitor	Displays	7	4025,83	direct
00004273	20250406	C1338	Rødvig Møbler	SKU-1006	USB-C Dock	Accessories	2	1730,78	partner
00004274	20241106	C1021	Trondheim Utstyr	SKU-1005	27in 4K Monitor	Displays	6	4880,33	online
00004275	20240416	C1170	Søndergaard A/S	SKU-1009	Webcam 1080p	Peripherals	1	846,33	direct
00004276	20250122	C1154	Uppsala Interiör	SKU-1002	Standing Desk 140cm	Furniture	11	4481,27	partner
00004277	20240401	C1225	Hämäläinen Oy	SKU-1009	Webcam 1080p	Peripherals	9	715,77	partner
00004278	20240403	C1319	Lindqvist AB	SKU-1005	27in 4K Monitor	Displays	12	4201,66	partner
00004279	20240225	C1377	Lindqvist AB	SKU-1001	Ergonomic Desk Chair	Furniture	7	2047,38	retail
00004280	20250327	C1192	Kärkkäinen Oy	SKU-1001	Ergonomic Desk Chair	Furniture	2	2225,79	online
00004281	20240316	C1301	Lindqvist AB	SKU-1004	Mechanical Keyboard	Peripherals	8	1152,56	direct
00004282	20251101	C1190	Hämäläinen Oy	SKU-1009	Webcam 1080p	Peripherals	12	793,15	direct
00004283	20250711	C1182	Jyllands Inventar	SKU-1004	Mechanical Keyboard	Peripherals	2	1055,88	online
00004284	20240110	C1157	Uppsala Interiör	SKU-1005	27in 4K Monitor	Displays	11	4624,61	retail
00004285	20251209	C1370	Bergström & Söner	SKU-1005	27in 4K Monitor	Displays	3	4039,49	online
00004286	20240205	C1294	Søndergaard A/S	SKU-1001	Ergonomic Desk Chair	Furniture	8	2155,94	direct
00004287	20250625	C1080	Bergström & Söner	SKU-1010	Desk Lamp LED	Furniture	11	542,09	partner
00004288	20250512	C1169	Møller Innredning	SKU-1005	27in 4K Monitor	Displays	7	4235,92	direct
00004289	20240522	C1233	Søndergaard A/S	SKU-1005	27in 4K Monitor	Displays	6	4040,72	direct
00004290	20241226	C1171	Väisänen Kaluste	SKU-1010	Desk Lamp LED	Furniture	12	472,40	online
00004291	20250809	C1027	Väisänen Kaluste	SKU-1002	Standing Desk 140cm	Furniture	3	5556,31	online
00004292	20250111	C1302	Jyllands Inventar	SKU-1008	Laptop Stand Aluminium	Accessories	4	686,08	partner
00004293	20240112	C1128	Bergström & Söner	SKU-1006	USB-C Dock	Accessories	4	1803,77	direct
00004294	20240620	C1285	Nordström Handel	SKU-1005	27in 4K Monitor	Displays	2	4815,01	online
00004295	20240703	C1334	Jyllands Inventar	SKU-1007	Noise Cancelling Headset	Peripherals	2	2243,30	partner
00004296	20241129	C1139	Väisänen Kaluste	SKU-1009	Webcam 1080p	Peripherals	9	793,41	direct
00004297	20241031	C1026	Trondheim Utstyr	SKU-1006	USB-C Dock	Accessories	12	1526,90	direct
00004298	20251124	C1311	Dansk Kontormiljø	SKU-1007	Noise Cancelling Headset	Peripherals	12	1913,71	online
00004299	20240216	C1338	Lindqvist AB	SKU-1006	USB-C Dock	Accessories	7	1913,51	partner
00004300	20240116	C1332	Ålesund Kontor	SKU-1003	Monitor Arm Dual	Accessories	7	867,65	direct
00004301	20240616	C1308	Hämäläinen Oy	SKU-1007	Noise Cancelling Headset	Peripherals	10	2119,22	partner
00004302	20240717	C1187	Nordström Handel	SKU-1010	Desk Lamp LED	Furniture	6	590,64	retail
00004303	20251117	C1372	Väisänen Kaluste	SKU-1004	Mechanical Keyboard	Peripherals	8	1071,36	online
00004304	20240206	C1275	Rødvig Møbler	SKU-1002	Standing Desk 140cm	Furniture	6	5084,23	online
00004305	20241103	C1268	Mäkinen Toimisto	SKU-1003	Monitor Arm Dual	Accessories	10	892,66	direct
00004306	20251115	C1137	Trondheim Utstyr	SKU-1007	Noise Cancelling Headset	Peripherals	12	2386,03	retail
00004307	20251023	C1158	Jyllands Inventar	SKU-1008	Laptop Stand Aluminium	Accessories	-2	585,71	partner
00004308	20241013	C1185	Hämäläinen Oy	SKU-1003	Monitor Arm Dual	Accessories	5	919,36	online
00004309	20250510	C1316	Mäkinen Toimisto	SKU-1006	USB-C Dock	Accessories	8	1906,58	partner
00004310	20240426	C1081	Hämäläinen Oy	SKU-1006	USB-C Dock	Accessories	11	1490,27	direct
00004311	20250902	C1278	Trondheim Utstyr	SKU-1008	Laptop Stand Aluminium	Accessories	2	679,92	direct
00004312	20240729	C1376	Lindqvist AB	SKU-1009	Webcam 1080p	Peripherals	8	851,76	retail
00004313	20240808	C1021	Hämäläinen Oy	SKU-1002	Standing Desk 140cm	Furniture	1	5369,86	retail
00004314	20240731	C1131	Lindqvist AB	SKU-1009	Webcam 1080p	Peripherals	7	772,53	direct
00004315	20251026	C1097	Bergström & Söner	SKU-1010	Desk Lamp LED	Furniture	9	490,90	retail
00004316	20250203	C1236	Bergström & Söner	SKU-1002	Standing Desk 140cm	Furniture	6	5819,69	online
00004317	20240727	C1241	Trondheim Utstyr	SKU-1004	Mechanical Keyboard	Peripherals	2	1316,02	online
00004318	20250630	C1056	Søndergaard A/S	SKU-1003	Monitor Arm Dual	Accessories	8	944,02	direct
00004319	20250301	C1281	Nordström Handel	SKU-1007	Noise Cancelling Headset	Peripherals	5	1922,51	online
00004320	20240815	C1157	Møller Innredning	SKU-1006	USB-C Dock	Accessories	10	1831,40	retail
00004321	20240218	C1098	Nordström Handel	SKU-1002	Standing Desk 140cm	Furniture	10	5570,83	online
00004322	20251231	C1180	Kjærstad Utstyr	SKU-1009	Webcam 1080p	Peripherals	11	663,69	partner
00004323	20240803	C1242	Bergström & Söner	SKU-1007	Noise Cancelling Headset	Peripherals	2	2264,66	partner
00004324	20241104	C1086	Møller Innredning	SKU-1007	Noise Cancelling Headset	Peripherals	12	2033,09	partner
00004325	20251214	C1045	Møller Innredning	SKU-1010	Desk Lamp LED	Furniture	5	553,83	partner
00004326	20251220	C1236	Møller Innredning	SKU-1002	Standing Desk 140cm	Furniture	1	5507,04	direct
00004327	20250406	C1382	Mäkinen Toimisto	SKU-1007	Noise Cancelling Headset	Peripherals	4	2107,64	partner
00004328	20250912	C1296	Mäkinen Toimisto	SKU-1004	Mechanical Keyboard	Peripherals	3	1319,93	partner
00004329	20250721	C1036	Mäkinen Toimisto	SKU-1001	Ergonomic Desk Chair	Furniture	3	2539,24	partner
00004330	20240322	C1085	Bergström & Söner	SKU-1010	Desk Lamp LED	Furniture	12	521,07	retail
00004331	20240304	C1054	Kärkkäinen Oy	SKU-1004	Mechanical Keyboard	Peripherals	10	1282,59	direct
00004332	20250826	C1109	Hämäläinen Oy	SKU-1010	Desk Lamp LED	Furniture	7	504,58	retail
00004333	20250926	C1179	Hämäläinen Oy	SKU-1005	27in 4K Monitor	Displays	10	4720,01	online
00004334	20240423	C1033	Møller Innredning	SKU-1002	Standing Desk 140cm	Furniture	9	5087,28	retail
00004335	20250802	C1304	Nordström Handel	SKU-1005	27in 4K Monitor	Displays	11	3694,86	direct
00004336	20240815	C1068	Rødvig Møbler	SKU-1001	Ergonomic Desk Chair	Furniture	10	2044,02	online
00004337	20240113	C1030	Trondheim Utstyr	SKU-1007	Noise Cancelling Headset	Peripherals	7	2160,38	online
00004338	20240216	C1398	Rødvig Møbler	SKU-1009	Webcam 1080p	Peripherals	11	692,54	online
00004339	20251215	C1275	Dansk Kontormiljø	SKU-1004	Mechanical Keyboard	Peripherals	10	1171,96	partner
00004340	20250725	C1216	Kärkkäinen Oy	SKU-1004	Mechanical Keyboard	Peripherals	3	1103,43	partner
00004341	20240414	C1271	Trondheim Utstyr	SKU-1003	Monitor Arm Dual	Accessories	3	853,94	direct
00004342	20240818	C1237	Dansk Kontormiljø	SKU-1001	Ergonomic Desk Chair	Furniture	9	2746,63	retail
00004343	20250912	C1222	Hämäläinen Oy	SKU-1005	27in 4K Monitor	Displays	9	4830,80	online
00004344	20240721	C1342	Ålesund Kontor	SKU-1009	Webcam 1080p	Peripherals	5	711,20	direct
00004345	20241016	C1017	Rødvig Møbler	SKU-1004	Mechanical Keyboard	Peripherals	11	996,63	retail
00004346	20240122	C1305	Trondheim Utstyr	SKU-1007	Noise Cancelling Headset	Peripherals	8	2183,40	partner
00004347	20240322	C1365	Mäkinen Toimisto	SKU-1006	USB-C Dock	Accessories	4	1563,76	partner
00004348	20251130	C1321	Uppsala Interiör	SKU-1007	Noise Cancelling Headset	Peripherals	11	2149,27	retail
00004349	20240713	C1074	Bergström & Söner	SKU-1009	Webcam 1080p	Peripherals	9	790,23	direct
00004350	20251220	C1071	Ålesund Kontor	SKU-1010	Desk Lamp LED	Furniture	10	479,23	partner
00004351	20251222	C1178	Hämäläinen Oy	SKU-1005	27in 4K Monitor	Displays	2	4560,93	retail
00004352	20240618	C1014	Trondheim Utstyr	SKU-1005	27in 4K Monitor	Displays	4	4905,85	direct
00004353	20251004	C1224	Møller Innredning	SKU-1003	Monitor Arm Dual	Accessories	-2	820,09	online
00004354	20250423	C1013	Trondheim Utstyr	SKU-1007	Noise Cancelling Headset	Peripherals	2	1868,45	direct
00004355	20250117	C1162	Kärkkäinen Oy	SKU-1003	Monitor Arm Dual	Accessories	4	879,21	direct
00004356	20240903	C1179	Trondheim Utstyr	SKU-1002	Standing Desk 140cm	Furniture	12	5751,60	retail
00004357	20240925	C1233	Trondheim Utstyr	SKU-1005	27in 4K Monitor	Displays	4	4878,24	retail
00004358	20251022	C1311	Dansk Kontormiljø	SKU-1008	Laptop Stand Aluminium	Accessories	10	593,46	retail
00004359	20240614	C1292	Lindqvist AB	SKU-1006	USB-C Dock	Accessories	7	1915,24	online
00004360	20240911	C1366	Mäkinen Toimisto	SKU-1004	Mechanical Keyboard	Peripherals	11	1202,71	partner
00004361	20251107	C1320	Mäkinen Toimisto	SKU-1009	Webcam 1080p	Peripherals	1	840,36	-
00004362	20250217	C1400	Dansk Kontormiljø	SKU-1007	Noise Cancelling Headset	Peripherals	9	1916,97	online
00004363	20250508	C1224	Kjærstad Utstyr	SKU-1010	Desk Lamp LED	Furniture	2	539,36	online
00004364	20251007	C1168	Kjærstad Utstyr	SKU-1003	Monitor Arm Dual	Accessories	9	858,77	retail
00004365	20240912	C1075	Kjærstad Utstyr	SKU-1004	Mechanical Keyboard	Peripherals	3	1168,14	direct
00004366	20241227	C1324	Dansk Kontormiljø	SKU-1006	USB-C Dock	Accessories	5	1841,53	retail
00004367	20240109	C1175	Hämäläinen Oy	SKU-1008	Laptop Stand Aluminium	Accessories	5	709,70	direct
00004368	20251022	C1060	Søndergaard A/S	SKU-1002	Standing Desk 140cm	Furniture	2	5408,16	direct
00004369	20240609	C1211	Møller Innredning	SKU-1010	Desk Lamp LED	Furniture	12	451,91	online
00004370	20250819	C1053	Kärkkäinen Oy	SKU-1009	Webcam 1080p	Peripherals	3	835,88	direct
00004371	20241115	C1071	Ålesund Kontor	SKU-1006	USB-C Dock	Accessories	7	1713,90	direct
00004372	20251202	C1100	Mäkinen Toimisto	SKU-1003	Monitor Arm Dual	Accessories	12	889,80	direct
00004373	20240811	C1273	Uppsala Interiör	SKU-1006	USB-C Dock	Accessories	5	1869,67	retail
00004374	20240720	C1117	Nordström Handel	SKU-1008	Laptop Stand Aluminium	Accessories	9	631,93	retail
00004375	20250218	C1251	Mäkinen Toimisto	SKU-1002	Standing Desk 140cm	Furniture	6	5811,33	partner
00004376	20240623	C1003	Kjærstad Utstyr	SKU-1003	Monitor Arm Dual	Accessories	9	962,42	partner
00004377	20241231	C1381	Rødvig Møbler	SKU-1008	Laptop Stand Aluminium	Accessories	5	559,93	partner
00004378	20240115	C1230	Mäkinen Toimisto	SKU-1004	Mechanical Keyboard	Peripherals	2	1071,89	partner
00004379	20241125	C1140	Trondheim Utstyr	SKU-1004	Mechanical Keyboard	Peripherals	5	1316,45	online
00004380	20250508	C1097	Hämäläinen Oy	SKU-1002	Standing Desk 140cm	Furniture	9	5821,59	online
00004381	20251129	C1313	Rødvig Møbler	SKU-1004	Mechanical Keyboard	Peripherals	5	1094,16	partner
00004382	20240427	C1042	Møller Innredning	SKU-1007	Noise Cancelling Headset	Peripherals	9	2173,44	online
00004383	20241023	C1084	Ålesund Kontor	SKU-1003	Monitor Arm Dual	Accessories	12	933,91	online
00004384	20241217	C1253	Kjærstad Utstyr	SKU-1007	Noise Cancelling Headset	Peripherals	5	2231,15	partner
00004385	20250826	C1318	Jyllands Inventar	SKU-1001	Ergonomic Desk Chair	Furniture	6	2640,20	partner
00004386	20251221	C1101	Kärkkäinen Oy	SKU-1008	Laptop Stand Aluminium	Accessories	8	624,25	retail
00004387	20240702	C1226	Jyllands Inventar	SKU-1010	Desk Lamp LED	Furniture	1	495,57	retail
00004388	20250623	C1021	Uppsala Interiör	SKU-1009	Webcam 1080p	Peripherals	12	883,16	retail
00004389	20250210	C1391	Bergström & Söner	SKU-1001	Ergonomic Desk Chair	Furniture	1	2667,89	retail
00004390	20251128	C1308	Kjærstad Utstyr	SKU-1009	Webcam 1080p	Peripherals	6	864,40	direct
00004391	20240903	C1170	Kjærstad Utstyr	SKU-1005	27in 4K Monitor	Displays	8	4014,20	online
00004392	20240330	C1023	Nordström Handel	SKU-1008	Laptop Stand Aluminium	Accessories	7	634,67	online
00004393	20241009	C1320	Lindqvist AB	SKU-1006	USB-C Dock	Accessories	10	1595,20	direct
00004394	20250917	C1039	Kärkkäinen Oy	SKU-1007	Noise Cancelling Headset	Peripherals	12	2231,88	-
00004395	20250929	C1378	Bergström & Söner	SKU-1010	Desk Lamp LED	Furniture	11	476,36	direct
00004396	20250926	C1190	Trondheim Utstyr	SKU-1001	Ergonomic Desk Chair	Furniture	3	2572,62	partner
00004397	20240614	C1353	Väisänen Kaluste	SKU-1008	Laptop Stand Aluminium	Accessories	9	574,31	retail
00004398	20240821	C1111	Väisänen Kaluste	SKU-1004	Mechanical Keyboard	Peripherals	-2	1162,38	partner
00004399	20240319	C1351	Uppsala Interiör	SKU-1009	Webcam 1080p	Peripherals	3	867,64	direct
00004400	20240814	C1208	Søndergaard A/S	SKU-1004	Mechanical Keyboard	Peripherals	10	1239,79	direct
00004401	20250622	C1259	Trondheim Utstyr	SKU-1007	Noise Cancelling Headset	Peripherals	6	2082,08	retail
00004402	20250408	C1128	Dansk Kontormiljø	SKU-1003	Monitor Arm Dual	Accessories	11	860,02	retail
00004403	20240310	C1013	Bergström & Söner	SKU-1004	Mechanical Keyboard	Peripherals	10	1128,95	partner
00004404	20250114	C1321	Jyllands Inventar	SKU-1005	27in 4K Monitor	Displays	9	4810,58	online
00004405	20250701	C1364	Rødvig Møbler	SKU-1005	27in 4K Monitor	Displays	12	3766,97	online
00004406	20241030	C1025	Søndergaard A/S	SKU-1006	USB-C Dock	Accessories	10	1532,07	online
00004407	20240330	C1140	Bergström & Söner	SKU-1004	Mechanical Keyboard	Peripherals	1	1040,75	direct
00004408	20251219	C1238	Møller Innredning	SKU-1007	Noise Cancelling Headset	Peripherals	8	2409,46	partner
00004409	20250312	C1085	Uppsala Interiör	SKU-1001	Ergonomic Desk Chair	Furniture	1	2317,61	retail
00004410	20250614	C1399	Hämäläinen Oy	SKU-1002	Standing Desk 140cm	Furniture	3	5628,92	direct
00004411	20241113	C1224	Søndergaard A/S	SKU-1003	Monitor Arm Dual	Accessories	6	945,48	online
00004412	20240406	C1367	Dansk Kontormiljø	SKU-1001	Ergonomic Desk Chair	Furniture	4	2705,29	partner
00004413	20240105	C1086	Lindqvist AB	SKU-1004	Mechanical Keyboard	Peripherals	5	1291,04	partner
00004414	20241003	C1398	Kärkkäinen Oy	SKU-1009	Webcam 1080p	Peripherals	12	703,56	direct
00004415	20241202	C1288	Dansk Kontormiljø	SKU-1008	Laptop Stand Aluminium	Accessories	8	681,40	retail
00004416	20250315	C1050	Møller Innredning	SKU-1010	Desk Lamp LED	Furniture	5	549,96	direct
00004417	20250904	C1388	Trondheim Utstyr	SKU-1008	Laptop Stand Aluminium	Accessories	1	574,13	online
00004418	20240206	C1114	Jyllands Inventar	SKU-1007	Noise Cancelling Headset	Peripherals	3	2299,29	online
00004419	20240609	C1101	Nordström Handel	SKU-1009	Webcam 1080p	Peripherals	11	878,48	retail
00004420	20240613	C1054	Uppsala Interiör	SKU-1006	USB-C Dock	Accessories	10	1558,59	partner
00004421	20240210	C1333	Uppsala Interiör	SKU-1009	Webcam 1080p	Peripherals	6	698,86	retail
00004422	20250408	C1114	Uppsala Interiör	SKU-1004	Mechanical Keyboard	Peripherals	3	1254,42	partner
00004423	20250823	C1323	Kärkkäinen Oy	SKU-1006	USB-C Dock	Accessories	12	1989,64	direct
00004424	20250622	C1258	Kärkkäinen Oy	SKU-1007	Noise Cancelling Headset	Peripherals	8	2143,74	direct
00004425	20241212	C1132	Søndergaard A/S	SKU-1009	Webcam 1080p	Peripherals	1	769,42	retail
00004426	20240315	C1054	Dansk Kontormiljø	SKU-1001	Ergonomic Desk Chair	Furniture	8	2360,18	online
00004427	20250325	C1096	Kjærstad Utstyr	SKU-1001	Ergonomic Desk Chair	Furniture	12	2569,51	partner
00004428	20251119	C1113	Väisänen Kaluste	SKU-1003	Monitor Arm Dual	Accessories	-3	967,40	direct
00004429	20250403	C1040	Rødvig Møbler	SKU-1005	27in 4K Monitor	Displays	12	4599,52	partner
00004430	20251104	C1074	Ålesund Kontor	SKU-1005	27in 4K Monitor	Displays	7	3750,21	direct
00004431	20240530	C1243	Kjærstad Utstyr	SKU-1010	Desk Lamp LED	Furniture	9	472,64	partner
00004432	20240903	C1256	Bergström & Söner	SKU-1004	Mechanical Keyboard	Peripherals	2	1255,44	partner
00004433	20250723	C1133	Kärkkäinen Oy	SKU-1001	Ergonomic Desk Chair	Furniture	11	2303,68	direct
00004434	20250115	C1094	Uppsala Interiör	SKU-1007	Noise Cancelling Headset	Peripherals	4	2145,91	-
00004435	20250625	C1030	Søndergaard A/S	SKU-1006	USB-C Dock	Accessories	2	1590,06	partner
00004436	20251122	C1043	Uppsala Interiör	SKU-1008	Laptop Stand Aluminium	Accessories	5	663,89	online
00004437	20250421	C1169	Hämäläinen Oy	SKU-1009	Webcam 1080p	Peripherals	3	886,80	partner
00004438	20250705	C1314	Mäkinen Toimisto	SKU-1005	27in 4K Monitor	Displays	2	4787,70	online
00004439	20250624	C1123	Dansk Kontormiljø	SKU-1007	Noise Cancelling Headset	Peripherals	9	1793,21	online
00004440	20240619	C1270	Dansk Kontormiljø	SKU-1005	27in 4K Monitor	Displays	8	4629,77	direct
00004441	20251230	C1145	Kjærstad Utstyr	SKU-1007	Noise Cancelling Headset	Peripherals	1	2316,59	-
00004442	20240429	C1359	Rødvig Møbler	SKU-1006	USB-C Dock	Accessories	3	1728,91	online
00004443	20250519	C1290	Trondheim Utstyr	SKU-1009	Webcam 1080p	Peripherals	12	881,10	-
00004444	20240517	C1200	Bergström & Söner	SKU-1005	27in 4K Monitor	Displays	5	3749,54	partner
00004445	20240218	C1180	Nordström Handel	SKU-1006	USB-C Dock	Accessories	9	1602,84	retail
00004446	20240612	C1016	Hämäläinen Oy	SKU-1004	Mechanical Keyboard	Peripherals	7	1284,58	retail
00004447	20250528	C1279	Ålesund Kontor	SKU-1004	Mechanical Keyboard	Peripherals	11	992,82	direct
00004448	20250810	C1158	Møller Innredning	SKU-1002	Standing Desk 140cm	Furniture	8	5903,41	online
00004449	20250522	C1142	Nordström Handel	SKU-1001	Ergonomic Desk Chair	Furniture	-2	2710,70	partner
00004450	20240102	C1360	Trondheim Utstyr	SKU-1005	27in 4K Monitor	Displays	3	4029,72	partner
00004451	20250507	C1162	Møller Innredning	SKU-1007	Noise Cancelling Headset	Peripherals	2	1942,19	partner
00004452	20240218	C1397	Mäkinen Toimisto	SKU-1003	Monitor Arm Dual	Accessories	10	968,19	partner
00004453	20250808	C1038	Jyllands Inventar	SKU-1004	Mechanical Keyboard	Peripherals	12	1143,03	partner
00004454	20250721	C1391	Rødvig Møbler	SKU-1008	Laptop Stand Aluminium	Accessories	4	694,34	retail
00004455	20241014	C1132	Lindqvist AB	SKU-1009	Webcam 1080p	Peripherals	12	672,96	online
00004456	20241002	C1311	Møller Innredning	SKU-1005	27in 4K Monitor	Displays	12	4786,24	direct
00004457	20251001	C1057	Bergström & Söner	SKU-1003	Monitor Arm Dual	Accessories	11	871,73	retail
00004458	20250525	C1238	Väisänen Kaluste	SKU-1010	Desk Lamp LED	Furniture	11	492,19	retail
00004459	20250104	C1364	Jyllands Inventar	SKU-1005	27in 4K Monitor	Displays	-1	3940,34	direct
00004460	20240417	C1272	Kärkkäinen Oy	SKU-1010	Desk Lamp LED	Furniture	9	597,59	retail
00004461	20240314	C1366	Ålesund Kontor	SKU-1010	Desk Lamp LED	Furniture	6	523,28	online
00004462	20250328	C1281	Väisänen Kaluste	SKU-1008	Laptop Stand Aluminium	Accessories	12	631,39	direct
00004463	20241007	C1146	Ålesund Kontor	SKU-1007	Noise Cancelling Headset	Peripherals	3	2106,10	online
00004464	20250401	C1344	Trondheim Utstyr	SKU-1004	Mechanical Keyboard	Peripherals	6	1193,88	partner
00004465	20240521	C1115	Kjærstad Utstyr	SKU-1007	Noise Cancelling Headset	Peripherals	4	2105,42	retail
00004466	20241005	C1345	Kjærstad Utstyr	SKU-1005	27in 4K Monitor	Displays	7	4372,28	direct
00004467	20241127	C1019	Hämäläinen Oy	SKU-1007	Noise Cancelling Headset	Peripherals	1	2042,11	direct
00004468	20240824	C1057	Søndergaard A/S	SKU-1009	Webcam 1080p	Peripherals	11	684,98	retail
00004469	20251205	C1387	Trondheim Utstyr	SKU-1001	Ergonomic Desk Chair	Furniture	10	2167,67	retail
00004470	20250310	C1168	Mäkinen Toimisto	SKU-1008	Laptop Stand Aluminium	Accessories	4	584,04	retail
00004471	20240911	C1049	Kjærstad Utstyr	SKU-1010	Desk Lamp LED	Furniture	9	469,91	online
00004472	20240112	C1218	Uppsala Interiör	SKU-1006	USB-C Dock	Accessories	8	1664,64	partner
00004473	20250809	C1084	Søndergaard A/S	SKU-1003	Monitor Arm Dual	Accessories	4	919,43	partner
00004474	20250321	C1222	Møller Innredning	SKU-1003	Monitor Arm Dual	Accessories	7	1000,47	-
00004475	20250523	C1351	Jyllands Inventar	SKU-1007	Noise Cancelling Headset	Peripherals	1	1928,51	direct
00004476	20241117	C1287	Uppsala Interiör	SKU-1004	Mechanical Keyboard	Peripherals	7	1241,07	partner
00004477	20241106	C1119	Uppsala Interiör	SKU-1002	Standing Desk 140cm	Furniture	9	5600,56	partner
00004478	20240401	C1183	Trondheim Utstyr	SKU-1010	Desk Lamp LED	Furniture	2	588,71	retail
00004479	20250109	C1266	Kjærstad Utstyr	SKU-1004	Mechanical Keyboard	Peripherals	11	1246,45	direct
00004480	20241227	C1052	Rødvig Møbler	SKU-1002	Standing Desk 140cm	Furniture	2	4758,55	retail
00004481	20241206	C1231	Kärkkäinen Oy	SKU-1001	Ergonomic Desk Chair	Furniture	2	2242,45	direct
00004482	20240105	C1289	Väisänen Kaluste	SKU-1007	Noise Cancelling Headset	Peripherals	3	1872,66	partner
00004483	20250524	C1067	Lindqvist AB	SKU-1002	Standing Desk 140cm	Furniture	10	4480,27	online
00004484	20251215	C1298	Møller Innredning	SKU-1003	Monitor Arm Dual	Accessories	4	988,22	online
00004485	20250715	C1216	Møller Innredning	SKU-1007	Noise Cancelling Headset	Peripherals	9	1922,22	partner
00004486	20250815	C1020	Bergström & Söner	SKU-1010	Desk Lamp LED	Furniture	4	552,11	-
00004487	20251126	C1133	Nordström Handel	SKU-1002	Standing Desk 140cm	Furniture	3	5808,62	retail
00004488	20251101	C1279	Møller Innredning	SKU-1009	Webcam 1080p	Peripherals	1	873,25	direct
00004489	20240824	C1288	Dansk Kontormiljø	SKU-1008	Laptop Stand Aluminium	Accessories	10	639,95	online
00004490	20250916	C1176	Kärkkäinen Oy	SKU-1008	Laptop Stand Aluminium	Accessories	10	690,70	online
00004491	20240401	C1311	Kjærstad Utstyr	SKU-1004	Mechanical Keyboard	Peripherals	12	1262,99	partner
00004492	20241022	C1345	Nordström Handel	SKU-1008	Laptop Stand Aluminium	Accessories	6	667,36	online
00004493	20241211	C1230	Uppsala Interiör	SKU-1002	Standing Desk 140cm	Furniture	6	5030,97	partner
00004494	20250828	C1264	Ålesund Kontor	SKU-1008	Laptop Stand Aluminium	Accessories	1	697,37	online
00004495	20240927	C1249	Rødvig Møbler	SKU-1003	Monitor Arm Dual	Accessories	7	979,38	retail
00004496	20251209	C1182	Kärkkäinen Oy	SKU-1004	Mechanical Keyboard	Peripherals	8	1277,11	retail
00004497	20240512	C1311	Kjærstad Utstyr	SKU-1001	Ergonomic Desk Chair	Furniture	5	2412,53	online
00004498	20240109	C1085	Mäkinen Toimisto	SKU-1004	Mechanical Keyboard	Peripherals	8	1131,81	partner
00004499	20250320	C1001	Bergström & Söner	SKU-1002	Standing Desk 140cm	Furniture	10	4848,35	retail
00004500	20240131	C1363	Kjærstad Utstyr	SKU-1005	27in 4K Monitor	Displays	5	4375,42	retail
00004501	20240718	C1003	Uppsala Interiör	SKU-1002	Standing Desk 140cm	Furniture	8	5959,80	retail
00004502	20240409	C1103	Bergström & Söner	SKU-1003	Monitor Arm Dual	Accessories	8	837,21	retail
00004503	20240317	C1214	Ålesund Kontor	SKU-1002	Standing Desk 140cm	Furniture	9	5311,57	online
00004504	20250427	C1031	Mäkinen Toimisto	SKU-1004	Mechanical Keyboard	Peripherals	-2	1103,87	retail
00004505	20240930	C1273	Jyllands Inventar	SKU-1005	27in 4K Monitor	Displays	6	4470,93	direct
00004506	20250331	C1096	Trondheim Utstyr	SKU-1009	Webcam 1080p	Peripherals	2	809,63	direct
00004507	20240120	C1049	Mäkinen Toimisto	SKU-1008	Laptop Stand Aluminium	Accessories	5	580,33	retail
00004508	20251017	C1231	Uppsala Interiör	SKU-1009	Webcam 1080p	Peripherals	7	786,39	retail
00004509	20250920	C1181	Mäkinen Toimisto	SKU-1003	Monitor Arm Dual	Accessories	9	777,01	-
00004510	20250901	C1290	Mäkinen Toimisto	SKU-1010	Desk Lamp LED	Furniture	6	533,36	retail
00004511	20240902	C1114	Lindqvist AB	SKU-1002	Standing Desk 140cm	Furniture	5	5030,74	direct
00004512	20240228	C1040	Søndergaard A/S	SKU-1002	Standing Desk 140cm	Furniture	5	4607,98	partner
00004513	20240620	C1306	Dansk Kontormiljø	SKU-1007	Noise Cancelling Headset	Peripherals	5	1945,56	retail
00004514	20250905	C1375	Ålesund Kontor	SKU-1005	27in 4K Monitor	Displays	12	4770,91	partner
00004515	20240716	C1055	Väisänen Kaluste	SKU-1010	Desk Lamp LED	Furniture	10	450,75	online
00004516	20250721	C1185	Trondheim Utstyr	SKU-1010	Desk Lamp LED	Furniture	2	595,92	online
00004517	20240710	C1190	Trondheim Utstyr	SKU-1001	Ergonomic Desk Chair	Furniture	2	2492,00	direct
00004518	20240322	C1135	Uppsala Interiör	SKU-1002	Standing Desk 140cm	Furniture	2	5046,61	partner
00004519	20250930	C1212	Väisänen Kaluste	SKU-1003	Monitor Arm Dual	Accessories	11	831,35	online
00004520	20240902	C1072	Väisänen Kaluste	SKU-1007	Noise Cancelling Headset	Peripherals	9	2313,41	online
00004521	20250914	C1117	Jyllands Inventar	SKU-1002	Standing Desk 140cm	Furniture	8	5364,04	direct
00004522	20240422	C1063	Møller Innredning	SKU-1002	Standing Desk 140cm	Furniture	7	5262,68	online
00004523	20250114	C1003	Bergström & Söner	SKU-1010	Desk Lamp LED	Furniture	4	588,74	retail
00004524	20241208	C1167	Dansk Kontormiljø	SKU-1008	Laptop Stand Aluminium	Accessories	8	551,99	retail
00004525	20240510	C1118	Kjærstad Utstyr	SKU-1003	Monitor Arm Dual	Accessories	12	918,01	retail
00004526	20250215	C1396	Bergström & Söner	SKU-1003	Monitor Arm Dual	Accessories	7	1012,24	direct
00004527	20241225	C1294	Rødvig Møbler	SKU-1009	Webcam 1080p	Peripherals	12	835,95	retail
00004528	20250414	C1289	Trondheim Utstyr	SKU-1006	USB-C Dock	Accessories	-1	1694,04	partner
00004529	20240604	C1356	Rødvig Møbler	SKU-1010	Desk Lamp LED	Furniture	10	573,73	online
00004530	20250901	C1159	Ålesund Kontor	SKU-1004	Mechanical Keyboard	Peripherals	3	1072,00	online
00004531	20250522	C1035	Väisänen Kaluste	SKU-1010	Desk Lamp LED	Furniture	7	486,59	online
00004532	20250829	C1197	Møller Innredning	SKU-1010	Desk Lamp LED	Furniture	10	565,71	direct
00004533	20240128	C1150	Mäkinen Toimisto	SKU-1005	27in 4K Monitor	Displays	5	4095,48	partner
00004534	20250118	C1366	Jyllands Inventar	SKU-1008	Laptop Stand Aluminium	Accessories	4	572,53	direct
00004535	20251020	C1089	Bergström & Söner	SKU-1010	Desk Lamp LED	Furniture	6	585,64	retail
00004536	20240721	C1070	Kjærstad Utstyr	SKU-1002	Standing Desk 140cm	Furniture	2	4846,82	online
00004537	20250326	C1080	Mäkinen Toimisto	SKU-1001	Ergonomic Desk Chair	Furniture	5	2588,82	direct
00004538	20241101	C1233	Kjærstad Utstyr	SKU-1005	27in 4K Monitor	Displays	10	4295,92	retail
00004539	20250306	C1079	Jyllands Inventar	SKU-1004	Mechanical Keyboard	Peripherals	8	1076,31	retail
00004540	20250827	C1155	Mäkinen Toimisto	SKU-1007	Noise Cancelling Headset	Peripherals	12	2361,13	online
00004541	20240519	C1375	Mäkinen Toimisto	SKU-1004	Mechanical Keyboard	Peripherals	2	1057,90	retail
00004542	20241119	C1021	Väisänen Kaluste	SKU-1010	Desk Lamp LED	Furniture	12	558,50	retail
00004543	20240421	C1288	Ålesund Kontor	SKU-1009	Webcam 1080p	Peripherals	1	757,23	direct
00004544	20250530	C1231	Uppsala Interiör	SKU-1007	Noise Cancelling Headset	Peripherals	7	1858,50	direct
00004545	20251203	C1016	Lindqvist AB	SKU-1009	Webcam 1080p	Peripherals	10	681,58	direct
00004546	20241218	C1194	Kärkkäinen Oy	SKU-1007	Noise Cancelling Headset	Peripherals	8	2109,50	online
00004547	20240518	C1266	Rødvig Møbler	SKU-1001	Ergonomic Desk Chair	Furniture	10	2254,92	online
00004548	20250426	C1382	Hämäläinen Oy	SKU-1001	Ergonomic Desk Chair	Furniture	6	2714,53	direct
00004549	20251218	C1213	Ålesund Kontor	SKU-1004	Mechanical Keyboard	Peripherals	9	1115,03	direct
00004550	20250708	C1093	Nordström Handel	SKU-1005	27in 4K Monitor	Displays	11	4727,31	partner
00004551	20241213	C1293	Trondheim Utstyr	SKU-1008	Laptop Stand Aluminium	Accessories	3	575,37	direct
00004552	20241218	C1279	Bergström & Söner	SKU-1006	USB-C Dock	Accessories	4	1967,84	partner
00004553	20240128	C1070	Dansk Kontormiljø	SKU-1008	Laptop Stand Aluminium	Accessories	1	726,86	online
00004554	20250827	C1348	Kärkkäinen Oy	SKU-1007	Noise Cancelling Headset	Peripherals	6	2211,16	direct
00004555	20240301	C1376	Mäkinen Toimisto	SKU-1007	Noise Cancelling Headset	Peripherals	10	1838,58	partner
00004556	20250608	C1236	Søndergaard A/S	SKU-1006	USB-C Dock	Accessories	4	1588,02	online
00004557	20241010	C1353	Nordström Handel	SKU-1006	USB-C Dock	Accessories	1	1689,47	partner
00004558	20240222	C1121	Hämäläinen Oy	SKU-1009	Webcam 1080p	Peripherals	10	809,20	online
00004559	20250510	C1019	Bergström & Söner	SKU-1007	Noise Cancelling Headset	Peripherals	12	2401,04	partner
00004560	20251205	C1040	Nordström Handel	SKU-1008	Laptop Stand Aluminium	Accessories	8	557,00	online
00004561	20251116	C1105	Trondheim Utstyr	SKU-1006	USB-C Dock	Accessories	5	1528,74	direct
00004562	20250511	C1174	Ålesund Kontor	SKU-1005	27in 4K Monitor	Displays	4	4172,71	online
00004563	20241229	C1028	Trondheim Utstyr	SKU-1009	Webcam 1080p	Peripherals	1	717,39	direct
00004564	20250609	C1122	Hämäläinen Oy	SKU-1005	27in 4K Monitor	Displays	5	4378,36	partner
00004565	20241130	C1182	Trondheim Utstyr	SKU-1003	Monitor Arm Dual	Accessories	6	771,12	online
00004566	20250504	C1356	Trondheim Utstyr	SKU-1005	27in 4K Monitor	Displays	-1	3814,42	partner
00004567	20250728	C1203	Lindqvist AB	SKU-1001	Ergonomic Desk Chair	Furniture	6	2597,40	retail
00004568	20250304	C1358	Søndergaard A/S	SKU-1004	Mechanical Keyboard	Peripherals	1	1046,63	online
00004569	20240718	C1296	Trondheim Utstyr	SKU-1001	Ergonomic Desk Chair	Furniture	4	2628,50	partner
00004570	20251025	C1178	Nordström Handel	SKU-1002	Standing Desk 140cm	Furniture	1	4808,55	partner
00004571	20250124	C1382	Hämäläinen Oy	SKU-1004	Mechanical Keyboard	Peripherals	5	1204,67	partner
00004572	20241223	C1155	Rødvig Møbler	SKU-1003	Monitor Arm Dual	Accessories	10	813,75	online
00004573	20250509	C1226	Dansk Kontormiljø	SKU-1003	Monitor Arm Dual	Accessories	11	976,62	partner
00004574	20241106	C1221	Nordström Handel	SKU-1006	USB-C Dock	Accessories	4	1577,25	partner
00004575	20240730	C1112	Trondheim Utstyr	SKU-1004	Mechanical Keyboard	Peripherals	1	1288,90	direct
00004576	20240227	C1259	Møller Innredning	SKU-1002	Standing Desk 140cm	Furniture	10	4917,82	direct
00004577	20240730	C1184	Nordström Handel	SKU-1008	Laptop Stand Aluminium	Accessories	9	724,42	online
00004578	20250613	C1328	Uppsala Interiör	SKU-1010	Desk Lamp LED	Furniture	-3	497,36	online
00004579	20240121	C1149	Lindqvist AB	SKU-1007	Noise Cancelling Headset	Peripherals	2	2021,46	direct
00004580	20251116	C1120	Møller Innredning	SKU-1007	Noise Cancelling Headset	Peripherals	10	2072,90	retail
00004581	20250807	C1020	Trondheim Utstyr	SKU-1001	Ergonomic Desk Chair	Furniture	3	2630,69	retail
00004582	20250205	C1359	Hämäläinen Oy	SKU-1007	Noise Cancelling Headset	Peripherals	12	2202,34	direct
00004583	20240401	C1367	Ålesund Kontor	SKU-1009	Webcam 1080p	Peripherals	3	688,73	retail
00004584	20240718	C1124	Lindqvist AB	SKU-1008	Laptop Stand Aluminium	Accessories	6	557,40	online
00004585	20250328	C1081	Kärkkäinen Oy	SKU-1001	Ergonomic Desk Chair	Furniture	-2	2047,44	partner
00004586	20250702	C1137	Jyllands Inventar	SKU-1006	USB-C Dock	Accessories	7	2008,09	direct
00004587	20250519	C1335	Trondheim Utstyr	SKU-1008	Laptop Stand Aluminium	Accessories	4	640,09	retail
00004588	20240321	C1127	Bergström & Söner	SKU-1002	Standing Desk 140cm	Furniture	9	5811,25	direct
00004589	20250824	C1046	Hämäläinen Oy	SKU-1008	Laptop Stand Aluminium	Accessories	6	711,26	online
00004590	20240815	C1149	Dansk Kontormiljø	SKU-1007	Noise Cancelling Headset	Peripherals	10	2067,44	partner
00004591	20240730	C1009	Kjærstad Utstyr	SKU-1001	Ergonomic Desk Chair	Furniture	1	2058,07	online
00004592	20240427	C1213	Väisänen Kaluste	SKU-1008	Laptop Stand Aluminium	Accessories	11	623,32	retail
00004593	20251219	C1357	Rødvig Møbler	SKU-1005	27in 4K Monitor	Displays	5	3866,73	partner
00004594	20240706	C1168	Jyllands Inventar	SKU-1001	Ergonomic Desk Chair	Furniture	7	2677,54	partner
00004595	20250210	C1370	Dansk Kontormiljø	SKU-1003	Monitor Arm Dual	Accessories	7	832,13	partner
00004596	20240430	C1209	Ålesund Kontor	SKU-1010	Desk Lamp LED	Furniture	11	551,40	retail
00004597	20250529	C1182	Dansk Kontormiljø	SKU-1004	Mechanical Keyboard	Peripherals	4	1083,64	partner
00004598	20240410	C1234	Dansk Kontormiljø	SKU-1006	USB-C Dock	Accessories	10	1517,07	online
00004599	20250627	C1125	Rødvig Møbler	SKU-1003	Monitor Arm Dual	Accessories	7	902,77	retail
00004600	20241206	C1026	Kärkkäinen Oy	SKU-1005	27in 4K Monitor	Displays	11	4117,25	direct
00004601	20250614	C1014	Bergström & Söner	SKU-1001	Ergonomic Desk Chair	Furniture	9	2525,02	online
00004602	20240910	C1137	Ålesund Kontor	SKU-1010	Desk Lamp LED	Furniture	9	545,47	retail
00004603	20250303	C1270	Møller Innredning	SKU-1001	Ergonomic Desk Chair	Furniture	6	2304,57	direct
00004604	20240827	C1063	Kärkkäinen Oy	SKU-1003	Monitor Arm Dual	Accessories	12	880,24	online
00004605	20240114	C1013	Møller Innredning	SKU-1005	27in 4K Monitor	Displays	6	3919,89	direct
00004606	20241007	C1198	Hämäläinen Oy	SKU-1007	Noise Cancelling Headset	Peripherals	8	2325,03	direct
00004607	20250509	C1183	Ålesund Kontor	SKU-1003	Monitor Arm Dual	Accessories	3	993,66	online
00004608	20240821	C1035	Hämäläinen Oy	SKU-1005	27in 4K Monitor	Displays	5	3933,14	partner
00004609	20250720	C1392	Møller Innredning	SKU-1005	27in 4K Monitor	Displays	11	4040,79	direct
00004610	20250521	C1256	Bergström & Söner	SKU-1009	Webcam 1080p	Peripherals	10	735,87	online
00004611	20240624	C1228	Bergström & Söner	SKU-1008	Laptop Stand Aluminium	Accessories	7	606,04	retail
00004612	20250107	C1045	Mäkinen Toimisto	SKU-1002	Standing Desk 140cm	Furniture	7	5582,05	online
00004613	20250627	C1331	Lindqvist AB	SKU-1005	27in 4K Monitor	Displays	1	4332,11	partner
00004614	20240908	C1306	Mäkinen Toimisto	SKU-1002	Standing Desk 140cm	Furniture	2	4423,86	retail
00004615	20240630	C1381	Väisänen Kaluste	SKU-1003	Monitor Arm Dual	Accessories	3	856,14	direct
00004616	20240826	C1063	Søndergaard A/S	SKU-1007	Noise Cancelling Headset	Peripherals	8	2260,86	retail
00004617	20240124	C1386	Rødvig Møbler	SKU-1007	Noise Cancelling Headset	Peripherals	5	2105,22	partner
00004618	20240229	C1346	Rødvig Møbler	SKU-1009	Webcam 1080p	Peripherals	8	749,57	direct
00004619	20250612	C1003	Kärkkäinen Oy	SKU-1001	Ergonomic Desk Chair	Furniture	5	2236,22	direct
00004620	20240315	C1182	Kärkkäinen Oy	SKU-1005	27in 4K Monitor	Displays	2	4523,85	retail
00004621	20250829	C1084	Bergström & Söner	SKU-1001	Ergonomic Desk Chair	Furniture	9	2563,54	partner
00004622	20250516	C1215	Mäkinen Toimisto	SKU-1005	27in 4K Monitor	Displays	11	4068,93	direct
00004623	20241228	C1022	Møller Innredning	SKU-1008	Laptop Stand Aluminium	Accessories	5	552,44	-
00004624	20240122	C1272	Jyllands Inventar	SKU-1001	Ergonomic Desk Chair	Furniture	11	2341,91	direct
00004625	20250921	C1167	Rødvig Møbler	SKU-1004	Mechanical Keyboard	Peripherals	2	1079,92	online
00004626	20240114	C1285	Rødvig Møbler	SKU-1009	Webcam 1080p	Peripherals	12	836,13	partner
00004627	20240418	C1225	Jyllands Inventar	SKU-1001	Ergonomic Desk Chair	Furniture	10	2604,40	partner
00004628	20251228	C1220	Lindqvist AB	SKU-1003	Monitor Arm Dual	Accessories	11	853,18	direct
00004629	20251025	C1094	Bergström & Söner	SKU-1010	Desk Lamp LED	Furniture	4	452,26	online
00004630	20240302	C1242	Rødvig Møbler	SKU-1006	USB-C Dock	Accessories	12	1792,36	partner
00004631	20240525	C1148	Nordström Handel	SKU-1006	USB-C Dock	Accessories	3	1686,18	partner
00004632	20250112	C1196	Nordström Handel	SKU-1001	Ergonomic Desk Chair	Furniture	4	2532,87	partner
00004633	20240205	C1216	Lindqvist AB	SKU-1007	Noise Cancelling Headset	Peripherals	4	2255,06	retail
00004634	20250204	C1196	Mäkinen Toimisto	SKU-1005	27in 4K Monitor	Displays	2	4788,98	partner
00004635	20250821	C1034	Nordström Handel	SKU-1001	Ergonomic Desk Chair	Furniture	11	2632,91	online
00004636	20240323	C1275	Lindqvist AB	SKU-1002	Standing Desk 140cm	Furniture	8	4992,67	direct
00004637	20250912	C1184	Mäkinen Toimisto	SKU-1006	USB-C Dock	Accessories	10	1976,81	retail
00004638	20250404	C1170	Søndergaard A/S	SKU-1003	Monitor Arm Dual	Accessories	11	949,34	partner
00004639	20240614	C1322	Lindqvist AB	SKU-1008	Laptop Stand Aluminium	Accessories	12	698,74	partner
00004640	20241130	C1148	Trondheim Utstyr	SKU-1005	27in 4K Monitor	Displays	10	4032,51	direct
00004641	20240201	C1186	Rødvig Møbler	SKU-1008	Laptop Stand Aluminium	Accessories	7	710,41	retail
00004642	20240727	C1260	Møller Innredning	SKU-1009	Webcam 1080p	Peripherals	6	770,31	direct
00004643	20240721	C1038	Søndergaard A/S	SKU-1004	Mechanical Keyboard	Peripherals	5	1077,15	direct
00004644	20250820	C1383	Lindqvist AB	SKU-1002	Standing Desk 140cm	Furniture	10	5045,20	direct
00004645	20240701	C1079	Dansk Kontormiljø	SKU-1005	27in 4K Monitor	Displays	2	4246,08	direct
00004646	20241015	C1098	Mäkinen Toimisto	SKU-1003	Monitor Arm Dual	Accessories	7	906,83	online
00004647	20240618	C1017	Hämäläinen Oy	SKU-1004	Mechanical Keyboard	Peripherals	6	1210,95	partner
00004648	20251118	C1391	Hämäläinen Oy	SKU-1007	Noise Cancelling Headset	Peripherals	5	2089,54	retail
00004649	20241104	C1108	Jyllands Inventar	SKU-1004	Mechanical Keyboard	Peripherals	9	1202,67	retail
00004650	20250805	C1049	Trondheim Utstyr	SKU-1005	27in 4K Monitor	Displays	10	4627,43	direct
00004651	20240714	C1170	Møller Innredning	SKU-1008	Laptop Stand Aluminium	Accessories	4	672,34	retail
00004652	20250624	C1014	Trondheim Utstyr	SKU-1010	Desk Lamp LED	Furniture	9	488,56	direct
00004653	20251223	C1209	Søndergaard A/S	SKU-1010	Desk Lamp LED	Furniture	1	561,69	partner
00004654	20240901	C1242	Kärkkäinen Oy	SKU-1009	Webcam 1080p	Peripherals	4	797,04	partner
00004655	20240702	C1331	Hämäläinen Oy	SKU-1010	Desk Lamp LED	Furniture	7	516,88	partner
00004656	20240416	C1178	Hämäläinen Oy	SKU-1005	27in 4K Monitor	Displays	10	3738,47	partner
00004657	20250604	C1052	Nordström Handel	SKU-1009	Webcam 1080p	Peripherals	3	681,76	retail
00004658	20240206	C1304	Møller Innredning	SKU-1008	Laptop Stand Aluminium	Accessories	6	667,15	partner
00004659	20251109	C1016	Lindqvist AB	SKU-1003	Monitor Arm Dual	Accessories	11	1002,54	partner
00004660	20240518	C1356	Uppsala Interiör	SKU-1002	Standing Desk 140cm	Furniture	12	4470,03	online
00004661	20240126	C1356	Dansk Kontormiljø	SKU-1001	Ergonomic Desk Chair	Furniture	1	2232,53	partner
00004662	20250826	C1159	Jyllands Inventar	SKU-1006	USB-C Dock	Accessories	5	1930,68	partner
00004663	20250306	C1193	Rødvig Møbler	SKU-1005	27in 4K Monitor	Displays	11	4516,67	partner
00004664	20240309	C1154	Nordström Handel	SKU-1005	27in 4K Monitor	Displays	7	4596,58	retail
00004665	20240616	C1382	Kjærstad Utstyr	SKU-1003	Monitor Arm Dual	Accessories	8	758,36	online
00004666	20240123	C1069	Møller Innredning	SKU-1007	Noise Cancelling Headset	Peripherals	8	2036,53	retail
00004667	20240414	C1300	Väisänen Kaluste	SKU-1005	27in 4K Monitor	Displays	1	3887,99	direct
00004668	20241214	C1136	Rødvig Møbler	SKU-1007	Noise Cancelling Headset	Peripherals	5	2032,49	direct
00004669	20240304	C1252	Søndergaard A/S	SKU-1001	Ergonomic Desk Chair	Furniture	4	2618,11	direct
00004670	20250405	C1076	Hämäläinen Oy	SKU-1009	Webcam 1080p	Peripherals	7	720,86	direct
00004671	20240219	C1311	Uppsala Interiör	SKU-1007	Noise Cancelling Headset	Peripherals	11	1914,67	partner
00004672	20240131	C1001	Søndergaard A/S	SKU-1003	Monitor Arm Dual	Accessories	8	855,01	partner
00004673	20250627	C1238	Uppsala Interiör	SKU-1003	Monitor Arm Dual	Accessories	6	907,20	partner
00004674	20240102	C1019	Søndergaard A/S	SKU-1002	Standing Desk 140cm	Furniture	3	5682,96	online
00004675	20250416	C1268	Mäkinen Toimisto	SKU-1010	Desk Lamp LED	Furniture	3	460,34	partner
00004676	20250813	C1081	Dansk Kontormiljø	SKU-1004	Mechanical Keyboard	Peripherals	9	1091,99	online
00004677	20240613	C1001	Dansk Kontormiljø	SKU-1009	Webcam 1080p	Peripherals	12	883,30	partner
00004678	20240131	C1026	Trondheim Utstyr	SKU-1002	Standing Desk 140cm	Furniture	3	4853,37	online
00004679	20251102	C1038	Nordström Handel	SKU-1001	Ergonomic Desk Chair	Furniture	7	2603,39	-
00004680	20250827	C1003	Bergström & Söner	SKU-1004	Mechanical Keyboard	Peripherals	11	1006,48	direct
00004681	20250317	C1298	Rødvig Møbler	SKU-1008	Laptop Stand Aluminium	Accessories	6	651,09	online
00004682	20240326	C1064	Møller Innredning	SKU-1004	Mechanical Keyboard	Peripherals	11	1313,09	retail
00004683	20240525	C1243	Uppsala Interiör	SKU-1001	Ergonomic Desk Chair	Furniture	2	2306,71	direct
00004684	20251223	C1131	Kjærstad Utstyr	SKU-1010	Desk Lamp LED	Furniture	8	584,23	retail
00004685	20250616	C1104	Møller Innredning	SKU-1010	Desk Lamp LED	Furniture	2	576,36	partner
00004686	20240504	C1014	Jyllands Inventar	SKU-1001	Ergonomic Desk Chair	Furniture	1	2411,20	online
00004687	20240518	C1367	Bergström & Söner	SKU-1005	27in 4K Monitor	Displays	5	3719,94	retail
00004688	20250702	C1252	Møller Innredning	SKU-1003	Monitor Arm Dual	Accessories	6	883,66	partner
00004689	20251204	C1262	Rødvig Møbler	SKU-1001	Ergonomic Desk Chair	Furniture	3	2105,35	partner
00004690	20240413	C1110	Ålesund Kontor	SKU-1010	Desk Lamp LED	Furniture	3	454,70	partner
00004691	20240103	C1231	Uppsala Interiör	SKU-1005	27in 4K Monitor	Displays	9	4568,61	online
00004692	20250913	C1028	Lindqvist AB	SKU-1006	USB-C Dock	Accessories	2	1570,34	retail
00004693	20240705	C1367	Ålesund Kontor	SKU-1007	Noise Cancelling Headset	Peripherals	9	2252,44	direct
00004694	20250130	C1027	Trondheim Utstyr	SKU-1003	Monitor Arm Dual	Accessories	1	876,68	direct
00004695	20250213	C1370	Kärkkäinen Oy	SKU-1010	Desk Lamp LED	Furniture	2	592,42	direct
00004696	20250704	C1191	Väisänen Kaluste	SKU-1005	27in 4K Monitor	Displays	4	4343,09	retail
00004697	20240115	C1262	Bergström & Söner	SKU-1008	Laptop Stand Aluminium	Accessories	10	628,04	direct
00004698	20240901	C1016	Väisänen Kaluste	SKU-1004	Mechanical Keyboard	Peripherals	5	1268,30	direct
00004699	20240128	C1241	Hämäläinen Oy	SKU-1009	Webcam 1080p	Peripherals	6	832,86	retail
00004700	20250622	C1123	Kärkkäinen Oy	SKU-1006	USB-C Dock	Accessories	8	1575,08	partner
00004701	20250116	C1035	Kjærstad Utstyr	SKU-1004	Mechanical Keyboard	Peripherals	5	1204,61	partner
00004702	20240401	C1069	Väisänen Kaluste	SKU-1008	Laptop Stand Aluminium	Accessories	7	643,15	partner
00004703	20241220	C1085	Mäkinen Toimisto	SKU-1004	Mechanical Keyboard	Peripherals	-1	1127,20	direct
00004704	20251014	C1332	Lindqvist AB	SKU-1009	Webcam 1080p	Peripherals	3	759,21	retail
00004705	20250212	C1211	Väisänen Kaluste	SKU-1001	Ergonomic Desk Chair	Furniture	10	2044,33	retail
00004706	20241221	C1302	Søndergaard A/S	SKU-1010	Desk Lamp LED	Furniture	8	498,79	retail
00004707	20240216	C1105	Kjærstad Utstyr	SKU-1008	Laptop Stand Aluminium	Accessories	12	711,64	partner
00004708	20250927	C1018	Møller Innredning	SKU-1004	Mechanical Keyboard	Peripherals	2	982,44	online
00004709	20240903	C1309	Hämäläinen Oy	SKU-1010	Desk Lamp LED	Furniture	10	549,38	online
00004710	20250716	C1171	Bergström & Söner	SKU-1004	Mechanical Keyboard	Peripherals	5	1139,25	retail
00004711	20240503	C1080	Kärkkäinen Oy	SKU-1010	Desk Lamp LED	Furniture	6	492,25	partner
00004712	20250406	C1303	Kärkkäinen Oy	SKU-1008	Laptop Stand Aluminium	Accessories	9	568,29	online
00004713	20240220	C1010	Kjærstad Utstyr	SKU-1006	USB-C Dock	Accessories	7	1581,01	direct
00004714	20241004	C1188	Hämäläinen Oy	SKU-1004	Mechanical Keyboard	Peripherals	9	1033,09	online
00004715	20240409	C1023	Hämäläinen Oy	SKU-1008	Laptop Stand Aluminium	Accessories	-3	734,31	retail
00004716	20250925	C1068	Hämäläinen Oy	SKU-1004	Mechanical Keyboard	Peripherals	12	1287,76	online
00004717	20240405	C1088	Ålesund Kontor	SKU-1002	Standing Desk 140cm	Furniture	12	5061,63	retail
00004718	20250303	C1007	Bergström & Söner	SKU-1005	27in 4K Monitor	Displays	10	4369,76	online
00004719	20250715	C1018	Lindqvist AB	SKU-1003	Monitor Arm Dual	Accessories	5	902,24	online
00004720	20250525	C1221	Søndergaard A/S	SKU-1008	Laptop Stand Aluminium	Accessories	5	613,63	retail
00004721	20251212	C1198	Väisänen Kaluste	SKU-1008	Laptop Stand Aluminium	Accessories	4	731,95	retail
00004722	20250309	C1125	Nordström Handel	SKU-1006	USB-C Dock	Accessories	8	1886,14	online
00004723	20250824	C1070	Søndergaard A/S	SKU-1004	Mechanical Keyboard	Peripherals	6	1083,07	online
00004724	20250414	C1193	Kjærstad Utstyr	SKU-1001	Ergonomic Desk Chair	Furniture	1	2476,30	retail
00004725	20241109	C1165	Kärkkäinen Oy	SKU-1006	USB-C Dock	Accessories	9	1980,56	direct
00004726	20240720	C1015	Dansk Kontormiljø	SKU-1010	Desk Lamp LED	Furniture	2	506,76	partner
00004727	20250920	C1002	Jyllands Inventar	SKU-1004	Mechanical Keyboard	Peripherals	2	1167,26	partner
00004728	20251012	C1161	Dansk Kontormiljø	SKU-1007	Noise Cancelling Headset	Peripherals	9	2305,79	retail
00004729	20251223	C1310	Ålesund Kontor	SKU-1005	27in 4K Monitor	Displays	-1	4931,67	online
00004730	20250416	C1176	Rødvig Møbler	SKU-1009	Webcam 1080p	Peripherals	7	776,23	direct
00004731	20251002	C1192	Uppsala Interiör	SKU-1009	Webcam 1080p	Peripherals	1	894,77	online
00004732	20251015	C1368	Jyllands Inventar	SKU-1007	Noise Cancelling Headset	Peripherals	2	2118,87	partner
00004733	20250412	C1198	Rødvig Møbler	SKU-1001	Ergonomic Desk Chair	Furniture	4	2132,28	direct
00004734	20251202	C1157	Kärkkäinen Oy	SKU-1001	Ergonomic Desk Chair	Furniture	4	2632,51	online
00004735	20251018	C1120	Kjærstad Utstyr	SKU-1002	Standing Desk 140cm	Furniture	11	5963,81	partner
00004736	20250129	C1266	Ålesund Kontor	SKU-1001	Ergonomic Desk Chair	Furniture	2	2156,44	online
00004737	20251109	C1045	Mäkinen Toimisto	SKU-1004	Mechanical Keyboard	Peripherals	12	1201,67	online
00004738	20240119	C1018	Hämäläinen Oy	SKU-1004	Mechanical Keyboard	Peripherals	-3	1131,05	partner
00004739	20251212	C1328	Hämäläinen Oy	SKU-1008	Laptop Stand Aluminium	Accessories	7	569,45	partner
00004740	20250127	C1343	Søndergaard A/S	SKU-1005	27in 4K Monitor	Displays	7	4816,30	partner
00004741	20240829	C1249	Møller Innredning	SKU-1003	Monitor Arm Dual	Accessories	11	1006,61	direct
00004742	20240529	C1149	Hämäläinen Oy	SKU-1006	USB-C Dock	Accessories	11	1608,97	retail
00004743	20250722	C1207	Trondheim Utstyr	SKU-1004	Mechanical Keyboard	Peripherals	10	1156,72	online
00004744	20241222	C1358	Søndergaard A/S	SKU-1007	Noise Cancelling Headset	Peripherals	6	2334,03	online
00004745	20250530	C1085	Nordström Handel	SKU-1004	Mechanical Keyboard	Peripherals	9	1257,84	retail
00004746	20240527	C1114	Rødvig Møbler	SKU-1007	Noise Cancelling Headset	Peripherals	1	2092,23	retail
00004747	20250610	C1211	Kjærstad Utstyr	SKU-1010	Desk Lamp LED	Furniture	8	524,70	direct
00004748	20240825	C1046	Dansk Kontormiljø	SKU-1009	Webcam 1080p	Peripherals	11	722,74	retail
00004749	20240313	C1025	Uppsala Interiör	SKU-1002	Standing Desk 140cm	Furniture	4	4793,52	partner
00004750	20250108	C1189	Uppsala Interiör	SKU-1006	USB-C Dock	Accessories	5	1992,83	online
00004751	20240602	C1057	Kärkkäinen Oy	SKU-1004	Mechanical Keyboard	Peripherals	10	1186,71	partner
00004752	20250902	C1163	Kjærstad Utstyr	SKU-1001	Ergonomic Desk Chair	Furniture	3	2379,34	direct
00004753	20240526	C1214	Kärkkäinen Oy	SKU-1002	Standing Desk 140cm	Furniture	5	5912,10	partner
00004754	20240920	C1155	Hämäläinen Oy	SKU-1004	Mechanical Keyboard	Peripherals	7	999,58	retail
00004755	20241027	C1280	Nordström Handel	SKU-1010	Desk Lamp LED	Furniture	5	464,71	partner
00004756	20240728	C1157	Jyllands Inventar	SKU-1005	27in 4K Monitor	Displays	1	4126,14	retail
00004757	20250509	C1023	Kjærstad Utstyr	SKU-1008	Laptop Stand Aluminium	Accessories	2	625,14	retail
00004758	20240130	C1156	Bergström & Söner	SKU-1008	Laptop Stand Aluminium	Accessories	5	608,04	online
00004759	20250103	C1109	Lindqvist AB	SKU-1004	Mechanical Keyboard	Peripherals	10	1316,27	partner
00004760	20250225	C1136	Møller Innredning	SKU-1001	Ergonomic Desk Chair	Furniture	12	2450,38	partner
00004761	20240411	C1050	Trondheim Utstyr	SKU-1002	Standing Desk 140cm	Furniture	5	5946,10	partner
00004762	20241221	C1162	Ålesund Kontor	SKU-1002	Standing Desk 140cm	Furniture	4	5528,47	retail
00004763	20240311	C1170	Mäkinen Toimisto	SKU-1008	Laptop Stand Aluminium	Accessories	4	639,97	online
00004764	20240427	C1051	Hämäläinen Oy	SKU-1001	Ergonomic Desk Chair	Furniture	11	2260,98	partner
00004765	20250616	C1002	Uppsala Interiör	SKU-1009	Webcam 1080p	Peripherals	8	851,18	direct
00004766	20240110	C1017	Bergström & Söner	SKU-1006	USB-C Dock	Accessories	5	1737,48	retail
00004767	20250604	C1292	Lindqvist AB	SKU-1007	Noise Cancelling Headset	Peripherals	6	2039,07	retail
00004768	20240327	C1179	Väisänen Kaluste	SKU-1007	Noise Cancelling Headset	Peripherals	7	2274,57	direct
00004769	20250122	C1135	Väisänen Kaluste	SKU-1002	Standing Desk 140cm	Furniture	5	5562,03	direct
00004770	20240405	C1248	Kjærstad Utstyr	SKU-1005	27in 4K Monitor	Displays	3	4883,76	direct
00004771	20250302	C1138	Kärkkäinen Oy	SKU-1002	Standing Desk 140cm	Furniture	4	5715,41	direct
00004772	20250223	C1355	Mäkinen Toimisto	SKU-1002	Standing Desk 140cm	Furniture	4	4448,96	online
00004773	20250612	C1045	Hämäläinen Oy	SKU-1004	Mechanical Keyboard	Peripherals	1	1047,33	direct
00004774	20250126	C1048	Kjærstad Utstyr	SKU-1008	Laptop Stand Aluminium	Accessories	3	715,56	partner
00004775	20251121	C1233	Nordström Handel	SKU-1002	Standing Desk 140cm	Furniture	3	5511,05	direct
00004776	20250419	C1396	Nordström Handel	SKU-1008	Laptop Stand Aluminium	Accessories	3	716,43	direct
00004777	20240315	C1389	Uppsala Interiör	SKU-1007	Noise Cancelling Headset	Peripherals	11	2094,81	direct
00004778	20240224	C1257	Rødvig Møbler	SKU-1007	Noise Cancelling Headset	Peripherals	11	2016,91	online
00004779	20251030	C1383	Kärkkäinen Oy	SKU-1004	Mechanical Keyboard	Peripherals	4	1013,51	partner
00004780	20250909	C1391	Kjærstad Utstyr	SKU-1009	Webcam 1080p	Peripherals	12	743,85	direct
00004781	20240819	C1203	Møller Innredning	SKU-1006	USB-C Dock	Accessories	4	1839,50	online
00004782	20241021	C1013	Kärkkäinen Oy	SKU-1003	Monitor Arm Dual	Accessories	2	771,90	partner
00004783	20240322	C1130	Lindqvist AB	SKU-1010	Desk Lamp LED	Furniture	2	492,47	direct
00004784	20250209	C1094	Jyllands Inventar	SKU-1005	27in 4K Monitor	Displays	1	3860,66	partner
00004785	20240125	C1155	Lindqvist AB	SKU-1007	Noise Cancelling Headset	Peripherals	-1	2069,63	retail
00004786	20250212	C1286	Uppsala Interiör	SKU-1005	27in 4K Monitor	Displays	4	4134,90	retail
00004787	20240414	C1283	Ålesund Kontor	SKU-1007	Noise Cancelling Headset	Peripherals	10	2225,35	retail
00004788	20250721	C1035	Møller Innredning	SKU-1003	Monitor Arm Dual	Accessories	2	758,16	partner
00004789	20241211	C1272	Lindqvist AB	SKU-1004	Mechanical Keyboard	Peripherals	5	1078,88	direct
00004790	20250114	C1126	Jyllands Inventar	SKU-1002	Standing Desk 140cm	Furniture	4	5346,59	direct
00004791	20240316	C1051	Hämäläinen Oy	SKU-1003	Monitor Arm Dual	Accessories	9	981,70	direct
00004792	20250610	C1056	Kjærstad Utstyr	SKU-1008	Laptop Stand Aluminium	Accessories	4	630,78	online
00004793	20240607	C1170	Väisänen Kaluste	SKU-1004	Mechanical Keyboard	Peripherals	2	1159,08	direct
00004794	20240828	C1152	Ålesund Kontor	SKU-1009	Webcam 1080p	Peripherals	10	838,95	partner
00004795	20250111	C1323	Jyllands Inventar	SKU-1002	Standing Desk 140cm	Furniture	8	4472,28	partner
00004796	20250819	C1253	Rødvig Møbler	SKU-1005	27in 4K Monitor	Displays	3	4514,29	direct
00004797	20240113	C1037	Kärkkäinen Oy	SKU-1004	Mechanical Keyboard	Peripherals	2	1014,49	online
00004798	20240622	C1179	Trondheim Utstyr	SKU-1006	USB-C Dock	Accessories	-3	1884,13	partner
00004799	20240901	C1321	Jyllands Inventar	SKU-1001	Ergonomic Desk Chair	Furniture	7	2120,85	retail
00004800	20250313	C1117	Søndergaard A/S	SKU-1004	Mechanical Keyboard	Peripherals	1	1056,48	partner
00004801	20250208	C1176	Väisänen Kaluste	SKU-1001	Ergonomic Desk Chair	Furniture	9	2346,24	partner
00004802	20250120	C1220	Rødvig Møbler	SKU-1001	Ergonomic Desk Chair	Furniture	12	2120,51	online
00004803	20240807	C1370	Bergström & Söner	SKU-1003	Monitor Arm Dual	Accessories	2	766,63	online
00004804	20250115	C1025	Väisänen Kaluste	SKU-1008	Laptop Stand Aluminium	Accessories	9	674,49	online
00004805	20240504	C1337	Nordström Handel	SKU-1008	Laptop Stand Aluminium	Accessories	7	638,52	direct
00004806	20251029	C1114	Mäkinen Toimisto	SKU-1002	Standing Desk 140cm	Furniture	2	4793,39	partner
00004807	20250326	C1305	Søndergaard A/S	SKU-1002	Standing Desk 140cm	Furniture	11	4894,08	retail
00004808	20240308	C1019	Jyllands Inventar	SKU-1009	Webcam 1080p	Peripherals	8	669,77	online
00004809	20241113	C1124	Kärkkäinen Oy	SKU-1008	Laptop Stand Aluminium	Accessories	3	677,22	online
00004810	20251218	C1036	Kärkkäinen Oy	SKU-1007	Noise Cancelling Headset	Peripherals	4	2329,40	partner
00004811	20240812	C1277	Hämäläinen Oy	SKU-1006	USB-C Dock	Accessories	3	1705,89	direct
00004812	20240710	C1129	Kjærstad Utstyr	SKU-1005	27in 4K Monitor	Displays	12	4804,46	partner
00004813	20250214	C1195	Bergström & Söner	SKU-1005	27in 4K Monitor	Displays	1	4160,65	partner
00004814	20240922	C1297	Rødvig Møbler	SKU-1009	Webcam 1080p	Peripherals	12	816,99	partner
00004815	20241004	C1253	Søndergaard A/S	SKU-1009	Webcam 1080p	Peripherals	12	700,44	retail
00004816	20240615	C1241	Ålesund Kontor	SKU-1009	Webcam 1080p	Peripherals	9	805,80	direct
00004817	20240727	C1073	Kärkkäinen Oy	SKU-1001	Ergonomic Desk Chair	Furniture	12	2310,52	direct
00004818	20250414	C1331	Søndergaard A/S	SKU-1009	Webcam 1080p	Peripherals	8	828,07	retail
00004819	20251129	C1382	Kjærstad Utstyr	SKU-1009	Webcam 1080p	Peripherals	8	841,19	partner
00004820	20240406	C1228	Dansk Kontormiljø	SKU-1002	Standing Desk 140cm	Furniture	2	5222,76	online
00004821	20241109	C1132	Lindqvist AB	SKU-1001	Ergonomic Desk Chair	Furniture	5	2237,52	direct
00004822	20250406	C1335	Rødvig Møbler	SKU-1009	Webcam 1080p	Peripherals	12	762,15	retail
00004823	20250424	C1159	Møller Innredning	SKU-1006	USB-C Dock	Accessories	11	1776,66	direct
00004824	20240604	C1206	Kärkkäinen Oy	SKU-1006	USB-C Dock	Accessories	6	1568,20	partner
00004825	20250405	C1211	Nordström Handel	SKU-1005	27in 4K Monitor	Displays	9	3920,00	online
00004826	20250522	C1319	Uppsala Interiör	SKU-1008	Laptop Stand Aluminium	Accessories	3	572,67	retail
00004827	20240831	C1396	Jyllands Inventar	SKU-1006	USB-C Dock	Accessories	6	1972,89	partner
00004828	20241025	C1040	Trondheim Utstyr	SKU-1001	Ergonomic Desk Chair	Furniture	7	2728,65	direct
00004829	20240517	C1275	Møller Innredning	SKU-1008	Laptop Stand Aluminium	Accessories	-2	632,08	direct
00004830	20240527	C1288	Bergström & Söner	SKU-1009	Webcam 1080p	Peripherals	10	750,65	retail
00004831	20250104	C1337	Uppsala Interiör	SKU-1005	27in 4K Monitor	Displays	8	4658,59	-
00004832	20250912	C1344	Kjærstad Utstyr	SKU-1010	Desk Lamp LED	Furniture	4	547,94	partner
00004833	20240723	C1361	Rødvig Møbler	SKU-1003	Monitor Arm Dual	Accessories	9	961,86	partner
00004834	20251202	C1379	Kjærstad Utstyr	SKU-1006	USB-C Dock	Accessories	12	1988,72	partner
00004835	20250131	C1360	Rødvig Møbler	SKU-1001	Ergonomic Desk Chair	Furniture	12	2541,89	online
00004836	20250630	C1300	Ålesund Kontor	SKU-1005	27in 4K Monitor	Displays	7	3660,21	online
00004837	20241008	C1135	Møller Innredning	SKU-1005	27in 4K Monitor	Displays	1	4291,20	partner
00004838	20240131	C1158	Nordström Handel	SKU-1007	Noise Cancelling Headset	Peripherals	8	2002,15	online
00004839	20240912	C1047	Uppsala Interiör	SKU-1008	Laptop Stand Aluminium	Accessories	11	594,11	online
00004840	20240827	C1299	Møller Innredning	SKU-1003	Monitor Arm Dual	Accessories	12	842,11	retail
00004841	20240209	C1119	Trondheim Utstyr	SKU-1004	Mechanical Keyboard	Peripherals	5	1156,21	partner
00004842	20250708	C1088	Hämäläinen Oy	SKU-1001	Ergonomic Desk Chair	Furniture	9	2325,14	partner
00004843	20240214	C1021	Hämäläinen Oy	SKU-1010	Desk Lamp LED	Furniture	5	535,75	online
00004844	20240208	C1109	Lindqvist AB	SKU-1007	Noise Cancelling Headset	Peripherals	7	2149,10	partner
00004845	20240923	C1219	Nordström Handel	SKU-1001	Ergonomic Desk Chair	Furniture	2	2368,13	direct
00004846	20250902	C1035	Jyllands Inventar	SKU-1007	Noise Cancelling Headset	Peripherals	9	2372,03	retail
00004847	20250212	C1323	Mäkinen Toimisto	SKU-1009	Webcam 1080p	Peripherals	11	764,92	partner
00004848	20251204	C1085	Bergström & Söner	SKU-1010	Desk Lamp LED	Furniture	3	506,30	retail
00004849	20250406	C1159	Jyllands Inventar	SKU-1002	Standing Desk 140cm	Furniture	7	4859,31	online
00004850	20251226	C1162	Väisänen Kaluste	SKU-1001	Ergonomic Desk Chair	Furniture	2	2085,40	partner
00004851	20240422	C1158	Kärkkäinen Oy	SKU-1007	Noise Cancelling Headset	Peripherals	11	1846,01	online
00004852	20251110	C1110	Jyllands Inventar	SKU-1004	Mechanical Keyboard	Peripherals	6	1301,62	online
00004853	20241014	C1319	Møller Innredning	SKU-1009	Webcam 1080p	Peripherals	12	759,90	online
00004854	20250925	C1289	Kjærstad Utstyr	SKU-1010	Desk Lamp LED	Furniture	11	590,53	partner
00004855	20240117	C1371	Lindqvist AB	SKU-1002	Standing Desk 140cm	Furniture	1	4986,42	online
00004856	20251019	C1318	Jyllands Inventar	SKU-1003	Monitor Arm Dual	Accessories	10	955,98	online
00004857	20240822	C1205	Nordström Handel	SKU-1010	Desk Lamp LED	Furniture	2	572,37	direct
00004858	20251119	C1064	Dansk Kontormiljø	SKU-1010	Desk Lamp LED	Furniture	5	566,17	direct
00004859	20250520	C1199	Bergström & Söner	SKU-1008	Laptop Stand Aluminium	Accessories	5	611,88	direct
00004860	20240424	C1300	Hämäläinen Oy	SKU-1006	USB-C Dock	Accessories	-2	1670,56	retail
00004861	20250525	C1178	Mäkinen Toimisto	SKU-1004	Mechanical Keyboard	Peripherals	12	1041,71	online
00004862	20250722	C1038	Hämäläinen Oy	SKU-1006	USB-C Dock	Accessories	3	1487,52	online
00004863	20250907	C1174	Hämäläinen Oy	SKU-1009	Webcam 1080p	Peripherals	8	677,80	retail
00004864	20241129	C1112	Søndergaard A/S	SKU-1001	Ergonomic Desk Chair	Furniture	2	2749,36	partner
00004865	20251215	C1197	Bergström & Söner	SKU-1009	Webcam 1080p	Peripherals	-3	725,40	retail
00004866	20240516	C1179	Kjærstad Utstyr	SKU-1006	USB-C Dock	Accessories	3	1853,64	retail
00004867	20240428	C1282	Mäkinen Toimisto	SKU-1004	Mechanical Keyboard	Peripherals	9	1104,87	retail
00004868	20250404	C1205	Bergström & Söner	SKU-1002	Standing Desk 140cm	Furniture	3	5811,08	retail
00004869	20241015	C1357	Bergström & Söner	SKU-1007	Noise Cancelling Headset	Peripherals	8	2060,31	online
00004870	20241115	C1167	Ålesund Kontor	SKU-1007	Noise Cancelling Headset	Peripherals	7	2350,32	partner
00004871	20250724	C1169	Søndergaard A/S	SKU-1010	Desk Lamp LED	Furniture	6	492,59	online
00004872	20250909	C1074	Ålesund Kontor	SKU-1004	Mechanical Keyboard	Peripherals	9	1277,02	retail
00004873	20240519	C1302	Søndergaard A/S	SKU-1007	Noise Cancelling Headset	Peripherals	6	2051,86	retail
00004874	20250906	C1354	Väisänen Kaluste	SKU-1005	27in 4K Monitor	Displays	5	4625,74	direct
00004875	20250101	C1066	Lindqvist AB	SKU-1008	Laptop Stand Aluminium	Accessories	5	662,74	online
00004876	20240610	C1340	Lindqvist AB	SKU-1006	USB-C Dock	Accessories	2	2009,12	online
00004877	20240217	C1098	Dansk Kontormiljø	SKU-1009	Webcam 1080p	Peripherals	4	843,03	retail
00004878	20240724	C1110	Kjærstad Utstyr	SKU-1001	Ergonomic Desk Chair	Furniture	11	2508,00	online
00004879	20240615	C1319	Ålesund Kontor	SKU-1010	Desk Lamp LED	Furniture	11	503,21	online
00004880	20241015	C1142	Jyllands Inventar	SKU-1001	Ergonomic Desk Chair	Furniture	8	2085,45	direct
00004881	20251214	C1175	Møller Innredning	SKU-1001	Ergonomic Desk Chair	Furniture	5	2622,73	online
00004882	20251224	C1131	Møller Innredning	SKU-1006	USB-C Dock	Accessories	10	1614,83	retail
00004883	20250502	C1139	Dansk Kontormiljø	SKU-1004	Mechanical Keyboard	Peripherals	1	1109,75	partner
00004884	20251221	C1273	Hämäläinen Oy	SKU-1006	USB-C Dock	Accessories	11	1932,68	direct
00004885	20250318	C1031	Lindqvist AB	SKU-1007	Noise Cancelling Headset	Peripherals	3	2412,41	retail
00004886	20240102	C1058	Dansk Kontormiljø	SKU-1004	Mechanical Keyboard	Peripherals	8	1157,43	online
00004887	20240709	C1040	Møller Innredning	SKU-1009	Webcam 1080p	Peripherals	4	878,97	online
00004888	20250425	C1164	Møller Innredning	SKU-1006	USB-C Dock	Accessories	6	1916,18	online
00004889	20250114	C1304	Søndergaard A/S	SKU-1005	27in 4K Monitor	Displays	7	4244,02	direct
00004890	20240323	C1183	Rødvig Møbler	SKU-1006	USB-C Dock	Accessories	6	1936,11	online
00004891	20250615	C1338	Nordström Handel	SKU-1002	Standing Desk 140cm	Furniture	-3	5951,44	direct
00004892	20240813	C1159	Nordström Handel	SKU-1004	Mechanical Keyboard	Peripherals	-2	1078,64	retail
00004893	20250420	C1162	Dansk Kontormiljø	SKU-1002	Standing Desk 140cm	Furniture	11	5487,69	online
00004894	20250609	C1388	Rødvig Møbler	SKU-1010	Desk Lamp LED	Furniture	5	493,89	partner
00004895	20240312	C1130	Lindqvist AB	SKU-1006	USB-C Dock	Accessories	10	1774,31	retail
00004896	20250805	C1212	Hämäläinen Oy	SKU-1006	USB-C Dock	Accessories	7	1716,02	online
00004897	20251222	C1052	Ålesund Kontor	SKU-1007	Noise Cancelling Headset	Peripherals	4	2172,12	retail
00004898	20250317	C1325	Hämäläinen Oy	SKU-1003	Monitor Arm Dual	Accessories	8	994,74	direct
00004899	20240921	C1011	Jyllands Inventar	SKU-1010	Desk Lamp LED	Furniture	9	477,87	retail
00004900	20241130	C1373	Jyllands Inventar	SKU-1009	Webcam 1080p	Peripherals	1	780,91	retail
00004901	20250329	C1389	Dansk Kontormiljø	SKU-1004	Mechanical Keyboard	Peripherals	5	1315,78	direct
00004902	20250401	C1045	Uppsala Interiör	SKU-1004	Mechanical Keyboard	Peripherals	7	1245,21	partner
00004903	20241214	C1044	Kärkkäinen Oy	SKU-1004	Mechanical Keyboard	Peripherals	12	1017,72	retail
00004904	20250914	C1224	Jyllands Inventar	SKU-1005	27in 4K Monitor	Displays	-1	4709,20	partner
00004905	20250326	C1102	Jyllands Inventar	SKU-1004	Mechanical Keyboard	Peripherals	9	1212,37	direct
00004906	20240627	C1200	Mäkinen Toimisto	SKU-1007	Noise Cancelling Headset	Peripherals	3	2098,74	partner
00004907	20251216	C1131	Kjærstad Utstyr	SKU-1001	Ergonomic Desk Chair	Furniture	2	2242,02	partner
00004908	20250513	C1026	Rødvig Møbler	SKU-1009	Webcam 1080p	Peripherals	12	754,30	partner
00004909	20240105	C1074	Nordström Handel	SKU-1008	Laptop Stand Aluminium	Accessories	7	608,44	direct
00004910	20240320	C1108	Jyllands Inventar	SKU-1009	Webcam 1080p	Peripherals	7	740,19	direct
00004911	20241216	C1208	Jyllands Inventar	SKU-1006	USB-C Dock	Accessories	2	1487,71	retail
00004912	20240712	C1270	Trondheim Utstyr	SKU-1009	Webcam 1080p	Peripherals	1	864,36	direct
00004913	20250206	C1272	Dansk Kontormiljø	SKU-1006	USB-C Dock	Accessories	6	1619,05	direct
00004914	20250129	C1190	Rødvig Møbler	SKU-1007	Noise Cancelling Headset	Peripherals	8	1920,32	partner
00004915	20250527	C1325	Ålesund Kontor	SKU-1009	Webcam 1080p	Peripherals	8	892,44	retail
00004916	20240823	C1181	Dansk Kontormiljø	SKU-1001	Ergonomic Desk Chair	Furniture	12	2709,71	retail
00004917	20251001	C1069	Rødvig Møbler	SKU-1008	Laptop Stand Aluminium	Accessories	8	690,46	retail
00004918	20241112	C1138	Lindqvist AB	SKU-1008	Laptop Stand Aluminium	Accessories	3	685,24	online
00004919	20250126	C1274	Møller Innredning	SKU-1004	Mechanical Keyboard	Peripherals	10	1148,91	online
00004920	20240922	C1010	Kärkkäinen Oy	SKU-1009	Webcam 1080p	Peripherals	4	789,98	direct
00004921	20241128	C1149	Lindqvist AB	SKU-1004	Mechanical Keyboard	Peripherals	10	1160,32	partner
00004922	20250323	C1057	Uppsala Interiör	SKU-1009	Webcam 1080p	Peripherals	11	851,61	online
00004923	20240301	C1290	Lindqvist AB	SKU-1004	Mechanical Keyboard	Peripherals	4	1141,00	direct
00004924	20240108	C1376	Kjærstad Utstyr	SKU-1003	Monitor Arm Dual	Accessories	8	809,82	online
00004925	20240724	C1064	Møller Innredning	SKU-1006	USB-C Dock	Accessories	1	1960,29	direct
00004926	20250407	C1244	Dansk Kontormiljø	SKU-1001	Ergonomic Desk Chair	Furniture	1	2547,49	direct
00004927	20250406	C1316	Väisänen Kaluste	SKU-1007	Noise Cancelling Headset	Peripherals	7	2282,30	direct
00004928	20250929	C1053	Hämäläinen Oy	SKU-1006	USB-C Dock	Accessories	-2	1620,24	direct
00004929	20250913	C1173	Lindqvist AB	SKU-1008	Laptop Stand Aluminium	Accessories	3	544,32	direct
00004930	20240222	C1061	Kjærstad Utstyr	SKU-1003	Monitor Arm Dual	Accessories	11	845,62	online
00004931	20241001	C1086	Dansk Kontormiljø	SKU-1005	27in 4K Monitor	Displays	2	3694,78	online
00004932	20240614	C1328	Rødvig Møbler	SKU-1005	27in 4K Monitor	Displays	4	4894,41	direct
00004933	20240602	C1396	Mäkinen Toimisto	SKU-1005	27in 4K Monitor	Displays	3	4814,56	direct
00004934	20241124	C1228	Bergström & Söner	SKU-1005	27in 4K Monitor	Displays	8	4337,22	partner
00004935	20241125	C1351	Väisänen Kaluste	SKU-1004	Mechanical Keyboard	Peripherals	2	1038,43	retail
00004936	20251028	C1039	Møller Innredning	SKU-1010	Desk Lamp LED	Furniture	12	473,25	direct
00004937	20241012	C1171	Kärkkäinen Oy	SKU-1006	USB-C Dock	Accessories	2	1611,58	online
00004938	20250720	C1181	Kärkkäinen Oy	SKU-1006	USB-C Dock	Accessories	4	1537,94	partner
00004939	20240203	C1155	Dansk Kontormiljø	SKU-1009	Webcam 1080p	Peripherals	8	724,11	online
00004940	20250627	C1388	Uppsala Interiör	SKU-1004	Mechanical Keyboard	Peripherals	11	1210,30	direct
00004941	20240924	C1323	Møller Innredning	SKU-1004	Mechanical Keyboard	Peripherals	6	1244,72	partner
00004942	20250521	C1374	Møller Innredning	SKU-1002	Standing Desk 140cm	Furniture	6	5130,43	online
00004943	20251217	C1028	Jyllands Inventar	SKU-1003	Monitor Arm Dual	Accessories	11	895,25	partner
00004944	20251113	C1275	Kjærstad Utstyr	SKU-1005	27in 4K Monitor	Displays	1	4265,58	direct
00004945	20251214	C1083	Kärkkäinen Oy	SKU-1003	Monitor Arm Dual	Accessories	8	929,93	online
00004946	20250917	C1100	Mäkinen Toimisto	SKU-1010	Desk Lamp LED	Furniture	-1	551,27	partner
00004947	20241030	C1395	Møller Innredning	SKU-1002	Standing Desk 140cm	Furniture	2	5384,30	partner
00004948	20240422	C1256	Møller Innredning	SKU-1007	Noise Cancelling Headset	Peripherals	1	1980,63	direct
00004949	20241025	C1290	Møller Innredning	SKU-1002	Standing Desk 140cm	Furniture	6	5446,65	online
00004950	20240920	C1099	Hämäläinen Oy	SKU-1009	Webcam 1080p	Peripherals	1	708,90	online
00004951	20251226	C1327	Ålesund Kontor	SKU-1008	Laptop Stand Aluminium	Accessories	2	552,94	online
00004952	20240828	C1273	Søndergaard A/S	SKU-1006	USB-C Dock	Accessories	9	1546,94	retail
00004953	20251020	C1382	Nordström Handel	SKU-1008	Laptop Stand Aluminium	Accessories	9	662,84	partner
00004954	20241014	C1022	Dansk Kontormiljø	SKU-1007	Noise Cancelling Headset	Peripherals	6	2406,07	partner
00004955	20251212	C1398	Rødvig Møbler	SKU-1006	USB-C Dock	Accessories	2	1515,28	-
00004956	20240417	C1207	Väisänen Kaluste	SKU-1007	Noise Cancelling Headset	Peripherals	4	1857,19	retail
00004957	20250322	C1162	Kjærstad Utstyr	SKU-1010	Desk Lamp LED	Furniture	5	474,44	retail
00004958	20250809	C1238	Jyllands Inventar	SKU-1004	Mechanical Keyboard	Peripherals	7	1104,20	partner
00004959	20250519	C1283	Kärkkäinen Oy	SKU-1006	USB-C Dock	Accessories	6	1900,43	partner
00004960	20241217	C1241	Uppsala Interiör	SKU-1010	Desk Lamp LED	Furniture	2	464,37	online
00004961	20250601	C1102	Ålesund Kontor	SKU-1004	Mechanical Keyboard	Peripherals	8	1218,43	online
00004962	20240831	C1125	Väisänen Kaluste	SKU-1007	Noise Cancelling Headset	Peripherals	3	1862,19	direct
00004963	20240107	C1084	Lindqvist AB	SKU-1008	Laptop Stand Aluminium	Accessories	5	559,06	retail
00004964	20240730	C1007	Rødvig Møbler	SKU-1008	Laptop Stand Aluminium	Accessories	12	709,86	partner
00004965	20240304	C1184	Møller Innredning	SKU-1002	Standing Desk 140cm	Furniture	4	5782,66	direct
00004966	20251020	C1027	Ålesund Kontor	SKU-1001	Ergonomic Desk Chair	Furniture	9	2571,97	direct
00004967	20250818	C1030	Hämäläinen Oy	SKU-1004	Mechanical Keyboard	Peripherals	5	1220,38	online
00004968	20240426	C1266	Møller Innredning	SKU-1002	Standing Desk 140cm	Furniture	6	5936,88	online
00004969	20241108	C1096	Väisänen Kaluste	SKU-1006	USB-C Dock	Accessories	3	1708,72	partner
00004970	20241211	C1202	Uppsala Interiör	SKU-1003	Monitor Arm Dual	Accessories	8	841,37	direct
00004971	20240530	C1194	Møller Innredning	SKU-1006	USB-C Dock	Accessories	8	1790,04	retail
00004972	20240414	C1240	Kjærstad Utstyr	SKU-1007	Noise Cancelling Headset	Peripherals	8	1999,81	direct
00004973	20250205	C1095	Väisänen Kaluste	SKU-1005	27in 4K Monitor	Displays	2	4068,58	direct
00004974	20240225	C1177	Väisänen Kaluste	SKU-1008	Laptop Stand Aluminium	Accessories	2	676,00	retail
00004975	20240321	C1337	Rødvig Møbler	SKU-1010	Desk Lamp LED	Furniture	7	569,55	online
00004976	20240727	C1057	Trondheim Utstyr	SKU-1004	Mechanical Keyboard	Peripherals	6	1098,55	retail
00004977	20250507	C1399	Kjærstad Utstyr	SKU-1010	Desk Lamp LED	Furniture	6	561,08	partner
00004978	20250724	C1145	Bergström & Söner	SKU-1007	Noise Cancelling Headset	Peripherals	12	1916,92	retail
00004979	20240801	C1166	Lindqvist AB	SKU-1006	USB-C Dock	Accessories	5	1542,00	direct
00004980	20240729	C1019	Nordström Handel	SKU-1006	USB-C Dock	Accessories	8	2002,78	partner
00004981	20250520	C1119	Kärkkäinen Oy	SKU-1002	Standing Desk 140cm	Furniture	12	4724,39	retail
00004982	20250914	C1126	Trondheim Utstyr	SKU-1010	Desk Lamp LED	Furniture	1	493,19	partner
00004983	20251014	C1244	Nordström Handel	SKU-1010	Desk Lamp LED	Furniture	12	476,84	direct
00004984	20240221	C1367	Kjærstad Utstyr	SKU-1009	Webcam 1080p	Peripherals	6	881,54	online
00004985	20250104	C1188	Ålesund Kontor	SKU-1005	27in 4K Monitor	Displays	3	4929,66	retail
00004986	20250610	C1201	Dansk Kontormiljø	SKU-1006	USB-C Dock	Accessories	4	1492,92	direct
00004987	20250220	C1280	Søndergaard A/S	SKU-1001	Ergonomic Desk Chair	Furniture	5	2680,15	direct
00004988	20250624	C1065	Ålesund Kontor	SKU-1007	Noise Cancelling Headset	Peripherals	3	1950,40	direct
00004989	20250713	C1284	Nordström Handel	SKU-1010	Desk Lamp LED	Furniture	12	442,81	retail
00004990	20251002	C1294	Väisänen Kaluste	SKU-1005	27in 4K Monitor	Displays	7	4397,56	online
00004991	20240729	C1300	Kärkkäinen Oy	SKU-1010	Desk Lamp LED	Furniture	4	552,30	direct
00004992	20240508	C1005	Kärkkäinen Oy	SKU-1006	USB-C Dock	Accessories	9	1506,83	retail
00004993	20250514	C1062	Kjærstad Utstyr	SKU-1007	Noise Cancelling Headset	Peripherals	11	2058,51	direct
00004994	20240426	C1110	Trondheim Utstyr	SKU-1009	Webcam 1080p	Peripherals	12	821,69	retail
00004995	20241010	C1212	Rødvig Møbler	SKU-1004	Mechanical Keyboard	Peripherals	7	1065,27	partner
00004996	20251115	C1279	Väisänen Kaluste	SKU-1007	Noise Cancelling Headset	Peripherals	7	1929,24	direct
00004997	20240711	C1371	Jyllands Inventar	SKU-1001	Ergonomic Desk Chair	Furniture	7	2736,58	online
00004998	20240330	C1010	Lindqvist AB	SKU-1004	Mechanical Keyboard	Peripherals	2	1230,79	online
00004999	20251007	C1144	Hämäläinen Oy	SKU-1001	Ergonomic Desk Chair	Furniture	6	2525,99	direct
00005000	20250116	C1196	Trondheim Utstyr	SKU-1005	27in 4K Monitor	Displays	6	3765,91	retail
00003646	20240727	C1091	Søndergaard A/S	SKU-1005	27in 4K Monitor	Displays	12	4783,71	online
00002446	20240331	C1254	Møller Innredning	SKU-1007	Noise Cancelling Headset	Peripherals	12	2018,60	online
00002932	20240820	C1249	Kärkkäinen Oy	SKU-1008	Laptop Stand Aluminium	Accessories	8	734,88	retail
00000036	20241130	C1291	Ålesund Kontor	SKU-1006	USB-C Dock	Accessories	4	1919,73	retail
00003675	20240912	C1357	Dansk Kontormiljø	SKU-1002	Standing Desk 140cm	Furniture	12	5219,33	direct
00004220	20240316	C1084	Dansk Kontormiljø	SKU-1002	Standing Desk 140cm	Furniture	7	5573,53	retail
00003387	20250219	C1145	Bergström & Söner	SKU-1003	Monitor Arm Dual	Accessories	12	784,16	online
00001103	20250531	C1322	Søndergaard A/S	SKU-1005	27in 4K Monitor	Displays	1	3996,60	online
00001220	20251211	C1316	Rødvig Møbler	SKU-1005	27in 4K Monitor	Displays	12	3839,43	direct
00004559	20250510	C1019	Bergström & Söner	SKU-1007	Noise Cancelling Headset	Peripherals	12	2401,04	partner
00003808	20240701	C1259	Kjærstad Utstyr	SKU-1004	Mechanical Keyboard	Peripherals	6	1166,72	direct
00000052	20240818	C1371	Lindqvist AB	SKU-1001	Ergonomic Desk Chair	Furniture	6	2575,35	online
00000723	20240119	C1265	Møller Innredning	SKU-1009	Webcam 1080p	Peripherals	10	761,32	online
00000861	20250517	C1246	Kjærstad Utstyr	SKU-1009	Webcam 1080p	Peripherals	4	784,23	direct
00002738	20241129	C1039	Trondheim Utstyr	SKU-1003	Monitor Arm Dual	Accessories	10	961,60	direct
00002871	20240506	C1119	Søndergaard A/S	SKU-1005	27in 4K Monitor	Displays	6	4489,55	retail
00002617	20250524	C1209	Søndergaard A/S	SKU-1008	Laptop Stand Aluminium	Accessories	2	552,48	direct
00001350	20240625	C1387	Väisänen Kaluste	SKU-1004	Mechanical Keyboard	Peripherals	12	1185,41	partner
00003710	20241213	C1129	Hämäläinen Oy	SKU-1001	Ergonomic Desk Chair	Furniture	1	2193,73	direct
00000176	20250630	C1111	Søndergaard A/S	SKU-1008	Laptop Stand Aluminium	Accessories	4	641,18	online
00004871	20250724	C1169	Søndergaard A/S	SKU-1010	Desk Lamp LED	Furniture	6	492,59	online
00001947	20250627	C1230	Ålesund Kontor	SKU-1004	Mechanical Keyboard	Peripherals	8	1054,76	retail
00003612	20240522	C1054	Väisänen Kaluste	SKU-1008	Laptop Stand Aluminium	Accessories	3	587,62	online
00003897	20250120	C1255	Trondheim Utstyr	SKU-1002	Standing Desk 140cm	Furniture	6	4887,44	partner
00004480	20241227	C1052	Rødvig Møbler	SKU-1002	Standing Desk 140cm	Furniture	2	4758,55	retail
00004724	20250414	C1193	Kjærstad Utstyr	SKU-1001	Ergonomic Desk Chair	Furniture	1	2476,30	retail
00001232	20240618	C1121	Bergström & Söner	SKU-1010	Desk Lamp LED	Furniture	1	587,20	online
00003242	20250518	C1048	Mäkinen Toimisto	SKU-1009	Webcam 1080p	Peripherals	6	892,40	retail
00001505	20241201	C1091	Jyllands Inventar	SKU-1004	Mechanical Keyboard	Peripherals	10	1255,41	direct
00001555	20250507	C1109	Bergström & Söner	SKU-1006	USB-C Dock	Accessories	5	1942,51	direct
00001674	20240826	C1318	Mäkinen Toimisto	SKU-1002	Standing Desk 140cm	Furniture	12	4615,23	retail
00002976	20250704	C1041	Lindqvist AB	SKU-1002	Standing Desk 140cm	Furniture	8	4960,70	online
00002524	20240405	C1194	Ålesund Kontor	SKU-1006	USB-C Dock	Accessories	9	1597,84	online
00004973	20250205	C1095	Väisänen Kaluste	SKU-1005	27in 4K Monitor	Displays	2	4068,58	direct
00004069	20240323	C1220	Søndergaard A/S	SKU-1009	Webcam 1080p	Peripherals	3	667,51	partner
00000403	20251111	C1210	Uppsala Interiör	SKU-1008	Laptop Stand Aluminium	Accessories	4	701,77	online
00003418	20240530	C1031	Møller Innredning	SKU-1008	Laptop Stand Aluminium	Accessories	8	583,81	online
00000193	20250614	C1316	Søndergaard A/S	SKU-1010	Desk Lamp LED	Furniture	6	461,17	online
00000230	20240901	C1059	Nordström Handel	SKU-1010	Desk Lamp LED	Furniture	3	569,60	online
00001365	20240919	C1234	Mäkinen Toimisto	SKU-1004	Mechanical Keyboard	Peripherals	1	1140,02	partner
00000393	20240711	C1355	Väisänen Kaluste	SKU-1002	Standing Desk 140cm	Furniture	4	5141,20	retail
00002209	20240710	C1119	Hämäläinen Oy	SKU-1005	27in 4K Monitor	Displays	4	3848,89	direct
00002639	20241117	C1056	Lindqvist AB	SKU-1009	Webcam 1080p	Peripherals	1	859,31	retail
00001343	20240722	C1222	Rødvig Møbler	SKU-1009	Webcam 1080p	Peripherals	3	718,38	online
00003237	20240111	C1239	Rødvig Møbler	SKU-1001	Ergonomic Desk Chair	Furniture	4	2209,16	direct
00003712	20240124	C1296	Trondheim Utstyr	SKU-1004	Mechanical Keyboard	Peripherals	6	1311,08	direct
00004114	20241117	C1288	Dansk Kontormiljø	SKU-1010	Desk Lamp LED	Furniture	9	574,52	direct
00000731	20240211	C1139	Mäkinen Toimisto	SKU-1008	Laptop Stand Aluminium	Accessories	6	663,54	partner
00004313	20240808	C1021	Hämäläinen Oy	SKU-1002	Standing Desk 140cm	Furniture	1	5369,86	retail
00001554	20251224	C1195	Kärkkäinen Oy	SKU-1001	Ergonomic Desk Chair	Furniture	10	2611,15	direct