order_id;order_date;cust_id;kundnamn;artikelnr;produkt;kategori;antal;pris;kanal
00000001;2024-05-22;C1377;Ålesund Kontor;SKU-1002;Standing Desk 140cm;Furniture;1;4 802,03;retail
00000002;2024-08-26;C1258;Lindqvist AB;SKU-1010;Desk Lamp LED;Furniture;7;456,62;online
00000003;2024-01-07;C1388;Kjærstad Utstyr;SKU-1009;Webcam 1080p;Peripherals;7;800,89;direct
00000004;2024-12-10;C1052;Bergström & Söner;SKU-1006;USB-C Dock;Accessories;5;1 990,04;direct
00000005;2024-02-14;C1373;Uppsala Interiör;SKU-1002;Standing Desk 140cm;Furniture;6;5 361,81;retail
00000006;2025-09-25;C1185;Rødvig Møbler;SKU-1007;Noise Cancelling Headset;Peripherals;2;2 307,52;retail
00000007;2024-03-22;C1119;Ålesund Kontor;SKU-1001;Ergonomic Desk Chair;Furniture;11;2 248,36;direct
00000008;2025-01-14;C1181;Rødvig Møbler;SKU-1005;27in 4K Monitor;Displays;8;4 125,63;partner
00000009;2024-09-07;C1083;Uppsala Interiör;SKU-1002;Standing Desk 140cm;Furniture;10;5 253,26;direct
00000010;2024-11-28;C1393;Nordström Handel;SKU-1005;27in 4K Monitor;Displays;11;3 938,30;online
00000011;2025-08-03;C1367;Väisänen Kaluste;SKU-1001;Ergonomic Desk Chair;Furniture;6;2 087,66;online
00000012;2024-05-26;C1135;Møller Innredning;SKU-1008;Laptop Stand Aluminium;Accessories;7;667,43;online
00000013;2025-08-20;C1204;Hämäläinen Oy;SKU-1009;Webcam 1080p;Peripherals;9;799,79;online
00000014;2024-04-22;C1078;Kjærstad Utstyr;SKU-1003;Monitor Arm Dual;Accessories;9;958,29;direct
00000015;2025-04-24;C1270;Kärkkäinen Oy;SKU-1010;Desk Lamp LED;Furniture;2;534,96;retail
00000016;2025-10-18;C1174;Ålesund Kontor;SKU-1002;Standing Desk 140cm;Furniture;11;5 591,37;partner
00000017;2024-09-26;C1256;Kjærstad Utstyr;SKU-1007;Noise Cancelling Headset;Peripherals;3;2 385,90;retail
00000018;2025-01-17;C1390;Kjærstad Utstyr;SKU-1005;27in 4K Monitor;Displays;11;3 911,60;retail
00000019;2025-01-06;C1157;Søndergaard A/S;SKU-1010;Desk Lamp LED;Furniture;6;459,45;retail
00000020;2025-05-12;C1035;Møller Innredning;SKU-1004;Mechanical Keyboard;Peripherals;10;1 007,05;online
00000021;2025-09-13;C1216;Rødvig Møbler;SKU-1008;Laptop Stand Aluminium;Accessories;9;645,31;online
00000022;2025-03-24;C1264;Uppsala Interiör;SKU-1005;27in 4K Monitor;Displays;7;4 493,34;retail
00000023;2025-07-21;C1117;Søndergaard A/S;SKU-1004;Mechanical Keyboard;Peripherals;4;984,76;retail
00000024;2024-02-02;C1169;Bergström & Söner;SKU-1002;Standing Desk 140cm;Furniture;12;4 777,15;online
00000025;2025-08-07;C1295;Trondheim Utstyr;SKU-1005;27in 4K Monitor;Displays;11;4 350,61;online
00000026;2025-03-17;C1181;Jyllands Inventar;SKU-1008;Laptop Stand Aluminium;Accessories;7;562,61;direct
00000027;2025-10-23;C1050;Nordström Handel;SKU-1008;Laptop Stand Aluminium;Accessories;12;669,46;direct
00000028;2025-04-04;C1071;Jyllands Inventar;SKU-1006;USB-C Dock;Accessories;2;1 587,36;online
00000029;2025-03-29;C1281;Ålesund Kontor;SKU-1005;27in 4K Monitor;Displays;8;4 846,01;retail
00000030;2024-08-30;C1085;Jyllands Inventar;SKU-1009;Webcam 1080p;Peripherals;1;879,77;direct
00000031;2024-06-17;C1194;Lindqvist AB;SKU-1008;Laptop Stand Aluminium;Accessories;4;717,27;direct
00000032;2025-07-23;C1338;Trondheim Utstyr;SKU-1005;27in 4K Monitor;Displays;8;4 553,60;online
00000033;2025-07-09;C1031;Väisänen Kaluste;SKU-1004;Mechanical Keyboard;Peripherals;5;997,68;retail
00000034;2025-06-27;C1080;Nordström Handel;SKU-1001;Ergonomic Desk Chair;Furniture;10;2 701,96;retail
00000035;2024-08-28;C1206;Ålesund Kontor;SKU-1003;Monitor Arm Dual;Accessories;2;936,78;online
00000036;2025-11-04;C1298;Väisänen Kaluste;SKU-1010;Desk Lamp LED;Furniture;10;454,79;partner
00000037;2025-02-09;C1067;Mäkinen Toimisto;SKU-1004;Mechanical Keyboard;Peripherals;11;1 059,85;direct
00000038;2024-04-12;C1037;Rødvig Møbler;SKU-1006;USB-C Dock;Accessories;-3;2 011,69;partner
00000039;2025-01-13;C1145;Kjærstad Utstyr;SKU-1003;Monitor Arm Dual;Accessories;6;991,27;direct
00000040;2025-10-31;C1270;Lindqvist AB;SKU-1009;Webcam 1080p;Peripherals;12;893,22;partner
00000041;2025-07-20;C1079;Kärkkäinen Oy;SKU-1002;Standing Desk 140cm;Furniture;3;5 807,95;partner
00000042;2025-10-11;C1135;Trondheim Utstyr;SKU-1010;Desk Lamp LED;Furniture;4;473,76;partner
00000043;2024-02-15;C1001;Väisänen Kaluste;SKU-1001;Ergonomic Desk Chair;Furniture;2;2 637,13;online
00000044;2025-03-13;C1287;Lindqvist AB;SKU-1005;27in 4K Monitor;Displays;3;4 366,67;retail
00000045;2025-01-13;C1298;Møller Innredning;SKU-1002;Standing Desk 140cm;Furniture;12;5 271,12;direct
00000046;2024-02-10;C1183;Rødvig Møbler;SKU-1003;Monitor Arm Dual;Accessories;1;996,53;online
00000047;2025-02-20;C1317;Møller Innredning;SKU-1002;Standing Desk 140cm;Furniture;6;5 799,25;online
00000048;2024-12-06;C1400;Jyllands Inventar;SKU-1003;Monitor Arm Dual;Accessories;3;763,12;online
00000049;2024-02-09;C1240;Søndergaard A/S;SKU-1005;27in 4K Monitor;Displays;3;3 794,44;online
00000050;2024-08-21;C1114;Lindqvist AB;SKU-1008;Laptop Stand Aluminium;Accessories;6;696,71;online
00000051;2024-10-12;C1179;Dansk Kontormiljø;SKU-1007;Noise Cancelling Headset;Peripherals;6;1 828,74;partner
00000052;2025-08-17;C1135;Nordström Handel;SKU-1001;Ergonomic Desk Chair;Furniture;2;2 228,07;retail
00000053;2025-03-22;C1310;Ålesund Kontor;SKU-1010;Desk Lamp LED;Furniture;7;564,68;direct
00000054;2024-01-02;C1266;Rødvig Møbler;SKU-1010;Desk Lamp LED;Furniture;4;552,57;partner
00000055;2025-09-30;C1160;Ålesund Kontor;SKU-1007;Noise Cancelling Headset;Peripherals;2;2 365,09;partner
00000056;2025-12-14;C1151;Møller Innredning;SKU-1009;Webcam 1080p;Peripherals;5;739,33;online
00000057;2024-06-27;C1315;Mäkinen Toimisto;SKU-1007;Noise Cancelling Headset;Peripherals;11;2 211,71;direct
00000058;2025-08-16;C1310;Väisänen Kaluste;SKU-1009;Webcam 1080p;Peripherals;1;712,18;direct
00000059;2024-06-22;C1337;Bergström & Söner;SKU-1008;Laptop Stand Aluminium;Accessories;8;642,15;partner
00000060;2024-08-28;C1344;Mäkinen Toimisto;SKU-1009;Webcam 1080p;Peripherals;11;741,43;
00000061;2025-09-17;C1393;Bergström & Söner;SKU-1004;Mechanical Keyboard;Peripherals;-1;1 316,96;direct
00000062;2025-01-28;C1253;Dansk Kontormiljø;SKU-1007;Noise Cancelling Headset;Peripherals;11;2 237,56;online
00000063;2024-04-19;C1398;Jyllands Inventar;SKU-1003;Monitor Arm Dual;Accessories;11;994,84;online
00000064;2024-09-12;C1062;Uppsala Interiör;SKU-1003;Monitor Arm Dual;Accessories;12;769,91;online
00000065;2024-11-20;C1386;Uppsala Interiör;SKU-1008;Laptop Stand Aluminium;Accessories;11;651,31;direct
00000066;2025-05-01;C1230;Kärkkäinen Oy;SKU-1009;Webcam 1080p;Peripherals;8;837,02;online
00000067;2025-03-26;C1039;Mäkinen Toimisto;SKU-1005;27in 4K Monitor;Displays;9;3 963,63;online
00000068;2024-05-21;C1077;Søndergaard A/S;SKU-1005;27in 4K Monitor;Displays;6;4 351,80;direct
00000069;2024-12-04;C1277;Uppsala Interiör;SKU-1003;Monitor Arm Dual;Accessories;12;867,27;direct
00000070;2025-08-21;C1356;Lindqvist AB;SKU-1001;Ergonomic Desk Chair;Furniture;4;2 320,42;direct
00000071;2025-02-03;C1214;Søndergaard A/S;SKU-1008;Laptop Stand Aluminium;Accessories;1;601,33;direct
00000072;2024-12-10;C1342;Dansk Kontormiljø;SKU-1004;Mechanical Keyboard;Peripherals;5;987,51;online
00000073;2025-02-07;C1303;Lindqvist AB;SKU-1008;Laptop Stand Aluminium;Accessories;3;646,55;retail
00000074;2024-09-23;C1194;Väisänen Kaluste;SKU-1007;Noise Cancelling Headset;Peripherals;3;1 899,49;online
00000075;2024-10-11;C1385;Jyllands Inventar;SKU-1008;Laptop Stand Aluminium;Accessories;6;712,89;partner
00000076;2024-12-24;C1114;Bergström & Söner;SKU-1002;Standing Desk 140cm;Furniture;-3;4 501,25;retail
00000077;2024-06-05;C1122;Møller Innredning;SKU-1001;Ergonomic Desk Chair;Furniture;4;2 054,67;direct
00000078;2024-09-19;C1392;Hämäläinen Oy;SKU-1002;Standing Desk 140cm;Furniture;10;5 145,45;online
00000079;2024-06-16;C1159;Ålesund Kontor;SKU-1010;Desk Lamp LED;Furniture;10;554,06;retail
00000080;2025-02-10;C1366;Rødvig Møbler;SKU-1005;27in 4K Monitor;Displays;10;4 891,04;retail
00000081;2025-12-14;C1395;Mäkinen Toimisto;SKU-1010;Desk Lamp LED;Furniture;12;479,88;retail
00000082;2025-01-14;C1035;Väisänen Kaluste;SKU-1010;Desk Lamp LED;Furniture;1;508,83;retail
00000083;2025-10-12;C1235;Møller Innredning;SKU-1007;Noise Cancelling Headset;Peripherals;8;2 390,30;direct
00000084;2025-09-22;C1275;Trondheim Utstyr;SKU-1003;Monitor Arm Dual;Accessories;12;930,17;direct
00000085;2024-09-08;C1044;Kärkkäinen Oy;SKU-1007;Noise Cancelling Headset;Peripherals;12;1 988,05;direct
00000086;2024-12-10;C1014;Trondheim Utstyr;SKU-1004;Mechanical Keyboard;Peripherals;8;1 208,03;partner
00000087;2024-12-14;C1143;Kärkkäinen Oy;SKU-1003;Monitor Arm Dual;Accessories;8;969,52;retail
00000088;2025-05-15;C1284;Søndergaard A/S;SKU-1009;Webcam 1080p;Peripherals;4;831,50;direct
00000089;2024-08-14;C1207;Søndergaard A/S;SKU-1008;Laptop Stand Aluminium;Accessories;8;561,87;partner
00000090;2025-03-11;C1381;Väisänen Kaluste;SKU-1010;Desk Lamp LED;Furniture;6;524,82;partner
00000091;2024-07-16;C1161;Ålesund Kontor;SKU-1008;Laptop Stand Aluminium;Accessories;5;588,26;online
00000092;2025-08-26;C1389;Mäkinen Toimisto;SKU-1004;Mechanical Keyboard;Peripherals;4;1 072,89;retail
00000093;2024-01-15;C1362;Møller Innredning;SKU-1004;Mechanical Keyboard;Peripherals;5;1 039,41;partner
00000094;2024-05-09;C1326;Trondheim Utstyr;SKU-1001;Ergonomic Desk Chair;Furniture;1;2 542,14;retail
00000095;2024-12-14;C1094;Nordström Handel;SKU-1001;Ergonomic Desk Chair;Furniture;10;2 384,67;partner
00000096;2024-03-16;C1295;Nordström Handel;SKU-1008;Laptop Stand Aluminium;Accessories;2;620,94;online
00000097;2024-09-11;C1060;Jyllands Inventar;SKU-1003;Monitor Arm Dual;Accessories;10;779,24;online
00000098;2025-08-25;C1219;Mäkinen Toimisto;SKU-1009;Webcam 1080p;Peripherals;7;766,60;retail
00000099;2025-10-02;C1108;Kärkkäinen Oy;SKU-1010;Desk Lamp LED;Furniture;12;560,99;retail
00000100;2024-01-03;C1209;Uppsala Interiör;SKU-1003;Monitor Arm Dual;Accessories;4;776,54;direct
00000101;2025-12-20;C1232;Bergström & Söner;SKU-1005;27in 4K Monitor;Displays;1;4 566,97;online
00000102;2024-07-21;C1217;Ålesund Kontor;SKU-1005;27in 4K Monitor;Displays;11;4 692,04;online
00000103;2024-06-18;C1157;Mäkinen Toimisto;SKU-1003;Monitor Arm Dual;Accessories;5;775,57;direct
00000104;2024-10-05;C1256;Trondheim Utstyr;SKU-1002;Standing Desk 140cm;Furniture;8;5 511,58;direct
00000105;2024-11-26;C1309;Kärkkäinen Oy;SKU-1002;Standing Desk 140cm;Furniture;10;5 093,96;retail
00000106;2025-08-12;C1300;Lindqvist AB;SKU-1002;Standing Desk 140cm;Furniture;4;5 724,10;partner
00000107;2025-06-15;C1333;Uppsala Interiör;SKU-1010;Desk Lamp LED;Furniture;1;469,33;partner
00000108;2024-04-03;C1240;Hämäläinen Oy;SKU-1003;Monitor Arm Dual;Accessories;10;973,90;direct
00000109;2024-12-03;C1210;Trondheim Utstyr;SKU-1006;USB-C Dock;Accessories;6;1 937,81;partner
00000110;2024-09-15;C1165;Ålesund Kontor;SKU-1007;Noise Cancelling Headset;Peripherals;9;1 840,48;direct
00000111;2025-02-27;C1027;Rødvig Møbler;SKU-1009;Webcam 1080p;Peripherals;1;789,97;partner
00000112;2024-07-27;C1136;Møller Innredning;SKU-1010;Desk Lamp LED;Furniture;8;560,56;partner
00000113;2025-10-07;C1311;Søndergaard A/S;SKU-1008;Laptop Stand Aluminium;Accessories;12;549,54;online
00000114;2024-04-26;C1236;Ålesund Kontor;SKU-1005;27in 4K Monitor;Displays;-2;3 775,24;online
00000115;2025-03-01;C1247;Trondheim Utstyr;SKU-1008;Laptop Stand Aluminium;Accessories;12;679,44;online
00000116;2025-09-05;C1260;Møller Innredning;SKU-1008;Laptop Stand Aluminium;Accessories;9;580,60;retail
00000117;2024-09-30;C1001;Mäkinen Toimisto;SKU-1005;27in 4K Monitor;Displays;7;4 671,16;partner
00000118;2024-06-01;C1228;Trondheim Utstyr;SKU-1010;Desk Lamp LED;Furniture;10;518,38;partner
00000119;2024-11-25;C1096;Søndergaard A/S;SKU-1006;USB-C Dock;Accessories;9;1 685,54;direct
00000120;2025-12-23;C1195;Dansk Kontormiljø;SKU-1004;Mechanical Keyboard;Peripherals;7;1 234,42;online
00000121;2024-12-05;C1051;Uppsala Interiör;SKU-1008;Laptop Stand Aluminium;Accessories;1;729,35;retail
00000122;2025-11-01;C1079;Bergström & Söner;SKU-1009;Webcam 1080p;Peripherals;-1;758,93;direct
00000123;2024-03-23;C1168;Dansk Kontormiljø;SKU-1005;27in 4K Monitor;Displays;6;4 167,75;partner
00000124;2025-10-08;C1350;Mäkinen Toimisto;SKU-1008;Laptop Stand Aluminium;Accessories;9;557,14;online
00000125;2025-12-21;C1051;Uppsala Interiör;SKU-1002;Standing Desk 140cm;Furniture;7;5 606,18;online
00000126;2024-10-27;C1183;Hämäläinen Oy;SKU-1005;27in 4K Monitor;Displays;1;4 682,03;direct
00000127;2024-07-03;C1087;Kjærstad Utstyr;SKU-1003;Monitor Arm Dual;Accessories;4;907,60;retail
00000128;2025-08-20;C1073;Søndergaard A/S;SKU-1010;Desk Lamp LED;Furniture;7;479,57;direct
00000129;2025-04-21;C1147;Kjærstad Utstyr;SKU-1005;27in 4K Monitor;Displays;8;3 667,12;retail
00000130;2025-03-10;C1353;Kärkkäinen Oy;SKU-1008;Laptop Stand Aluminium;Accessories;6;601,44;direct
00000131;2024-04-19;C1121;Dansk Kontormiljø;SKU-1005;27in 4K Monitor;Displays;4;4 755,80;partner
00000132;2025-11-05;C1202;Kärkkäinen Oy;SKU-1010;Desk Lamp LED;Furniture;5;488,06;retail
00000133;2025-09-12;C1381;Trondheim Utstyr;SKU-1010;Desk Lamp LED;Furniture;11;593,88;partner
00000134;2024-07-13;C1317;Kärkkäinen Oy;SKU-1004;Mechanical Keyboard;Peripherals;10;1 053,06;online
00000135;2025-03-27;C1017;Hämäläinen Oy;SKU-1002;Standing Desk 140cm;Furniture;11;4 901,94;online
00000136;2024-07-24;C1067;Hämäläinen Oy;SKU-1002;Standing Desk 140cm;Furniture;5;5 068,18;partner
00000137;2024-10-29;C1382;Väisänen Kaluste;SKU-1003;Monitor Arm Dual;Accessories;5;1 008,60;retail
00000138;2025-11-23;C1370;Dansk Kontormiljø;SKU-1008;Laptop Stand Aluminium;Accessories;2;729,57;partner
00000139;2025-01-12;C1344;Kärkkäinen Oy;SKU-1002;Standing Desk 140cm;Furniture;-3;4 612,80;direct
00000140;2025-09-26;C1287;Väisänen Kaluste;SKU-1006;USB-C Dock;Accessories;2;1 735,03;online
00000141;2024-11-05;C1332;Jyllands Inventar;SKU-1002;Standing Desk 140cm;Furniture;11;5 838,64;retail
00000142;2025-05-19;C1059;Ålesund Kontor;SKU-1003;Monitor Arm Dual;Accessories;1;837,77;online
00000143;2025-12-14;C1276;Jyllands Inventar;SKU-1009;Webcam 1080p;Peripherals;3;749,82;online
00000144;2025-02-21;C1143;Nordström Handel;SKU-1007;Noise Cancelling Headset;Peripherals;11;2 093,29;partner
00000145;2025-01-06;C1050;Hämäläinen Oy;SKU-1004;Mechanical Keyboard;Peripherals;8;1 058,96;partner
00000146;2025-04-10;C1046;Rødvig Møbler;SKU-1001;Ergonomic Desk Chair;Furniture;7;2 737,11;retail
00000147;2025-08-01;C1105;Bergström & Söner;SKU-1001;Ergonomic Desk Chair;Furniture;6;2 130,67;online
00000148;2024-05-31;C1305;Lindqvist AB;SKU-1010;Desk Lamp LED;Furniture;4;478,35;partner
00000149;2024-04-22;C1338;Lindqvist AB;SKU-1003;Monitor Arm Dual;Accessories;3;969,70;online
00000150;2024-11-27;C1008;Kjærstad Utstyr;SKU-1001;Ergonomic Desk Chair;Furniture;6;2 211,31;partner
00000151;2024-03-06;C1243;Uppsala Interiör;SKU-1001;Ergonomic Desk Chair;Furniture;3;2 418,78;partner
00000152;2025-09-21;C1022;Mäkinen Toimisto;SKU-1009;Webcam 1080p;Peripherals;10;780,90;direct
00000153;2025-03-12;C1351;Ålesund Kontor;SKU-1001;Ergonomic Desk Chair;Furniture;1;2 650,05;direct
00000154;2024-05-31;C1033;Møller Innredning;SKU-1008;Laptop Stand Aluminium;Accessories;2;605,85;partner
00000155;2025-01-25;C1305;Mäkinen Toimisto;SKU-1010;Desk Lamp LED;Furniture;11;553,10;direct
00000156;2024-04-27;C1335;Rødvig Møbler;SKU-1009;Webcam 1080p;Peripherals;10;848,58;direct
00000157;2025-02-12;C1212;Ålesund Kontor;SKU-1008;Laptop Stand Aluminium;Accessories;4;702,86;partner
00000158;2024-06-05;C1351;Trondheim Utstyr;SKU-1007;Noise Cancelling Headset;Peripherals;6;2 020,81;retail
00000159;2025-01-16;C1066;Nordström Handel;SKU-1002;Standing Desk 140cm;Furniture;2;4 570,64;partner
00000160;2025-03-09;C1369;Nordström Handel;SKU-1002;Standing Desk 140cm;Furniture;7;5 457,93;partner
00000161;2024-08-05;C1079;Trondheim Utstyr;SKU-1010;Desk Lamp LED;Furniture;5;532,16;online
00000162;2024-10-12;C1293;Søndergaard A/S;SKU-1002;Standing Desk 140cm;Furniture;6;4 993,40;direct
00000163;2024-01-27;C1311;Kärkkäinen Oy;SKU-1009;Webcam 1080p;Peripherals;10;813,39;retail
00000164;2024-12-13;C1179;Lindqvist AB;SKU-1003;Monitor Arm Dual;Accessories;5;839,00;online
00000165;2025-10-10;C1015;Bergström & Söner;SKU-1003;Monitor Arm Dual;Accessories;10;775,08;online
00000166;2024-11-15;C1369;Väisänen Kaluste;SKU-1007;Noise Cancelling Headset;Peripherals;7;1 884,17;retail
00000167;2025-11-21;C1041;Kärkkäinen Oy;SKU-1001;Ergonomic Desk Chair;Furniture;3;2 484,84;direct
00000168;2024-08-08;C1386;Ålesund Kontor;SKU-1007;Noise Cancelling Headset;Peripherals;8;2 045,94;partner
00000169;2025-05-13;C1269;Mäkinen Toimisto;SKU-1007;Noise Cancelling Headset;Peripherals;2;2 212,45;retail
00000170;2024-07-28;C1154;Rødvig Møbler;SKU-1004;Mechanical Keyboard;Peripherals;7;996,40;online
00000171;2025-03-16;C1089;Møller Innredning;SKU-1005;27in 4K Monitor;Displays;5;3 664,97;direct
00000172;2025-11-15;C1181;Bergström & Söner;SKU-1009;Webcam 1080p;Peripherals;12;793,74;direct
00000173;2025-08-12;C1219;Dansk Kontormiljø;SKU-1001;Ergonomic Desk Chair;Furniture;-1;2 660,72;direct
00000174;2024-06-24;C1316;Uppsala Interiör;SKU-1005;27in 4K Monitor;Displays;2;4 901,40;partner
00000175;2025-08-26;C1205;Bergström & Söner;SKU-1002;Standing Desk 140cm;Furniture;7;4 799,57;direct
00000176;2024-06-21;C1039;Ålesund Kontor;SKU-1005;27in 4K Monitor;Displays;12;4 084,66;online
00000177;2024-05-31;C1120;Ålesund Kontor;SKU-1006;USB-C Dock;Accessories;6;1 917,45;online
00000178;2025-11-02;C1038;Kjærstad Utstyr;SKU-1005;27in 4K Monitor;Displays;4;3 852,20;direct
00000179;2025-08-01;C1329;Väisänen Kaluste;SKU-1008;Laptop Stand Aluminium;Accessories;10;630,19;partner
00000180;2024-11-06;C1140;Nordström Handel;SKU-1003;Monitor Arm Dual;Accessories;8;874,57;partner
00000181;2024-02-28;C1188;Mäkinen Toimisto;SKU-1009;Webcam 1080p;Peripherals;2;768,75;retail
00000182;2025-08-17;C1283;Nordström Handel;SKU-1002;Standing Desk 140cm;Furniture;10;5 019,79;direct
00000183;2025-05-28;C1077;Nordström Handel;SKU-1010;Desk Lamp LED;Furniture;11;536,38;direct
00000184;2025-10-23;C1088;Nordström Handel;SKU-1002;Standing Desk 140cm;Furniture;6;4 551,55;online
00000185;2025-01-07;C1190;Mäkinen Toimisto;SKU-1008;Laptop Stand Aluminium;Accessories;8;661,08;direct
00000186;2025-10-08;C1331;Väisänen Kaluste;SKU-1007;Noise Cancelling Headset;Peripherals;6;1 817,99;retail
00000187;2024-09-15;C1370;Møller Innredning;SKU-1006;USB-C Dock;Accessories;2;1 690,45;partner
00000188;2024-11-13;C1335;Dansk Kontormiljø;SKU-1002;Standing Desk 140cm;Furniture;10;5 850,12;online
00000189;2025-01-20;C1329;Väisänen Kaluste;SKU-1010;Desk Lamp LED;Furniture;12;490,29;online
00000190;2025-01-05;C1009;Hämäläinen Oy;SKU-1009;Webcam 1080p;Peripherals;2;762,08;partner
00000191;2024-07-15;C1115;Møller Innredning;SKU-1003;Monitor Arm Dual;Accessories;4;961,06;online
00000192;2025-07-06;C1378;Nordström Handel;SKU-1002;Standing Desk 140cm;Furniture;5;4 577,78;partner
00000193;2024-07-04;C1354;Kjærstad Utstyr;SKU-1010;Desk Lamp LED;Furniture;3;466,06;direct
00000194;2025-03-30;C1312;Mäkinen Toimisto;SKU-1001;Ergonomic Desk Chair;Furniture;7;2 558,10;direct
00000195;2025-04-25;C1099;Hämäläinen Oy;SKU-1004;Mechanical Keyboard;Peripherals;9;1 310,63;direct
00000196;2025-03-04;C1082;Rødvig Møbler;SKU-1008;Laptop Stand Aluminium;Accessories;5;640,56;online
00000197;2025-07-21;C1052;Ålesund Kontor;SKU-1005;27in 4K Monitor;Displays;1;4 782,61;partner
00000198;2024-05-30;C1223;Bergström & Söner;SKU-1002;Standing Desk 140cm;Furniture;3;5 832,28;online
00000199;2025-02-09;C1257;Hämäläinen Oy;SKU-1008;Laptop Stand Aluminium;Accessories;6;623,66;online
00000200;2024-04-11;C1365;Väisänen Kaluste;SKU-1007;Noise Cancelling Headset;Peripherals;2;1 802,76;online
00000201;2025-12-13;C1071;Trondheim Utstyr;SKU-1003;Monitor Arm Dual;Accessories;1;978,05;direct
00000202;2024-08-08;C1076;Jyllands Inventar;SKU-1010;Desk Lamp LED;Furniture;1;444,96;retail
00000203;2025-03-05;C1327;Uppsala Interiör;SKU-1005;27in 4K Monitor;Displays;4;3 716,60;retail
00000204;2025-06-11;C1294;Søndergaard A/S;SKU-1002;Standing Desk 140cm;Furniture;8;4 445,64;online
00000205;2025-03-02;C1095;Bergström & Söner;SKU-1005;27in 4K Monitor;Displays;-2;3 965,33;partner
00000206;2025-06-03;C1283;Lindqvist AB;SKU-1002;Standing Desk 140cm;Furniture;9;5 646,80;direct
00000207;2024-09-16;C1382;Lindqvist AB;SKU-1008;Laptop Stand Aluminium;Accessories;1;732,36;
00000208;2024-04-16;C1395;Väisänen Kaluste;SKU-1002;Standing Desk 140cm;Furniture;6;5 445,08;online
00000209;2024-06-28;C1398;Uppsala Interiör;SKU-1001;Ergonomic Desk Chair;Furniture;6;2 625,73;direct
00000210;2025-04-13;C1018;Mäkinen Toimisto;SKU-1003;Monitor Arm Dual;Accessories;3;963,74;online
00000211;2024-11-13;C1263;Dansk Kontormiljø;SKU-1001;Ergonomic Desk Chair;Furniture;4;2 267,23;direct
00000212;2024-12-31;C1399;Nordström Handel;SKU-1005;27in 4K Monitor;Displays;1;3 901,52;partner
00000213;2025-02-13;C1380;Uppsala Interiör;SKU-1005;27in 4K Monitor;Displays;2;4 218,67;direct
00000214;2025-06-15;C1136;Bergström & Söner;SKU-1006;USB-C Dock;Accessories;3;1 748,70;direct
00000215;2025-07-12;C1150;Väisänen Kaluste;SKU-1002;Standing Desk 140cm;Furniture;7;5 702,85;retail
00000216;2025-09-09;C1367;Jyllands Inventar;SKU-1002;Standing Desk 140cm;Furniture;6;4 898,13;online
00000217;2024-12-27;C1314;Jyllands Inventar;SKU-1008;Laptop Stand Aluminium;Accessories;6;683,55;partner
00000218;2025-06-09;C1383;Kjærstad Utstyr;SKU-1001;Ergonomic Desk Chair;Furniture;2;2 332,47;retail
00000219;2024-05-09;C1034;Søndergaard A/S;SKU-1003;Monitor Arm Dual;Accessories;10;873,49;partner
00000220;2024-06-06;C1347;Uppsala Interiör;SKU-1006;USB-C Dock;Accessories;7;1 504,50;partner
00000221;2025-06-26;C1187;Dansk Kontormiljø;SKU-1006;USB-C Dock;Accessories;8;1 788,81;partner
00000222;2024-07-09;C1255;Dansk Kontormiljø;SKU-1005;27in 4K Monitor;Displays;4;3 688,43;
00000223;2025-09-18;C1146;Trondheim Utstyr;SKU-1005;27in 4K Monitor;Displays;5;3 931,80;online
00000224;2025-12-31;C1227;Bergström & Söner;SKU-1002;Standing Desk 140cm;Furniture;3;5 125,19;partner
00000225;2024-11-03;C1080;Kjærstad Utstyr;SKU-1006;USB-C Dock;Accessories;12;1 772,14;partner
00000226;2024-05-22;C1121;Trondheim Utstyr;SKU-1009;Webcam 1080p;Peripherals;4;710,03;retail
00000227;2025-07-18;C1066;Bergström & Söner;SKU-1006;USB-C Dock;Accessories;9;1 732,89;retail
00000228;2025-06-22;C1210;Jyllands Inventar;SKU-1005;27in 4K Monitor;Displays;7;4 582,34;
00000229;2025-11-27;C1264;Hämäläinen Oy;SKU-1003;Monitor Arm Dual;Accessories;6;876,64;online
00000230;2024-05-12;C1221;Nordström Handel;SKU-1009;Webcam 1080p;Peripherals;11;842,66;retail
00000231;2025-12-27;C1115;Hämäläinen Oy;SKU-1009;Webcam 1080p;Peripherals;3;700,90;partner
00000232;2024-10-08;C1064;Mäkinen Toimisto;SKU-1002;Standing Desk 140cm;Furniture;5;5 911,91;retail
00000233;2024-06-06;C1087;Väisänen Kaluste;SKU-1009;Webcam 1080p;Peripherals;11;883,34;retail
00000234;2025-08-13;C1135;Rødvig Møbler;SKU-1001;Ergonomic Desk Chair;Furniture;2;2 501,85;direct
00000235;2025-07-12;C1148;Mäkinen Toimisto;SKU-1010;Desk Lamp LED;Furniture;11;580,68;direct
00000236;2025-12-06;C1030;Kjærstad Utstyr;SKU-1004;Mechanical Keyboard;Peripherals;11;1 133,97;direct
00000237;2024-05-27;C1160;Väisänen Kaluste;SKU-1007;Noise Cancelling Headset;Peripherals;8;1 999,32;partner
00000238;2024-04-18;C1163;Søndergaard A/S;SKU-1007;Noise Cancelling Headset;Peripherals;3;2 109,44;direct
00000239;2024-02-21;C1148;Dansk Kontormiljø;SKU-1002;Standing Desk 140cm;Furniture;5;4 639,77;direct
00000240;2024-11-16;C1097;Kjærstad Utstyr;SKU-1004;Mechanical Keyboard;Peripherals;3;1 299,64;direct
00000241;2024-01-24;C1046;Dansk Kontormiljø;SKU-1009;Webcam 1080p;Peripherals;8;735,20;direct
00000242;2024-10-15;C1253;Trondheim Utstyr;SKU-1004;Mechanical Keyboard;Peripherals;4;994,29;partner
00000243;2024-09-27;C1372;Hämäläinen Oy;SKU-1009;Webcam 1080p;Peripherals;1;763,84;direct
00000244;2024-07-18;C1185;Mäkinen Toimisto;SKU-1006;USB-C Dock;Accessories;1;1 786,90;retail
00000245;2025-09-30;C1348;Ålesund Kontor;SKU-1007;Noise Cancelling Headset;Peripherals;9;2 131,41;online
00000246;2025-07-25;C1187;Møller Innredning;SKU-1002;Standing Desk 140cm;Furniture;7;5 959,39;online
00000247;2024-02-09;C1070;Väisänen Kaluste;SKU-1010;Desk Lamp LED;Furniture;9;448,28;direct
00000248;2024-05-23;C1167;Väisänen Kaluste;SKU-1009;Webcam 1080p;Peripherals;8;871,99;online
00000249;2024-12-10;C1259;Trondheim Utstyr;SKU-1007;Noise Cancelling Headset;Peripherals;10;1 973,52;partner
00000250;2025-03-02;C1298;Mäkinen Toimisto;SKU-1008;Laptop Stand Aluminium;Accessories;1;673,37;retail
00000251;2025-08-15;C1295;Søndergaard A/S;SKU-1010;Desk Lamp LED;Furniture;8;544,27;retail
00000252;2025-09-26;C1396;Dansk Kontormiljø;SKU-1010;Desk Lamp LED;Furniture;8;540,13;online
00000253;2024-07-14;C1009;Uppsala Interiör;SKU-1004;Mechanical Keyboard;Peripherals;1;1 219,18;partner
00000254;2025-05-28;C1396;Trondheim Utstyr;SKU-1007;Noise Cancelling Headset;Peripherals;3;1 913,45;retail
00000255;2025-11-09;C1244;Dansk Kontormiljø;SKU-1003;Monitor Arm Dual;Accessories;9;843,29;partner
00000256;2024-12-28;C1346;Kärkkäinen Oy;SKU-1003;Monitor Arm Dual;Accessories;8;847,90;direct
00000257;2024-10-31;C1394;Mäkinen Toimisto;SKU-1004;Mechanical Keyboard;Peripherals;4;1 080,48;online
00000258;2024-10-07;C1147;Ålesund Kontor;SKU-1008;Laptop Stand Aluminium;Accessories;6;651,61;direct
00000259;2024-10-24;C1021;Mäkinen Toimisto;SKU-1007;Noise Cancelling Headset;Peripherals;6;2 291,91;retail
00000260;2024-08-07;C1103;Kärkkäinen Oy;SKU-1006;USB-C Dock;Accessories;8;1 879,85;partner
00000261;2024-09-05;C1025;Søndergaard A/S;SKU-1003;Monitor Arm Dual;Accessories;2;913,18;online
00000262;2024-04-12;C1348;Møller Innredning;SKU-1001;Ergonomic Desk Chair;Furniture;2;2 556,50;retail
00000263;2025-05-02;C1244;Rødvig Møbler;SKU-1009;Webcam 1080p;Peripherals;3;881,80;partner
00000264;2024-04-01;C1333;Søndergaard A/S;SKU-1006;USB-C Dock;Accessories;5;1 964,17;retail
00000265;2024-02-07;C1203;Trondheim Utstyr;SKU-1003;Monitor Arm Dual;Accessories;7;803,44;online
00000266;2024-12-09;C1145;Uppsala Interiör;SKU-1005;27in 4K Monitor;Displays;-3;4 432,59;direct
00000267;2024-04-25;C1169;Kjærstad Utstyr;SKU-1003;Monitor Arm Dual;Accessories;9;807,98;direct
00000268;2024-10-29;C1290;Rødvig Møbler;SKU-1005;27in 4K Monitor;Displays;12;4 605,24;online
00000269;2025-06-11;C1167;Bergström & Söner;SKU-1010;Desk Lamp LED;Furniture;11;571,01;direct
00000270;2024-09-11;C1003;Kärkkäinen Oy;SKU-1002;Standing Desk 140cm;Furniture;3;5 164,83;direct
00000271;2024-11-05;C1298;Lindqvist AB;SKU-1004;Mechanical Keyboard;Peripherals;8;1 306,64;partner
00000272;2025-04-21;C1157;Kjærstad Utstyr;SKU-1006;USB-C Dock;Accessories;12;1 838,09;direct
00000273;2025-10-16;C1151;Hämäläinen Oy;SKU-1009;Webcam 1080p;Peripherals;12;824,53;online
00000274;2025-09-12;C1191;Jyllands Inventar;SKU-1004;Mechanical Keyboard;Peripherals;3;1 134,47;direct
00000275;2025-11-27;C1386;Bergström & Söner;SKU-1009;Webcam 1080p;Peripherals;11;841,28;direct
00000276;2024-04-24;C1031;Rødvig Møbler;SKU-1009;Webcam 1080p;Peripherals;12;877,64;online
00000277;2025-11-27;C1105;Trondheim Utstyr;SKU-1003;Monitor Arm Dual;Accessories;6;874,47;retail
00000278;2025-06-09;C1212;Uppsala Interiör;SKU-1009;Webcam 1080p;Peripherals;8;769,10;retail
00000279;2024-01-23;C1202;Kärkkäinen Oy;SKU-1009;Webcam 1080p;Peripherals;8;735,11;retail
00000280;2025-12-18;C1032;Nordström Handel;SKU-1004;Mechanical Keyboard;Peripherals;10;1 123,68;retail
00000281;2024-05-18;C1392;Jyllands Inventar;SKU-1008;Laptop Stand Aluminium;Accessories;1;578,56;partner
00000282;2025-01-19;C1041;Møller Innredning;SKU-1007;Noise Cancelling Headset;Peripherals;8;2 356,26;partner
00000283;2024-05-10;C1372;Søndergaard A/S;SKU-1002;Standing Desk 140cm;Furniture;3;5 033,17;retail
00000284;2025-03-10;C1272;Dansk Kontormiljø;SKU-1001;Ergonomic Desk Chair;Furniture;5;2 557,75;online
00000285;2024-04-25;C1016;Jyllands Inventar;SKU-1004;Mechanical Keyboard;Peripherals;8;1 072,60;retail
00000286;2025-04-02;C1306;Nordström Handel;SKU-1004;Mechanical Keyboard;Peripherals;4;1 182,41;online
00000287;2024-02-27;C1071;Mäkinen Toimisto;SKU-1001;Ergonomic Desk Chair;Furniture;7;2 428,63;online
00000288;2024-11-24;C1121;Mäkinen Toimisto;SKU-1010;Desk Lamp LED;Furniture;6;562,52;online
00000289;2025-07-24;C1302;Kjærstad Utstyr;SKU-1009;Webcam 1080p;Peripherals;4;727,39;direct
00000290;2025-10-20;C1343;Dansk Kontormiljø;SKU-1009;Webcam 1080p;Peripherals;8;743,59;partner
00000291;2025-07-04;C1242;Søndergaard A/S;SKU-1007;Noise Cancelling Headset;Peripherals;7;2 022,17;online
00000292;2024-02-29;C1287;Jyllands Inventar;SKU-1005;27in 4K Monitor;Displays;12;4 252,30;direct
00000293;2024-07-27;C1169;Bergström & Söner;SKU-1009;Webcam 1080p;Peripherals;9;719,83;direct
00000294;2024-02-22;C1137;Dansk Kontormiljø;SKU-1006;USB-C Dock;Accessories;2;1 922,94;retail
00000295;2025-11-18;C1286;Rødvig Møbler;SKU-1002;Standing Desk 140cm;Furniture;4;5 336,63;direct
00000296;2024-08-04;C1097;Ålesund Kontor;SKU-1004;Mechanical Keyboard;Peripherals;6;1 291,10;direct
00000297;2024-09-02;C1282;Väisänen Kaluste;SKU-1004;Mechanical Keyboard;Peripherals;12;1 048,06;partner
00000298;2024-09-24;C1184;Trondheim Utstyr;SKU-1007;Noise Cancelling Headset;Peripherals;8;2 011,33;direct
00000299;2024-07-27;C1189;Väisänen Kaluste;SKU-1002;Standing Desk 140cm;Furniture;12;5 729,98;direct
00000300;2024-01-17;C1133;Jyllands Inventar;SKU-1001;Ergonomic Desk Chair;Furniture;10;2 573,70;partner
00000301;2024-09-08;C1255;Väisänen Kaluste;SKU-1003;Monitor Arm Dual;Accessories;4;857,92;partner
00000302;2024-06-21;C1375;Hämäläinen Oy;SKU-1008;Laptop Stand Aluminium;Accessories;12;638,19;online
00000303;2025-07-09;C1328;Nordström Handel;SKU-1003;Monitor Arm Dual;Accessories;12;805,64;retail
00000304;2024-05-20;C1322;Søndergaard A/S;SKU-1002;Standing Desk 140cm;Furniture;11;4 429,96;retail
00000305;2024-03-02;C1316;Trondheim Utstyr;SKU-1003;Monitor Arm Dual;Accessories;1;878,25;direct
00000306;2024-01-18;C1271;Kärkkäinen Oy;SKU-1001;Ergonomic Desk Chair;Furniture;1;2 336,16;partner
00000307;2024-07-02;C1054;Ålesund Kontor;SKU-1001;Ergonomic Desk Chair;Furniture;9;2 525,30;online
00000308;2024-12-28;C1136;Dansk Kontormiljø;SKU-1004;Mechanical Keyboard;Peripherals;4;1 064,58;retail
00000309;2025-12-14;C1115;Mäkinen Toimisto;SKU-1006;USB-C Dock;Accessories;7;1 615,18;retail
00000310;2025-05-02;C1028;Lindqvist AB;SKU-1001;Ergonomic Desk Chair;Furniture;2;2 311,56;online
00000311;2024-12-05;C1289;Ålesund Kontor;SKU-1002;Standing Desk 140cm;Furniture;8;5 426,06;retail
00000312;2025-08-03;C1243;Kärkkäinen Oy;SKU-1004;Mechanical Keyboard;Peripherals;4;1 216,34;retail
00000313;2025-07-31;C1336;Nordström Handel;SKU-1002;Standing Desk 140cm;Furniture;11;5 822,93;online
00000314;2025-12-30;C1203;Bergström & Söner;SKU-1006;USB-C Dock;Accessories;1;1 795,69;partner
00000315;2025-02-02;C1346;Väisänen Kaluste;SKU-1003;Monitor Arm Dual;Accessories;10;979,35;direct
00000316;2024-12-20;C1027;Ålesund Kontor;SKU-1003;Monitor Arm Dual;Accessories;12;890,21;direct
00000317;2025-09-01;C1203;Väisänen Kaluste;SKU-1004;Mechanical Keyboard;Peripherals;2;1 242,81;retail
00000318;2025-01-19;C1221;Kjærstad Utstyr;SKU-1005;27in 4K Monitor;Displays;8;4 114,00;direct
00000319;2024-03-16;C1042;Kärkkäinen Oy;SKU-1002;Standing Desk 140cm;Furniture;10;4 804,46;online
00000320;2025-02-02;C1162;Hämäläinen Oy;SKU-1007;Noise Cancelling Headset;Peripherals;12;1 882,19;retail
00000321;2024-10-03;C1052;Møller Innredning;SKU-1002;Standing Desk 140cm;Furniture;1;5 113,79;retail
00000322;2025-02-21;C1052;Lindqvist AB;SKU-1003;Monitor Arm Dual;Accessories;7;904,62;retail
00000323;2024-11-28;C1197;Lindqvist AB;SKU-1006;USB-C Dock;Accessories;9;1 801,47;partner
00000324;2025-07-26;C1124;Kjærstad Utstyr;SKU-1007;Noise Cancelling Headset;Peripherals;7;2 241,65;direct
00000325;2024-05-29;C1032;Kjærstad Utstyr;SKU-1003;Monitor Arm Dual;Accessories;3;828,16;direct
00000326;2025-01-04;C1128;Søndergaard A/S;SKU-1005;27in 4K Monitor;Displays;7;4 664,64;direct
00000327;2024-11-07;C1003;Dansk Kontormiljø;SKU-1010;Desk Lamp LED;Furniture;10;458,69;partner
00000328;2024-12-08;C1220;Møller Innredning;SKU-1010;Desk Lamp LED;Furniture;7;493,41;partner
00000329;2024-11-17;C1090;Dansk Kontormiljø;SKU-1006;USB-C Dock;Accessories;10;1 592,95;partner
00000330;2025-08-12;C1400;Søndergaard A/S;SKU-1005;27in 4K Monitor;Displays;12;4 288,40;partner
00000331;2024-04-26;C1288;Rødvig Møbler;SKU-1007;Noise Cancelling Headset;Peripherals;5;2 032,55;online
00000332;2025-12-26;C1107;Uppsala Interiör;SKU-1009;Webcam 1080p;Peripherals;1;771,02;partner
00000333;2024-11-06;C1123;Kärkkäinen Oy;SKU-1002;Standing Desk 140cm;Furniture;7;4 637,12;online
00000334;2025-05-05;C1298;Dansk Kontormiljø;SKU-1007;Noise Cancelling Headset;Peripherals;7;2 409,14;direct
00000335;2025-07-03;C1304;Bergström & Söner;SKU-1009;Webcam 1080p;Peripherals;1;747,13;retail
00000336;2025-09-19;C1022;Dansk Kontormiljø;SKU-1004;Mechanical Keyboard;Peripherals;11;1 034,89;partner
00000337;2025-06-15;C1285;Søndergaard A/S;SKU-1007;Noise Cancelling Headset;Peripherals;-2;1 924,86;direct
00000338;2025-12-08;C1256;Møller Innredning;SKU-1006;USB-C Dock;Accessories;7;1 844,27;partner
00000339;2024-03-28;C1059;Møller Innredning;SKU-1001;Ergonomic Desk Chair;Furniture;8;2 339,50;partner
00000340;2025-05-09;C1178;Trondheim Utstyr;SKU-1005;27in 4K Monitor;Displays;6;3 921,86;retail
00000341;2024-11-03;C1022;Ålesund Kontor;SKU-1008;Laptop Stand Aluminium;Accessories;12;605,23;retail
00000342;2024-09-06;C1264;Kjærstad Utstyr;SKU-1006;USB-C Dock;Accessories;11;1 907,53;online
00000343;2025-02-18;C1322;Kjærstad Utstyr;SKU-1006;USB-C Dock;Accessories;9;1 730,08;online
00000344;2025-04-05;C1303;Jyllands Inventar;SKU-1007;Noise Cancelling Headset;Peripherals;-3;2 341,35;direct
00000345;2025-12-21;C1032;Ålesund Kontor;SKU-1001;Ergonomic Desk Chair;Furniture;12;2 240,41;online
00000346;2025-11-17;C1250;Väisänen Kaluste;SKU-1006;USB-C Dock;Accessories;6;1 547,33;direct
00000347;2025-04-13;C1316;Kjærstad Utstyr;SKU-1010;Desk Lamp LED;Furniture;7;496,28;partner
00000348;2024-04-30;C1122;Mäkinen Toimisto;SKU-1010;Desk Lamp LED;Furniture;10;462,90;retail
00000349;2025-03-04;C1305;Møller Innredning;SKU-1003;Monitor Arm Dual;Accessories;6;892,89;direct
00000350;2025-10-22;C1088;Kjærstad Utstyr;SKU-1007;Noise Cancelling Headset;Peripherals;3;2 123,55;direct
00000351;2025-09-26;C1027;Hämäläinen Oy;SKU-1005;27in 4K Monitor;Displays;3;4 741,16;retail
00000352;2025-07-29;C1258;Trondheim Utstyr;SKU-1008;Laptop Stand Aluminium;Accessories;3;617,72;direct
00000353;2024-06-20;C1042;Lindqvist AB;SKU-1008;Laptop Stand Aluminium;Accessories;7;629,22;online
00000354;2024-06-21;C1399;Uppsala Interiör;SKU-1005;27in 4K Monitor;Displays;1;4 348,52;direct
00000355;2025-07-10;C1187;Nordström Handel;SKU-1009;Webcam 1080p;Peripherals;9;689,72;direct
00000356;2025-10-31;C1384;Søndergaard A/S;SKU-1009;Webcam 1080p;Peripherals;4;686,97;partner
00000357;2024-03-30;C1224;Ålesund Kontor;SKU-1001;Ergonomic Desk Chair;Furniture;8;2 660,78;online
00000358;2025-12-28;C1312;Jyllands Inventar;SKU-1004;Mechanical Keyboard;Peripherals;12;1 098,47;online
00000359;2024-03-01;C1291;Hämäläinen Oy;SKU-1010;Desk Lamp LED;Furniture;3;568,91;partner
00000360;2024-10-26;C1148;Kärkkäinen Oy;SKU-1010;Desk Lamp LED;Furniture;9;594,72;retail
00000361;2025-11-02;C1064;Møller Innredning;SKU-1003;Monitor Arm Dual;Accessories;7;1 021,49;online
00000362;2025-11-23;C1201;Trondheim Utstyr;SKU-1003;Monitor Arm Dual;Accessories;12;822,60;online
00000363;2025-04-07;C1038;Bergström & Söner;SKU-1010;Desk Lamp LED;Furniture;11;506,62;direct
00000364;2025-01-12;C1232;Trondheim Utstyr;SKU-1009;Webcam 1080p;Peripherals;12;882,10;partner
00000365;2024-04-05;C1374;Uppsala Interiör;SKU-1010;Desk Lamp LED;Furniture;1;574,16;partner
00000366;2024-08-04;C1253;Kärkkäinen Oy;SKU-1002;Standing Desk 140cm;Furniture;9;5 930,28;partner
00000367;2025-05-11;C1175;Nordström Handel;SKU-1005;27in 4K Monitor;Displays;6;3 823,47;retail
00000368;2024-05-07;C1080;Uppsala Interiör;SKU-1002;Standing Desk 140cm;Furniture;11;5 136,95;direct
00000369;2024-05-15;C1332;Mäkinen Toimisto;SKU-1001;Ergonomic Desk Chair;Furniture;7;2 535,79;online
00000370;2025-01-15;C1340;Kjærstad Utstyr;SKU-1005;27in 4K Monitor;Displays;2;3 978,00;retail
00000371;2024-08-27;C1219;Bergström & Söner;SKU-1007;Noise Cancelling Headset;Peripherals;11;2 225,65;retail
00000372;2024-08-19;C1265;Uppsala Interiör;SKU-1001;Ergonomic Desk Chair;Furniture;4;2 135,54;retail
00000373;2025-03-08;C1355;Møller Innredning;SKU-1001;Ergonomic Desk Chair;Furniture;12;2 126,83;direct
00000374;2024-04-14;C1052;Väisänen Kaluste;SKU-1002;Standing Desk 140cm;Furniture;4;5 559,99;partner
00000375;2024-05-16;C1328;Møller Innredning;SKU-1005;27in 4K Monitor;Displays;3;4 704,24;retail
00000376;2024-12-25;C1369;Rødvig Møbler;SKU-1009;Webcam 1080p;Peripherals;-3;701,40;online
00000377;2024-03-29;C1051;Møller Innredning;SKU-1007;Noise Cancelling Headset;Peripherals;10;2 326,78;retail
00000378;2024-11-18;C1071;Søndergaard A/S;SKU-1010;Desk Lamp LED;Furniture;12;592,27;partner
00000379;2025-09-14;C1145;Lindqvist AB;SKU-1002;Standing Desk 140cm;Furniture;4;5 356,01;partner
00000380;2025-02-05;C1151;Nordström Handel;SKU-1004;Mechanical Keyboard;Peripherals;9;1 042,58;online
00000381;2025-08-31;C1036;Lindqvist AB;SKU-1008;Laptop Stand Aluminium;Accessories;7;639,92;partner
00000382;2025-03-06;C1187;Kjærstad Utstyr;SKU-1006;USB-C Dock;Accessories;3;1 927,96;direct
00000383;2024-08-08;C1020;Nordström Handel;SKU-1002;Standing Desk 140cm;Furniture;1;4 441,52;direct
00000384;2025-03-01;C1216;Dansk Kontormiljø;SKU-1009;Webcam 1080p;Peripherals;5;780,25;retail
00000385;2024-11-13;C1040;Rødvig Møbler;SKU-1009;Webcam 1080p;Peripherals;9;727,93;online
00000386;2025-10-27;C1348;Bergström & Söner;SKU-1009;Webcam 1080p;Peripherals;6;811,42;partner
00000387;2024-09-07;C1044;Jyllands Inventar;SKU-1007;Noise Cancelling Headset;Peripherals;12;1 935,34;retail
00000388;2025-11-04;C1379;Kjærstad Utstyr;SKU-1008;Laptop Stand Aluminium;Accessories;10;603,38;retail
00000389;2025-05-23;C1177;Kärkkäinen Oy;SKU-1001;Ergonomic Desk Chair;Furniture;12;2 048,17;online
00000390;2024-04-30;C1394;Lindqvist AB;SKU-1006;USB-C Dock;Accessories;3;1 946,07;partner
00000391;2025-08-13;C1321;Bergström & Söner;SKU-1007;Noise Cancelling Headset;Peripherals;5;1 950,66;direct
00000392;2025-08-03;C1085;Hämäläinen Oy;SKU-1008;Laptop Stand Aluminium;Accessories;9;639,93;online
00000393;2024-04-28;C1116;Lindqvist AB;SKU-1005;27in 4K Monitor;Displays;2;4 524,62;retail
00000394;2024-06-02;C1091;Nordström Handel;SKU-1001;Ergonomic Desk Chair;Furniture;4;2 302,06;direct
00000395;2024-11-23;C1138;Bergström & Söner;SKU-1004;Mechanical Keyboard;Peripherals;6;1 293,47;partner
00000396;2024-08-16;C1264;Nordström Handel;SKU-1002;Standing Desk 140cm;Furniture;9;4 502,17;direct
00000397;2024-11-14;C1167;Bergström & Söner;SKU-1002;Standing Desk 140cm;Furniture;8;5 626,70;direct
00000398;2024-11-07;C1378;Søndergaard A/S;SKU-1001;Ergonomic Desk Chair;Furniture;6;2 445,94;direct
00000399;2024-07-19;C1375;Søndergaard A/S;SKU-1006;USB-C Dock;Accessories;10;2 011,34;online
00000400;2025-12-11;C1004;Väisänen Kaluste;SKU-1001;Ergonomic Desk Chair;Furniture;-3;2 289,43;retail
00000401;2025-06-26;C1121;Jyllands Inventar;SKU-1007;Noise Cancelling Headset;Peripherals;12;1 850,49;direct
00000402;2024-08-25;C1266;Jyllands Inventar;SKU-1001;Ergonomic Desk Chair;Furniture;3;2 106,98;partner
00000403;2024-05-16;C1326;Dansk Kontormiljø;SKU-1008;Laptop Stand Aluminium;Accessories;12;562,35;retail
00000404;2024-05-13;C1121;Mäkinen Toimisto;SKU-1010;Desk Lamp LED;Furniture;10;545,34;partner
00000405;2024-11-21;C1231;Kärkkäinen Oy;SKU-1006;USB-C Dock;Accessories;7;1 873,56;online
00000406;2024-04-21;C1079;Ålesund Kontor;SKU-1002;Standing Desk 140cm;Furniture;4;5 621,43;online
00000407;2025-01-01;C1394;Rødvig Møbler;SKU-1008;Laptop Stand Aluminium;Accessories;8;567,18;direct
00000408;2024-06-10;C1351;Mäkinen Toimisto;SKU-1005;27in 4K Monitor;Displays;8;3 809,69;retail
00000409;2024-12-30;C1202;Nordström Handel;SKU-1004;Mechanical Keyboard;Peripherals;6;1 222,85;partner
00000410;2025-04-08;C1284;Søndergaard A/S;SKU-1005;27in 4K Monitor;Displays;3;4 176,67;retail
00000411;2024-01-13;C1031;Søndergaard A/S;SKU-1008;Laptop Stand Aluminium;Accessories;2;570,84;online
00000412;2025-10-22;C1043;Kärkkäinen Oy;SKU-1004;Mechanical Keyboard;Peripherals;7;1 194,95;retail
00000413;2024-05-11;C1047;Väisänen Kaluste;SKU-1001;Ergonomic Desk Chair;Furniture;2;2 505,11;retail
00000414;2025-03-19;C1370;Dansk Kontormiljø;SKU-1001;Ergonomic Desk Chair;Furniture;8;2 705,37;direct
00000415;2024-08-07;C1095;Kärkkäinen Oy;SKU-1001;Ergonomic Desk Chair;Furniture;7;2 164,42;partner
00000416;2024-09-08;C1331;Mäkinen Toimisto;SKU-1008;Laptop Stand Aluminium;Accessories;3;662,88;direct
00000417;2025-01-27;C1070;Jyllands Inventar;SKU-1007;Noise Cancelling Headset;Peripherals;9;1 840,26;online
00000418;2024-01-20;C1195;Hämäläinen Oy;SKU-1009;Webcam 1080p;Peripherals;4;850,71;direct
00000419;2024-11-25;C1198;Kärkkäinen Oy;SKU-1009;Webcam 1080p;Peripherals;8;795,36;online
00000420;2024-10-14;C1029;Trondheim Utstyr;SKU-1001;Ergonomic Desk Chair;Furniture;6;2 061,10;partner
00000421;2025-11-03;C1123;Kärkkäinen Oy;SKU-1010;Desk Lamp LED;Furniture;4;457,62;retail
00000422;2024-12-29;C1088;Kjærstad Utstyr;SKU-1004;Mechanical Keyboard;Peripherals;10;1 252,60;online
00000423;2025-08-28;C1014;Hämäläinen Oy;SKU-1010;Desk Lamp LED;Furniture;6;550,83;online
00000424;2025-05-19;C1277;Mäkinen Toimisto;SKU-1010;Desk Lamp LED;Furniture;4;568,42;online
00000425;2024-08-12;C1010;Trondheim Utstyr;SKU-1008;Laptop Stand Aluminium;Accessories;1;588,66;retail
00000426;2024-06-30;C1165;Nordström Handel;SKU-1006;USB-C Dock;Accessories;10;1 556,01;retail
00000427;2024-04-23;C1269;Hämäläinen Oy;SKU-1003;Monitor Arm Dual;Accessories;10;794,32;retail
00000428;2024-04-13;C1172;Mäkinen Toimisto;SKU-1006;USB-C Dock;Accessories;12;1 695,19;partner
00000429;2025-10-16;C1249;Väisänen Kaluste;SKU-1003;Monitor Arm Dual;Accessories;3;873,14;online
00000430;2024-12-31;C1114;Kjærstad Utstyr;SKU-1009;Webcam 1080p;Peripherals;12;806,61;direct
00000431;2024-01-02;C1359;Dansk Kontormiljø;SKU-1005;27in 4K Monitor;Displays;12;3 819,28;retail
00000432;2025-09-18;C1113;Ålesund Kontor;SKU-1003;Monitor Arm Dual;Accessories;10;972,45;
00000433;2024-11-23;C1085;Bergström & Söner;SKU-1003;Monitor Arm Dual;Accessories;6;820,04;partner
00000434;2024-03-10;C1179;Kärkkäinen Oy;SKU-1008;Laptop Stand Aluminium;Accessories;1;591,91;retail
00000435;2024-06-19;C1211;Trondheim Utstyr;SKU-1001;Ergonomic Desk Chair;Furniture;1;2 567,46;
00000436;2025-08-14;C1333;Søndergaard A/S;SKU-1006;USB-C Dock;Accessories;9;1 922,62;online
00000437;2024-01-21;C1163;Kärkkäinen Oy;SKU-1008;Laptop Stand Aluminium;Accessories;2;550,42;retail
00000438;2024-03-17;C1280;Bergström & Söner;SKU-1002;Standing Desk 140cm;Furniture;6;5 005,71;partner
00000439;2025-03-17;C1334;Kjærstad Utstyr;SKU-1010;Desk Lamp LED;Furniture;10;551,90;direct
00000440;2024-07-13;C1209;Kärkkäinen Oy;SKU-1003;Monitor Arm Dual;Accessories;1;811,38;partner
00000441;2025-07-16;C1251;Møller Innredning;SKU-1005;27in 4K Monitor;Displays;4;4 161,84;retail
00000442;2025-11-08;C1320;Trondheim Utstyr;SKU-1006;USB-C Dock;Accessories;1;1 642,14;online
00000443;2024-03-24;C1242;Ålesund Kontor;SKU-1002;Standing Desk 140cm;Furniture;1;5 415,58;partner
00000444;2024-04-03;C1328;Dansk Kontormiljø;SKU-1007;Noise Cancelling Headset;Peripherals;8;2 201,46;online
00000445;2024-09-26;C1225;Uppsala Interiör;SKU-1006;USB-C Dock;Accessories;7;1 721,53;partner
00000446;2025-12-14;C1341;Ålesund Kontor;SKU-1004;Mechanical Keyboard;Peripherals;5;1 029,64;retail
00000447;2024-08-20;C1283;Nordström Handel;SKU-1006;USB-C Dock;Accessories;9;1 884,64;direct
00000448;2025-05-01;C1293;Søndergaard A/S;SKU-1009;Webcam 1080p;Peripherals;7;823,77;direct
00000449;2024-02-05;C1257;Møller Innredning;SKU-1005;27in 4K Monitor;Displays;2;4 756,58;retail
00000450;2024-08-04;C1098;Møller Innredning;SKU-1008;Laptop Stand Aluminium;Accessories;3;576,10;retail
00000451;2025-10-04;C1075;Kärkkäinen Oy;SKU-1007;Noise Cancelling Headset;Peripherals;2;2 059,30;partner
00000452;2024-11-29;C1141;Uppsala Interiör;SKU-1002;Standing Desk 140cm;Furniture;2;5 039,87;retail
00000453;2025-02-28;C1076;Møller Innredning;SKU-1010;Desk Lamp LED;Furniture;10;507,46;retail
00000454;2025-07-02;C1176;Jyllands Inventar;SKU-1002;Standing Desk 140cm;Furniture;10;5 645,76;partner
00000455;2024-02-08;C1088;Kärkkäinen Oy;SKU-1007;Noise Cancelling Headset;Peripherals;11;2 168,65;direct
00000456;2024-02-09;C1202;Väisänen Kaluste;SKU-1003;Monitor Arm Dual;Accessories;10;941,71;online
00000457;2025-01-16;C1010;Väisänen Kaluste;SKU-1001;Ergonomic Desk Chair;Furniture;12;2 233,38;partner
00000458;2025-12-02;C1050;Søndergaard A/S;SKU-1005;27in 4K Monitor;Displays;5;4 762,12;online
00000459;2024-10-02;C1373;Jyllands Inventar;SKU-1005;27in 4K Monitor;Displays;12;4 720,31;retail
00000460;2025-05-11;C1388;Hämäläinen Oy;SKU-1004;Mechanical Keyboard;Peripherals;8;1 261,77;retail
00000461;2025-02-17;C1069;Lindqvist AB;SKU-1009;Webcam 1080p;Peripherals;3;829,04;online
00000462;2025-04-12;C1025;Hämäläinen Oy;SKU-1004;Mechanical Keyboard;Peripherals;4;1 063,57;online
00000463;2025-10-12;C1063;Lindqvist AB;SKU-1005;27in 4K Monitor;Displays;6;4 306,61;online
00000464;2025-04-30;C1300;Hämäläinen Oy;SKU-1006;USB-C Dock;Accessories;8;1 580,73;partner
00000465;2024-10-18;C1014;Dansk Kontormiljø;SKU-1003;Monitor Arm Dual;Accessories;5;940,42;retail
00000466;2024-08-14;C1331;Søndergaard A/S;SKU-1003;Monitor Arm Dual;Accessories;10;813,72;online
00000467;2025-11-29;C1004;Trondheim Utstyr;SKU-1005;27in 4K Monitor;Displays;11;3 680,87;online
00000468;2025-09-14;C1156;Kärkkäinen Oy;SKU-1003;Monitor Arm Dual;Accessories;10;816,25;direct
00000469;2024-11-05;C1346;Dansk Kontormiljø;SKU-1007;Noise Cancelling Headset;Peripherals;6;1 922,47;retail
00000470;2025-01-18;C1287;Mäkinen Toimisto;SKU-1001;Ergonomic Desk Chair;Furniture;9;2 735,87;partner
00000471;2025-10-17;C1166;Kärkkäinen Oy;SKU-1002;Standing Desk 140cm;Furniture;8;5 961,84;partner
00000472;2024-02-28;C1307;Dansk Kontormiljø;SKU-1005;27in 4K Monitor;Displays;4;4 642,46;partner
00000473;2024-09-22;C1214;Dansk Kontormiljø;SKU-1003;Monitor Arm Dual;Accessories;-2;1 022,82;direct
00000474;2024-07-13;C1175;Søndergaard A/S;SKU-1001;Ergonomic Desk Chair;Furniture;10;2 451,87;direct
00000475;2025-11-04;C1285;Kjærstad Utstyr;SKU-1006;USB-C Dock;Accessories;9;1 576,74;partner
00000476;2025-07-26;C1390;Kjærstad Utstyr;SKU-1002;Standing Desk 140cm;Furniture;8;4 823,50;partner
00000477;2024-11-10;C1215;Väisänen Kaluste;SKU-1002;Standing Desk 140cm;Furniture;4;5 580,97;partner
00000478;2025-04-26;C1027;Bergström & Söner;SKU-1005;27in 4K Monitor;Displays;10;4 753,07;direct
00000479;2025-06-26;C1152;Jyllands Inventar;SKU-1004;Mechanical Keyboard;Peripherals;9;1 212,34;retail
00000480;2025-08-06;C1234;Møller Innredning;SKU-1003;Monitor Arm Dual;Accessories;3;847,99;partner
00000481;2024-06-30;C1160;Nordström Handel;SKU-1003;Monitor Arm Dual;Accessories;2;924,99;retail
00000482;2025-08-13;C1391;Kjærstad Utstyr;SKU-1008;Laptop Stand Aluminium;Accessories;5;692,52;direct
00000483;2025-02-17;C1219;Trondheim Utstyr;SKU-1002;Standing Desk 140cm;Furniture;3;5 408,24;direct
00000484;2024-01-15;C1164;Rødvig Møbler;SKU-1001;Ergonomic Desk Chair;Furniture;1;2 566,07;retail
00000485;2024-12-18;C1159;Møller Innredning;SKU-1001;Ergonomic Desk Chair;Furniture;11;2 202,91;retail
00000486;2024-02-16;C1152;Mäkinen Toimisto;SKU-1007;Noise Cancelling Headset;Peripherals;9;1 890,22;direct
00000487;2025-12-04;C1068;Väisänen Kaluste;SKU-1009;Webcam 1080p;Peripherals;10;764,48;direct
00000488;2025-02-17;C1009;Søndergaard A/S;SKU-1006;USB-C Dock;Accessories;4;1 963,62;online
00000489;2024-06-22;C1063;Hämäläinen Oy;SKU-1003;Monitor Arm Dual;Accessories;4;913,95;retail
00000490;2024-02-19;C1304;Nordström Handel;SKU-1007;Noise Cancelling Headset;Peripherals;11;2 121,88;retail
00000491;2025-01-24;C1063;Kärkkäinen Oy;SKU-1001;Ergonomic Desk Chair;Furniture;1;2 340,08;direct
00000492;2024-11-04;C1215;Ålesund Kontor;SKU-1003;Monitor Arm Dual;Accessories;4;924,79;partner
00000493;2024-04-17;C1261;Ålesund Kontor;SKU-1010;Desk Lamp LED;Furniture;10;507,34;partner
00000494;2024-09-26;C1267;Rødvig Møbler;SKU-1002;Standing Desk 140cm;Furniture;2;5 370,04;partner
00000495;2024-07-31;C1352;Trondheim Utstyr;SKU-1007;Noise Cancelling Headset;Peripherals;5;2 130,33;partner
00000496;2025-08-10;C1342;Trondheim Utstyr;SKU-1004;Mechanical Keyboard;Peripherals;-1;1 290,37;online
00000497;2024-09-19;C1329;Søndergaard A/S;SKU-1002;Standing Desk 140cm;Furniture;9;5 548,78;direct
00000498;2024-06-27;C1020;Mäkinen Toimisto;SKU-1005;27in 4K Monitor;Displays;5;3 783,75;partner
00000499;2024-02-16;C1004;Møller Innredning;SKU-1006;USB-C Dock;Accessories;7;1 537,37;online
00000500;2024-10-01;C1375;Bergström & Söner;SKU-1006;USB-C Dock;Accessories;6;1 988,92;partner
00000501;2025-04-12;C1139;Dansk Kontormiljø;SKU-1006;USB-C Dock;Accessories;3;1 697,63;direct
00000502;2024-05-15;C1356;Nordström Handel;SKU-1007;Noise Cancelling Headset;Peripherals;11;1 890,07;online
00000503;2025-08-05;C1347;Uppsala Interiör;SKU-1002;Standing Desk 140cm;Furniture;7;5 172,97;online
00000504;2025-12-01;C1372;Møller Innredning;SKU-1010;Desk Lamp LED;Furniture;7;537,37;direct
00000505;2024-03-05;C1133;Väisänen Kaluste;SKU-1008;Laptop Stand Aluminium;Accessories;2;628,61;retail
00000506;2025-11-16;C1173;Ålesund Kontor;SKU-1009;Webcam 1080p;Peripherals;12;795,21;direct
00000507;2025-01-29;C1076;Nordström Handel;SKU-1004;Mechanical Keyboard;Peripherals;8;1 210,82;retail
00000508;2024-06-18;C1038;Trondheim Utstyr;SKU-1003;Monitor Arm Dual;Accessories;9;983,95;partner
00000509;2024-08-16;C1281;Dansk Kontormiljø;SKU-1004;Mechanical Keyboard;Peripherals;6;994,87;direct
00000510;2025-04-03;C1045;Trondheim Utstyr;SKU-1004;Mechanical Keyboard;Peripherals;2;1 253,94;direct
00000511;2024-01-19;C1052;Dansk Kontormiljø;SKU-1006;USB-C Dock;Accessories;2;1 878,75;direct
00000512;2025-09-10;C1316;Mäkinen Toimisto;SKU-1001;Ergonomic Desk Chair;Furniture;9;2 634,65;online
00000513;2024-08-16;C1232;Väisänen Kaluste;SKU-1008;Laptop Stand Aluminium;Accessories;6;554,42;direct
00000514;2025-11-05;C1113;Lindqvist AB;SKU-1006;USB-C Dock;Accessories;12;1 538,65;partner
00000515;2025-06-18;C1191;Ålesund Kontor;SKU-1006;USB-C Dock;Accessories;11;1 640,79;retail
00000516;2025-02-23;C1054;Kärkkäinen Oy;SKU-1003;Monitor Arm Dual;Accessories;8;947,90;online
00000517;2025-04-13;C1400;Rødvig Møbler;SKU-1004;Mechanical Keyboard;Peripherals;2;1 113,05;partner
00000518;2025-11-19;C1301;Ålesund Kontor;SKU-1002;Standing Desk 140cm;Furniture;7;5 407,86;direct
00000519;2025-05-25;C1002;Nordström Handel;SKU-1008;Laptop Stand Aluminium;Accessories;11;640,81;direct
00000520;2024-06-30;C1354;Kjærstad Utstyr;SKU-1010;Desk Lamp LED;Furniture;8;563,85;online
00000521;2024-11-25;C1258;Dansk Kontormiljø;SKU-1002;Standing Desk 140cm;Furniture;7;5 365,61;direct
00000522;2024-12-17;C1150;Uppsala Interiör;SKU-1010;Desk Lamp LED;Furniture;12;484,68;online
00000523;2025-06-08;C1153;Väisänen Kaluste;SKU-1003;Monitor Arm Dual;Accessories;7;993,18;online
00000524;2024-12-19;C1344;Møller Innredning;SKU-1004;Mechanical Keyboard;Peripherals;4;1 077,75;online
00000525;2024-04-28;C1389;Hämäläinen Oy;SKU-1009;Webcam 1080p;Peripherals;9;738,44;direct
00000526;2025-11-21;C1382;Mäkinen Toimisto;SKU-1010;Desk Lamp LED;Furniture;10;552,78;direct
00000527;2024-02-24;C1343;Nordström Handel;SKU-1001;Ergonomic Desk Chair;Furniture;9;2 314,23;online
00000528;2024-05-29;C1031;Mäkinen Toimisto;SKU-1005;27in 4K Monitor;Displays;3;4 536,57;online
00000529;2025-09-22;C1345;Søndergaard A/S;SKU-1009;Webcam 1080p;Peripherals;1;768,91;direct
00000530;2024-10-21;C1354;Nordström Handel;SKU-1004;Mechanical Keyboard;Peripherals;9;1 253,09;direct
00000531;2024-11-16;C1282;Nordström Handel;SKU-1007;Noise Cancelling Headset;Peripherals;7;2 399,77;retail
00000532;2025-03-29;C1115;Hämäläinen Oy;SKU-1005;27in 4K Monitor;Displays;4;4 662,39;online
00000533;2024-03-17;C1095;Kjærstad Utstyr;SKU-1004;Mechanical Keyboard;Peripherals;5;1 316,79;retail
00000534;2024-05-13;C1082;Kärkkäinen Oy;SKU-1007;Noise Cancelling Headset;Peripherals;1;2 135,66;retail
00000535;2024-06-06;C1165;Nordström Handel;SKU-1006;USB-C Dock;Accessories;8;1 568,77;partner
00000536;2025-12-25;C1162;Søndergaard A/S;SKU-1008;Laptop Stand Aluminium;Accessories;10;557,99;online
00000537;2025-07-10;C1274;Dansk Kontormiljø;SKU-1009;Webcam 1080p;Peripherals;2;700,29;retail
00000538;2024-12-05;C1184;Mäkinen Toimisto;SKU-1006;USB-C Dock;Accessories;4;1 835,75;online
00000539;2025-10-26;C1004;Ålesund Kontor;SKU-1010;Desk Lamp LED;Furniture;9;529,57;partner
00000540;2025-09-28;C1124;Nordström Handel;SKU-1008;Laptop Stand Aluminium;Accessories;4;661,83;partner
00000541;2024-10-16;C1012;Hämäläinen Oy;SKU-1007;Noise Cancelling Headset;Peripherals;2;2 125,35;direct
00000542;2024-11-24;C1263;Bergström & Söner;SKU-1008;Laptop Stand Aluminium;Accessories;1;669,09;retail
00000543;2024-08-03;C1343;Rødvig Møbler;SKU-1003;Monitor Arm Dual;Accessories;9;923,89;direct
00000544;2025-03-21;C1331;Bergström & Söner;SKU-1002;Standing Desk 140cm;Furniture;4;5 516,28;online
00000545;2024-03-16;C1027;Kjærstad Utstyr;SKU-1001;Ergonomic Desk Chair;Furniture;8;2 067,28;partner
00000546;2024-09-21;C1208;Dansk Kontormiljø;SKU-1009;Webcam 1080p;Peripherals;2;716,27;direct
00000547;2024-05-01;C1273;Lindqvist AB;SKU-1007;Noise Cancelling Headset;Peripherals;7;2 030,39;retail
00000548;2025-05-29;C1054;Mäkinen Toimisto;SKU-1010;Desk Lamp LED;Furniture;1;453,32;partner
00000549;2025-01-25;C1202;Lindqvist AB;SKU-1010;Desk Lamp LED;Furniture;2;586,56;direct
00000550;2025-07-12;C1151;Møller Innredning;SKU-1003;Monitor Arm Dual;Accessories;9;955,88;partner
00000551;2024-05-06;C1021;Lindqvist AB;SKU-1006;USB-C Dock;Accessories;1;1 778,91;direct
00000552;2024-12-18;C1108;Jyllands Inventar;SKU-1009;Webcam 1080p;Peripherals;9;734,30;online
00000553;2024-07-17;C1058;Kjærstad Utstyr;SKU-1003;Monitor Arm Dual;Accessories;3;979,38;retail
00000554;2025-11-18;C1034;Kärkkäinen Oy;SKU-1009;Webcam 1080p;Peripherals;8;680,12;retail
00000555;2024-12-31;C1065;Søndergaard A/S;SKU-1004;Mechanical Keyboard;Peripherals;12;1 305,78;retail
00000556;2025-05-12;C1230;Väisänen Kaluste;SKU-1005;27in 4K Monitor;Displays;10;3 904,61;partner
00000557;2024-11-19;C1219;Kjærstad Utstyr;SKU-1010;Desk Lamp LED;Furniture;3;498,86;retail
00000558;2025-10-18;C1223;Kärkkäinen Oy;SKU-1006;USB-C Dock;Accessories;4;1 861,40;partner
00000559;2025-04-18;C1228;Hämäläinen Oy;SKU-1003;Monitor Arm Dual;Accessories;11;990,90;partner
00000560;2024-03-24;C1143;Møller Innredning;SKU-1008;Laptop Stand Aluminium;Accessories;9;667,95;online
00000561;2024-03-18;C1009;Lindqvist AB;SKU-1005;27in 4K Monitor;Displays;12;3 753,64;direct
00000562;2025-07-10;C1276;Trondheim Utstyr;SKU-1010;Desk Lamp LED;Furniture;4;528,05;online
00000563;2024-10-24;C1068;Uppsala Interiör;SKU-1006;USB-C Dock;Accessories;7;1 892,88;retail
00000564;2025-09-20;C1350;Kjærstad Utstyr;SKU-1007;Noise Cancelling Headset;Peripherals;6;2 202,49;online
00000565;2025-11-06;C1074;Trondheim Utstyr;SKU-1008;Laptop Stand Aluminium;Accessories;3;726,15;partner
00000566;2024-09-27;C1189;Søndergaard A/S;SKU-1001;Ergonomic Desk Chair;Furniture;4;2 206,86;retail
00000567;2025-04-25;C1232;Nordström Handel;SKU-1004;Mechanical Keyboard;Peripherals;9;1 102,13;retail
00000568;2024-10-07;C1379;Kärkkäinen Oy;SKU-1006;USB-C Dock;Accessories;2;1 761,22;online
00000569;2024-03-20;C1264;Kärkkäinen Oy;SKU-1007;Noise Cancelling Headset;Peripherals;11;2 155,24;direct
00000570;2024-12-19;C1249;Trondheim Utstyr;SKU-1004;Mechanical Keyboard;Peripherals;9;1 259,45;retail
00000571;2025-06-10;C1329;Kärkkäinen Oy;SKU-1009;Webcam 1080p;Peripherals;3;716,82;online
00000572;2024-05-01;C1338;Søndergaard A/S;SKU-1003;Monitor Arm Dual;Accessories;3;917,24;direct
00000573;2025-05-05;C1107;Kjærstad Utstyr;SKU-1006;USB-C Dock;Accessories;12;1 842,00;direct
00000574;2024-06-13;C1068;Nordström Handel;SKU-1001;Ergonomic Desk Chair;Furniture;4;2 452,91;online
00000575;2025-02-19;C1306;Lindqvist AB;SKU-1001;Ergonomic Desk Chair;Furniture;3;2 169,63;partner
00000576;2025-05-08;C1087;Søndergaard A/S;SKU-1002;Standing Desk 140cm;Furniture;4;5 968,73;direct
00000577;2024-07-05;C1319;Kärkkäinen Oy;SKU-1010;Desk Lamp LED;Furniture;3;569,99;online
00000578;2025-01-22;C1197;Møller Innredning;SKU-1006;USB-C Dock;Accessories;8;1 523,64;retail
00000579;2025-12-01;C1214;Møller Innredning;SKU-1001;Ergonomic Desk Chair;Furniture;4;2 694,72;retail
00000580;2025-06-28;C1257;Ålesund Kontor;SKU-1003;Monitor Arm Dual;Accessories;8;916,65;retail
00000581;2024-01-02;C1396;Jyllands Inventar;SKU-1008;Laptop Stand Aluminium;Accessories;11;659,87;direct
00000582;2025-05-08;C1393;Dansk Kontormiljø;SKU-1006;USB-C Dock;Accessories;1;1 712,70;partner
00000583;2025-08-12;C1050;Jyllands Inventar;SKU-1010;Desk Lamp LED;Furniture;12;572,60;online
00000584;2024-03-26;C1145;Jyllands Inventar;SKU-1005;27in 4K Monitor;Displays;8;4 829,01;partner
00000585;2025-08-14;C1267;Ålesund Kontor;SKU-1004;Mechanical Keyboard;Peripherals;1;1 249,85;retail
00000586;2025-02-22;C1185;Ålesund Kontor;SKU-1007;Noise Cancelling Headset;Peripherals;11;2 291,70;online
00000587;2025-07-02;C1216;Hämäläinen Oy;SKU-1007;Noise Cancelling Headset;Peripherals;11;1 949,62;partner
00000588;2025-05-09;C1091;Hämäläinen Oy;SKU-1007;Noise Cancelling Headset;Peripherals;4;2 278,79;direct
00000589;2025-02-11;C1376;Møller Innredning;SKU-1005;27in 4K Monitor;Displays;5;4 653,71;retail
00000590;2024-04-12;C1109;Dansk Kontormiljø;SKU-1004;Mechanical Keyboard;Peripherals;8;1 304,99;partner
00000591;2024-06-13;C1199;Lindqvist AB;SKU-1009;Webcam 1080p;Peripherals;10;828,39;retail
00000592;2024-03-06;C1134;Søndergaard A/S;SKU-1003;Monitor Arm Dual;Accessories;8;872,75;partner
00000593;2025-02-14;C1314;Mäkinen Toimisto;SKU-1002;Standing Desk 140cm;Furniture;10;5 019,55;retail
00000594;2025-11-03;C1265;Mäkinen Toimisto;SKU-1003;Monitor Arm Dual;Accessories;11;759,36;online
00000595;2025-09-21;C1086;Nordström Handel;SKU-1001;Ergonomic Desk Chair;Furniture;10;2 542,88;partner
00000596;2024-10-09;C1399;Dansk Kontormiljø;SKU-1004;Mechanical Keyboard;Peripherals;-1;1 007,46;partner
00000597;2025-12-21;C1035;Bergström & Söner;SKU-1007;Noise Cancelling Headset;Peripherals;7;2 111,18;partner
00000598;2024-10-10;C1115;Rødvig Møbler;SKU-1009;Webcam 1080p;Peripherals;10;888,41;direct
00000599;2024-04-19;C1286;Bergström & Söner;SKU-1007;Noise Cancelling Headset;Peripherals;-1;2 041,49;partner
00000600;2025-07-04;C1294;Kärkkäinen Oy;SKU-1006;USB-C Dock;Accessories;2;1 989,77;direct
00000601;2024-12-13;C1397;Uppsala Interiör;SKU-1007;Noise Cancelling Headset;Peripherals;10;1 938,26;direct
00000602;2025-01-26;C1324;Søndergaard A/S;SKU-1010;Desk Lamp LED;Furniture;1;482,22;online
00000603;2024-01-10;C1358;Kärkkäinen Oy;SKU-1006;USB-C Dock;Accessories;7;1 758,66;online
00000604;2024-12-16;C1038;Kjærstad Utstyr;SKU-1005;27in 4K Monitor;Displays;2;4 620,94;direct
00000605;2024-07-06;C1382;Rødvig Møbler;SKU-1006;USB-C Dock;Accessories;6;1 788,70;direct
00000606;2024-07-30;C1117;Rødvig Møbler;SKU-1004;Mechanical Keyboard;Peripherals;4;1 278,60;online
00000607;2024-03-21;C1346;Trondheim Utstyr;SKU-1010;Desk Lamp LED;Furniture;6;458,64;retail
00000608;2024-11-18;C1252;Kärkkäinen Oy;SKU-1009;Webcam 1080p;Peripherals;1;749,86;direct
00000609;2025-08-13;C1065;Nordström Handel;SKU-1003;Monitor Arm Dual;Accessories;9;815,80;direct
00000610;2025-12-03;C1397;Kjærstad Utstyr;SKU-1008;Laptop Stand Aluminium;Accessories;9;610,68;direct
00000611;2024-01-09;C1006;Rødvig Møbler;SKU-1002;Standing Desk 140cm;Furniture;12;4 912,42;direct
00000612;2024-09-22;C1095;Kärkkäinen Oy;SKU-1010;Desk Lamp LED;Furniture;2;537,59;online
00000613;2024-07-07;C1255;Jyllands Inventar;SKU-1005;27in 4K Monitor;Displays;8;4 097,59;online
00000614;2025-02-14;C1143;Uppsala Interiör;SKU-1007;Noise Cancelling Headset;Peripherals;12;2 015,00;online
00000615;2024-04-12;C1369;Kärkkäinen Oy;SKU-1010;Desk Lamp LED;Furniture;3;549,02;online
00000616;2024-06-02;C1242;Lindqvist AB;SKU-1009;Webcam 1080p;Peripherals;7;708,88;online
00000617;2025-10-07;C1264;Väisänen Kaluste;SKU-1007;Noise Cancelling Headset;Peripherals;8;2 347,76;direct
00000618;2025-02-11;C1050;Kjærstad Utstyr;SKU-1005;27in 4K Monitor;Displays;5;4 387,51;retail
00000619;2025-04-05;C1381;Väisänen Kaluste;SKU-1004;Mechanical Keyboard;Peripherals;5;1 194,80;partner
00000620;2024-09-20;C1176;Lindqvist AB;SKU-1006;USB-C Dock;Accessories;6;1 976,72;direct
00000621;2024-07-22;C1295;Kjærstad Utstyr;SKU-1002;Standing Desk 140cm;Furniture;6;5 922,46;partner
00000622;2025-04-02;C1040;Dansk Kontormiljø;SKU-1006;USB-C Dock;Accessories;6;1 743,43;partner
00000623;2025-10-17;C1172;Jyllands Inventar;SKU-1008;Laptop Stand Aluminium;Accessories;11;710,71;direct
00000624;2024-11-20;C1334;Mäkinen Toimisto;SKU-1002;Standing Desk 140cm;Furniture;2;4 776,02;partner
00000625;2025-01-06;C1382;Uppsala Interiör;SKU-1010;Desk Lamp LED;Furniture;11;580,48;direct
00000626;2024-08-28;C1338;Kärkkäinen Oy;SKU-1003;Monitor Arm Dual;Accessories;3;789,89;retail
00000627;2025-04-29;C1280;Nordström Handel;SKU-1004;Mechanical Keyboard;Peripherals;3;1 010,47;retail
00000628;2024-09-25;C1316;Møller Innredning;SKU-1007;Noise Cancelling Headset;Peripherals;9;1 837,45;retail
00000629;2025-03-29;C1320;Møller Innredning;SKU-1007;Noise Cancelling Headset;Peripherals;5;2 249,68;online
00000630;2024-11-29;C1243;Uppsala Interiör;SKU-1009;Webcam 1080p;Peripherals;-3;746,50;partner
00000631;2025-07-06;C1090;Uppsala Interiör;SKU-1009;Webcam 1080p;Peripherals;8;884,95;direct
00000632;2024-12-21;C1246;Søndergaard A/S;SKU-1009;Webcam 1080p;Peripherals;11;735,46;retail
00000633;2024-11-06;C1005;Lindqvist AB;SKU-1008;Laptop Stand Aluminium;Accessories;5;593,88;online
00000634;2025-05-18;C1386;Trondheim Utstyr;SKU-1006;USB-C Dock;Accessories;5;1 491,87;partner
00000635;2024-01-08;C1280;Hämäläinen Oy;SKU-1001;Ergonomic Desk Chair;Furniture;7;2 469,84;online
00000636;2025-10-23;C1199;Dansk Kontormiljø;SKU-1007;Noise Cancelling Headset;Peripherals;9;1 942,43;online
00000637;2025-09-19;C1355;Kärkkäinen Oy;SKU-1005;27in 4K Monitor;Displays;2;3 964,03;partner
00000638;2024-07-05;C1069;Mäkinen Toimisto;SKU-1009;Webcam 1080p;Peripherals;5;862,71;retail
00000639;2025-05-18;C1096;Väisänen Kaluste;SKU-1008;Laptop Stand Aluminium;Accessories;10;678,49;retail
00000640;2024-04-14;C1144;Kärkkäinen Oy;SKU-1003;Monitor Arm Dual;Accessories;1;762,41;online
00000641;2025-05-20;C1111;Väisänen Kaluste;SKU-1008;Laptop Stand Aluminium;Accessories;-1;572,93;direct
00000642;2024-02-02;C1169;Bergström & Söner;SKU-1005;27in 4K Monitor;Displays;8;4 253,15;online
00000643;2025-04-26;C1092;Rødvig Møbler;SKU-1001;Ergonomic Desk Chair;Furniture;5;2 091,40;partner
00000644;2024-09-11;C1197;Uppsala Interiör;SKU-1007;Noise Cancelling Headset;Peripherals;1;2 268,93;online
00000645;2025-06-17;C1340;Rødvig Møbler;SKU-1001;Ergonomic Desk Chair;Furniture;4;2 595,12;direct
00000646;2024-06-11;C1322;Nordström Handel;SKU-1007;Noise Cancelling Headset;Peripherals;11;2 374,82;retail
00000647;2024-02-23;C1341;Rødvig Møbler;SKU-1005;27in 4K Monitor;Displays;8;3 911,35;
00000648;2024-10-09;C1299;Ålesund Kontor;SKU-1004;Mechanical Keyboard;Peripherals;11;982,70;direct
00000649;2025-12-08;C1243;Møller Innredning;SKU-1004;Mechanical Keyboard;Peripherals;1;1 177,97;partner
00000650;2025-09-25;C1173;Nordström Handel;SKU-1002;Standing Desk 140cm;Furniture;4;4 562,59;retail
00000651;2024-04-19;C1064;Trondheim Utstyr;SKU-1006;USB-C Dock;Accessories;11;1 769,09;online
00000652;2025-03-25;C1375;Rødvig Møbler;SKU-1006;USB-C Dock;Accessories;9;1 884,77;retail
00000653;2024-02-10;C1248;Uppsala Interiör;SKU-1007;Noise Cancelling Headset;Peripherals;6;1 942,94;partner
00000654;2025-07-10;C1178;Väisänen Kaluste;SKU-1009;Webcam 1080p;Peripherals;12;795,61;direct
00000655;2024-03-11;C1271;Møller Innredning;SKU-1005;27in 4K Monitor;Displays;10;4 370,33;direct
00000656;2025-10-15;C1259;Dansk Kontormiljø;SKU-1005;27in 4K Monitor;Displays;5;4 240,76;online
00000657;2024-09-01;C1164;Bergström & Söner;SKU-1001;Ergonomic Desk Chair;Furniture;10;2 598,73;
00000658;2024-06-06;C1313;Mäkinen Toimisto;SKU-1004;Mechanical Keyboard;Peripherals;9;1 241,68;partner
00000659;2025-11-05;C1034;Nordström Handel;SKU-1007;Noise Cancelling Headset;Peripherals;11;1 845,64;online
00000660;2024-04-11;C1016;Dansk Kontormiljø;SKU-1003;Monitor Arm Dual;Accessories;1;886,09;direct
00000661;2025-01-10;C1113;Bergström & Söner;SKU-1009;Webcam 1080p;Peripherals;10;722,89;retail
00000662;2024-03-22;C1239;Nordström Handel;SKU-1004;Mechanical Keyboard;Peripherals;11;1 284,47;partner
00000663;2025-01-12;C1362;Nordström Handel;SKU-1009;Webcam 1080p;Peripherals;12;760,33;partner
00000664;2024-03-20;C1110;Ålesund Kontor;SKU-1009;Webcam 1080p;Peripherals;1;858,26;retail
00000665;2025-11-03;C1127;Kjærstad Utstyr;SKU-1004;Mechanical Keyboard;Peripherals;9;1 044,13;direct
00000666;2025-12-20;C1340;Jyllands Inventar;SKU-1002;Standing Desk 140cm;Furniture;11;5 472,21;retail
00000667;2025-11-04;C1080;Uppsala Interiör;SKU-1003;Monitor Arm Dual;Accessories;3;891,25;partner
00000668;2025-01-15;C1211;Jyllands Inventar;SKU-1006;USB-C Dock;Accessories;9;1 657,94;partner
00000669;2025-07-17;C1381;Kärkkäinen Oy;SKU-1010;Desk Lamp LED;Furniture;4;475,37;partner
00000670;2024-02-05;C1145;Lindqvist AB;SKU-1008;Laptop Stand Aluminium;Accessories;8;544,04;online
00000671;2024-11-18;C1011;Kärkkäinen Oy;SKU-1005;27in 4K Monitor;Displays;1;3 941,23;online
00000672;2024-09-28;C1187;Søndergaard A/S;SKU-1002;Standing Desk 140cm;Furniture;1;4 663,53;online
00000673;2024-08-10;C1375;Bergström & Söner;SKU-1005;27in 4K Monitor;Displays;5;4 170,74;partner
00000674;2025-12-20;C1295;Ålesund Kontor;SKU-1008;Laptop Stand Aluminium;Accessories;3;716,61;partner
00000675;2024-02-27;C1394;Väisänen Kaluste;SKU-1001;Ergonomic Desk Chair;Furniture;12;2 314,71;partner
00000676;2024-08-20;C1382;Lindqvist AB;SKU-1007;Noise Cancelling Headset;Peripherals;7;1 860,94;direct
00000677;2025-08-01;C1076;Väisänen Kaluste;SKU-1001;Ergonomic Desk Chair;Furniture;5;2 269,91;online
00000678;2025-04-01;C1385;Bergström & Söner;SKU-1003;Monitor Arm Dual;Accessories;1;1 022,80;online
00000679;2024-12-10;C1042;Trondheim Utstyr;SKU-1007;Noise Cancelling Headset;Peripherals;5;1 878,25;retail
00000680;2025-03-20;C1396;Møller Innredning;SKU-1009;Webcam 1080p;Peripherals;7;756,26;online
00000681;2025-08-08;C1100;Søndergaard A/S;SKU-1008;Laptop Stand Aluminium;Accessories;9;619,90;online
00000682;2025-08-12;C1045;Ålesund Kontor;SKU-1002;Standing Desk 140cm;Furniture;5;4 924,52;direct
00000683;2025-08-31;C1335;Lindqvist AB;SKU-1007;Noise Cancelling Headset;Peripherals;6;1 987,07;partner
00000684;2025-03-28;C1319;Møller Innredning;SKU-1003;Monitor Arm Dual;Accessories;6;1 020,87;
00000685;2024-03-28;C1057;Nordström Handel;SKU-1001;Ergonomic Desk Chair;Furniture;4;2 309,15;online
00000686;2024-01-15;C1175;Ålesund Kontor;SKU-1010;Desk Lamp LED;Furniture;3;569,94;partner
00000687;2024-08-04;C1104;Kärkkäinen Oy;SKU-1008;Laptop Stand Aluminium;Accessories;-1;686,08;direct
00000688;2025-11-15;C1009;Dansk Kontormiljø;SKU-1010;Desk Lamp LED;Furniture;12;550,43;retail
00000689;2025-12-14;C1316;Kärkkäinen Oy;SKU-1005;27in 4K Monitor;Displays;3;3 913,90;retail
00000690;2025-11-07;C1138;Hämäläinen Oy;SKU-1008;Laptop Stand Aluminium;Accessories;11;556,79;retail
00000691;2024-08-24;C1194;Ålesund Kontor;SKU-1001;Ergonomic Desk Chair;Furniture;5;2 507,58;partner
00000692;2025-05-27;C1234;Lindqvist AB;SKU-1008;Laptop Stand Aluminium;Accessories;10;579,79;retail
00000693;2024-06-09;C1009;Hämäläinen Oy;SKU-1004;Mechanical Keyboard;Peripherals;9;1 146,53;partner
00000694;2025-05-28;C1141;Nordström Handel;SKU-1006;USB-C Dock;Accessories;11;2 010,40;partner
00000695;2024-08-18;C1077;Väisänen Kaluste;SKU-1007;Noise Cancelling Headset;Peripherals;1;2 382,94;direct
00000696;2025-11-25;C1313;Søndergaard A/S;SKU-1003;Monitor Arm Dual;Accessories;2;895,53;direct
00000697;2025-09-11;C1168;Uppsala Interiör;SKU-1004;Mechanical Keyboard;Peripherals;10;1 312,34;online
00000698;2024-07-26;C1070;Mäkinen Toimisto;SKU-1004;Mechanical Keyboard;Peripherals;11;1 164,27;online
00000699;2024-06-10;C1162;Bergström & Söner;SKU-1007;Noise Cancelling Headset;Peripherals;3;2 140,85;retail
00000700;2024-01-31;C1391;Väisänen Kaluste;SKU-1003;Monitor Arm Dual;Accessories;6;795,35;direct
00000701;2025-10-14;C1378;Kärkkäinen Oy;SKU-1007;Noise Cancelling Headset;Peripherals;5;2 373,27;
00000702;2025-09-18;C1315;Kärkkäinen Oy;SKU-1004;Mechanical Keyboard;Peripherals;2;986,54;online
00000703;2024-03-22;C1352;Trondheim Utstyr;SKU-1010;Desk Lamp LED;Furniture;4;446,07;online
00000704;2024-07-07;C1198;Trondheim Utstyr;SKU-1009;Webcam 1080p;Peripherals;10;815,00;
00000705;2024-01-16;C1138;Jyllands Inventar;SKU-1003;Monitor Arm Dual;Accessories;3;765,11;online
00000706;2025-03-25;C1315;Trondheim Utstyr;SKU-1004;Mechanical Keyboard;Peripherals;4;1 297,35;partner
00000707;2025-09-14;C1376;Dansk Kontormiljø;SKU-1008;Laptop Stand Aluminium;Accessories;4;693,03;partner
00000708;2025-07-03;C1268;Nordström Handel;SKU-1007;Noise Cancelling Headset;Peripherals;10;2 145,32;retail
00000709;2024-09-08;C1265;Dansk Kontormiljø;SKU-1008;Laptop Stand Aluminium;Accessories;8;552,14;retail
00000710;2024-02-20;C1097;Mäkinen Toimisto;SKU-1009;Webcam 1080p;Peripherals;7;810,57;direct
00000711;2024-06-19;C1216;Mäkinen Toimisto;SKU-1007;Noise Cancelling Headset;Peripherals;5;1 965,13;retail
00000712;2024-04-02;C1369;Ålesund Kontor;SKU-1009;Webcam 1080p;Peripherals;3;814,19;online
00000713;2024-11-27;C1230;Lindqvist AB;SKU-1010;Desk Lamp LED;Furniture;12;503,32;online
00000714;2025-04-10;C1046;Kärkkäinen Oy;SKU-1008;Laptop Stand Aluminium;Accessories;10;715,99;partner
00000715;2025-12-24;C1230;Hämäläinen Oy;SKU-1003;Monitor Arm Dual;Accessories;12;780,85;retail
00000716;2025-06-07;C1313;Kjærstad Utstyr;SKU-1009;Webcam 1080p;Peripherals;12;848,11;direct
00000717;2024-12-09;C1289;Møller Innredning;SKU-1009;Webcam 1080p;Peripherals;7;702,99;online
00000718;2024-11-11;C1158;Uppsala Interiör;SKU-1003;Monitor Arm Dual;Accessories;3;770,20;partner
00000719;2024-01-04;C1318;Kärkkäinen Oy;SKU-1003;Monitor Arm Dual;Accessories;2;1 012,94;retail
00000720;2024-01-06;C1311;Trondheim Utstyr;SKU-1008;Laptop Stand Aluminium;Accessories;8;648,35;online
00000721;2025-03-28;C1040;Lindqvist AB;SKU-1004;Mechanical Keyboard;Peripherals;10;1 134,04;online
00000722;2024-07-31;C1025;Kjærstad Utstyr;SKU-1009;Webcam 1080p;Peripherals;5;793,47;online
00000723;2024-02-03;C1341;Mäkinen Toimisto;SKU-1001;Ergonomic Desk Chair;Furniture;11;2 144,67;partner
00000724;2024-06-14;C1344;Mäkinen Toimisto;SKU-1002;Standing Desk 140cm;Furniture;1;5 970,23;online
00000725;2024-04-05;C1393;Mäkinen Toimisto;SKU-1008;Laptop Stand Aluminium;Accessories;12;722,84;partner
00000726;2025-07-17;C1033;Mäkinen Toimisto;SKU-1006;USB-C Dock;Accessories;7;1 885,68;direct
00000727;2025-06-23;C1211;Rødvig Møbler;SKU-1003;Monitor Arm Dual;Accessories;2;829,77;online
00000728;2025-10-06;C1270;Bergström & Söner;SKU-1010;Desk Lamp LED;Furniture;1;555,84;direct
00000729;2024-11-20;C1132;Hämäläinen Oy;SKU-1010;Desk Lamp LED;Furniture;12;536,98;online
00000730;2025-05-24;C1252;Kjærstad Utstyr;SKU-1010;Desk Lamp LED;Furniture;10;555,75;online
00000731;2024-04-30;C1377;Rødvig Møbler;SKU-1005;27in 4K Monitor;Displays;-1;4 254,70;direct
00000732;2025-10-14;C1108;Lindqvist AB;SKU-1007;Noise Cancelling Headset;Peripherals;1;2 138,06;online
00000733;2025-06-02;C1281;Väisänen Kaluste;SKU-1005;27in 4K Monitor;Displays;5;4 052,03;retail
00000734;2025-08-05;C1315;Lindqvist AB;SKU-1002;Standing Desk 140cm;Furniture;11;5 037,84;online
00000735;2025-05-05;C1242;Nordström Handel;SKU-1004;Mechanical Keyboard;Peripherals;6;1 295,69;online
00000736;2025-07-03;C1171;Uppsala Interiör;SKU-1008;Laptop Stand Aluminium;Accessories;3;715,28;direct
00000737;2024-11-19;C1284;Lindqvist AB;SKU-1001;Ergonomic Desk Chair;Furniture;9;2 561,97;online
00000738;2024-12-28;C1033;Møller Innredning;SKU-1010;Desk Lamp LED;Furniture;11;584,93;partner
00000739;2024-06-18;C1292;Dansk Kontormiljø;SKU-1001;Ergonomic Desk Chair;Furniture;6;2 491,09;online
00000740;2025-12-23;C1161;Nordström Handel;SKU-1010;Desk Lamp LED;Furniture;2;559,24;
00000741;2025-04-07;C1154;Rødvig Møbler;SKU-1007;Noise Cancelling Headset;Peripherals;2;1 934,71;partner
00000742;2024-07-25;C1047;Uppsala Interiör;SKU-1003;Monitor Arm Dual;Accessories;2;766,48;retail
00000743;2025-05-10;C1375;Mäkinen Toimisto;SKU-1008;Laptop Stand Aluminium;Accessories;9;609,30;partner
00000744;2025-11-23;C1067;Rødvig Møbler;SKU-1003;Monitor Arm Dual;Accessories;2;1 006,95;retail
00000745;2024-01-05;C1159;Nordström Handel;SKU-1008;Laptop Stand Aluminium;Accessories;7;644,29;retail
00000746;2025-11-05;C1381;Mäkinen Toimisto;SKU-1006;USB-C Dock;Accessories;8;1 541,63;retail
00000747;2024-07-24;C1098;Mäkinen Toimisto;SKU-1010;Desk Lamp LED;Furniture;5;474,74;partner
00000748;2024-10-06;C1076;Kjærstad Utstyr;SKU-1009;Webcam 1080p;Peripherals;6;820,04;partner
00000749;2024-04-14;C1105;Hämäläinen Oy;SKU-1002;Standing Desk 140cm;Furniture;1;5 293,02;partner
00000750;2025-08-10;C1125;Kjærstad Utstyr;SKU-1005;27in 4K Monitor;Displays;3;4 692,16;retail
00000751;2024-02-21;C1066;Lindqvist AB;SKU-1005;27in 4K Monitor;Displays;10;4 352,34;direct
00000752;2025-02-05;C1091;Uppsala Interiör;SKU-1001;Ergonomic Desk Chair;Furniture;2;2 102,01;partner
00000753;2025-11-17;C1273;Bergström & Söner;SKU-1005;27in 4K Monitor;Displays;6;4 574,64;direct
00000754;2025-12-16;C1239;Ålesund Kontor;SKU-1010;Desk Lamp LED;Furniture;3;567,17;direct
00000755;2025-04-26;C1118;Søndergaard A/S;SKU-1005;27in 4K Monitor;Displays;11;4 643,78;online
00000756;2025-12-17;C1340;Väisänen Kaluste;SKU-1010;Desk Lamp LED;Furniture;5;503,16;partner
00000757;2024-12-25;C1245;Uppsala Interiör;SKU-1008;Laptop Stand Aluminium;Accessories;8;635,26;online
00000758;2024-04-15;C1207;Ålesund Kontor;SKU-1005;27in 4K Monitor;Displays;6;3 819,34;partner
00000759;2025-04-17;C1205;Jyllands Inventar;SKU-1009;Webcam 1080p;Peripherals;11;733,70;online
00000760;2025-01-28;C1033;Väisänen Kaluste;SKU-1010;Desk Lamp LED;Furniture;4;593,93;online
00000761;2024-12-16;C1278;Søndergaard A/S;SKU-1010;Desk Lamp LED;Furniture;7;509,92;online
00000762;2025-05-13;C1058;Uppsala Interiör;SKU-1002;Standing Desk 140cm;Furniture;12;5 315,73;partner
00000763;2025-02-19;C1035;Ålesund Kontor;SKU-1009;Webcam 1080p;Peripherals;2;704,22;direct
00000764;2024-08-10;C1071;Lindqvist AB;SKU-1006;USB-C Dock;Accessories;8;1 519,78;online
00000765;2025-08-14;C1228;Rødvig Møbler;SKU-1003;Monitor Arm Dual;Accessories;8;860,63;online
00000766;2024-11-07;C1222;Hämäläinen Oy;SKU-1006;USB-C Dock;Accessories;5;1 966,93;retail
00000767;2024-05-10;C1150;Nordström Handel;SKU-1010;Desk Lamp LED;Furniture;1;521,63;partner
00000768;2025-01-02;C1056;Mäkinen Toimisto;SKU-1009;Webcam 1080p;Peripherals;-3;855,06;retail
00000769;2024-11-21;C1364;Dansk Kontormiljø;SKU-1004;Mechanical Keyboard;Peripherals;7;1 113,52;direct
00000770;2025-05-01;C1071;Rødvig Møbler;SKU-1007;Noise Cancelling Headset;Peripherals;7;2 202,37;direct
00000771;2025-11-17;C1064;Møller Innredning;SKU-1006;USB-C Dock;Accessories;7;2 011,16;retail
00000772;2025-11-04;C1223;Møller Innredning;SKU-1002;Standing Desk 140cm;Furniture;-3;5 800,43;retail
00000773;2025-12-13;C1309;Jyllands Inventar;SKU-1003;Monitor Arm Dual;Accessories;11;986,16;online
00000774;2025-01-28;C1181;Søndergaard A/S;SKU-1008;Laptop Stand Aluminium;Accessories;9;701,45;online
00000775;2024-08-30;C1364;Kärkkäinen Oy;SKU-1007;Noise Cancelling Headset;Peripherals;-2;2 318,49;direct
00000776;2025-08-04;C1247;Hämäläinen Oy;SKU-1009;Webcam 1080p;Peripherals;10;891,91;retail
00000777;2025-06-23;C1384;Kärkkäinen Oy;SKU-1010;Desk Lamp LED;Furniture;8;454,49;direct
00000778;2024-09-08;C1241;Bergström & Söner;SKU-1009;Webcam 1080p;Peripherals;2;805,76;partner
00000779;2024-01-12;C1240;Uppsala Interiör;SKU-1010;Desk Lamp LED;Furniture;1;525,47;direct
00000780;2024-10-28;C1148;Kjærstad Utstyr;SKU-1010;Desk Lamp LED;Furniture;12;497,05;retail
00000781;2024-09-23;C1031;Trondheim Utstyr;SKU-1010;Desk Lamp LED;Furniture;12;564,46;online
00000782;2025-10-01;C1013;Mäkinen Toimisto;SKU-1010;Desk Lamp LED;Furniture;1;487,51;direct
00000783;2024-10-11;C1129;Møller Innredning;SKU-1002;Standing Desk 140cm;Furniture;3;5 748,25;partner
00000784;2025-08-28;C1378;Møller Innredning;SKU-1005;27in 4K Monitor;Displays;-1;4 433,93;direct
00000785;2025-05-11;C1092;Nordström Handel;SKU-1006;USB-C Dock;Accessories;3;1 855,41;partner
00000786;2025-05-22;C1385;Jyllands Inventar;SKU-1002;Standing Desk 140cm;Furniture;3;5 701,89;direct
00000787;2024-08-03;C1295;Hämäläinen Oy;SKU-1004;Mechanical Keyboard;Peripherals;11;1 197,46;retail
00000788;2025-05-02;C1154;Trondheim Utstyr;SKU-1005;27in 4K Monitor;Displays;2;4 253,58;online
00000789;2024-05-28;C1271;Jyllands Inventar;SKU-1007;Noise Cancelling Headset;Peripherals;11;2 083,99;retail
00000790;2025-06-26;C1349;Nordström Handel;SKU-1005;27in 4K Monitor;Displays;8;4 062,24;retail
00000791;2025-09-17;C1333;Kärkkäinen Oy;SKU-1009;Webcam 1080p;Peripherals;11;860,55;partner
00000792;2025-08-21;C1200;Uppsala Interiör;SKU-1005;27in 4K Monitor;Displays;5;3 984,39;online
00000793;2024-07-03;C1160;Lindqvist AB;SKU-1010;Desk Lamp LED;Furniture;4;547,72;retail
00000794;2025-12-02;C1228;Hämäläinen Oy;SKU-1002;Standing Desk 140cm;Furniture;1;5 239,41;online
00000795;2024-04-04;C1029;Rødvig Møbler;SKU-1005;27in 4K Monitor;Displays;5;3 685,57;retail
00000796;2025-11-03;C1391;Kjærstad Utstyr;SKU-1002;Standing Desk 140cm;Furniture;2;4 622,66;retail
00000797;2024-03-18;C1327;Uppsala Interiör;SKU-1003;Monitor Arm Dual;Accessories;5;932,85;partner
00000798;2024-11-27;C1131;Kjærstad Utstyr;SKU-1007;Noise Cancelling Headset;Peripherals;12;2 270,02;retail
00000799;2024-03-02;C1132;Kärkkäinen Oy;SKU-1005;27in 4K Monitor;Displays;1;4 084,12;online
00000800;2025-09-16;C1201;Kjærstad Utstyr;SKU-1008;Laptop Stand Aluminium;Accessories;2;722,29;direct
00000801;2025-09-20;C1329;Ålesund Kontor;SKU-1002;Standing Desk 140cm;Furniture;3;5 092,76;direct
00000802;2024-09-13;C1397;Uppsala Interiör;SKU-1005;27in 4K Monitor;Displays;2;3 745,83;retail
00000803;2024-02-08;C1340;Dansk Kontormiljø;SKU-1008;Laptop Stand Aluminium;Accessories;3;544,17;partner
00000804;2024-01-04;C1263;Trondheim Utstyr;SKU-1003;Monitor Arm Dual;Accessories;12;860,99;direct
00000805;2024-03-12;C1276;Søndergaard A/S;SKU-1007;Noise Cancelling Headset;Peripherals;7;2 276,99;retail
00000806;2025-08-03;C1274;Hämäläinen Oy;SKU-1007;Noise Cancelling Headset;Peripherals;12;2 088,70;partner
00000807;2025-10-24;C1046;Hämäläinen Oy;SKU-1005;27in 4K Monitor;Displays;7;4 941,15;partner
00000808;2024-07-26;C1090;Nordström Handel;SKU-1002;Standing Desk 140cm;Furniture;8;4 872,34;direct
00000809;2025-10-07;C1352;Hämäläinen Oy;SKU-1004;Mechanical Keyboard;Peripherals;5;1 286,78;direct
00000810;2024-02-06;C1098;Lindqvist AB;SKU-1002;Standing Desk 140cm;Furniture;11;4 715,56;online
00000811;2024-11-11;C1255;Uppsala Interiör;SKU-1008;Laptop Stand Aluminium;Accessories;7;647,79;retail
00000812;2024-02-13;C1207;Ålesund Kontor;SKU-1001;Ergonomic Desk Chair;Furniture;6;2 607,20;online
00000813;2025-07-03;C1076;Søndergaard A/S;SKU-1009;Webcam 1080p;Peripherals;8;866,63;retail
00000814;2025-04-27;C1316;Nordström Handel;SKU-1001;Ergonomic Desk Chair;Furniture;12;2 510,76;online
00000815;2024-11-10;C1049;Uppsala Interiör;SKU-1003;Monitor Arm Dual;Accessories;1;769,84;online
00000816;2025-05-24;C1304;Søndergaard A/S;SKU-1010;Desk Lamp LED;Furniture;2;458,59;retail
00000817;2025-11-25;C1205;Väisänen Kaluste;SKU-1004;Mechanical Keyboard;Peripherals;7;1 265,88;retail
00000818;2024-08-06;C1391;Nordström Handel;SKU-1010;Desk Lamp LED;Furniture;9;572,48;online
00000819;2025-03-01;C1086;Hämäläinen Oy;SKU-1006;USB-C Dock;Accessories;2;1 561,65;online
00000820;2024-04-12;C1323;Dansk Kontormiljø;SKU-1008;Laptop Stand Aluminium;Accessories;4;551,81;online
00000821;2024-04-01;C1361;Mäkinen Toimisto;SKU-1001;Ergonomic Desk Chair;Furniture;8;2 045,20;direct
00000822;2024-10-04;C1267;Uppsala Interiör;SKU-1008;Laptop Stand Aluminium;Accessories;12;571,47;direct
00000823;2024-07-03;C1367;Trondheim Utstyr;SKU-1004;Mechanical Keyboard;Peripherals;3;990,48;retail
00000824;2024-07-15;C1060;Ålesund Kontor;SKU-1005;27in 4K Monitor;Displays;6;4 374,45;partner
00000825;2025-11-06;C1106;Kärkkäinen Oy;SKU-1009;Webcam 1080p;Peripherals;9;843,26;retail
00000826;2025-04-30;C1254;Kjærstad Utstyr;SKU-1004;Mechanical Keyboard;Peripherals;2;1 213,91;online
00000827;2025-03-21;C1128;Väisänen Kaluste;SKU-1001;Ergonomic Desk Chair;Furniture;1;2 245,25;direct
00000828;2024-06-29;C1080;Lindqvist AB;SKU-1001;Ergonomic Desk Chair;Furniture;2;2 705,90;direct
00000829;2025-03-31;C1303;Väisänen Kaluste;SKU-1009;Webcam 1080p;Peripherals;2;718,06;direct
00000830;2024-04-22;C1166;Søndergaard A/S;SKU-1004;Mechanical Keyboard;Peripherals;12;1 089,86;retail
00000831;2024-08-13;C1037;Trondheim Utstyr;SKU-1004;Mechanical Keyboard;Peripherals;12;1 046,48;direct
00000832;2025-04-10;C1091;Dansk Kontormiljø;SKU-1001;Ergonomic Desk Chair;Furniture;7;2 708,08;partner
00000833;2024-10-03;C1103;Väisänen Kaluste;SKU-1003;Monitor Arm Dual;Accessories;8;925,25;online
00000834;2024-04-23;C1238;Uppsala Interiör;SKU-1001;Ergonomic Desk Chair;Furniture;12;2 242,03;direct
00000835;2024-06-09;C1326;Kjærstad Utstyr;SKU-1003;Monitor Arm Dual;Accessories;6;835,31;online
00000836;2024-08-09;C1302;Trondheim Utstyr;SKU-1002;Standing Desk 140cm;Furniture;7;5 183,17;direct
00000837;2024-09-09;C1126;Väisänen Kaluste;SKU-1005;27in 4K Monitor;Displays;1;4 604,67;direct
00000838;2024-06-01;C1293;Lindqvist AB;SKU-1010;Desk Lamp LED;Furniture;4;534,32;direct
00000839;2025-05-31;C1017;Jyllands Inventar;SKU-1001;Ergonomic Desk Chair;Furniture;1;2 568,10;direct
00000840;2024-09-03;C1042;Lindqvist AB;SKU-1008;Laptop Stand Aluminium;Accessories;12;630,87;direct
00000841;2024-04-02;C1008;Trondheim Utstyr;SKU-1004;Mechanical Keyboard;Peripherals;3;1 059,98;partner
00000842;2025-08-20;C1012;Uppsala Interiör;SKU-1003;Monitor Arm Dual;Accessories;12;908,79;direct
00000843;2025-01-14;C1320;Uppsala Interiör;SKU-1003;Monitor Arm Dual;Accessories;12;967,39;retail
00000844;2024-02-03;C1151;Jyllands Inventar;SKU-1002;Standing Desk 140cm;Furniture;7;4 939,33;partner
00000845;2025-12-02;C1041;Väisänen Kaluste;SKU-1010;Desk Lamp LED;Furniture;9;474,31;retail
00000846;2025-01-27;C1187;Uppsala Interiör;SKU-1009;Webcam 1080p;Peripherals;11;675,07;retail
00000847;2024-03-09;C1287;Rødvig Møbler;SKU-1006;USB-C Dock;Accessories;6;1 780,86;online
00000848;2025-08-17;C1359;Rødvig Møbler;SKU-1006;USB-C Dock;Accessories;4;1 828,25;online
00000849;2025-03-09;C1141;Nordström Handel;SKU-1006;USB-C Dock;Accessories;6;1 751,87;retail
00000850;2024-05-05;C1240;Mäkinen Toimisto;SKU-1006;USB-C Dock;Accessories;6;1 750,76;direct
00000851;2024-03-08;C1096;Uppsala Interiör;SKU-1010;Desk Lamp LED;Furniture;6;589,48;retail
00000852;2024-03-19;C1055;Kjærstad Utstyr;SKU-1002;Standing Desk 140cm;Furniture;7;4 869,86;partner
00000853;2024-07-28;C1266;Lindqvist AB;SKU-1002;Standing Desk 140cm;Furniture;12;4 654,78;partner
00000854;2024-12-21;C1215;Uppsala Interiör;SKU-1007;Noise Cancelling Headset;Peripherals;11;1 868,18;retail
00000855;2024-08-25;C1266;Väisänen Kaluste;SKU-1005;27in 4K Monitor;Displays;4;4 779,61;
00000856;2025-05-12;C1303;Uppsala Interiör;SKU-1010;Desk Lamp LED;Furniture;6;564,74;direct
00000857;2024-06-24;C1133;Søndergaard A/S;SKU-1005;27in 4K Monitor;Displays;10;4 673,26;direct
00000858;2024-12-27;C1145;Uppsala Interiör;SKU-1006;USB-C Dock;Accessories;5;1 512,34;online
00000859;2024-06-28;C1362;Møller Innredning;SKU-1010;Desk Lamp LED;Furniture;3;486,50;online
00000860;2024-05-09;C1225;Kärkkäinen Oy;SKU-1004;Mechanical Keyboard;Peripherals;2;1 086,74;partner
00000861;2024-11-20;C1176;Møller Innredning;SKU-1003;Monitor Arm Dual;Accessories;4;765,76;partner
00000862;2024-05-04;C1012;Dansk Kontormiljø;SKU-1008;Laptop Stand Aluminium;Accessories;9;646,46;direct
00000863;2025-07-13;C1259;Väisänen Kaluste;SKU-1003;Monitor Arm Dual;Accessories;8;798,17;partner
00000864;2025-08-10;C1341;Møller Innredning;SKU-1008;Laptop Stand Aluminium;Accessories;5;688,80;direct
00000865;2024-02-11;C1071;Ålesund Kontor;SKU-1006;USB-C Dock;Accessories;12;1 738,97;partner
00000866;2024-12-31;C1047;Väisänen Kaluste;SKU-1001;Ergonomic Desk Chair;Furniture;7;2 198,66;retail
00000867;2024-10-11;C1100;Lindqvist AB;SKU-1010;Desk Lamp LED;Furniture;11;524,12;retail
00000868;2025-06-08;C1201;Rødvig Møbler;SKU-1009;Webcam 1080p;Peripherals;8;887,08;direct
00000869;2025-11-13;C1184;Dansk Kontormiljø;SKU-1006;USB-C Dock;Accessories;10;1 982,79;online
00000870;2024-12-19;C1179;Mäkinen Toimisto;SKU-1007;Noise Cancelling Headset;Peripherals;6;1 792,68;
00000871;2025-03-01;C1226;Mäkinen Toimisto;SKU-1009;Webcam 1080p;Peripherals;2;870,75;online
00000872;2025-08-24;C1306;Bergström & Söner;SKU-1007;Noise Cancelling Headset;Peripherals;12;1 872,93;online
00000873;2024-12-09;C1033;Dansk Kontormiljø;SKU-1004;Mechanical Keyboard;Peripherals;5;1 276,80;retail
00000874;2024-06-28;C1284;Uppsala Interiör;SKU-1001;Ergonomic Desk Chair;Furniture;7;2 236,80;online
00000875;2025-05-17;C1021;Mäkinen Toimisto;SKU-1004;Mechanical Keyboard;Peripherals;3;1 077,36;partner
00000876;2024-01-03;C1078;Kärkkäinen Oy;SKU-1008;Laptop Stand Aluminium;Accessories;9;587,11;partner
00000877;2025-03-03;C1091;Trondheim Utstyr;SKU-1008;Laptop Stand Aluminium;Accessories;2;715,40;online
00000878;2024-03-09;C1306;Hämäläinen Oy;SKU-1001;Ergonomic Desk Chair;Furniture;2;2 395,00;direct
00000879;2025-05-02;C1355;Ålesund Kontor;SKU-1010;Desk Lamp LED;Furniture;7;539,97;partner
00000880;2024-06-15;C1297;Nordström Handel;SKU-1009;Webcam 1080p;Peripherals;12;860,80;online
00000881;2024-06-16;C1027;Kärkkäinen Oy;SKU-1006;USB-C Dock;Accessories;8;1 558,64;partner
00000882;2024-10-23;C1149;Bergström & Söner;SKU-1007;Noise Cancelling Headset;Peripherals;11;2 009,27;online
00000883;2024-11-26;C1161;Mäkinen Toimisto;SKU-1003;Monitor Arm Dual;Accessories;2;801,13;partner
00000884;2024-05-27;C1006;Møller Innredning;SKU-1006;USB-C Dock;Accessories;2;1 672,11;partner
00000885;2024-06-15;C1052;Rødvig Møbler;SKU-1006;USB-C Dock;Accessories;8;1 970,98;online
00000886;2025-07-26;C1314;Ålesund Kontor;SKU-1009;Webcam 1080p;Peripherals;4;849,05;direct
00000887;2024-01-18;C1245;Hämäläinen Oy;SKU-1008;Laptop Stand Aluminium;Accessories;2;569,20;
00000888;2025-09-03;C1267;Väisänen Kaluste;SKU-1006;USB-C Dock;Accessories;3;1 954,61;online
00000889;2024-05-11;C1355;Møller Innredning;SKU-1005;27in 4K Monitor;Displays;1;3 807,99;online
00000890;2025-03-11;C1353;Ålesund Kontor;SKU-1005;27in 4K Monitor;Displays;3;4 920,63;retail
00000891;2024-04-20;C1016;Nordström Handel;SKU-1001;Ergonomic Desk Chair;Furniture;8;2 070,61;direct
00000892;2024-01-11;C1386;Ålesund Kontor;SKU-1002;Standing Desk 140cm;Furniture;5;4 890,57;retail
00000893;2025-11-17;C1179;Lindqvist AB;SKU-1010;Desk Lamp LED;Furniture;4;473,20;retail
00000894;2024-12-22;C1180;Kjærstad Utstyr;SKU-1003;Monitor Arm Dual;Accessories;12;1 009,83;online
00000895;2024-01-15;C1270;Rødvig Møbler;SKU-1009;Webcam 1080p;Peripherals;10;854,78;
00000896;2024-04-11;C1109;Trondheim Utstyr;SKU-1005;27in 4K Monitor;Displays;3;4 347,89;partner
00000897;2024-07-04;C1181;Dansk Kontormiljø;SKU-1010;Desk Lamp LED;Furniture;3;591,41;direct
00000898;2024-11-17;C1063;Uppsala Interiör;SKU-1004;Mechanical Keyboard;Peripherals;9;1 016,43;retail
00000899;2024-10-22;C1285;Nordström Handel;SKU-1009;Webcam 1080p;Peripherals;3;747,53;retail
00000900;2025-09-06;C1376;Mäkinen Toimisto;SKU-1006;USB-C Dock;Accessories;8;1 636,40;direct
00000901;2025-03-14;C1096;Bergström & Söner;SKU-1004;Mechanical Keyboard;Peripherals;9;1 317,31;direct
00000902;2024-04-17;C1202;Uppsala Interiör;SKU-1006;USB-C Dock;Accessories;-3;1 745,62;retail
00000903;2024-04-14;C1379;Kjærstad Utstyr;SKU-1002;Standing Desk 140cm;Furniture;3;5 504,26;retail
00000904;2025-02-17;C1062;Søndergaard A/S;SKU-1006;USB-C Dock;Accessories;4;1 799,85;direct
00000905;2025-08-30;C1139;Dansk Kontormiljø;SKU-1008;Laptop Stand Aluminium;Accessories;5;691,07;partner
00000906;2025-05-11;C1261;Kärkkäinen Oy;SKU-1008;Laptop Stand Aluminium;Accessories;11;621,65;online
00000907;2024-08-24;C1321;Møller Innredning;SKU-1008;Laptop Stand Aluminium;Accessories;2;637,95;retail
00000908;2025-11-25;C1013;Kjærstad Utstyr;SKU-1002;Standing Desk 140cm;Furniture;12;4 526,44;direct
00000909;2025-09-30;C1049;Bergström & Söner;SKU-1010;Desk Lamp LED;Furniture;11;489,23;direct
00000910;2025-05-31;C1133;Väisänen Kaluste;SKU-1008;Laptop Stand Aluminium;Accessories;4;639,60;retail
00000911;2025-04-05;C1161;Dansk Kontormiljø;SKU-1001;Ergonomic Desk Chair;Furniture;7;2 125,78;direct
00000912;2024-11-06;C1361;Kjærstad Utstyr;SKU-1008;Laptop Stand Aluminium;Accessories;1;650,88;direct
00000913;2024-04-22;C1291;Trondheim Utstyr;SKU-1007;Noise Cancelling Headset;Peripherals;3;2 030,12;direct
00000914;2025-02-04;C1134;Trondheim Utstyr;SKU-1008;Laptop Stand Aluminium;Accessories;9;641,28;
00000915;2024-11-24;C1031;Lindqvist AB;SKU-1010;Desk Lamp LED;Furniture;11;594,53;retail
00000916;2024-01-28;C1391;Väisänen Kaluste;SKU-1003;Monitor Arm Dual;Accessories;6;954,63;direct
00000917;2024-12-25;C1028;Søndergaard A/S;SKU-1002;Standing Desk 140cm;Furniture;7;4 977,49;online
00000918;2025-12-05;C1033;Mäkinen Toimisto;SKU-1004;Mechanical Keyboard;Peripherals;11;1 006,80;retail
00000919;2025-11-04;C1216;Jyllands Inventar;SKU-1006;USB-C Dock;Accessories;-2;1 507,12;partner
00000920;2024-11-20;C1193;Dansk Kontormiljø;SKU-1001;Ergonomic Desk Chair;Furniture;12;2 056,01;partner
00000921;2025-11-22;C1105;Väisänen Kaluste;SKU-1010;Desk Lamp LED;Furniture;2;457,61;direct
00000922;2025-01-07;C1223;Rødvig Møbler;SKU-1009;Webcam 1080p;Peripherals;11;806,87;direct
00000923;2024-10-31;C1293;Dansk Kontormiljø;SKU-1002;Standing Desk 140cm;Furniture;9;4 833,64;online
00000924;2025-08-15;C1048;Väisänen Kaluste;SKU-1010;Desk Lamp LED;Furniture;12;553,96;partner
00000925;2024-08-02;C1177;Bergström & Söner;SKU-1002;Standing Desk 140cm;Furniture;10;5 161,42;partner
00000926;2024-07-23;C1212;Dansk Kontormiljø;SKU-1009;Webcam 1080p;Peripherals;5;789,35;partner
00000927;2024-07-03;C1009;Kjærstad Utstyr;SKU-1010;Desk Lamp LED;Furniture;9;561,10;direct
00000928;2025-04-23;C1137;Jyllands Inventar;SKU-1004;Mechanical Keyboard;Peripherals;11;1 233,56;retail
00000929;2024-06-03;C1382;Mäkinen Toimisto;SKU-1009;Webcam 1080p;Peripherals;4;697,57;direct
00000930;2025-10-11;C1104;Jyllands Inventar;SKU-1007;Noise Cancelling Headset;Peripherals;6;2 359,02;partner
00000931;2024-08-29;C1207;Søndergaard A/S;SKU-1005;27in 4K Monitor;Displays;11;4 541,04;retail
00000932;2025-07-27;C1223;Jyllands Inventar;SKU-1003;Monitor Arm Dual;Accessories;-2;880,43;retail
00000933;2024-10-11;C1337;Kjærstad Utstyr;SKU-1004;Mechanical Keyboard;Peripherals;3;987,55;retail
00000934;2024-11-17;C1308;Mäkinen Toimisto;SKU-1008;Laptop Stand Aluminium;Accessories;1;716,13;retail
00000935;2025-02-10;C1370;Møller Innredning;SKU-1007;Noise Cancelling Headset;Peripherals;6;2 343,00;online
00000936;2025-06-18;C1340;Kärkkäinen Oy;SKU-1002;Standing Desk 140cm;Furniture;10;5 875,38;direct
00000937;2024-11-16;C1168;Dansk Kontormiljø;SKU-1002;Standing Desk 140cm;Furniture;4;5 626,18;online
00000938;2024-10-08;C1225;Jyllands Inventar;SKU-1007;Noise Cancelling Headset;Peripherals;4;1 895,35;partner
00000939;2024-04-25;C1162;Jyllands Inventar;SKU-1010;Desk Lamp LED;Furniture;1;500,45;direct
00000940;2025-01-06;C1243;Hämäläinen Oy;SKU-1004;Mechanical Keyboard;Peripherals;5;1 300,76;partner
00000941;2025-11-09;C1027;Søndergaard A/S;SKU-1001;Ergonomic Desk Chair;Furniture;11;2 476,19;partner
00000942;2025-01-06;C1350;Ålesund Kontor;SKU-1009;Webcam 1080p;Peripherals;7;887,29;online
00000943;2024-09-18;C1154;Bergström & Söner;SKU-1008;Laptop Stand Aluminium;Accessories;-2;722,08;online
00000944;2025-03-25;C1323;Väisänen Kaluste;SKU-1005;27in 4K Monitor;Displays;4;3 861,69;
00000945;2025-05-18;C1241;Jyllands Inventar;SKU-1001;Ergonomic Desk Chair;Furniture;5;2 632,70;partner
00000946;2025-06-02;C1033;Hämäläinen Oy;SKU-1007;Noise Cancelling Headset;Peripherals;2;2 225,04;direct
00000947;2025-04-09;C1355;Lindqvist AB;SKU-1010;Desk Lamp LED;Furniture;12;557,09;retail
00000948;2024-01-04;C1205;Rødvig Møbler;SKU-1003;Monitor Arm Dual;Accessories;11;927,67;partner
00000949;2025-06-12;C1365;Møller Innredning;SKU-1006;USB-C Dock;Accessories;10;1 570,36;direct
00000950;2024-09-23;C1088;Väisänen Kaluste;SKU-1006;USB-C Dock;Accessories;8;1 873,47;partner
00000951;2025-01-21;C1292;Søndergaard A/S;SKU-1004;Mechanical Keyboard;Peripherals;2;1 040,25;
00000952;2024-04-01;C1236;Rødvig Møbler;SKU-1001;Ergonomic Desk Chair;Furniture;9;2 491,17;partner
00000953;2024-09-23;C1076;Bergström & Söner;SKU-1003;Monitor Arm Dual;Accessories;1;871,02;partner
00000954;2025-03-21;C1395;Uppsala Interiör;SKU-1003;Monitor Arm Dual;Accessories;10;948,36;direct
00000955;2024-09-29;C1147;Trondheim Utstyr;SKU-1002;Standing Desk 140cm;Furniture;4;4 717,25;direct
00000956;2024-10-16;C1372;Rødvig Møbler;SKU-1003;Monitor Arm Dual;Accessories;7;916,72;direct
00000957;2024-09-25;C1120;Uppsala Interiör;SKU-1003;Monitor Arm Dual;Accessories;7;764,18;online
00000958;2024-01-11;C1240;Møller Innredning;SKU-1006;USB-C Dock;Accessories;10;1 728,04;partner
00000959;2025-03-09;C1376;Kärkkäinen Oy;SKU-1007;Noise Cancelling Headset;Peripherals;11;2 026,60;retail
00000960;2024-08-28;C1241;Hämäläinen Oy;SKU-1002;Standing Desk 140cm;Furniture;9;4 939,27;retail
00000961;2025-02-08;C1343;Hämäläinen Oy;SKU-1001;Ergonomic Desk Chair;Furniture;5;2 314,28;online
00000962;2025-05-30;C1252;Väisänen Kaluste;SKU-1009;Webcam 1080p;Peripherals;1;723,91;direct
00000963;2024-05-25;C1133;Ålesund Kontor;SKU-1003;Monitor Arm Dual;Accessories;2;898,12;partner
00000964;2024-10-14;C1382;Hämäläinen Oy;SKU-1001;Ergonomic Desk Chair;Furniture;3;2 740,83;direct
00000965;2024-09-27;C1264;Väisänen Kaluste;SKU-1005;27in 4K Monitor;Displays;5;4 637,42;direct
00000966;2024-06-03;C1284;Uppsala Interiör;SKU-1003;Monitor Arm Dual;Accessories;6;887,67;retail
00000967;2025-04-26;C1133;Kjærstad Utstyr;SKU-1004;Mechanical Keyboard;Peripherals;3;1 040,68;direct
00000968;2024-02-11;C1226;Hämäläinen Oy;SKU-1007;Noise Cancelling Headset;Peripherals;2;2 369,14;direct
00000969;2024-05-31;C1063;Hämäläinen Oy;SKU-1008;Laptop Stand Aluminium;Accessories;8;682,19;retail
00000970;2025-06-04;C1139;Rødvig Møbler;SKU-1004;Mechanical Keyboard;Peripherals;5;1 035,56;retail
00000971;2024-09-09;C1393;Trondheim Utstyr;SKU-1009;Webcam 1080p;Peripherals;10;878,38;retail
00000972;2024-05-04;C1201;Hämäläinen Oy;SKU-1006;USB-C Dock;Accessories;1;2 002,70;retail
00000973;2025-11-06;C1245;Uppsala Interiör;SKU-1006;USB-C Dock;Accessories;-2;1 923,62;partner
00000974;2025-04-08;C1166;Møller Innredning;SKU-1010;Desk Lamp LED;Furniture;-1;544,36;online
00000975;2024-03-13;C1280;Dansk Kontormiljø;SKU-1001;Ergonomic Desk Chair;Furniture;11;2 614,67;retail
00000976;2025-02-12;C1045;Lindqvist AB;SKU-1007;Noise Cancelling Headset;Peripherals;5;2 392,98;online
00000977;2025-10-31;C1078;Ålesund Kontor;SKU-1003;Monitor Arm Dual;Accessories;7;832,58;partner
00000978;2025-12-02;C1308;Møller Innredning;SKU-1008;Laptop Stand Aluminium;Accessories;7;720,97;partner
00000979;2025-02-01;C1243;Kärkkäinen Oy;SKU-1002;Standing Desk 140cm;Furniture;6;5 183,81;direct
00000980;2025-03-20;C1322;Jyllands Inventar;SKU-1002;Standing Desk 140cm;Furniture;7;5 377,63;retail
00000981;2024-08-17;C1331;Møller Innredning;SKU-1001;Ergonomic Desk Chair;Furniture;9;2 373,74;direct
00000982;2025-04-24;C1223;Bergström & Söner;SKU-1009;Webcam 1080p;Peripherals;11;682,65;direct
00000983;2024-11-03;C1127;Jyllands Inventar;SKU-1005;27in 4K Monitor;Displays;3;4 537,76;partner
00000984;2025-06-09;C1055;Jyllands Inventar;SKU-1010;Desk Lamp LED;Furniture;1;585,10;direct
00000985;2024-09-16;C1181;Kärkkäinen Oy;SKU-1002;Standing Desk 140cm;Furniture;8;5 306,83;retail
00000986;2024-07-02;C1093;Dansk Kontormiljø;SKU-1009;Webcam 1080p;Peripherals;1;817,81;retail
00000987;2025-08-24;C1370;Uppsala Interiör;SKU-1002;Standing Desk 140cm;Furniture;7;4 884,33;direct
00000988;2024-07-10;C1108;Kjærstad Utstyr;SKU-1010;Desk Lamp LED;Furniture;5;585,23;retail
00000989;2025-07-01;C1009;Lindqvist AB;SKU-1010;Desk Lamp LED;Furniture;5;458,59;direct
00000990;2025-12-09;C1207;Trondheim Utstyr;SKU-1002;Standing Desk 140cm;Furniture;1;5 164,31;partner
00000991;2025-12-07;C1345;Dansk Kontormiljø;SKU-1010;Desk Lamp LED;Furniture;10;547,11;partner
00000992;2024-01-17;C1356;Rødvig Møbler;SKU-1002;Standing Desk 140cm;Furniture;3;4 717,65;retail
00000993;2025-03-22;C1320;Rødvig Møbler;SKU-1004;Mechanical Keyboard;Peripherals;8;1 201,66;retail
00000994;2024-04-29;C1085;Møller Innredning;SKU-1005;27in 4K Monitor;Displays;8;4 199,22;direct
00000995;2024-07-25;C1150;Dansk Kontormiljø;SKU-1008;Laptop Stand Aluminium;Accessories;-2;656,36;retail
00000996;2025-03-18;C1212;Trondheim Utstyr;SKU-1006;USB-C Dock;Accessories;1;1 932,51;partner
00000997;2025-09-18;C1347;Trondheim Utstyr;SKU-1001;Ergonomic Desk Chair;Furniture;8;2 409,62;online
00000998;2024-03-06;C1137;Jyllands Inventar;SKU-1001;Ergonomic Desk Chair;Furniture;-3;2 267,41;direct
00000999;2025-04-04;C1357;Jyllands Inventar;SKU-1002;Standing Desk 140cm;Furniture;8;5 428,04;retail
00001000;2025-03-24;C1118;Søndergaard A/S;SKU-1003;Monitor Arm Dual;Accessories;5;881,79;partner
00001001;2024-10-27;C1370;Dansk Kontormiljø;SKU-1010;Desk Lamp LED;Furniture;12;462,46;direct
00001002;2025-09-28;C1106;Mäkinen Toimisto;SKU-1006;USB-C Dock;Accessories;8;1 930,88;retail
00001003;2025-05-18;C1051;Jyllands Inventar;SKU-1008;Laptop Stand Aluminium;Accessories;3;574,01;direct
00001004;2024-01-19;C1183;Kärkkäinen Oy;SKU-1005;27in 4K Monitor;Displays;4;3 715,69;partner
00001005;2024-02-02;C1032;Väisänen Kaluste;SKU-1003;Monitor Arm Dual;Accessories;3;995,32;direct
00001006;2025-05-13;C1132;Väisänen Kaluste;SKU-1002;Standing Desk 140cm;Furniture;10;5 296,69;partner
00001007;2025-12-07;C1263;Ålesund Kontor;SKU-1001;Ergonomic Desk Chair;Furniture;9;2 148,85;retail
00001008;2024-04-18;C1400;Ålesund Kontor;SKU-1008;Laptop Stand Aluminium;Accessories;8;689,11;retail
00001009;2024-07-29;C1185;Kjærstad Utstyr;SKU-1009;Webcam 1080p;Peripherals;2;690,63;partner
00001010;2024-06-06;C1331;Hämäläinen Oy;SKU-1008;Laptop Stand Aluminium;Accessories;9;711,13;partner
00001011;2025-03-01;C1393;Lindqvist AB;SKU-1003;Monitor Arm Dual;Accessories;2;873,74;online
00001012;2024-09-29;C1190;Jyllands Inventar;SKU-1008;Laptop Stand Aluminium;Accessories;6;576,88;partner
00001013;2024-08-21;C1070;Jyllands Inventar;SKU-1004;Mechanical Keyboard;Peripherals;3;1 160,23;direct
00001014;2025-11-29;C1185;Lindqvist AB;SKU-1007;Noise Cancelling Headset;Peripherals;8;2 110,18;direct
00001015;2024-03-12;C1043;Väisänen Kaluste;SKU-1003;Monitor Arm Dual;Accessories;1;894,63;partner
00001016;2024-02-07;C1338;Møller Innredning;SKU-1007;Noise Cancelling Headset;Peripherals;3;2 032,76;retail
00001017;2025-12-18;C1283;Mäkinen Toimisto;SKU-1009;Webcam 1080p;Peripherals;5;870,27;partner
00001018;2025-09-17;C1075;Dansk Kontormiljø;SKU-1006;USB-C Dock;Accessories;1;1 960,11;direct
00001019;2025-03-28;C1357;Hämäläinen Oy;SKU-1004;Mechanical Keyboard;Peripherals;9;1 190,77;direct
00001020;2025-02-03;C1371;Møller Innredning;SKU-1004;Mechanical Keyboard;Peripherals;5;1 162,91;partner
00001021;2024-12-14;C1387;Kjærstad Utstyr;SKU-1004;Mechanical Keyboard;Peripherals;2;1 085,23;retail
00001022;2024-11-07;C1371;Jyllands Inventar;SKU-1001;Ergonomic Desk Chair;Furniture;9;2 213,76;retail
00001023;2024-05-06;C1024;Ålesund Kontor;SKU-1001;Ergonomic Desk Chair;Furniture;6;2 405,40;direct
00001024;2024-08-29;C1381;Søndergaard A/S;SKU-1005;27in 4K Monitor;Displays;10;4 239,56;partner
00001025;2025-08-09;C1344;Møller Innredning;SKU-1005;27in 4K Monitor;Displays;5;4 706,45;direct
00001026;2025-08-19;C1098;Hämäläinen Oy;SKU-1009;Webcam 1080p;Peripherals;12;739,72;
00001027;2024-03-24;C1047;Nordström Handel;SKU-1002;Standing Desk 140cm;Furniture;3;5 712,36;direct
00001028;2025-11-24;C1269;Dansk Kontormiljø;SKU-1003;Monitor Arm Dual;Accessories;8;777,35;direct
00001029;2025-03-26;C1352;Trondheim Utstyr;SKU-1005;27in 4K Monitor;Displays;10;4 201,21;direct
00001030;2025-04-13;C1066;Ålesund Kontor;SKU-1003;Monitor Arm Dual;Accessories;3;885,93;online
00001031;2025-07-26;C1189;Ålesund Kontor;SKU-1008;Laptop Stand Aluminium;Accessories;8;574,11;direct
00001032;2025-06-19;C1078;Ålesund Kontor;SKU-1002;Standing Desk 140cm;Furniture;2;4 871,76;partner
00001033;2024-05-26;C1072;Jyllands Inventar;SKU-1005;27in 4K Monitor;Displays;6;4 281,84;retail
00001034;2025-05-15;C1001;Ålesund Kontor;SKU-1005;27in 4K Monitor;Displays;5;4 711,67;partner
00001035;2025-08-02;C1231;Väisänen Kaluste;SKU-1002;Standing Desk 140cm;Furniture;1;5 313,97;direct
00001036;2024-05-21;C1258;Uppsala Interiör;SKU-1008;Laptop Stand Aluminium;Accessories;12;569,50;direct
00001037;2025-10-01;C1340;Jyllands Inventar;SKU-1008;Laptop Stand Aluminium;Accessories;3;606,44;direct
00001038;2025-11-17;C1226;Kärkkäinen Oy;SKU-1004;Mechanical Keyboard;Peripherals;7;993,31;retail
00001039;2025-12-25;C1158;Ålesund Kontor;SKU-1003;Monitor Arm Dual;Accessories;-3;969,07;retail
00001040;2025-08-06;C1267;Rødvig Møbler;SKU-1004;Mechanical Keyboard;Peripherals;10;1 238,88;direct
00001041;2024-07-03;C1009;Kärkkäinen Oy;SKU-1009;Webcam 1080p;Peripherals;1;882,07;online
00001042;2024-03-27;C1273;Väisänen Kaluste;SKU-1004;Mechanical Keyboard;Peripherals;12;1 177,45;direct
00001043;2024-12-14;C1223;Kjærstad Utstyr;SKU-1010;Desk Lamp LED;Furniture;1;587,68;direct
00001044;2024-04-27;C1050;Kjærstad Utstyr;SKU-1001;Ergonomic Desk Chair;Furniture;9;2 225,17;partner
00001045;2024-11-10;C1208;Kjærstad Utstyr;SKU-1003;Monitor Arm Dual;Accessories;3;780,43;
00001046;2024-11-01;C1199;Ålesund Kontor;SKU-1010;Desk Lamp LED;Furniture;6;553,27;partner
00001047;2024-05-03;C1026;Rødvig Møbler;SKU-1003;Monitor Arm Dual;Accessories;7;825,37;online
00001048;2025-05-31;C1197;Ålesund Kontor;SKU-1010;Desk Lamp LED;Furniture;10;521,34;partner
00001049;2025-05-10;C1014;Jyllands Inventar;SKU-1001;Ergonomic Desk Chair;Furniture;6;2 333,10;online
00001050;2024-04-13;C1126;Møller Innredning;SKU-1001;Ergonomic Desk Chair;Furniture;5;2 462,04;partner
00001051;2025-05-27;C1104;Møller Innredning;SKU-1010;Desk Lamp LED;Furniture;7;574,02;partner
00001052;2025-03-09;C1284;Uppsala Interiör;SKU-1009;Webcam 1080p;Peripherals;3;788,78;retail
00001053;2025-10-30;C1085;Lindqvist AB;SKU-1001;Ergonomic Desk Chair;Furniture;8;2 486,93;retail
00001054;2025-01-24;C1179;Rødvig Møbler;SKU-1008;Laptop Stand Aluminium;Accessories;5;705,18;partner
00001055;2024-11-03;C1045;Dansk Kontormiljø;SKU-1001;Ergonomic Desk Chair;Furniture;3;2 445,42;retail
00001056;2025-03-18;C1107;Väisänen Kaluste;SKU-1003;Monitor Arm Dual;Accessories;12;831,12;partner
00001057;2024-11-25;C1174;Rødvig Møbler;SKU-1005;27in 4K Monitor;Displays;12;3 972,25;direct
00001058;2024-01-03;C1311;Trondheim Utstyr;SKU-1010;Desk Lamp LED;Furniture;-3;462,86;retail
00001059;2025-12-14;C1360;Trondheim Utstyr;SKU-1001;Ergonomic Desk Chair;Furniture;11;2 440,17;direct
00001060;2024-03-20;C1275;Lindqvist AB;SKU-1009;Webcam 1080p;Peripherals;2;814,89;direct
00001061;2025-09-07;C1183;Dansk Kontormiljø;SKU-1002;Standing Desk 140cm;Furniture;6;5 007,15;online
00001062;2025-03-31;C1004;Søndergaard A/S;SKU-1001;Ergonomic Desk Chair;Furniture;2;2 714,10;retail
00001063;2024-04-02;C1314;Mäkinen Toimisto;SKU-1005;27in 4K Monitor;Displays;11;4 116,59;online
00001064;2025-05-19;C1360;Rødvig Møbler;SKU-1004;Mechanical Keyboard;Peripherals;8;990,19;retail
00001065;2025-08-05;C1256;Trondheim Utstyr;SKU-1004;Mechanical Keyboard;Peripherals;11;1 277,62;online
00001066;2025-11-29;C1308;Kjærstad Utstyr;SKU-1009;Webcam 1080p;Peripherals;4;795,38;retail
00001067;2025-08-06;C1116;Kärkkäinen Oy;SKU-1010;Desk Lamp LED;Furniture;3;461,88;online
00001068;2025-11-28;C1286;Uppsala Interiör;SKU-1001;Ergonomic Desk Chair;Furniture;12;2 482,41;retail
00001069;2024-11-26;C1221;Jyllands Inventar;SKU-1007;Noise Cancelling Headset;Peripherals;11;2 194,52;partner
00001070;2025-06-13;C1388;Nordström Handel;SKU-1002;Standing Desk 140cm;Furniture;11;5 193,10;online
00001071;2024-11-19;C1002;Dansk Kontormiljø;SKU-1001;Ergonomic Desk Chair;Furniture;5;2 423,34;online
00001072;2024-08-19;C1353;Jyllands Inventar;SKU-1006;USB-C Dock;Accessories;2;1 911,53;retail
00001073;2025-10-03;C1320;Ålesund Kontor;SKU-1004;Mechanical Keyboard;Peripherals;4;1 084,73;retail
00001074;2025-10-03;C1171;Kärkkäinen Oy;SKU-1008;Laptop Stand Aluminium;Accessories;7;657,77;online
00001075;2024-02-25;C1170;Søndergaard A/S;SKU-1002;Standing Desk 140cm;Furniture;8;4 951,65;retail
00001076;2025-04-02;C1296;Ålesund Kontor;SKU-1010;Desk Lamp LED;Furniture;10;456,92;retail
00001077;2025-12-11;C1033;Møller Innredning;SKU-1001;Ergonomic Desk Chair;Furniture;1;2 680,86;retail
00001078;2024-03-08;C1052;Nordström Handel;SKU-1008;Laptop Stand Aluminium;Accessories;1;664,23;retail
00001079;2025-02-24;C1119;Lindqvist AB;SKU-1005;27in 4K Monitor;Displays;7;4 451,32;direct
00001080;2025-09-26;C1051;Väisänen Kaluste;SKU-1007;Noise Cancelling Headset;Peripherals;8;2 339,36;retail
00001081;2024-04-15;C1006;Bergström & Söner;SKU-1008;Laptop Stand Aluminium;Accessories;9;580,96;online
00001082;2025-03-07;C1246;Uppsala Interiör;SKU-1010;Desk Lamp LED;Furniture;3;481,98;online
00001083;2024-11-15;C1299;Jyllands Inventar;SKU-1004;Mechanical Keyboard;Peripherals;3;998,37;partner
00001084;2024-05-30;C1240;Mäkinen Toimisto;SKU-1005;27in 4K Monitor;Displays;10;4 655,39;
00001085;2025-11-04;C1347;Møller Innredning;SKU-1005;27in 4K Monitor;Displays;6;4 322,81;retail
00001086;2024-02-25;C1216;Hämäläinen Oy;SKU-1004;Mechanical Keyboard;Peripherals;9;1 170,51;online
00001087;2024-12-15;C1096;Trondheim Utstyr;SKU-1004;Mechanical Keyboard;Peripherals;11;1 248,42;direct
00001088;2024-12-09;C1315;Mäkinen Toimisto;SKU-1010;Desk Lamp LED;Furniture;12;532,23;direct
00001089;2024-02-13;C1253;Søndergaard A/S;SKU-1006;USB-C Dock;Accessories;3;1 947,46;retail
00001090;2024-09-01;C1246;Väisänen Kaluste;SKU-1004;Mechanical Keyboard;Peripherals;12;1 192,75;direct
00001091;2025-01-06;C1005;Bergström & Söner;SKU-1004;Mechanical Keyboard;Peripherals;7;1 319,01;partner
00001092;2024-07-18;C1323;Hämäläinen Oy;SKU-1001;Ergonomic Desk Chair;Furniture;9;2 249,21;retail
00001093;2024-09-25;C1368;Kjærstad Utstyr;SKU-1001;Ergonomic Desk Chair;Furniture;4;2 165,39;partner
00001094;2024-09-25;C1051;Lindqvist AB;SKU-1009;Webcam 1080p;Peripherals;4;668,03;online
00001095;2024-08-03;C1156;Uppsala Interiör;SKU-1007;Noise Cancelling Headset;Peripherals;11;1 854,91;online
00001096;2025-09-30;C1222;Bergström & Söner;SKU-1006;USB-C Dock;Accessories;6;1 981,61;retail
00001097;2025-01-22;C1355;Hämäläinen Oy;SKU-1003;Monitor Arm Dual;Accessories;3;807,68;partner
00001098;2024-02-17;C1390;Rødvig Møbler;SKU-1010;Desk Lamp LED;Furniture;7;480,15;partner
00001099;2024-10-13;C1064;Trondheim Utstyr;SKU-1003;Monitor Arm Dual;Accessories;6;924,57;online
00001100;2024-06-20;C1260;Dansk Kontormiljø;SKU-1002;Standing Desk 140cm;Furniture;8;5 379,22;partner
00001101;2025-01-17;C1269;Trondheim Utstyr;SKU-1008;Laptop Stand Aluminium;Accessories;9;605,79;direct
00001102;2025-08-20;C1332;Nordström Handel;SKU-1008;Laptop Stand Aluminium;Accessories;5;666,52;online
00001103;2024-08-11;C1156;Jyllands Inventar;SKU-1004;Mechanical Keyboard;Peripherals;4;1 058,36;direct
00001104;2025-07-17;C1043;Møller Innredning;SKU-1010;Desk Lamp LED;Furniture;3;500,36;retail
00001105;2024-02-12;C1238;Väisänen Kaluste;SKU-1005;27in 4K Monitor;Displays;8;3 951,93;direct
00001106;2025-05-24;C1162;Kärkkäinen Oy;SKU-1008;Laptop Stand Aluminium;Accessories;8;614,56;direct
00001107;2024-03-18;C1183;Bergström & Söner;SKU-1001;Ergonomic Desk Chair;Furniture;3;2 231,25;partner
00001108;2024-10-10;C1116;Ålesund Kontor;SKU-1009;Webcam 1080p;Peripherals;9;681,29;retail
00001109;2024-07-20;C1345;Väisänen Kaluste;SKU-1002;Standing Desk 140cm;Furniture;6;4 732,48;partner
00001110;2024-10-08;C1097;Møller Innredning;SKU-1005;27in 4K Monitor;Displays;12;4 536,77;partner
00001111;2025-02-17;C1207;Lindqvist AB;SKU-1001;Ergonomic Desk Chair;Furniture;5;2 289,58;direct
00001112;2024-08-02;C1242;Søndergaard A/S;SKU-1009;Webcam 1080p;Peripherals;3;716,25;direct
00001113;2024-07-11;C1219;Jyllands Inventar;SKU-1008;Laptop Stand Aluminium;Accessories;6;604,11;online
00001114;2024-05-22;C1295;Møller Innredning;SKU-1008;Laptop Stand Aluminium;Accessories;8;549,78;partner
00001115;2024-12-13;C1115;Jyllands Inventar;SKU-1001;Ergonomic Desk Chair;Furniture;8;2 640,70;direct
00001116;2024-01-24;C1290;Nordström Handel;SKU-1007;Noise Cancelling Headset;Peripherals;12;1 990,43;online
00001117;2025-09-14;C1293;Dansk Kontormiljø;SKU-1003;Monitor Arm Dual;Accessories;6;969,87;direct
00001118;2025-05-01;C1055;Väisänen Kaluste;SKU-1004;Mechanical Keyboard;Peripherals;7;1 110,82;direct
00001119;2024-06-30;C1016;Trondheim Utstyr;SKU-1005;27in 4K Monitor;Displays;2;4 525,60;retail
00001120;2024-10-17;C1105;Søndergaard A/S;SKU-1003;Monitor Arm Dual;Accessories;4;1 013,62;partner
00001121;2024-01-12;C1087;Väisänen Kaluste;SKU-1009;Webcam 1080p;Peripherals;2;749,26;direct
00001122;2025-03-04;C1244;Bergström & Söner;SKU-1007;Noise Cancelling Headset;Peripherals;3;1 866,36;direct
00001123;2025-12-27;C1340;Trondheim Utstyr;SKU-1004;Mechanical Keyboard;Peripherals;3;1 084,37;online
00001124;2025-05-29;C1366;Uppsala Interiör;SKU-1010;Desk Lamp LED;Furniture;10;533,65;partner
00001125;2025-02-12;C1309;Søndergaard A/S;SKU-1004;Mechanical Keyboard;Peripherals;1;1 131,28;partner
00001126;2024-04-03;C1147;Uppsala Interiör;SKU-1010;Desk Lamp LED;Furniture;8;531,88;partner
00001127;2024-06-28;C1212;Søndergaard A/S;SKU-1005;27in 4K Monitor;Displays;7;4 699,88;online
00001128;2025-11-05;C1093;Ålesund Kontor;SKU-1010;Desk Lamp LED;Furniture;12;502,01;direct
00001129;2025-10-05;C1275;Mäkinen Toimisto;SKU-1001;Ergonomic Desk Chair;Furniture;4;2 153,71;retail
00001130;2024-05-04;C1188;Bergström & Söner;SKU-1004;Mechanical Keyboard;Peripherals;8;1 240,34;retail
00001131;2024-07-31;C1259;Nordström Handel;SKU-1009;Webcam 1080p;Peripherals;6;701,57;direct
00001132;2025-04-17;C1195;Väisänen Kaluste;SKU-1001;Ergonomic Desk Chair;Furniture;2;2 526,45;direct
00001133;2025-12-27;C1069;Väisänen Kaluste;SKU-1004;Mechanical Keyboard;Peripherals;7;1 063,96;direct
00001134;2024-09-05;C1365;Uppsala Interiör;SKU-1008;Laptop Stand Aluminium;Accessories;8;649,30;online
00001135;2024-01-19;C1310;Ålesund Kontor;SKU-1008;Laptop Stand Aluminium;Accessories;5;576,75;online
00001136;2024-03-20;C1343;Lindqvist AB;SKU-1005;27in 4K Monitor;Displays;2;4 159,20;partner
00001137;2024-02-05;C1345;Rødvig Møbler;SKU-1003;Monitor Arm Dual;Accessories;8;814,35;direct
00001138;2025-11-06;C1052;Dansk Kontormiljø;SKU-1001;Ergonomic Desk Chair;Furniture;11;2 501,53;partner
00001139;2025-01-21;C1392;Rødvig Møbler;SKU-1008;Laptop Stand Aluminium;Accessories;1;553,34;online
00001140;2024-01-29;C1007;Väisänen Kaluste;SKU-1006;USB-C Dock;Accessories;4;1 495,92;online
00001141;2025-11-11;C1085;Kjærstad Utstyr;SKU-1002;Standing Desk 140cm;Furniture;4;4 570,70;retail
00001142;2025-07-29;C1320;Rødvig Møbler;SKU-1007;Noise Cancelling Headset;Peripherals;9;1 991,10;online
00001143;2024-08-06;C1054;Hämäläinen Oy;SKU-1009;Webcam 1080p;Peripherals;7;691,27;partner
00001144;2025-02-02;C1108;Uppsala Interiör;SKU-1003;Monitor Arm Dual;Accessories;1;840,94;
00001145;2025-01-12;C1022;Bergström & Söner;SKU-1002;Standing Desk 140cm;Furniture;11;5 433,91;online
00001146;2024-04-14;C1364;Kjærstad Utstyr;SKU-1007;Noise Cancelling Headset;Peripherals;5;2 099,73;partner
00001147;2025-02-01;C1347;Møller Innredning;SKU-1002;Standing Desk 140cm;Furniture;10;5 404,16;partner
00001148;2025-11-13;C1246;Bergström & Söner;SKU-1003;Monitor Arm Dual;Accessories;11;940,10;partner
00001149;2025-06-07;C1327;Søndergaard A/S;SKU-1001;Ergonomic Desk Chair;Furniture;10;2 363,22;retail
00001150;2024-11-12;C1121;Jyllands Inventar;SKU-1004;Mechanical Keyboard;Peripherals;1;1 286,89;online
00001151;2024-10-30;C1103;Møller Innredning;SKU-1010;Desk Lamp LED;Furniture;2;500,43;direct
00001152;2025-09-04;C1227;Väisänen Kaluste;SKU-1004;Mechanical Keyboard;Peripherals;11;1 296,08;online
00001153;2025-06-17;C1212;Mäkinen Toimisto;SKU-1005;27in 4K Monitor;Displays;6;4 636,04;retail
00001154;2025-07-06;C1027;Søndergaard A/S;SKU-1004;Mechanical Keyboard;Peripherals;12;1 061,08;online
00001155;2025-10-06;C1003;Bergström & Söner;SKU-1010;Desk Lamp LED;Furniture;7;470,63;direct
00001156;2024-07-28;C1064;Bergström & Söner;SKU-1002;Standing Desk 140cm;Furniture;4;5 967,54;online
00001157;2024-08-29;C1259;Bergström & Söner;SKU-1010;Desk Lamp LED;Furniture;9;587,36;direct
00001158;2025-03-10;C1090;Søndergaard A/S;SKU-1008;Laptop Stand Aluminium;Accessories;5;581,93;partner
00001159;2024-10-05;C1400;Trondheim Utstyr;SKU-1005;27in 4K Monitor;Displays;10;4 474,93;retail
00001160;2025-03-08;C1258;Jyllands Inventar;SKU-1006;USB-C Dock;Accessories;7;1 734,62;online
00001161;2024-03-26;C1388;Mäkinen Toimisto;SKU-1008;Laptop Stand Aluminium;Accessories;1;626,06;online
00001162;2024-11-09;C1232;Mäkinen Toimisto;SKU-1009;Webcam 1080p;Peripherals;12;752,03;direct
00001163;2025-04-25;C1100;Møller Innredning;SKU-1009;Webcam 1080p;Peripherals;10;740,98;online
00001164;2025-01-18;C1251;Dansk Kontormiljø;SKU-1001;Ergonomic Desk Chair;Furniture;1;2 565,87;direct
00001165;2025-10-18;C1301;Bergström & Söner;SKU-1007;Noise Cancelling Headset;Peripherals;12;2 093,42;direct
00001166;2024-07-17;C1390;Jyllands Inventar;SKU-1001;Ergonomic Desk Chair;Furniture;2;2 447,24;partner
00001167;2025-01-12;C1356;Nordström Handel;SKU-1006;USB-C Dock;Accessories;9;1 820,86;direct
00001168;2025-01-05;C1323;Lindqvist AB;SKU-1007;Noise Cancelling Headset;Peripherals;12;2 085,97;online
00001169;2024-09-17;C1126;Kjærstad Utstyr;SKU-1005;27in 4K Monitor;Displays;10;4 533,58;retail
00001170;2025-02-11;C1361;Bergström & Söner;SKU-1002;Standing Desk 140cm;Furniture;2;5 850,34;online
00001171;2024-11-05;C1256;Dansk Kontormiljø;SKU-1007;Noise Cancelling Headset;Peripherals;3;1 944,31;partner
00001172;2025-08-09;C1397;Hämäläinen Oy;SKU-1007;Noise Cancelling Headset;Peripherals;12;1 853,84;online
00001173;2025-12-16;C1157;Lindqvist AB;SKU-1005;27in 4K Monitor;Displays;12;4 620,29;online
00001174;2025-03-03;C1268;Jyllands Inventar;SKU-1008;Laptop Stand Aluminium;Accessories;1;692,56;partner
00001175;2024-05-17;C1101;Trondheim Utstyr;SKU-1007;Noise Cancelling Headset;Peripherals;3;1 902,43;online
00001176;2024-07-09;C1102;Nordström Handel;SKU-1009;Webcam 1080p;Peripherals;2;853,56;online
00001177;2025-03-27;C1320;Ålesund Kontor;SKU-1004;Mechanical Keyboard;Peripherals;5;1 278,21;online
00001178;2024-03-06;C1175;Lindqvist AB;SKU-1002;Standing Desk 140cm;Furniture;5;4 614,50;online
00001179;2024-03-03;C1136;Lindqvist AB;SKU-1008;Laptop Stand Aluminium;Accessories;8;563,36;retail
00001180;2025-09-09;C1266;Kärkkäinen Oy;SKU-1002;Standing Desk 140cm;Furniture;4;4 431,33;direct
00001181;2025-11-29;C1175;Väisänen Kaluste;SKU-1008;Laptop Stand Aluminium;Accessories;6;608,62;online
00001182;2024-12-30;C1169;Ålesund Kontor;SKU-1006;USB-C Dock;Accessories;11;1 808,17;retail
00001183;2024-05-22;C1013;Ålesund Kontor;SKU-1008;Laptop Stand Aluminium;Accessories;12;704,40;partner
00001184;2025-05-01;C1263;Jyllands Inventar;SKU-1004;Mechanical Keyboard;Peripherals;6;1 214,23;online
00001185;2024-01-18;C1324;Hämäläinen Oy;SKU-1001;Ergonomic Desk Chair;Furniture;11;2 625,09;retail
00001186;2025-02-13;C1378;Bergström & Söner;SKU-1006;USB-C Dock;Accessories;11;1 806,05;partner
00001187;2024-04-12;C1375;Dansk Kontormiljø;SKU-1007;Noise Cancelling Headset;Peripherals;8;2 324,97;partner
00001188;2025-08-08;C1366;Nordström Handel;SKU-1010;Desk Lamp LED;Furniture;4;577,70;online
00001189;2025-07-15;C1239;Kjærstad Utstyr;SKU-1008;Laptop Stand Aluminium;Accessories;2;673,23;direct
00001190;2024-08-04;C1087;Bergström & Söner;SKU-1002;Standing Desk 140cm;Furniture;8;4 795,81;retail
00001191;2024-10-14;C1112;Kärkkäinen Oy;SKU-1007;Noise Cancelling Headset;Peripherals;-2;2 353,67;direct
00001192;2025-05-18;C1046;Väisänen Kaluste;SKU-1002;Standing Desk 140cm;Furniture;11;5 253,89;online
00001193;2025-01-25;C1334;Jyllands Inventar;SKU-1010;Desk Lamp LED;Furniture;10;495,54;online
00001194;2024-04-01;C1174;Rødvig Møbler;SKU-1004;Mechanical Keyboard;Peripherals;5;1 007,75;retail
00001195;2025-01-24;C1295;Lindqvist AB;SKU-1010;Desk Lamp LED;Furniture;6;490,89;partner
00001196;2025-03-09;C1163;Hämäläinen Oy;SKU-1001;Ergonomic Desk Chair;Furniture;10;2 649,93;online
00001197;2025-02-08;C1004;Uppsala Interiör;SKU-1009;Webcam 1080p;Peripherals;11;714,98;partner
00001198;2025-04-11;C1075;Mäkinen Toimisto;SKU-1003;Monitor Arm Dual;Accessories;5;889,96;online
00001199;2025-12-06;C1063;Kärkkäinen Oy;SKU-1001;Ergonomic Desk Chair;Furniture;10;2 401,71;direct
00001200;2024-03-01;C1170;Møller Innredning;SKU-1004;Mechanical Keyboard;Peripherals;8;1 310,94;online
00001201;2024-07-02;C1249;Dansk Kontormiljø;SKU-1004;Mechanical Keyboard;Peripherals;12;1 295,99;partner
00001202;2025-11-25;C1242;Hämäläinen Oy;SKU-1003;Monitor Arm Dual;Accessories;1;846,59;direct
00001203;2025-12-14;C1099;Dansk Kontormiljø;SKU-1007;Noise Cancelling Headset;Peripherals;2;1 963,32;retail
00001204;2024-02-25;C1363;Mäkinen Toimisto;SKU-1003;Monitor Arm Dual;Accessories;6;911,46;direct
00001205;2024-10-25;C1074;Rødvig Møbler;SKU-1003;Monitor Arm Dual;Accessories;10;942,32;online
00001206;2025-08-12;C1052;Møller Innredning;SKU-1004;Mechanical Keyboard;Peripherals;12;1 102,47;direct
00001207;2024-04-08;C1182;Trondheim Utstyr;SKU-1007;Noise Cancelling Headset;Peripherals;11;2 368,37;online
00001208;2025-08-30;C1222;Møller Innredning;SKU-1001;Ergonomic Desk Chair;Furniture;2;2 508,07;direct
00001209;2024-11-05;C1352;Kjærstad Utstyr;SKU-1004;Mechanical Keyboard;Peripherals;1;1 114,34;direct
00001210;2024-10-08;C1323;Uppsala Interiör;SKU-1002;Standing Desk 140cm;Furniture;8;5 434,49;partner
00001211;2025-10-18;C1342;Søndergaard A/S;SKU-1001;Ergonomic Desk Chair;Furniture;2;2 127,88;retail
00001212;2025-12-11;C1381;Ålesund Kontor;SKU-1010;Desk Lamp LED;Furniture;10;516,80;online
00001213;2024-11-01;C1292;Møller Innredning;SKU-1007;Noise Cancelling Headset;Peripherals;8;2 227,72;retail
00001214;2025-07-04;C1094;Dansk Kontormiljø;SKU-1006;USB-C Dock;Accessories;2;1 940,16;retail
00001215;2025-06-26;C1250;Bergström & Söner;SKU-1007;Noise Cancelling Headset;Peripherals;9;2 278,59;retail
00001216;2025-09-05;C1355;Kjærstad Utstyr;SKU-1004;Mechanical Keyboard;Peripherals;11;1 039,83;retail
00001217;2024-05-11;C1294;Rødvig Møbler;SKU-1009;Webcam 1080p;Peripherals;8;691,79;online
00001218;2024-03-27;C1063;Mäkinen Toimisto;SKU-1002;Standing Desk 140cm;Furniture;9;5 594,79;partner
00001219;2024-01-01;C1127;Mäkinen Toimisto;SKU-1009;Webcam 1080p;Peripherals;3;884,18;retail
00001220;2025-08-13;C1251;Väisänen Kaluste;SKU-1009;Webcam 1080p;Peripherals;5;767,11;partner
00001221;2025-11-09;C1022;Søndergaard A/S;SKU-1010;Desk Lamp LED;Furniture;9;549,32;retail
00001222;2024-05-17;C1308;Rødvig Møbler;SKU-1004;Mechanical Keyboard;Peripherals;3;1 264,76;partner
00001223;2025-07-17;C1130;Kärkkäinen Oy;SKU-1005;27in 4K Monitor;Displays;3;4 199,40;direct
00001224;2025-11-23;C1217;Møller Innredning;SKU-1003;Monitor Arm Dual;Accessories;7;1 008,75;online
00001225;2025-12-14;C1330;Rødvig Møbler;SKU-1002;Standing Desk 140cm;Furniture;11;5 972,76;partner
00001226;2024-06-16;C1214;Møller Innredning;SKU-1010;Desk Lamp LED;Furniture;11;521,78;partner
00001227;2024-10-03;C1063;Ålesund Kontor;SKU-1007;Noise Cancelling Headset;Peripherals;-3;1 940,92;direct
00001228;2024-12-07;C1398;Kärkkäinen Oy;SKU-1002;Standing Desk 140cm;Furniture;6;4 986,00;online
00001229;2024-08-15;C1193;Ålesund Kontor;SKU-1004;Mechanical Keyboard;Peripherals;-2;1 315,42;retail
00001230;2025-05-16;C1048;Hämäläinen Oy;SKU-1003;Monitor Arm Dual;Accessories;9;838,35;partner
00001231;2024-06-23;C1162;Dansk Kontormiljø;SKU-1009;Webcam 1080p;Peripherals;5;872,80;online
00001232;2025-07-18;C1304;Dansk Kontormiljø;SKU-1006;USB-C Dock;Accessories;12;1 901,59;direct
00001233;2025-12-31;C1079;Møller Innredning;SKU-1010;Desk Lamp LED;Furniture;3;549,12;online
00001234;2025-10-16;C1189;Søndergaard A/S;SKU-1007;Noise Cancelling Headset;Peripherals;10;1 818,30;direct
00001235;2025-04-24;C1257;Mäkinen Toimisto;SKU-1008;Laptop Stand Aluminium;Accessories;3;611,97;partner
00001236;2024-08-22;C1156;Bergström & Söner;SKU-1007;Noise Cancelling Headset;Peripherals;9;2 340,27;partner
00001237;2024-03-19;C1373;Søndergaard A/S;SKU-1007;Noise Cancelling Headset;Peripherals;6;2 184,85;retail
00001238;2025-07-21;C1252;Lindqvist AB;SKU-1003;Monitor Arm Dual;Accessories;10;954,99;direct
00001239;2025-12-02;C1346;Ålesund Kontor;SKU-1009;Webcam 1080p;Peripherals;12;779,49;direct
00001240;2024-01-08;C1365;Jyllands Inventar;SKU-1001;Ergonomic Desk Chair;Furniture;10;2 638,61;partner
00001241;2025-06-24;C1350;Nordström Handel;SKU-1004;Mechanical Keyboard;Peripherals;12;1 295,06;direct
00001242;2024-08-18;C1089;Bergström & Söner;SKU-1003;Monitor Arm Dual;Accessories;11;960,41;partner
00001243;2025-05-22;C1194;Kjærstad Utstyr;SKU-1003;Monitor Arm Dual;Accessories;9;770,09;partner
00001244;2025-07-06;C1392;Ålesund Kontor;SKU-1002;Standing Desk 140cm;Furniture;6;4 809,63;partner
00001245;2025-10-08;C1291;Dansk Kontormiljø;SKU-1005;27in 4K Monitor;Displays;8;3 929,86;online
00001246;2025-04-19;C1316;Trondheim Utstyr;SKU-1005;27in 4K Monitor;Displays;11;4 807,51;retail
00001247;2024-12-28;C1054;Lindqvist AB;SKU-1006;USB-C Dock;Accessories;1;1 659,99;partner
00001248;2025-05-18;C1101;Bergström & Söner;SKU-1003;Monitor Arm Dual;Accessories;7;783,56;online
00001249;2025-11-03;C1128;Søndergaard A/S;SKU-1007;Noise Cancelling Headset;Peripherals;2;1 789,35;
00001250;2024-07-05;C1274;Kärkkäinen Oy;SKU-1007;Noise Cancelling Headset;Peripherals;6;2 054,86;retail
00001251;2024-12-28;C1382;Jyllands Inventar;SKU-1008;Laptop Stand Aluminium;Accessories;11;575,07;retail
00001252;2024-02-11;C1068;Dansk Kontormiljø;SKU-1006;USB-C Dock;Accessories;12;1 587,02;direct
00001253;2025-05-05;C1340;Kärkkäinen Oy;SKU-1006;USB-C Dock;Accessories;1;1 591,97;retail
00001254;2024-05-10;C1166;Dansk Kontormiljø;SKU-1007;Noise Cancelling Headset;Peripherals;8;2 288,89;direct
00001255;2024-05-09;C1079;Hämäläinen Oy;SKU-1003;Monitor Arm Dual;Accessories;2;968,15;retail
00001256;2025-09-03;C1377;Lindqvist AB;SKU-1004;Mechanical Keyboard;Peripherals;1;1 095,54;direct
00001257;2025-03-15;C1126;Møller Innredning;SKU-1008;Laptop Stand Aluminium;Accessories;5;559,86;online
00001258;2025-12-18;C1126;Jyllands Inventar;SKU-1004;Mechanical Keyboard;Peripherals;5;1 275,64;online
00001259;2025-05-29;C1312;Kjærstad Utstyr;SKU-1008;Laptop Stand Aluminium;Accessories;12;563,79;online
00001260;2024-05-15;C1205;Nordström Handel;SKU-1010;Desk Lamp LED;Furniture;11;477,78;
00001261;2024-04-03;C1026;Dansk Kontormiljø;SKU-1004;Mechanical Keyboard;Peripherals;3;1 190,18;direct
00001262;2024-08-15;C1172;Jyllands Inventar;SKU-1009;Webcam 1080p;Peripherals;5;892,35;direct
00001263;2024-04-22;C1137;Hämäläinen Oy;SKU-1001;Ergonomic Desk Chair;Furniture;9;2 077,19;partner
00001264;2024-02-18;C1093;Nordström Handel;SKU-1006;USB-C Dock;Accessories;12;1 655,42;retail
00001265;2025-04-28;C1143;Ålesund Kontor;SKU-1001;Ergonomic Desk Chair;Furniture;11;2 192,62;direct
00001266;2024-11-07;C1057;Ålesund Kontor;SKU-1003;Monitor Arm Dual;Accessories;5;853,58;retail
00001267;2025-01-05;C1380;Hämäläinen Oy;SKU-1009;Webcam 1080p;Peripherals;3;836,46;online
00001268;2024-04-18;C1066;Ålesund Kontor;SKU-1005;27in 4K Monitor;Displays;4;3 767,53;retail
00001269;2025-04-01;C1050;Bergström & Söner;SKU-1010;Desk Lamp LED;Furniture;11;472,10;partner
00001270;2025-06-30;C1369;Møller Innredning;SKU-1005;27in 4K Monitor;Displays;12;4 636,67;retail
00001271;2025-07-27;C1177;Hämäläinen Oy;SKU-1003;Monitor Arm Dual;Accessories;4;946,50;direct
00001272;2025-05-30;C1011;Kjærstad Utstyr;SKU-1002;Standing Desk 140cm;Furniture;7;5 073,65;partner
00001273;2025-12-11;C1097;Dansk Kontormiljø;SKU-1003;Monitor Arm Dual;Accessories;5;907,67;direct
00001274;2025-06-05;C1196;Dansk Kontormiljø;SKU-1009;Webcam 1080p;Peripherals;9;701,73;direct
00001275;2025-08-08;C1111;Lindqvist AB;SKU-1010;Desk Lamp LED;Furniture;5;442,56;direct
00001276;2024-08-13;C1151;Kärkkäinen Oy;SKU-1009;Webcam 1080p;Peripherals;12;723,57;retail
00001277;2024-02-10;C1327;Møller Innredning;SKU-1003;Monitor Arm Dual;Accessories;4;820,10;partner
00001278;2024-09-11;C1107;Ålesund Kontor;SKU-1003;Monitor Arm Dual;Accessories;5;770,26;retail
00001279;2024-03-26;C1361;Kärkkäinen Oy;SKU-1006;USB-C Dock;Accessories;11;1 681,28;online
00001280;2025-10-02;C1005;Hämäläinen Oy;SKU-1007;Noise Cancelling Headset;Peripherals;10;2 405,71;online
00001281;2025-11-04;C1398;Ålesund Kontor;SKU-1005;27in 4K Monitor;Displays;3;3 675,17;direct
00001282;2025-03-28;C1112;Väisänen Kaluste;SKU-1005;27in 4K Monitor;Displays;11;4 365,63;partner
00001283;2025-02-08;C1079;Uppsala Interiör;SKU-1004;Mechanical Keyboard;Peripherals;10;1 273,59;online
00001284;2025-05-22;C1092;Uppsala Interiör;SKU-1007;Noise Cancelling Headset;Peripherals;6;2 086,77;online
00001285;2024-07-03;C1331;Mäkinen Toimisto;SKU-1003;Monitor Arm Dual;Accessories;4;1 008,38;retail
00001286;2025-12-04;C1311;Rødvig Møbler;SKU-1005;27in 4K Monitor;Displays;3;4 709,57;retail
00001287;2025-10-22;C1206;Ålesund Kontor;SKU-1003;Monitor Arm Dual;Accessories;2;877,99;online
00001288;2024-04-22;C1006;Nordström Handel;SKU-1001;Ergonomic Desk Chair;Furniture;10;2 316,47;online
00001289;2025-09-06;C1006;Lindqvist AB;SKU-1004;Mechanical Keyboard;Peripherals;2;1 301,32;retail
00001290;2024-03-28;C1103;Møller Innredning;SKU-1009;Webcam 1080p;Peripherals;12;862,54;direct
00001291;2025-05-05;C1079;Søndergaard A/S;SKU-1010;Desk Lamp LED;Furniture;8;489,95;retail
00001292;2024-01-22;C1022;Ålesund Kontor;SKU-1009;Webcam 1080p;Peripherals;12;790,21;partner
00001293;2024-01-02;C1114;Lindqvist AB;SKU-1002;Standing Desk 140cm;Furniture;9;5 067,84;online
00001294;2024-08-19;C1350;Dansk Kontormiljø;SKU-1007;Noise Cancelling Headset;Peripherals;7;2 197,88;retail
00001295;2024-10-15;C1182;Bergström & Söner;SKU-1008;Laptop Stand Aluminium;Accessories;3;587,11;partner
00001296;2024-02-14;C1309;Møller Innredning;SKU-1002;Standing Desk 140cm;Furniture;6;5 855,00;online
00001297;2025-03-11;C1076;Mäkinen Toimisto;SKU-1007;Noise Cancelling Headset;Peripherals;9;1 899,26;partner
00001298;2025-01-12;C1135;Bergström & Söner;SKU-1006;USB-C Dock;Accessories;2;1 749,61;retail
00001299;2025-04-02;C1369;Trondheim Utstyr;SKU-1003;Monitor Arm Dual;Accessories;11;795,96;retail
00001300;2024-05-28;C1046;Väisänen Kaluste;SKU-1002;Standing Desk 140cm;Furniture;10;5 553,66;online
00001301;2025-05-07;C1355;Jyllands Inventar;SKU-1003;Monitor Arm Dual;Accessories;7;888,45;partner
00001302;2025-07-16;C1254;Trondheim Utstyr;SKU-1003;Monitor Arm Dual;Accessories;11;858,81;online
00001303;2025-08-14;C1397;Søndergaard A/S;SKU-1007;Noise Cancelling Headset;Peripherals;2;2 050,76;retail
00001304;2025-04-30;C1068;Ålesund Kontor;SKU-1004;Mechanical Keyboard;Peripherals;-1;1 102,53;retail
00001305;2024-05-22;C1150;Uppsala Interiör;SKU-1006;USB-C Dock;Accessories;6;1 942,56;online
00001306;2024-02-27;C1382;Møller Innredning;SKU-1009;Webcam 1080p;Peripherals;7;856,71;retail
00001307;2025-03-10;C1190;Nordström Handel;SKU-1003;Monitor Arm Dual;Accessories;7;942,36;retail
00001308;2024-06-10;C1015;Møller Innredning;SKU-1010;Desk Lamp LED;Furniture;2;534,65;partner
00001309;2025-03-02;C1076;Kjærstad Utstyr;SKU-1003;Monitor Arm Dual;Accessories;2;759,83;direct
00001310;2025-04-26;C1210;Väisänen Kaluste;SKU-1003;Monitor Arm Dual;Accessories;12;1 009,82;direct
00001311;2025-10-19;C1016;Kjærstad Utstyr;SKU-1001;Ergonomic Desk Chair;Furniture;5;2 083,20;online
00001312;2025-04-10;C1283;Kärkkäinen Oy;SKU-1001;Ergonomic Desk Chair;Furniture;7;2 529,53;partner
00001313;2024-04-04;C1267;Dansk Kontormiljø;SKU-1004;Mechanical Keyboard;Peripherals;7;1 071,28;online
00001314;2024-07-07;C1381;Bergström & Söner;SKU-1004;Mechanical Keyboard;Peripherals;7;1 053,02;direct
00001315;2025-01-24;C1084;Nordström Handel;SKU-1008;Laptop Stand Aluminium;Accessories;6;621,78;partner
00001316;2025-01-06;C1308;Väisänen Kaluste;SKU-1007;Noise Cancelling Headset;Peripherals;4;1 850,77;retail
00001317;2024-08-04;C1305;Lindqvist AB;SKU-1004;Mechanical Keyboard;Peripherals;5;1 014,23;partner
00001318;2024-09-03;C1137;Bergström & Söner;SKU-1004;Mechanical Keyboard;Peripherals;9;1 298,07;retail
00001319;2024-11-12;C1004;Hämäläinen Oy;SKU-1010;Desk Lamp LED;Furniture;8;491,07;partner
00001320;2024-12-30;C1066;Ålesund Kontor;SKU-1007;Noise Cancelling Headset;Peripherals;9;2 258,66;partner
00001321;2024-06-02;C1012;Dansk Kontormiljø;SKU-1007;Noise Cancelling Headset;Peripherals;12;2 101,37;direct
00001322;2025-04-19;C1040;Bergström & Söner;SKU-1010;Desk Lamp LED;Furniture;1;465,64;online
00001323;2024-06-13;C1256;Väisänen Kaluste;SKU-1004;Mechanical Keyboard;Peripherals;11;1 242,74;direct
00001324;2025-03-17;C1020;Dansk Kontormiljø;SKU-1003;Monitor Arm Dual;Accessories;6;922,97;online
00001325;2025-08-03;C1321;Trondheim Utstyr;SKU-1004;Mechanical Keyboard;Peripherals;10;1 308,02;retail
00001326;2024-03-30;C1255;Ålesund Kontor;SKU-1001;Ergonomic Desk Chair;Furniture;3;2 262,87;direct
00001327;2024-10-13;C1295;Hämäläinen Oy;SKU-1006;USB-C Dock;Accessories;3;1 572,27;partner
00001328;2024-09-21;C1242;Kärkkäinen Oy;SKU-1002;Standing Desk 140cm;Furniture;2;5 624,23;direct
00001329;2025-01-07;C1146;Dansk Kontormiljø;SKU-1003;Monitor Arm Dual;Accessories;2;886,87;direct
00001330;2025-10-01;C1160;Hämäläinen Oy;SKU-1010;Desk Lamp LED;Furniture;11;499,21;retail
00001331;2025-11-29;C1021;Nordström Handel;SKU-1007;Noise Cancelling Headset;Peripherals;9;2 337,77;online
00001332;2025-01-19;C1081;Dansk Kontormiljø;SKU-1009;Webcam 1080p;Peripherals;1;687,64;retail
00001333;2024-12-23;C1238;Uppsala Interiör;SKU-1004;Mechanical Keyboard;Peripherals;7;1 208,36;direct
00001334;2025-02-10;C1393;Jyllands Inventar;SKU-1002;Standing Desk 140cm;Furniture;2;4 589,02;online
00001335;2025-09-10;C1248;Rødvig Møbler;SKU-1007;Noise Cancelling Headset;Peripherals;6;2 000,73;direct
00001336;2025-04-26;C1074;Rødvig Møbler;SKU-1002;Standing Desk 140cm;Furniture;5;5 270,33;partner
00001337;2024-03-04;C1185;Jyllands Inventar;SKU-1010;Desk Lamp LED;Furniture;1;562,78;direct
00001338;2025-12-01;C1216;Kärkkäinen Oy;SKU-1004;Mechanical Keyboard;Peripherals;1;985,42;partner
00001339;2024-03-24;C1152;Uppsala Interiör;SKU-1003;Monitor Arm Dual;Accessories;2;829,63;direct
00001340;2024-02-25;C1047;Jyllands Inventar;SKU-1009;Webcam 1080p;Peripherals;4;723,71;partner
00001341;2025-05-08;C1243;Kjærstad Utstyr;SKU-1005;27in 4K Monitor;Displays;3;4 870,10;direct
00001342;2025-07-28;C1400;Rødvig Møbler;SKU-1006;USB-C Dock;Accessories;12;1 919,58;retail
00001343;2024-11-20;C1007;Møller Innredning;SKU-1010;Desk Lamp LED;Furniture;10;545,59;direct
00001344;2025-11-21;C1208;Kärkkäinen Oy;SKU-1003;Monitor Arm Dual;Accessories;8;786,83;retail
00001345;2025-08-15;C1049;Nordström Handel;SKU-1008;Laptop Stand Aluminium;Accessories;3;666,67;online
00001346;2025-09-07;C1193;Rødvig Møbler;SKU-1004;Mechanical Keyboard;Peripherals;7;1 244,66;partner
00001347;2024-01-15;C1189;Hämäläinen Oy;SKU-1004;Mechanical Keyboard;Peripherals;4;1 176,51;retail
00001348;2025-12-17;C1255;Uppsala Interiör;SKU-1005;27in 4K Monitor;Displays;5;4 774,41;direct
00001349;2025-06-19;C1391;Väisänen Kaluste;SKU-1007;Noise Cancelling Headset;Peripherals;6;2 126,75;retail
00001350;2025-09-01;C1083;Jyllands Inventar;SKU-1003;Monitor Arm Dual;Accessories;8;803,73;direct
00001351;2024-10-17;C1359;Ålesund Kontor;SKU-1005;27in 4K Monitor;Displays;11;4 219,37;retail
00001352;2025-02-25;C1053;Trondheim Utstyr;SKU-1002;Standing Desk 140cm;Furniture;2;5 381,37;
00001353;2024-10-23;C1215;Rødvig Møbler;SKU-1008;Laptop Stand Aluminium;Accessories;9;550,27;online
00001354;2025-04-25;C1063;Hämäläinen Oy;SKU-1008;Laptop Stand Aluminium;Accessories;9;581,55;direct
00001355;2024-01-08;C1191;Søndergaard A/S;SKU-1007;Noise Cancelling Headset;Peripherals;11;2 251,93;partner
00001356;2025-02-28;C1344;Søndergaard A/S;SKU-1005;27in 4K Monitor;Displays;11;4 736,64;retail
00001357;2025-06-15;C1379;Väisänen Kaluste;SKU-1007;Noise Cancelling Headset;Peripherals;-1;2 283,02;partner
00001358;2025-02-04;C1098;Dansk Kontormiljø;SKU-1003;Monitor Arm Dual;Accessories;10;821,07;retail
00001359;2024-06-26;C1206;Väisänen Kaluste;SKU-1010;Desk Lamp LED;Furniture;7;541,26;online
00001360;2025-05-31;C1060;Dansk Kontormiljø;SKU-1007;Noise Cancelling Headset;Peripherals;4;2 289,74;partner
00001361;2024-04-05;C1013;Jyllands Inventar;SKU-1009;Webcam 1080p;Peripherals;3;710,68;retail
00001362;2024-03-21;C1292;Dansk Kontormiljø;SKU-1010;Desk Lamp LED;Furniture;-3;526,81;retail
00001363;2024-07-10;C1122;Søndergaard A/S;SKU-1003;Monitor Arm Dual;Accessories;8;964,12;
00001364;2025-01-22;C1394;Kärkkäinen Oy;SKU-1004;Mechanical Keyboard;Peripherals;9;1 228,08;retail
00001365;2025-10-15;C1296;Ålesund Kontor;SKU-1005;27in 4K Monitor;Displays;2;4 464,40;
00001366;2024-09-25;C1092;Bergström & Söner;SKU-1008;Laptop Stand Aluminium;Accessories;10;571,23;retail
00001367;2024-04-13;C1251;Lindqvist AB;SKU-1008;Laptop Stand Aluminium;Accessories;6;583,93;direct
00001368;2025-12-04;C1214;Dansk Kontormiljø;SKU-1002;Standing Desk 140cm;Furniture;8;4 539,05;partner
00001369;2024-07-01;C1337;Nordström Handel;SKU-1008;Laptop Stand Aluminium;Accessories;3;545,95;retail
00001370;2025-07-13;C1002;Kjærstad Utstyr;SKU-1006;USB-C Dock;Accessories;6;1 809,85;partner
00001371;2025-06-14;C1262;Møller Innredning;SKU-1002;Standing Desk 140cm;Furniture;4;5 256,09;online
00001372;2024-05-21;C1112;Bergström & Söner;SKU-1006;USB-C Dock;Accessories;2;1 502,99;online
00001373;2024-12-22;C1362;Mäkinen Toimisto;SKU-1005;27in 4K Monitor;Displays;5;4 884,67;direct
00001374;2024-07-16;C1128;Kjærstad Utstyr;SKU-1008;Laptop Stand Aluminium;Accessories;7;620,79;online
00001375;2025-08-24;C1159;Kjærstad Utstyr;SKU-1005;27in 4K Monitor;Displays;7;4 678,17;online
00001376;2024-10-05;C1163;Ålesund Kontor;SKU-1008;Laptop Stand Aluminium;Accessories;7;625,36;direct
00001377;2025-10-09;C1032;Uppsala Interiör;SKU-1007;Noise Cancelling Headset;Peripherals;4;2 020,60;online
00001378;2025-09-10;C1330;Hämäläinen Oy;SKU-1001;Ergonomic Desk Chair;Furniture;9;2 335,06;direct
00001379;2024-07-09;C1183;Søndergaard A/S;SKU-1001;Ergonomic Desk Chair;Furniture;2;2 272,33;retail
00001380;2024-11-17;C1062;Lindqvist AB;SKU-1004;Mechanical Keyboard;Peripherals;11;1 027,54;partner
00001381;2024-11-25;C1119;Bergström & Söner;SKU-1001;Ergonomic Desk Chair;Furniture;12;2 375,07;direct
00001382;2025-07-28;C1142;Bergström & Söner;SKU-1005;27in 4K Monitor;Displays;10;3 935,53;direct
00001383;2024-02-20;C1252;Trondheim Utstyr;SKU-1007;Noise Cancelling Headset;Peripherals;6;1 909,83;retail
00001384;2025-09-07;C1167;Dansk Kontormiljø;SKU-1005;27in 4K Monitor;Displays;7;4 239,09;online
00001385;2025-08-12;C1002;Uppsala Interiör;SKU-1010;Desk Lamp LED;Furniture;1;542,41;partner
00001386;2025-06-24;C1020;Väisänen Kaluste;SKU-1003;Monitor Arm Dual;Accessories;7;898,94;retail
00001387;2024-11-04;C1140;Väisänen Kaluste;SKU-1002;Standing Desk 140cm;Furniture;8;5 671,92;partner
00001388;2025-09-19;C1024;Dansk Kontormiljø;SKU-1007;Noise Cancelling Headset;Peripherals;2;1 982,30;partner
00001389;2024-05-04;C1191;Ålesund Kontor;SKU-1008;Laptop Stand Aluminium;Accessories;8;729,69;retail
00001390;2024-11-26;C1352;Jyllands Inventar;SKU-1004;Mechanical Keyboard;Peripherals;1;1 025,36;online
00001391;2025-01-12;C1275;Lindqvist AB;SKU-1003;Monitor Arm Dual;Accessories;2;997,41;retail
00001392;2024-03-17;C1135;Väisänen Kaluste;SKU-1005;27in 4K Monitor;Displays;1;4 876,82;direct
00001393;2025-04-16;C1061;Møller Innredning;SKU-1005;27in 4K Monitor;Displays;12;3 832,71;partner
00001394;2025-02-27;C1326;Uppsala Interiör;SKU-1003;Monitor Arm Dual;Accessories;10;1 014,38;retail
00001395;2025-05-16;C1143;Väisänen Kaluste;SKU-1009;Webcam 1080p;Peripherals;9;774,83;direct
00001396;2024-03-25;C1180;Søndergaard A/S;SKU-1004;Mechanical Keyboard;Peripherals;2;1 079,70;online
00001397;2024-01-14;C1343;Rødvig Møbler;SKU-1002;Standing Desk 140cm;Furniture;2;4 514,02;direct
00001398;2025-08-27;C1389;Väisänen Kaluste;SKU-1007;Noise Cancelling Headset;Peripherals;4;1 999,48;
00001399;2024-05-13;C1112;Hämäläinen Oy;SKU-1008;Laptop Stand Aluminium;Accessories;11;640,87;direct
00001400;2024-07-11;C1035;Kärkkäinen Oy;SKU-1008;Laptop Stand Aluminium;Accessories;10;693,76;direct
00001401;2025-10-25;C1052;Møller Innredning;SKU-1003;Monitor Arm Dual;Accessories;11;988,74;direct
00001402;2025-04-16;C1095;Kärkkäinen Oy;SKU-1002;Standing Desk 140cm;Furniture;12;4 445,88;retail
00001403;2024-05-01;C1281;Bergström & Söner;SKU-1008;Laptop Stand Aluminium;Accessories;11;611,58;partner
00001404;2025-06-04;C1170;Nordström Handel;SKU-1007;Noise Cancelling Headset;Peripherals;4;2 101,38;direct
00001405;2025-03-08;C1099;Mäkinen Toimisto;SKU-1005;27in 4K Monitor;Displays;6;4 491,72;online
00001406;2025-05-20;C1265;Jyllands Inventar;SKU-1007;Noise Cancelling Headset;Peripherals;3;2 118,62;retail
00001407;2024-04-27;C1027;Nordström Handel;SKU-1001;Ergonomic Desk Chair;Furniture;11;2 119,98;partner
00001408;2025-09-27;C1358;Dansk Kontormiljø;SKU-1004;Mechanical Keyboard;Peripherals;2;1 072,53;direct
00001409;2025-12-09;C1137;Trondheim Utstyr;SKU-1007;Noise Cancelling Headset;Peripherals;2;2 304,16;online
00001410;2025-09-02;C1147;Lindqvist AB;SKU-1003;Monitor Arm Dual;Accessories;4;833,39;retail
00001411;2024-11-08;C1352;Søndergaard A/S;SKU-1003;Monitor Arm Dual;Accessories;9;922,61;online
00001412;2025-04-11;C1072;Lindqvist AB;SKU-1006;USB-C Dock;Accessories;11;1 585,86;direct
00001413;2024-06-23;C1347;Lindqvist AB;SKU-1007;Noise Cancelling Headset;Peripherals;-2;2 340,19;partner
00001414;2024-02-16;C1008;Mäkinen Toimisto;SKU-1008;Laptop Stand Aluminium;Accessories;-1;634,73;online
00001415;2024-04-06;C1051;Mäkinen Toimisto;SKU-1009;Webcam 1080p;Peripherals;9;697,30;partner
00001416;2024-09-20;C1339;Trondheim Utstyr;SKU-1008;Laptop Stand Aluminium;Accessories;8;734,04;partner
00001417;2024-12-07;C1265;Trondheim Utstyr;SKU-1006;USB-C Dock;Accessories;-2;1 645,60;retail
00001418;2024-05-31;C1210;Søndergaard A/S;SKU-1005;27in 4K Monitor;Displays;11;4 480,34;online
00001419;2025-12-13;C1220;Hämäläinen Oy;SKU-1006;USB-C Dock;Accessories;8;1 790,73;online
00001420;2024-04-20;C1140;Uppsala Interiör;SKU-1002;Standing Desk 140cm;Furniture;4;5 009,33;online
00001421;2025-08-26;C1213;Kärkkäinen Oy;SKU-1005;27in 4K Monitor;Displays;11;4 082,24;partner
00001422;2025-09-19;C1062;Jyllands Inventar;SKU-1004;Mechanical Keyboard;Peripherals;1;1 219,63;direct
00001423;2025-05-25;C1350;Møller Innredning;SKU-1010;Desk Lamp LED;Furniture;6;593,24;direct
00001424;2025-11-11;C1083;Mäkinen Toimisto;SKU-1003;Monitor Arm Dual;Accessories;9;923,05;direct
00001425;2024-02-11;C1111;Mäkinen Toimisto;SKU-1005;27in 4K Monitor;Displays;2;3 675,11;retail
00001426;2025-11-07;C1000;Nordström Handel;SKU-1001;Ergonomic Desk Chair;Furniture;8;2 349,83;partner
00001427;2025-05-29;C1340;Møller Innredning;SKU-1003;Monitor Arm Dual;Accessories;6;966,17;retail
00001428;2025-08-22;C1041;Mäkinen Toimisto;SKU-1005;27in 4K Monitor;Displays;3;3 908,78;online
00001429;2025-11-25;C1326;Dansk Kontormiljø;SKU-1001;Ergonomic Desk Chair;Furniture;8;2 219,08;direct
00001430;2025-09-03;C1159;Kjærstad Utstyr;SKU-1007;Noise Cancelling Headset;Peripherals;2;2 364,72;direct
00001431;2024-09-13;C1069;Jyllands Inventar;SKU-1006;USB-C Dock;Accessories;10;1 890,52;online
00001432;2025-10-05;C1236;Kjærstad Utstyr;SKU-1005;27in 4K Monitor;Displays;5;4 386,00;direct
00001433;2024-11-16;C1257;Hämäläinen Oy;SKU-1007;Noise Cancelling Headset;Peripherals;2;2 063,40;direct
00001434;2025-04-17;C1014;Lindqvist AB;SKU-1006;USB-C Dock;Accessories;7;1 992,26;direct
00001435;2024-09-05;C1297;Hämäläinen Oy;SKU-1002;Standing Desk 140cm;Furniture;3;4 891,73;online
00001436;2024-02-24;C1386;Dansk Kontormiljø;SKU-1010;Desk Lamp LED;Furniture;9;578,94;online
00001437;2024-02-25;C1043;Nordström Handel;SKU-1007;Noise Cancelling Headset;Peripherals;-3;2 074,94;partner
00001438;2025-08-02;C1246;Väisänen Kaluste;SKU-1002;Standing Desk 140cm;Furniture;6;5 702,23;retail
00001439;2024-02-24;C1359;Rødvig Møbler;SKU-1002;Standing Desk 140cm;Furniture;12;5 216,88;online
00001440;2025-11-22;C1327;Møller Innredning;SKU-1009;Webcam 1080p;Peripherals;12;694,92;partner
00001441;2025-05-11;C1319;Rødvig Møbler;SKU-1005;27in 4K Monitor;Displays;12;3 663,32;retail
00001442;2025-06-16;C1049;Søndergaard A/S;SKU-1002;Standing Desk 140cm;Furniture;1;5 792,64;online
00001443;2024-02-26;C1062;Mäkinen Toimisto;SKU-1002;Standing Desk 140cm;Furniture;-3;5 112,35;direct
00001444;2025-07-13;C1133;Uppsala Interiör;SKU-1008;Laptop Stand Aluminium;Accessories;3;705,61;retail
00001445;2025-11-04;C1123;Kjærstad Utstyr;SKU-1007;Noise Cancelling Headset;Peripherals;3;1 901,43;online
00001446;2025-08-25;C1252;Hämäläinen Oy;SKU-1008;Laptop Stand Aluminium;Accessories;8;672,17;partner
00001447;2025-03-02;C1217;Møller Innredning;SKU-1007;Noise Cancelling Headset;Peripherals;7;1 852,62;retail
00001448;2025-08-17;C1155;Nordström Handel;SKU-1005;27in 4K Monitor;Displays;8;4 157,36;direct
00001449;2025-04-14;C1141;Lindqvist AB;SKU-1001;Ergonomic Desk Chair;Furniture;6;2 376,89;online
00001450;2024-12-23;C1361;Dansk Kontormiljø;SKU-1006;USB-C Dock;Accessories;9;1 751,68;retail
00001451;2025-07-30;C1173;Uppsala Interiör;SKU-1003;Monitor Arm Dual;Accessories;11;931,63;online
00001452;2025-10-22;C1247;Dansk Kontormiljø;SKU-1005;27in 4K Monitor;Displays;11;4 163,17;direct
00001453;2025-06-03;C1397;Kärkkäinen Oy;SKU-1010;Desk Lamp LED;Furniture;11;552,53;online
00001454;2025-09-24;C1206;Bergström & Söner;SKU-1006;USB-C Dock;Accessories;10;1 670,25;retail
00001455;2024-04-18;C1255;Trondheim Utstyr;SKU-1001;Ergonomic Desk Chair;Furniture;12;2 109,51;partner
00001456;2024-06-27;C1372;Dansk Kontormiljø;SKU-1004;Mechanical Keyboard;Peripherals;12;1 013,87;direct
00001457;2024-03-15;C1226;Hämäläinen Oy;SKU-1002;Standing Desk 140cm;Furniture;1;4 598,58;retail
00001458;2024-05-16;C1326;Rødvig Møbler;SKU-1003;Monitor Arm Dual;Accessories;6;876,52;online
00001459;2024-07-25;C1379;Kjærstad Utstyr;SKU-1005;27in 4K Monitor;Displays;8;4 024,06;direct
00001460;2025-11-15;C1049;Rødvig Møbler;SKU-1009;Webcam 1080p;Peripherals;4;668,67;retail
00001461;2025-07-13;C1036;Väisänen Kaluste;SKU-1003;Monitor Arm Dual;Accessories;1;865,44;online
00001462;2025-04-30;C1256;Hämäläinen Oy;SKU-1009;Webcam 1080p;Peripherals;8;711,55;partner
00001463;2025-03-25;C1218;Dansk Kontormiljø;SKU-1010;Desk Lamp LED;Furniture;9;567,05;retail
00001464;2024-04-13;C1060;Trondheim Utstyr;SKU-1010;Desk Lamp LED;Furniture;2;522,69;online
00001465;2024-10-23;C1128;Dansk Kontormiljø;SKU-1001;Ergonomic Desk Chair;Furniture;10;2 056,23;partner
00001466;2025-08-12;C1123;Mäkinen Toimisto;SKU-1002;Standing Desk 140cm;Furniture;3;4 536,65;direct
00001467;2025-08-19;C1241;Kärkkäinen Oy;SKU-1010;Desk Lamp LED;Furniture;1;581,12;retail
00001468;2024-03-01;C1071;Rødvig Møbler;SKU-1001;Ergonomic Desk Chair;Furniture;6;2 184,37;partner
00001469;2025-07-31;C1312;Nordström Handel;SKU-1001;Ergonomic Desk Chair;Furniture;4;2 620,08;partner
00001470;2024-03-23;C1282;Trondheim Utstyr;SKU-1002;Standing Desk 140cm;Furniture;7;5 375,39;online
00001471;2025-06-03;C1115;Hämäläinen Oy;SKU-1005;27in 4K Monitor;Displays;12;3 700,92;direct
00001472;2024-08-21;C1010;Nordström Handel;SKU-1008;Laptop Stand Aluminium;Accessories;5;712,28;retail
00001473;2025-12-01;C1377;Lindqvist AB;SKU-1004;Mechanical Keyboard;Peripherals;9;1 108,39;direct
00001474;2025-03-16;C1359;Jyllands Inventar;SKU-1001;Ergonomic Desk Chair;Furniture;7;2 540,72;online
00001475;2025-01-11;C1180;Rødvig Møbler;SKU-1002;Standing Desk 140cm;Furniture;8;5 380,42;partner
00001476;2024-01-11;C1116;Jyllands Inventar;SKU-1007;Noise Cancelling Headset;Peripherals;1;1 842,95;retail
00001477;2024-02-28;C1064;Uppsala Interiör;SKU-1001;Ergonomic Desk Chair;Furniture;12;2 080,96;online
00001478;2024-09-07;C1149;Møller Innredning;SKU-1005;27in 4K Monitor;Displays;1;4 432,12;direct
00001479;2024-09-13;C1278;Rødvig Møbler;SKU-1008;Laptop Stand Aluminium;Accessories;11;558,75;direct
00001480;2025-01-10;C1399;Mäkinen Toimisto;SKU-1006;USB-C Dock;Accessories;4;1 646,43;online
00001481;2024-04-16;C1027;Hämäläinen Oy;SKU-1009;Webcam 1080p;Peripherals;5;789,69;direct
00001482;2024-05-20;C1266;Søndergaard A/S;SKU-1010;Desk Lamp LED;Furniture;8;473,75;partner
00001483;2024-05-25;C1018;Søndergaard A/S;SKU-1009;Webcam 1080p;Peripherals;4;832,63;direct
00001484;2025-08-25;C1196;Mäkinen Toimisto;SKU-1008;Laptop Stand Aluminium;Accessories;-1;595,90;retail
00001485;2024-01-20;C1195;Dansk Kontormiljø;SKU-1001;Ergonomic Desk Chair;Furniture;5;2 316,43;direct
00001486;2025-03-17;C1272;Nordström Handel;SKU-1001;Ergonomic Desk Chair;Furniture;4;2 172,79;partner
00001487;2025-09-15;C1386;Väisänen Kaluste;SKU-1001;Ergonomic Desk Chair;Furniture;9;2 714,80;partner
00001488;2025-09-28;C1222;Jyllands Inventar;SKU-1010;Desk Lamp LED;Furniture;4;495,19;retail
00001489;2025-11-25;C1147;Uppsala Interiör;SKU-1002;Standing Desk 140cm;Furniture;9;5 545,22;direct
00001490;2024-06-15;C1195;Uppsala Interiör;SKU-1010;Desk Lamp LED;Furniture;12;522,95;
00001491;2024-10-07;C1043;Søndergaard A/S;SKU-1003;Monitor Arm Dual;Accessories;1;938,75;partner
00001492;2025-01-05;C1137;Kärkkäinen Oy;SKU-1006;USB-C Dock;Accessories;10;1 810,66;retail
00001493;2024-09-27;C1091;Uppsala Interiör;SKU-1002;Standing Desk 140cm;Furniture;5;4 920,74;direct
00001494;2025-05-06;C1326;Rødvig Møbler;SKU-1001;Ergonomic Desk Chair;Furniture;-1;2 735,44;direct
00001495;2025-09-16;C1282;Väisänen Kaluste;SKU-1001;Ergonomic Desk Chair;Furniture;10;2 239,04;retail
00001496;2024-09-22;C1253;Møller Innredning;SKU-1008;Laptop Stand Aluminium;Accessories;3;695,05;online
00001497;2024-08-26;C1058;Nordström Handel;SKU-1003;Monitor Arm Dual;Accessories;3;931,65;online
00001498;2024-08-21;C1031;Kärkkäinen Oy;SKU-1009;Webcam 1080p;Peripherals;8;672,82;partner
00001499;2025-07-07;C1367;Nordström Handel;SKU-1001;Ergonomic Desk Chair;Furniture;11;2 651,57;online
00001500;2025-06-07;C1039;Søndergaard A/S;SKU-1006;USB-C Dock;Accessories;2;1 720,50;online
00001501;2025-03-01;C1036;Jyllands Inventar;SKU-1006;USB-C Dock;Accessories;10;1 919,41;partner
00001502;2024-12-09;C1208;Hämäläinen Oy;SKU-1003;Monitor Arm Dual;Accessories;1;966,94;direct
00001503;2024-10-24;C1076;Lindqvist AB;SKU-1005;27in 4K Monitor;Displays;10;4 130,11;retail
00001504;2025-06-04;C1297;Hämäläinen Oy;SKU-1010;Desk Lamp LED;Furniture;4;521,68;online
00001505;2025-01-25;C1390;Bergström & Söner;SKU-1007;Noise Cancelling Headset;Peripherals;10;2 242,54;retail
00001506;2025-07-15;C1375;Jyllands Inventar;SKU-1004;Mechanical Keyboard;Peripherals;10;1 175,68;retail
00001507;2025-06-16;C1225;Väisänen Kaluste;SKU-1009;Webcam 1080p;Peripherals;1;817,25;partner
00001508;2024-09-05;C1393;Hämäläinen Oy;SKU-1004;Mechanical Keyboard;Peripherals;10;1 061,69;online
00001509;2024-09-03;C1227;Jyllands Inventar;SKU-1008;Laptop Stand Aluminium;Accessories;6;566,16;partner
00001510;2025-01-05;C1334;Trondheim Utstyr;SKU-1002;Standing Desk 140cm;Furniture;6;4 539,25;online
00001511;2024-05-08;C1275;Søndergaard A/S;SKU-1008;Laptop Stand Aluminium;Accessories;7;702,94;direct
00001512;2024-10-20;C1174;Väisänen Kaluste;SKU-1010;Desk Lamp LED;Furniture;11;482,60;retail
00001513;2025-08-12;C1253;Rødvig Møbler;SKU-1002;Standing Desk 140cm;Furniture;7;5 953,87;online
00001514;2025-07-21;C1364;Trondheim Utstyr;SKU-1008;Laptop Stand Aluminium;Accessories;1;624,38;retail
00001515;2024-06-19;C1037;Møller Innredning;SKU-1003;Monitor Arm Dual;Accessories;1;762,89;direct
00001516;2024-09-04;C1364;Mäkinen Toimisto;SKU-1007;Noise Cancelling Headset;Peripherals;6;2 224,07;retail
00001517;2024-02-16;C1037;Hämäläinen Oy;SKU-1006;USB-C Dock;Accessories;6;1 811,23;direct
00001518;2024-10-23;C1387;Trondheim Utstyr;SKU-1007;Noise Cancelling Headset;Peripherals;11;2 310,93;online
00001519;2025-06-05;C1042;Møller Innredning;SKU-1003;Monitor Arm Dual;Accessories;12;1 001,16;retail
00001520;2025-01-23;C1164;Uppsala Interiör;SKU-1010;Desk Lamp LED;Furniture;10;543,31;online
00001521;2024-04-09;C1118;Mäkinen Toimisto;SKU-1009;Webcam 1080p;Peripherals;12;884,08;direct
00001522;2025-08-16;C1260;Jyllands Inventar;SKU-1006;USB-C Dock;Accessories;1;1 958,58;partner
00001523;2024-05-26;C1021;Rødvig Møbler;SKU-1006;USB-C Dock;Accessories;7;1 581,17;direct
00001524;2024-04-11;C1177;Mäkinen Toimisto;SKU-1009;Webcam 1080p;Peripherals;5;807,02;online
00001525;2024-06-22;C1147;Kärkkäinen Oy;SKU-1002;Standing Desk 140cm;Furniture;5;5 104,71;retail
00001526;2025-07-19;C1260;Kjærstad Utstyr;SKU-1004;Mechanical Keyboard;Peripherals;11;1 010,61;retail
00001527;2024-07-18;C1003;Trondheim Utstyr;SKU-1010;Desk Lamp LED;Furniture;1;526,21;
00001528;2025-03-12;C1374;Uppsala Interiör;SKU-1006;USB-C Dock;Accessories;4;1 985,14;online
00001529;2024-05-02;C1227;Jyllands Inventar;SKU-1008;Laptop Stand Aluminium;Accessories;5;681,52;direct
00001530;2025-11-15;C1059;Hämäläinen Oy;SKU-1005;27in 4K Monitor;Displays;2;4 936,07;retail
00001531;2024-12-09;C1141;Uppsala Interiör;SKU-1004;Mechanical Keyboard;Peripherals;12;1 031,57;retail
00001532;2025-06-17;C1162;Rødvig Møbler;SKU-1006;USB-C Dock;Accessories;1;1 976,99;retail
00001533;2024-08-13;C1344;Rødvig Møbler;SKU-1001;Ergonomic Desk Chair;Furniture;4;2 310,87;partner
00001534;2025-05-23;C1144;Møller Innredning;SKU-1008;Laptop Stand Aluminium;Accessories;3;579,92;online
00001535;2024-01-04;C1222;Bergström & Söner;SKU-1002;Standing Desk 140cm;Furniture;9;5 589,14;direct
00001536;2025-03-04;C1352;Kärkkäinen Oy;SKU-1009;Webcam 1080p;Peripherals;10;704,68;direct
00001537;2025-11-03;C1092;Mäkinen Toimisto;SKU-1010;Desk Lamp LED;Furniture;4;517,54;online
00001538;2025-02-05;C1306;Hämäläinen Oy;SKU-1005;27in 4K Monitor;Displays;11;4 682,80;direct
00001539;2024-10-21;C1214;Uppsala Interiör;SKU-1005;27in 4K Monitor;Displays;2;4 897,17;partner
00001540;2024-11-22;C1338;Ålesund Kontor;SKU-1004;Mechanical Keyboard;Peripherals;11;1 038,29;partner
00001541;2025-05-15;C1307;Jyllands Inventar;SKU-1007;Noise Cancelling Headset;Peripherals;12;2 340,77;online
00001542;2025-02-22;C1031;Väisänen Kaluste;SKU-1001;Ergonomic Desk Chair;Furniture;5;2 194,88;partner
00001543;2025-02-12;C1133;Nordström Handel;SKU-1006;USB-C Dock;Accessories;7;1 719,52;
00001544;2024-02-16;C1157;Uppsala Interiör;SKU-1008;Laptop Stand Aluminium;Accessories;12;666,16;direct
00001545;2025-10-02;C1056;Väisänen Kaluste;SKU-1004;Mechanical Keyboard;Peripherals;10;1 162,42;online
00001546;2025-01-23;C1046;Väisänen Kaluste;SKU-1010;Desk Lamp LED;Furniture;-3;445,29;partner
00001547;2025-01-05;C1274;Rødvig Møbler;SKU-1009;Webcam 1080p;Peripherals;2;784,36;online
00001548;2024-06-14;C1191;Väisänen Kaluste;SKU-1009;Webcam 1080p;Peripherals;7;716,66;direct
00001549;2024-02-06;C1010;Ålesund Kontor;SKU-1004;Mechanical Keyboard;Peripherals;9;1 301,80;direct
00001550;2024-08-23;C1323;Søndergaard A/S;SKU-1008;Laptop Stand Aluminium;Accessories;1;601,88;retail
00001551;2025-11-02;C1205;Møller Innredning;SKU-1005;27in 4K Monitor;Displays;12;4 666,43;partner
00001552;2025-03-01;C1010;Lindqvist AB;SKU-1002;Standing Desk 140cm;Furniture;2;5 546,50;online
00001553;2025-09-12;C1159;Väisänen Kaluste;SKU-1002;Standing Desk 140cm;Furniture;12;5 030,15;direct
00001554;2024-04-12;C1135;Trondheim Utstyr;SKU-1009;Webcam 1080p;Peripherals;-2;770,38;direct
00001555;2025-07-28;C1142;Trondheim Utstyr;SKU-1005;27in 4K Monitor;Displays;7;4 902,28;partner
00001556;2025-05-23;C1372;Dansk Kontormiljø;SKU-1009;Webcam 1080p;Peripherals;9;667,03;partner
00001557;2024-01-26;C1203;Søndergaard A/S;SKU-1009;Webcam 1080p;Peripherals;12;715,43;direct
00001558;2024-12-06;C1073;Bergström & Söner;SKU-1006;USB-C Dock;Accessories;8;1 824,98;retail
00001559;2025-08-30;C1127;Bergström & Söner;SKU-1009;Webcam 1080p;Peripherals;3;883,45;online
00001560;2025-08-03;C1389;Søndergaard A/S;SKU-1007;Noise Cancelling Headset;Peripherals;10;2 114,75;retail
00001561;2024-06-03;C1018;Väisänen Kaluste;SKU-1008;Laptop Stand Aluminium;Accessories;5;686,18;direct
00001562;2025-05-15;C1279;Trondheim Utstyr;SKU-1001;Ergonomic Desk Chair;Furniture;5;2 583,63;partner
00001563;2025-07-22;C1378;Bergström & Söner;SKU-1004;Mechanical Keyboard;Peripherals;6;1 144,13;retail
00001564;2024-01-14;C1082;Ålesund Kontor;SKU-1007;Noise Cancelling Headset;Peripherals;12;1 865,19;online
00001565;2025-03-10;C1253;Kjærstad Utstyr;SKU-1004;Mechanical Keyboard;Peripherals;8;1 016,71;direct
00001566;2024-01-10;C1151;Ålesund Kontor;SKU-1003;Monitor Arm Dual;Accessories;12;868,15;direct
00001567;2025-06-19;C1165;Hämäläinen Oy;SKU-1005;27in 4K Monitor;Displays;12;4 527,92;online
00001568;2025-09-20;C1365;Hämäläinen Oy;SKU-1003;Monitor Arm Dual;Accessories;5;811,09;
00001569;2024-05-18;C1084;Trondheim Utstyr;SKU-1008;Laptop Stand Aluminium;Accessories;8;607,39;retail
00001570;2024-01-06;C1159;Rødvig Møbler;SKU-1006;USB-C Dock;Accessories;7;1 734,51;online
00001571;2025-10-01;C1239;Kjærstad Utstyr;SKU-1002;Standing Desk 140cm;Furniture;9;4 567,75;retail
00001572;2025-10-05;C1007;Rødvig Møbler;SKU-1006;USB-C Dock;Accessories;11;1 606,17;partner
00001573;2025-10-01;C1392;Dansk Kontormiljø;SKU-1005;27in 4K Monitor;Displays;7;4 049,42;partner
00001574;2025-08-29;C1078;Ålesund Kontor;SKU-1009;Webcam 1080p;Peripherals;9;710,41;online
00001575;2025-06-18;C1300;Dansk Kontormiljø;SKU-1005;27in 4K Monitor;Displays;3;3 787,00;partner
00001576;2025-09-22;C1342;Trondheim Utstyr;SKU-1010;Desk Lamp LED;Furniture;10;592,80;online
00001577;2024-04-03;C1314;Møller Innredning;SKU-1003;Monitor Arm Dual;Accessories;1;1 020,59;online
00001578;2024-02-23;C1070;Uppsala Interiör;SKU-1003;Monitor Arm Dual;Accessories;8;842,83;direct
00001579;2024-09-03;C1286;Dansk Kontormiljø;SKU-1008;Laptop Stand Aluminium;Accessories;6;689,92;direct
00001580;2025-06-18;C1162;Bergström & Söner;SKU-1007;Noise Cancelling Headset;Peripherals;12;1 981,41;online
00001581;2025-03-23;C1286;Uppsala Interiör;SKU-1003;Monitor Arm Dual;Accessories;11;946,43;direct
00001582;2025-10-29;C1178;Kjærstad Utstyr;SKU-1005;27in 4K Monitor;Displays;11;4 815,69;retail
00001583;2025-03-10;C1109;Rødvig Møbler;SKU-1006;USB-C Dock;Accessories;8;1 669,15;direct
00001584;2024-07-19;C1226;Hämäläinen Oy;SKU-1006;USB-C Dock;Accessories;3;2 010,11;online
00001585;2025-01-12;C1129;Lindqvist AB;SKU-1001;Ergonomic Desk Chair;Furniture;10;2 107,76;partner
00001586;2024-02-14;C1356;Kärkkäinen Oy;SKU-1001;Ergonomic Desk Chair;Furniture;11;2 384,69;partner
00001587;2025-04-27;C1311;Uppsala Interiör;SKU-1001;Ergonomic Desk Chair;Furniture;10;2 661,49;direct
00001588;2025-07-12;C1053;Nordström Handel;SKU-1003;Monitor Arm Dual;Accessories;8;929,40;partner
00001589;2024-06-30;C1067;Bergström & Söner;SKU-1001;Ergonomic Desk Chair;Furniture;10;2 150,30;direct
00001590;2024-11-17;C1049;Kärkkäinen Oy;SKU-1002;Standing Desk 140cm;Furniture;1;5 528,52;online
00001591;2024-11-20;C1363;Kjærstad Utstyr;SKU-1010;Desk Lamp LED;Furniture;-3;574,32;partner
00001592;2025-11-14;C1342;Nordström Handel;SKU-1009;Webcam 1080p;Peripherals;1;757,34;retail
00001593;2024-06-25;C1227;Nordström Handel;SKU-1004;Mechanical Keyboard;Peripherals;9;1 069,49;partner
00001594;2025-10-12;C1382;Lindqvist AB;SKU-1010;Desk Lamp LED;Furniture;4;505,84;partner
00001595;2025-08-04;C1356;Bergström & Söner;SKU-1005;27in 4K Monitor;Displays;9;4 095,47;direct
00001596;2024-03-29;C1095;Väisänen Kaluste;SKU-1002;Standing Desk 140cm;Furniture;2;4 704,70;retail
00001597;2024-03-24;C1370;Søndergaard A/S;SKU-1003;Monitor Arm Dual;Accessories;1;856,50;partner
00001598;2024-02-24;C1194;Mäkinen Toimisto;SKU-1004;Mechanical Keyboard;Peripherals;12;1 023,29;online
00001599;2024-07-11;C1139;Rødvig Møbler;SKU-1005;27in 4K Monitor;Displays;3;4 189,04;online
00001600;2025-05-16;C1181;Hämäläinen Oy;SKU-1005;27in 4K Monitor;Displays;5;3 996,26;partner
00001601;2024-06-23;C1018;Dansk Kontormiljø;SKU-1009;Webcam 1080p;Peripherals;8;823,77;online
00001602;2024-12-21;C1330;Mäkinen Toimisto;SKU-1009;Webcam 1080p;Peripherals;10;827,31;online
00001603;2024-10-02;C1046;Rødvig Møbler;SKU-1006;USB-C Dock;Accessories;12;1 777,10;partner
00001604;2025-06-13;C1337;Kjærstad Utstyr;SKU-1004;Mechanical Keyboard;Peripherals;8;1 295,56;direct
00001605;2025-01-21;C1337;Nordström Handel;SKU-1003;Monitor Arm Dual;Accessories;8;855,90;partner
00001606;2024-06-11;C1215;Trondheim Utstyr;SKU-1002;Standing Desk 140cm;Furniture;11;5 825,60;partner
00001607;2025-01-01;C1156;Kjærstad Utstyr;SKU-1006;USB-C Dock;Accessories;11;1 585,73;direct
00001608;2025-09-23;C1233;Jyllands Inventar;SKU-1009;Webcam 1080p;Peripherals;3;765,73;direct
00001609;2024-12-11;C1247;Dansk Kontormiljø;SKU-1008;Laptop Stand Aluminium;Accessories;4;615,66;partner
00001610;2025-06-03;C1055;Jyllands Inventar;SKU-1001;Ergonomic Desk Chair;Furniture;4;2 688,62;direct
00001611;2025-06-08;C1085;Mäkinen Toimisto;SKU-1005;27in 4K Monitor;Displays;10;3 691,84;online
00001612;2024-02-25;C1046;Mäkinen Toimisto;SKU-1010;Desk Lamp LED;Furniture;3;493,97;online
00001613;2025-11-05;C1075;Rødvig Møbler;SKU-1006;USB-C Dock;Accessories;8;1 729,31;online
00001614;2024-07-27;C1223;Bergström & Söner;SKU-1005;27in 4K Monitor;Displays;5;3 959,68;online
00001615;2024-01-06;C1244;Kjærstad Utstyr;SKU-1003;Monitor Arm Dual;Accessories;11;963,59;partner
00001616;2024-08-05;C1241;Dansk Kontormiljø;SKU-1002;Standing Desk 140cm;Furniture;8;5 034,71;direct
00001617;2024-05-16;C1204;Väisänen Kaluste;SKU-1004;Mechanical Keyboard;Peripherals;2;1 087,33;partner
00001618;2025-05-15;C1342;Lindqvist AB;SKU-1007;Noise Cancelling Headset;Peripherals;10;1 830,14;online
00001619;2024-12-14;C1256;Lindqvist AB;SKU-1010;Desk Lamp LED;Furniture;3;499,58;direct
00001620;2024-02-15;C1108;Mäkinen Toimisto;SKU-1002;Standing Desk 140cm;Furniture;11;5 199,92;direct
00001621;2024-06-03;C1145;Mäkinen Toimisto;SKU-1002;Standing Desk 140cm;Furniture;6;4 700,61;direct
00001622;2024-07-02;C1083;Dansk Kontormiljø;SKU-1008;Laptop Stand Aluminium;Accessories;1;727,36;retail
00001623;2025-11-02;C1207;Lindqvist AB;SKU-1008;Laptop Stand Aluminium;Accessories;2;684,67;online
00001624;2025-04-10;C1005;Trondheim Utstyr;SKU-1006;USB-C Dock;Accessories;3;1 689,09;direct
00001625;2025-10-11;C1059;Uppsala Interiör;SKU-1007;Noise Cancelling Headset;Peripherals;1;1 947,95;partner
00001626;2025-01-08;C1057;Kjærstad Utstyr;SKU-1008;Laptop Stand Aluminium;Accessories;12;646,72;direct
00001627;2024-01-08;C1172;Kärkkäinen Oy;SKU-1009;Webcam 1080p;Peripherals;7;681,72;online
00001628;2024-02-19;C1237;Mäkinen Toimisto;SKU-1009;Webcam 1080p;Peripherals;10;769,47;retail
00001629;2025-09-05;C1351;Hämäläinen Oy;SKU-1002;Standing Desk 140cm;Furniture;8;4 498,11;partner
00001630;2024-01-25;C1277;Kärkkäinen Oy;SKU-1007;Noise Cancelling Headset;Peripherals;6;2 268,11;online
00001631;2024-10-31;C1325;Nordström Handel;SKU-1005;27in 4K Monitor;Displays;6;4 231,33;retail
00001632;2024-09-11;C1089;Bergström & Söner;SKU-1006;USB-C Dock;Accessories;12;1 875,31;retail
00001633;2024-10-08;C1176;Uppsala Interiör;SKU-1003;Monitor Arm Dual;Accessories;12;888,25;online
00001634;2025-01-16;C1019;Møller Innredning;SKU-1009;Webcam 1080p;Peripherals;10;680,91;retail
00001635;2025-10-14;C1383;Mäkinen Toimisto;SKU-1007;Noise Cancelling Headset;Peripherals;9;1 834,62;direct
00001636;2025-10-30;C1380;Bergström & Söner;SKU-1007;Noise Cancelling Headset;Peripherals;1;2 255,46;direct
00001637;2025-09-22;C1263;Søndergaard A/S;SKU-1002;Standing Desk 140cm;Furniture;4;5 972,07;retail
00001638;2025-03-23;C1140;Kjærstad Utstyr;SKU-1006;USB-C Dock;Accessories;10;1 886,88;partner
00001639;2024-07-04;C1347;Mäkinen Toimisto;SKU-1009;Webcam 1080p;Peripherals;11;756,29;partner
00001640;2025-11-03;C1066;Kärkkäinen Oy;SKU-1001;Ergonomic Desk Chair;Furniture;7;2 603,08;partner
00001641;2024-04-09;C1113;Søndergaard A/S;SKU-1008;Laptop Stand Aluminium;Accessories;10;665,89;retail
00001642;2025-12-30;C1311;Uppsala Interiör;SKU-1006;USB-C Dock;Accessories;4;1 638,61;direct
00001643;2025-07-25;C1006;Väisänen Kaluste;SKU-1010;Desk Lamp LED;Furniture;6;516,19;partner
00001644;2025-05-25;C1107;Kjærstad Utstyr;SKU-1006;USB-C Dock;Accessories;6;1 567,18;direct
00001645;2024-03-21;C1323;Trondheim Utstyr;SKU-1005;27in 4K Monitor;Displays;7;4 754,46;partner
00001646;2024-11-07;C1149;Väisänen Kaluste;SKU-1002;Standing Desk 140cm;Furniture;4;5 246,16;direct
00001647;2025-10-01;C1180;Jyllands Inventar;SKU-1008;Laptop Stand Aluminium;Accessories;1;656,31;direct
00001648;2024-08-28;C1192;Møller Innredning;SKU-1001;Ergonomic Desk Chair;Furniture;5;2 393,34;direct
00001649;2024-04-23;C1292;Mäkinen Toimisto;SKU-1010;Desk Lamp LED;Furniture;2;476,06;online
00001650;2024-12-26;C1384;Rødvig Møbler;SKU-1003;Monitor Arm Dual;Accessories;12;903,37;direct
00001651;2024-04-18;C1340;Väisänen Kaluste;SKU-1010;Desk Lamp LED;Furniture;5;498,66;direct
00001652;2025-04-05;C1080;Kjærstad Utstyr;SKU-1004;Mechanical Keyboard;Peripherals;7;1 137,55;direct
00001653;2025-04-20;C1335;Kjærstad Utstyr;SKU-1005;27in 4K Monitor;Displays;1;4 085,93;retail
00001654;2025-02-24;C1096;Lindqvist AB;SKU-1007;Noise Cancelling Headset;Peripherals;10;2 398,78;online
00001655;2025-09-05;C1292;Jyllands Inventar;SKU-1003;Monitor Arm Dual;Accessories;10;1 023,21;retail
00001656;2025-04-28;C1350;Bergström & Söner;SKU-1006;USB-C Dock;Accessories;10;1 786,39;partner
00001657;2025-02-02;C1282;Rødvig Møbler;SKU-1001;Ergonomic Desk Chair;Furniture;12;2 608,71;online
00001658;2025-04-28;C1364;Rødvig Møbler;SKU-1008;Laptop Stand Aluminium;Accessories;6;589,95;partner
00001659;2025-08-14;C1236;Uppsala Interiör;SKU-1003;Monitor Arm Dual;Accessories;5;764,75;online
00001660;2025-04-17;C1256;Ålesund Kontor;SKU-1010;Desk Lamp LED;Furniture;8;566,29;partner
00001661;2024-01-08;C1383;Nordström Handel;SKU-1003;Monitor Arm Dual;Accessories;4;1 013,48;direct
00001662;2025-03-03;C1133;Ålesund Kontor;SKU-1009;Webcam 1080p;Peripherals;8;679,47;retail
00001663;2025-02-11;C1371;Nordström Handel;SKU-1008;Laptop Stand Aluminium;Accessories;8;555,48;partner
00001664;2025-03-26;C1219;Ålesund Kontor;SKU-1007;Noise Cancelling Headset;Peripherals;12;2 181,44;retail
00001665;2024-04-24;C1369;Kjærstad Utstyr;SKU-1003;Monitor Arm Dual;Accessories;5;911,31;partner
00001666;2025-05-09;C1107;Kärkkäinen Oy;SKU-1007;Noise Cancelling Headset;Peripherals;11;2 360,17;retail
00001667;2025-12-27;C1251;Søndergaard A/S;SKU-1006;USB-C Dock;Accessories;11;1 728,08;partner
00001668;2025-04-06;C1358;Kärkkäinen Oy;SKU-1006;USB-C Dock;Accessories;5;1 661,10;partner
00001669;2024-10-22;C1013;Søndergaard A/S;SKU-1010;Desk Lamp LED;Furniture;1;465,09;partner
00001670;2024-06-11;C1290;Mäkinen Toimisto;SKU-1010;Desk Lamp LED;Furniture;6;489,84;direct
00001671;2025-12-12;C1065;Møller Innredning;SKU-1008;Laptop Stand Aluminium;Accessories;11;686,80;partner
00001672;2024-08-04;C1298;Mäkinen Toimisto;SKU-1007;Noise Cancelling Headset;Peripherals;5;1 802,64;online
00001673;2025-06-13;C1207;Trondheim Utstyr;SKU-1010;Desk Lamp LED;Furniture;1;554,50;online
00001674;2024-11-17;C1267;Hämäläinen Oy;SKU-1006;USB-C Dock;Accessories;11;1 935,12;direct
00001675;2024-06-28;C1247;Dansk Kontormiljø;SKU-1008;Laptop Stand Aluminium;Accessories;11;644,85;retail
00001676;2024-06-02;C1142;Ålesund Kontor;SKU-1002;Standing Desk 140cm;Furniture;6;4 742,03;online
00001677;2024-01-13;C1382;Søndergaard A/S;SKU-1006;USB-C Dock;Accessories;8;1 966,67;online
00001678;2024-12-03;C1259;Bergström & Söner;SKU-1006;USB-C Dock;Accessories;11;1 816,36;partner
00001679;2024-03-22;C1028;Uppsala Interiör;SKU-1009;Webcam 1080p;Peripherals;9;788,83;online
00001680;2025-10-28;C1125;Søndergaard A/S;SKU-1004;Mechanical Keyboard;Peripherals;5;1 040,53;direct
00001681;2024-10-11;C1046;Rødvig Møbler;SKU-1003;Monitor Arm Dual;Accessories;1;827,46;retail
00001682;2024-09-06;C1299;Trondheim Utstyr;SKU-1003;Monitor Arm Dual;Accessories;9;811,96;direct
00001683;2025-10-11;C1037;Rødvig Møbler;SKU-1002;Standing Desk 140cm;Furniture;9;4 499,69;direct
00001684;2025-07-09;C1301;Rødvig Møbler;SKU-1002;Standing Desk 140cm;Furniture;8;4 727,94;direct
00001685;2024-04-24;C1368;Uppsala Interiör;SKU-1005;27in 4K Monitor;Displays;-2;4 765,87;online
00001686;2024-01-01;C1128;Jyllands Inventar;SKU-1010;Desk Lamp LED;Furniture;11;513,18;partner
00001687;2025-06-10;C1145;Mäkinen Toimisto;SKU-1008;Laptop Stand Aluminium;Accessories;11;641,40;partner
00001688;2025-05-30;C1158;Uppsala Interiör;SKU-1009;Webcam 1080p;Peripherals;4;821,62;retail
00001689;2024-06-16;C1091;Bergström & Söner;SKU-1003;Monitor Arm Dual;Accessories;-3;882,13;direct
00001690;2025-10-15;C1351;Kjærstad Utstyr;SKU-1005;27in 4K Monitor;Displays;2;4 226,73;online
00001691;2024-11-23;C1392;Trondheim Utstyr;SKU-1002;Standing Desk 140cm;Furniture;4;5 202,78;retail
00001692;2024-11-27;C1080;Rødvig Møbler;SKU-1005;27in 4K Monitor;Displays;10;4 521,73;direct
00001693;2025-06-12;C1242;Jyllands Inventar;SKU-1003;Monitor Arm Dual;Accessories;3;798,45;partner
00001694;2024-11-06;C1189;Møller Innredning;SKU-1004;Mechanical Keyboard;Peripherals;5;1 272,90;partner
00001695;2025-04-05;C1157;Jyllands Inventar;SKU-1006;USB-C Dock;Accessories;12;1 878,74;direct
00001696;2025-02-22;C1181;Møller Innredning;SKU-1007;Noise Cancelling Headset;Peripherals;1;2 039,57;direct
00001697;2025-11-08;C1366;Kärkkäinen Oy;SKU-1005;27in 4K Monitor;Displays;1;3 915,85;partner
00001698;2024-11-29;C1285;Rødvig Møbler;SKU-1006;USB-C Dock;Accessories;1;1 902,73;online
00001699;2024-03-17;C1124;Kjærstad Utstyr;SKU-1010;Desk Lamp LED;Furniture;9;484,74;partner
00001700;2024-02-17;C1399;Dansk Kontormiljø;SKU-1008;Laptop Stand Aluminium;Accessories;12;726,79;direct
00001701;2024-03-01;C1051;Nordström Handel;SKU-1004;Mechanical Keyboard;Peripherals;5;1 179,71;partner
00001702;2024-04-23;C1241;Møller Innredning;SKU-1005;27in 4K Monitor;Displays;9;4 846,45;retail
00001703;2024-06-03;C1301;Mäkinen Toimisto;SKU-1006;USB-C Dock;Accessories;12;1 567,18;online
00001704;2025-07-13;C1390;Kärkkäinen Oy;SKU-1009;Webcam 1080p;Peripherals;2;739,72;partner
00001705;2025-12-17;C1364;Väisänen Kaluste;SKU-1001;Ergonomic Desk Chair;Furniture;3;2 088,96;partner
00001706;2025-04-24;C1116;Uppsala Interiör;SKU-1008;Laptop Stand Aluminium;Accessories;12;579,35;partner
00001707;2024-09-18;C1309;Lindqvist AB;SKU-1006;USB-C Dock;Accessories;4;1 857,13;online
00001708;2025-05-13;C1024;Nordström Handel;SKU-1002;Standing Desk 140cm;Furniture;11;5 038,24;partner
00001709;2025-05-31;C1167;Trondheim Utstyr;SKU-1001;Ergonomic Desk Chair;Furniture;10;2 063,10;partner
00001710;2025-08-01;C1047;Ålesund Kontor;SKU-1010;Desk Lamp LED;Furniture;6;556,57;online
00001711;2025-10-27;C1097;Bergström & Söner;SKU-1009;Webcam 1080p;Peripherals;2;772,62;direct
00001712;2024-06-04;C1333;Väisänen Kaluste;SKU-1005;27in 4K Monitor;Displays;8;4 790,90;retail
00001713;2025-12-10;C1378;Jyllands Inventar;SKU-1003;Monitor Arm Dual;Accessories;11;877,73;retail
00001714;2025-02-03;C1009;Lindqvist AB;SKU-1007;Noise Cancelling Headset;Peripherals;10;2 177,92;online
00001715;2025-08-21;C1345;Väisänen Kaluste;SKU-1006;USB-C Dock;Accessories;7;1 936,68;direct
00001716;2025-08-13;C1078;Rødvig Møbler;SKU-1004;Mechanical Keyboard;Peripherals;10;1 285,67;online
00001717;2025-09-08;C1020;Møller Innredning;SKU-1004;Mechanical Keyboard;Peripherals;5;986,55;partner
00001718;2025-11-04;C1106;Rødvig Møbler;SKU-1002;Standing Desk 140cm;Furniture;6;5 868,41;partner
00001719;2024-08-10;C1395;Hämäläinen Oy;SKU-1003;Monitor Arm Dual;Accessories;7;818,71;retail
00001720;2024-01-27;C1227;Rødvig Møbler;SKU-1003;Monitor Arm Dual;Accessories;8;1 009,62;direct
00001721;2025-01-24;C1302;Ålesund Kontor;SKU-1001;Ergonomic Desk Chair;Furniture;8;2 183,02;retail
00001722;2024-05-04;C1083;Rødvig Møbler;SKU-1003;Monitor Arm Dual;Accessories;9;949,95;retail
00001723;2024-11-20;C1212;Rødvig Møbler;SKU-1008;Laptop Stand Aluminium;Accessories;12;687,94;online
00001724;2024-04-24;C1233;Lindqvist AB;SKU-1002;Standing Desk 140cm;Furniture;9;4 818,24;retail
00001725;2024-12-29;C1184;Mäkinen Toimisto;SKU-1007;Noise Cancelling Headset;Peripherals;7;2 325,22;retail
00001726;2024-03-27;C1333;Dansk Kontormiljø;SKU-1007;Noise Cancelling Headset;Peripherals;11;2 414,82;direct
00001727;2024-02-16;C1072;Søndergaard A/S;SKU-1001;Ergonomic Desk Chair;Furniture;5;2 686,08;online
00001728;2025-12-12;C1240;Nordström Handel;SKU-1010;Desk Lamp LED;Furniture;1;466,30;retail
00001729;2025-01-15;C1316;Jyllands Inventar;SKU-1010;Desk Lamp LED;Furniture;4;545,11;online
00001730;2024-06-04;C1379;Kjærstad Utstyr;SKU-1007;Noise Cancelling Headset;Peripherals;3;2 111,72;partner
00001731;2025-10-02;C1191;Kärkkäinen Oy;SKU-1002;Standing Desk 140cm;Furniture;-1;4 897,46;partner
00001732;2024-02-05;C1376;Møller Innredning;SKU-1001;Ergonomic Desk Chair;Furniture;1;2 679,95;direct
00001733;2025-06-21;C1086;Kjærstad Utstyr;SKU-1001;Ergonomic Desk Chair;Furniture;9;2 470,93;retail
00001734;2024-03-08;C1057;Trondheim Utstyr;SKU-1001;Ergonomic Desk Chair;Furniture;6;2 106,33;direct
00001735;2025-10-14;C1000;Mäkinen Toimisto;SKU-1007;Noise Cancelling Headset;Peripherals;9;2 324,86;direct
00001736;2025-01-09;C1314;Ålesund Kontor;SKU-1008;Laptop Stand Aluminium;Accessories;5;670,02;direct
00001737;2024-05-08;C1112;Møller Innredning;SKU-1008;Laptop Stand Aluminium;Accessories;12;653,68;
00001738;2025-02-17;C1144;Ålesund Kontor;SKU-1004;Mechanical Keyboard;Peripherals;11;1 010,20;online
00001739;2024-12-02;C1363;Uppsala Interiör;SKU-1004;Mechanical Keyboard;Peripherals;5;1 204,98;partner
00001740;2025-08-16;C1377;Nordström Handel;SKU-1003;Monitor Arm Dual;Accessories;6;933,04;direct
00001741;2025-10-11;C1017;Søndergaard A/S;SKU-1001;Ergonomic Desk Chair;Furniture;4;2 050,31;online
00001742;2024-12-18;C1096;Dansk Kontormiljø;SKU-1007;Noise Cancelling Headset;Peripherals;-2;2 089,82;direct
00001743;2024-04-30;C1381;Kärkkäinen Oy;SKU-1004;Mechanical Keyboard;Peripherals;8;1 165,83;partner
00001744;2025-05-14;C1395;Uppsala Interiör;SKU-1006;USB-C Dock;Accessories;3;1 911,17;retail
00001745;2025-03-12;C1328;Lindqvist AB;SKU-1006;USB-C Dock;Accessories;9;1 898,03;online
00001746;2024-05-03;C1281;Mäkinen Toimisto;SKU-1002;Standing Desk 140cm;Furniture;4;5 714,92;online
00001747;2024-03-25;C1258;Kjærstad Utstyr;SKU-1006;USB-C Dock;Accessories;5;1 777,98;direct
00001748;2024-01-18;C1101;Hämäläinen Oy;SKU-1009;Webcam 1080p;Peripherals;4;822,25;online
00001749;2025-01-06;C1276;Søndergaard A/S;SKU-1010;Desk Lamp LED;Furniture;9;566,84;online
00001750;2025-10-11;C1316;Søndergaard A/S;SKU-1006;USB-C Dock;Accessories;3;1 574,46;online
00001751;2024-02-20;C1205;Mäkinen Toimisto;SKU-1009;Webcam 1080p;Peripherals;10;710,31;direct
00001752;2024-05-19;C1369;Mäkinen Toimisto;SKU-1009;Webcam 1080p;Peripherals;7;772,51;retail
00001753;2024-08-01;C1375;Bergström & Söner;SKU-1002;Standing Desk 140cm;Furniture;5;5 462,27;retail
00001754;2024-09-05;C1200;Kjærstad Utstyr;SKU-1007;Noise Cancelling Headset;Peripherals;3;2 303,14;direct
00001755;2024-03-13;C1115;Kärkkäinen Oy;SKU-1007;Noise Cancelling Headset;Peripherals;10;2 310,63;online
00001756;2025-11-19;C1077;Rødvig Møbler;SKU-1007;Noise Cancelling Headset;Peripherals;2;2 154,14;direct
00001757;2025-10-14;C1060;Mäkinen Toimisto;SKU-1003;Monitor Arm Dual;Accessories;11;843,93;retail
00001758;2024-05-07;C1277;Uppsala Interiör;SKU-1010;Desk Lamp LED;Furniture;8;510,37;online
00001759;2024-02-11;C1195;Kärkkäinen Oy;SKU-1002;Standing Desk 140cm;Furniture;12;4 844,48;retail
00001760;2025-12-09;C1249;Mäkinen Toimisto;SKU-1008;Laptop Stand Aluminium;Accessories;7;712,24;online
00001761;2025-09-05;C1185;Søndergaard A/S;SKU-1009;Webcam 1080p;Peripherals;2;834,23;direct
00001762;2024-10-13;C1370;Kärkkäinen Oy;SKU-1007;Noise Cancelling Headset;Peripherals;7;1 851,27;partner
00001763;2024-12-31;C1042;Lindqvist AB;SKU-1009;Webcam 1080p;Peripherals;6;858,69;retail
00001764;2025-03-20;C1340;Kärkkäinen Oy;SKU-1008;Laptop Stand Aluminium;Accessories;4;586,51;retail
00001765;2025-09-13;C1265;Dansk Kontormiljø;SKU-1008;Laptop Stand Aluminium;Accessories;9;652,60;retail
00001766;2024-04-10;C1294;Ålesund Kontor;SKU-1010;Desk Lamp LED;Furniture;2;565,80;retail
00001767;2025-09-10;C1215;Dansk Kontormiljø;SKU-1004;Mechanical Keyboard;Peripherals;6;1 222,21;retail
00001768;2025-08-10;C1267;Nordström Handel;SKU-1006;USB-C Dock;Accessories;11;1 934,92;direct
00001769;2024-07-04;C1012;Väisänen Kaluste;SKU-1007;Noise Cancelling Headset;Peripherals;11;1 921,10;retail
00001770;2024-09-16;C1183;Hämäläinen Oy;SKU-1005;27in 4K Monitor;Displays;7;4 595,48;partner
00001771;2025-04-14;C1357;Kärkkäinen Oy;SKU-1004;Mechanical Keyboard;Peripherals;5;993,99;online
00001772;2024-11-25;C1379;Dansk Kontormiljø;SKU-1004;Mechanical Keyboard;Peripherals;9;1 166,31;partner
00001773;2025-09-23;C1275;Søndergaard A/S;SKU-1003;Monitor Arm Dual;Accessories;8;845,61;partner
00001774;2025-02-19;C1160;Trondheim Utstyr;SKU-1005;27in 4K Monitor;Displays;2;3 771,66;online
00001775;2024-12-25;C1172;Uppsala Interiör;SKU-1007;Noise Cancelling Headset;Peripherals;4;2 230,66;partner
00001776;2025-08-18;C1158;Mäkinen Toimisto;SKU-1003;Monitor Arm Dual;Accessories;3;786,27;online
00001777;2024-04-02;C1364;Dansk Kontormiljø;SKU-1007;Noise Cancelling Headset;Peripherals;10;1 910,13;partner
00001778;2024-05-16;C1197;Ålesund Kontor;SKU-1003;Monitor Arm Dual;Accessories;12;850,96;partner
00001779;2024-08-18;C1226;Nordström Handel;SKU-1010;Desk Lamp LED;Furniture;10;492,52;online
00001780;2025-05-21;C1114;Søndergaard A/S;SKU-1009;Webcam 1080p;Peripherals;3;727,07;online
00001781;2024-01-13;C1151;Søndergaard A/S;SKU-1004;Mechanical Keyboard;Peripherals;8;1 052,01;retail
00001782;2025-07-18;C1290;Rødvig Møbler;SKU-1010;Desk Lamp LED;Furniture;8;506,67;direct
00001783;2025-01-31;C1382;Kärkkäinen Oy;SKU-1003;Monitor Arm Dual;Accessories;9;923,98;partner
00001784;2024-08-28;C1163;Hämäläinen Oy;SKU-1005;27in 4K Monitor;Displays;7;4 816,07;retail
00001785;2024-09-09;C1275;Møller Innredning;SKU-1003;Monitor Arm Dual;Accessories;6;1 019,83;retail
00001786;2025-09-10;C1116;Hämäläinen Oy;SKU-1009;Webcam 1080p;Peripherals;12;736,36;online
00001787;2025-09-25;C1224;Trondheim Utstyr;SKU-1008;Laptop Stand Aluminium;Accessories;5;554,21;direct
00001788;2024-02-28;C1177;Trondheim Utstyr;SKU-1002;Standing Desk 140cm;Furniture;-2;5 292,03;online
00001789;2024-10-09;C1291;Kärkkäinen Oy;SKU-1002;Standing Desk 140cm;Furniture;11;5 909,39;retail
00001790;2024-05-16;C1202;Rødvig Møbler;SKU-1010;Desk Lamp LED;Furniture;8;561,24;direct
00001791;2024-08-26;C1291;Jyllands Inventar;SKU-1005;27in 4K Monitor;Displays;9;4 048,01;online
00001792;2025-09-16;C1027;Hämäläinen Oy;SKU-1009;Webcam 1080p;Peripherals;11;864,88;retail
00001793;2024-06-14;C1375;Rødvig Møbler;SKU-1002;Standing Desk 140cm;Furniture;10;5 065,39;online
00001794;2025-05-21;C1373;Ålesund Kontor;SKU-1010;Desk Lamp LED;Furniture;3;446,60;partner
00001795;2025-12-02;C1198;Jyllands Inventar;SKU-1002;Standing Desk 140cm;Furniture;2;5 315,44;direct
00001796;2024-11-14;C1181;Kjærstad Utstyr;SKU-1008;Laptop Stand Aluminium;Accessories;3;579,13;direct
00001797;2024-07-24;C1116;Hämäläinen Oy;SKU-1005;27in 4K Monitor;Displays;8;3 991,05;retail
00001798;2024-01-21;C1310;Nordström Handel;SKU-1006;USB-C Dock;Accessories;8;1 762,53;retail
00001799;2025-06-25;C1006;Lindqvist AB;SKU-1006;USB-C Dock;Accessories;2;1 993,39;partner
00001800;2024-03-12;C1088;Rødvig Møbler;SKU-1007;Noise Cancelling Headset;Peripherals;-3;2 139,92;direct
00001801;2025-11-30;C1079;Hämäläinen Oy;SKU-1003;Monitor Arm Dual;Accessories;9;848,68;online
00001802;2025-06-03;C1076;Uppsala Interiör;SKU-1008;Laptop Stand Aluminium;Accessories;12;692,22;retail
00001803;2024-05-03;C1159;Mäkinen Toimisto;SKU-1010;Desk Lamp LED;Furniture;1;580,56;
00001804;2024-04-12;C1254;Rødvig Møbler;SKU-1006;USB-C Dock;Accessories;11;1 759,71;online
00001805;2025-07-15;C1199;Uppsala Interiör;SKU-1010;Desk Lamp LED;Furniture;6;586,86;retail
00001806;2024-09-02;C1251;Rødvig Møbler;SKU-1009;Webcam 1080p;Peripherals;2;748,57;direct
00001807;2025-05-06;C1337;Ålesund Kontor;SKU-1001;Ergonomic Desk Chair;Furniture;6;2 747,29;retail
00001808;2025-06-18;C1201;Rødvig Møbler;SKU-1006;USB-C Dock;Accessories;9;1 856,16;partner
00001809;2025-10-03;C1218;Dansk Kontormiljø;SKU-1006;USB-C Dock;Accessories;3;1 591,47;direct
00001810;2024-11-25;C1287;Trondheim Utstyr;SKU-1007;Noise Cancelling Headset;Peripherals;2;2 094,48;direct
00001811;2025-12-01;C1357;Nordström Handel;SKU-1005;27in 4K Monitor;Displays;8;4 649,26;retail
00001812;2025-08-07;C1277;Kjærstad Utstyr;SKU-1004;Mechanical Keyboard;Peripherals;2;1 180,18;partner
00001813;2024-12-26;C1275;Nordström Handel;SKU-1001;Ergonomic Desk Chair;Furniture;-2;2 317,13;direct
00001814;2025-11-28;C1357;Nordström Handel;SKU-1009;Webcam 1080p;Peripherals;9;782,05;online
00001815;2025-12-30;C1163;Bergström & Söner;SKU-1002;Standing Desk 140cm;Furniture;8;5 812,08;online
00001816;2024-02-16;C1195;Rødvig Møbler;SKU-1008;Laptop Stand Aluminium;Accessories;4;661,70;retail
00001817;2024-12-04;C1090;Dansk Kontormiljø;SKU-1005;27in 4K Monitor;Displays;1;4 505,88;online
00001818;2024-09-09;C1318;Kärkkäinen Oy;SKU-1006;USB-C Dock;Accessories;7;1 561,88;direct
00001819;2024-07-28;C1334;Kärkkäinen Oy;SKU-1010;Desk Lamp LED;Furniture;12;539,69;direct
00001820;2024-07-13;C1398;Trondheim Utstyr;SKU-1001;Ergonomic Desk Chair;Furniture;7;2 311,53;partner
00001821;2025-12-13;C1392;Uppsala Interiör;SKU-1010;Desk Lamp LED;Furniture;1;503,69;online
00001822;2025-05-15;C1034;Kjærstad Utstyr;SKU-1004;Mechanical Keyboard;Peripherals;2;1 017,27;partner
00001823;2025-12-12;C1203;Mäkinen Toimisto;SKU-1003;Monitor Arm Dual;Accessories;12;938,30;partner
00001824;2025-02-08;C1103;Bergström & Söner;SKU-1005;27in 4K Monitor;Displays;10;4 636,68;direct
00001825;2025-05-05;C1055;Ålesund Kontor;SKU-1004;Mechanical Keyboard;Peripherals;3;989,81;online
00001826;2024-03-10;C1123;Jyllands Inventar;SKU-1001;Ergonomic Desk Chair;Furniture;7;2 589,03;partner
00001827;2024-02-12;C1339;Rødvig Møbler;SKU-1008;Laptop Stand Aluminium;Accessories;12;658,62;online
00001828;2024-12-15;C1128;Kjærstad Utstyr;SKU-1006;USB-C Dock;Accessories;1;1 985,51;partner
00001829;2025-01-24;C1078;Mäkinen Toimisto;SKU-1008;Laptop Stand Aluminium;Accessories;4;554,83;retail
00001830;2025-03-25;C1012;Uppsala Interiör;SKU-1004;Mechanical Keyboard;Peripherals;3;1 093,38;retail
00001831;2024-05-26;C1280;Väisänen Kaluste;SKU-1004;Mechanical Keyboard;Peripherals;10;1 169,61;retail
00001832;2024-01-18;C1316;Kjærstad Utstyr;SKU-1002;Standing Desk 140cm;Furniture;11;5 228,15;partner
00001833;2024-08-27;C1003;Dansk Kontormiljø;SKU-1006;USB-C Dock;Accessories;1;1 541,99;retail
00001834;2024-05-02;C1114;Nordström Handel;SKU-1010;Desk Lamp LED;Furniture;1;561,92;retail
00001835;2025-08-08;C1330;Dansk Kontormiljø;SKU-1001;Ergonomic Desk Chair;Furniture;11;2 383,03;partner
00001836;2025-11-30;C1251;Kärkkäinen Oy;SKU-1010;Desk Lamp LED;Furniture;7;558,70;partner
00001837;2025-07-03;C1184;Søndergaard A/S;SKU-1008;Laptop Stand Aluminium;Accessories;8;573,40;online
00001838;2025-02-01;C1131;Kjærstad Utstyr;SKU-1005;27in 4K Monitor;Displays;11;4 897,32;partner
00001839;2025-04-15;C1210;Søndergaard A/S;SKU-1001;Ergonomic Desk Chair;Furniture;7;2 143,67;direct
00001840;2025-03-07;C1213;Uppsala Interiör;SKU-1003;Monitor Arm Dual;Accessories;11;1 007,98;direct
00001841;2025-11-12;C1204;Møller Innredning;SKU-1008;Laptop Stand Aluminium;Accessories;7;608,86;online
00001842;2025-11-06;C1316;Hämäläinen Oy;SKU-1004;Mechanical Keyboard;Peripherals;4;1 173,59;direct
00001843;2025-02-06;C1072;Trondheim Utstyr;SKU-1009;Webcam 1080p;Peripherals;7;734,81;retail
00001844;2025-09-30;C1211;Nordström Handel;SKU-1009;Webcam 1080p;Peripherals;11;874,69;online
00001845;2025-01-28;C1264;Jyllands Inventar;SKU-1004;Mechanical Keyboard;Peripherals;6;1 031,57;online
00001846;2025-11-14;C1088;Kärkkäinen Oy;SKU-1008;Laptop Stand Aluminium;Accessories;1;618,11;online
00001847;2025-02-25;C1162;Uppsala Interiör;SKU-1007;Noise Cancelling Headset;Peripherals;10;1 909,62;online
00001848;2025-09-19;C1271;Nordström Handel;SKU-1003;Monitor Arm Dual;Accessories;8;1 005,62;retail
00001849;2024-04-02;C1160;Hämäläinen Oy;SKU-1002;Standing Desk 140cm;Furniture;-1;4 937,15;online
00001850;2025-09-30;C1161;Uppsala Interiör;SKU-1003;Monitor Arm Dual;Accessories;4;774,13;direct
00001851;2025-07-29;C1081;Møller Innredning;SKU-1006;USB-C Dock;Accessories;12;1 646,70;online
00001852;2024-06-11;C1287;Trondheim Utstyr;SKU-1007;Noise Cancelling Headset;Peripherals;2;2 174,52;partner
00001853;2025-03-31;C1049;Nordström Handel;SKU-1004;Mechanical Keyboard;Peripherals;2;1 028,09;online
00001854;2024-01-21;C1300;Hämäläinen Oy;SKU-1007;Noise Cancelling Headset;Peripherals;8;1 892,39;direct
00001855;2025-05-18;C1343;Hämäläinen Oy;SKU-1010;Desk Lamp LED;Furniture;10;581,46;partner
00001856;2024-11-03;C1346;Dansk Kontormiljø;SKU-1002;Standing Desk 140cm;Furniture;6;4 630,51;online
00001857;2024-10-26;C1364;Bergström & Söner;SKU-1002;Standing Desk 140cm;Furniture;11;5 409,39;partner
00001858;2024-06-22;C1186;Kärkkäinen Oy;SKU-1010;Desk Lamp LED;Furniture;-3;507,17;online
00001859;2024-01-25;C1250;Väisänen Kaluste;SKU-1009;Webcam 1080p;Peripherals;5;874,60;online
00001860;2025-04-04;C1221;Väisänen Kaluste;SKU-1001;Ergonomic Desk Chair;Furniture;11;2 260,78;retail
00001861;2025-11-06;C1041;Väisänen Kaluste;SKU-1005;27in 4K Monitor;Displays;12;4 502,13;retail
00001862;2025-01-24;C1102;Trondheim Utstyr;SKU-1003;Monitor Arm Dual;Accessories;-3;761,63;direct
00001863;2025-01-19;C1171;Hämäläinen Oy;SKU-1007;Noise Cancelling Headset;Peripherals;1;1 955,28;direct
00001864;2024-09-24;C1282;Rødvig Møbler;SKU-1007;Noise Cancelling Headset;Peripherals;12;2 379,03;direct
00001865;2025-11-18;C1043;Väisänen Kaluste;SKU-1005;27in 4K Monitor;Displays;5;4 235,34;retail
00001866;2024-03-17;C1090;Hämäläinen Oy;SKU-1001;Ergonomic Desk Chair;Furniture;3;2 117,08;retail
00001867;2024-03-18;C1004;Lindqvist AB;SKU-1003;Monitor Arm Dual;Accessories;10;964,46;partner
00001868;2025-04-16;C1323;Väisänen Kaluste;SKU-1010;Desk Lamp LED;Furniture;2;539,68;retail
00001869;2024-03-24;C1095;Bergström & Söner;SKU-1010;Desk Lamp LED;Furniture;2;463,64;retail
00001870;2024-02-21;C1367;Bergström & Söner;SKU-1001;Ergonomic Desk Chair;Furniture;7;2 207,81;direct
00001871;2024-07-21;C1362;Trondheim Utstyr;SKU-1006;USB-C Dock;Accessories;11;1 737,42;online
00001872;2024-03-03;C1226;Kjærstad Utstyr;SKU-1008;Laptop Stand Aluminium;Accessories;5;657,63;retail
00001873;2025-07-09;C1294;Rødvig Møbler;SKU-1002;Standing Desk 140cm;Furniture;3;4 830,69;retail
00001874;2024-08-21;C1083;Dansk Kontormiljø;SKU-1002;Standing Desk 140cm;Furniture;4;4 921,39;partner
00001875;2025-03-12;C1128;Hämäläinen Oy;SKU-1010;Desk Lamp LED;Furniture;7;486,52;online
00001876;2024-09-14;C1144;Kjærstad Utstyr;SKU-1009;Webcam 1080p;Peripherals;1;889,54;retail
00001877;2024-03-02;C1317;Jyllands Inventar;SKU-1001;Ergonomic Desk Chair;Furniture;2;2 689,94;retail
00001878;2024-11-22;C1301;Hämäläinen Oy;SKU-1008;Laptop Stand Aluminium;Accessories;1;673,50;retail
00001879;2025-01-01;C1380;Trondheim Utstyr;SKU-1010;Desk Lamp LED;Furniture;5;491,77;partner
00001880;2024-07-13;C1116;Kjærstad Utstyr;SKU-1008;Laptop Stand Aluminium;Accessories;5;604,19;retail
00001881;2025-02-16;C1237;Uppsala Interiör;SKU-1006;USB-C Dock;Accessories;7;1 729,86;direct
00001882;2024-01-26;C1071;Väisänen Kaluste;SKU-1003;Monitor Arm Dual;Accessories;3;859,45;direct
00001883;2025-11-08;C1088;Møller Innredning;SKU-1003;Monitor Arm Dual;Accessories;7;872,48;online
00001884;2024-12-11;C1101;Lindqvist AB;SKU-1004;Mechanical Keyboard;Peripherals;-2;1 029,22;direct
00001885;2025-07-16;C1142;Søndergaard A/S;SKU-1007;Noise Cancelling Headset;Peripherals;3;2 386,77;online
00001886;2024-06-12;C1249;Nordström Handel;SKU-1008;Laptop Stand Aluminium;Accessories;10;627,11;partner
00001887;2025-09-14;C1148;Møller Innredning;SKU-1002;Standing Desk 140cm;Furniture;2;5 521,40;online
00001888;2024-01-14;C1157;Kjærstad Utstyr;SKU-1009;Webcam 1080p;Peripherals;8;760,42;partner
00001889;2025-09-05;C1066;Mäkinen Toimisto;SKU-1005;27in 4K Monitor;Displays;11;4 444,00;partner
00001890;2025-04-29;C1032;Lindqvist AB;SKU-1006;USB-C Dock;Accessories;12;1 681,52;direct
00001891;2025-12-05;C1119;Väisänen Kaluste;SKU-1006;USB-C Dock;Accessories;7;1 983,40;direct
00001892;2025-12-16;C1099;Møller Innredning;SKU-1005;27in 4K Monitor;Displays;9;4 679,03;partner
00001893;2024-09-12;C1250;Trondheim Utstyr;SKU-1010;Desk Lamp LED;Furniture;4;537,06;retail
00001894;2024-05-31;C1319;Väisänen Kaluste;SKU-1006;USB-C Dock;Accessories;9;1 689,18;
00001895;2024-09-29;C1034;Uppsala Interiör;SKU-1009;Webcam 1080p;Peripherals;8;873,70;direct
00001896;2024-03-01;C1242;Søndergaard A/S;SKU-1004;Mechanical Keyboard;Peripherals;5;1 103,00;online
00001897;2025-07-29;C1074;Kärkkäinen Oy;SKU-1001;Ergonomic Desk Chair;Furniture;6;2 486,87;partner
00001898;2025-10-23;C1096;Ålesund Kontor;SKU-1008;Laptop Stand Aluminium;Accessories;6;646,97;partner
00001899;2025-05-31;C1144;Søndergaard A/S;SKU-1001;Ergonomic Desk Chair;Furniture;12;2 416,92;direct
00001900;2024-09-24;C1104;Møller Innredning;SKU-1007;Noise Cancelling Headset;Peripherals;12;1 791,88;partner
00001901;2024-03-21;C1188;Uppsala Interiör;SKU-1001;Ergonomic Desk Chair;Furniture;1;2 588,91;online
00001902;2025-03-30;C1388;Väisänen Kaluste;SKU-1008;Laptop Stand Aluminium;Accessories;11;574,14;retail
00001903;2025-04-09;C1145;Kjærstad Utstyr;SKU-1005;27in 4K Monitor;Displays;8;4 566,12;online
00001904;2025-07-19;C1244;Hämäläinen Oy;SKU-1006;USB-C Dock;Accessories;1;1 943,06;online
00001905;2025-03-20;C1330;Väisänen Kaluste;SKU-1006;USB-C Dock;Accessories;12;1 500,87;direct
00001906;2025-10-21;C1144;Väisänen Kaluste;SKU-1003;Monitor Arm Dual;Accessories;6;959,56;retail
00001907;2025-05-23;C1032;Bergström & Söner;SKU-1009;Webcam 1080p;Peripherals;1;830,00;online
00001908;2024-08-28;C1047;Hämäläinen Oy;SKU-1003;Monitor Arm Dual;Accessories;2;1 007,51;partner
00001909;2025-05-19;C1205;Nordström Handel;SKU-1006;USB-C Dock;Accessories;2;1 881,70;direct
00001910;2024-07-31;C1229;Kjærstad Utstyr;SKU-1007;Noise Cancelling Headset;Peripherals;12;2 303,39;retail
00001911;2025-07-25;C1012;Nordström Handel;SKU-1005;27in 4K Monitor;Displays;4;4 486,74;online
00001912;2024-06-05;C1070;Väisänen Kaluste;SKU-1008;Laptop Stand Aluminium;Accessories;1;689,64;partner
00001913;2024-10-23;C1252;Lindqvist AB;SKU-1007;Noise Cancelling Headset;Peripherals;11;1 797,13;direct
00001914;2024-08-01;C1117;Trondheim Utstyr;SKU-1009;Webcam 1080p;Peripherals;2;800,98;retail
00001915;2025-06-05;C1084;Dansk Kontormiljø;SKU-1006;USB-C Dock;Accessories;12;1 950,36;online
00001916;2024-10-15;C1136;Hämäläinen Oy;SKU-1003;Monitor Arm Dual;Accessories;-3;955,22;direct
00001917;2024-07-19;C1167;Kärkkäinen Oy;SKU-1003;Monitor Arm Dual;Accessories;4;824,93;direct
00001918;2025-09-09;C1333;Dansk Kontormiljø;SKU-1002;Standing Desk 140cm;Furniture;11;4 464,96;online
00001919;2024-07-29;C1102;Mäkinen Toimisto;SKU-1003;Monitor Arm Dual;Accessories;2;971,34;online
00001920;2025-10-03;C1117;Kärkkäinen Oy;SKU-1010;Desk Lamp LED;Furniture;5;450,48;online
00001921;2024-07-04;C1170;Rødvig Møbler;SKU-1009;Webcam 1080p;Peripherals;1;713,64;direct
00001922;2025-09-08;C1385;Kjærstad Utstyr;SKU-1007;Noise Cancelling Headset;Peripherals;12;2 405,06;direct
00001923;2025-11-14;C1127;Bergström & Söner;SKU-1008;Laptop Stand Aluminium;Accessories;9;696,64;retail
00001924;2024-10-07;C1000;Mäkinen Toimisto;SKU-1001;Ergonomic Desk Chair;Furniture;1;2 657,16;direct
00001925;2024-02-24;C1188;Rødvig Møbler;SKU-1007;Noise Cancelling Headset;Peripherals;12;1 885,48;online
00001926;2025-03-03;C1334;Lindqvist AB;SKU-1007;Noise Cancelling Headset;Peripherals;12;1 832,94;partner
00001927;2024-07-28;C1061;Lindqvist AB;SKU-1001;Ergonomic Desk Chair;Furniture;2;2 229,16;direct
00001928;2025-04-11;C1296;Kärkkäinen Oy;SKU-1003;Monitor Arm Dual;Accessories;1;950,02;partner
00001929;2025-12-09;C1078;Rødvig Møbler;SKU-1001;Ergonomic Desk Chair;Furniture;12;2 085,56;retail
00001930;2025-03-18;C1238;Jyllands Inventar;SKU-1007;Noise Cancelling Headset;Peripherals;11;1 808,41;online
00001931;2024-10-14;C1363;Mäkinen Toimisto;SKU-1001;Ergonomic Desk Chair;Furniture;10;2 512,76;
00001932;2024-07-11;C1120;Uppsala Interiör;SKU-1004;Mechanical Keyboard;Peripherals;-2;1 309,80;retail
00001933;2025-12-20;C1250;Søndergaard A/S;SKU-1001;Ergonomic Desk Chair;Furniture;10;2 353,45;retail
00001934;2025-04-28;C1278;Kjærstad Utstyr;SKU-1005;27in 4K Monitor;Displays;6;4 128,81;partner
00001935;2025-10-16;C1177;Jyllands Inventar;SKU-1006;USB-C Dock;Accessories;12;1 563,99;
00001936;2024-10-26;C1075;Trondheim Utstyr;SKU-1010;Desk Lamp LED;Furniture;7;595,43;direct
00001937;2024-05-20;C1170;Hämäläinen Oy;SKU-1006;USB-C Dock;Accessories;7;1 620,43;direct
00001938;2024-02-13;C1175;Møller Innredning;SKU-1008;Laptop Stand Aluminium;Accessories;9;575,54;partner
00001939;2025-08-10;C1071;Rødvig Møbler;SKU-1009;Webcam 1080p;Peripherals;11;700,31;direct
00001940;2025-07-11;C1021;Ålesund Kontor;SKU-1002;Standing Desk 140cm;Furniture;7;5 965,19;retail
00001941;2024-08-20;C1350;Väisänen Kaluste;SKU-1005;27in 4K Monitor;Displays;9;3 867,47;direct
00001942;2025-07-15;C1202;Dansk Kontormiljø;SKU-1002;Standing Desk 140cm;Furniture;6;5 663,18;online
00001943;2024-04-18;C1115;Uppsala Interiör;SKU-1010;Desk Lamp LED;Furniture;6;549,30;online
00001944;2025-05-22;C1073;Bergström & Söner;SKU-1004;Mechanical Keyboard;Peripherals;-3;1 253,48;partner
00001945;2025-10-15;C1049;Rødvig Møbler;SKU-1004;Mechanical Keyboard;Peripherals;7;1 049,69;retail
00001946;2025-11-27;C1036;Bergström & Söner;SKU-1001;Ergonomic Desk Chair;Furniture;1;2 189,10;partner
00001947;2025-02-16;C1005;Mäkinen Toimisto;SKU-1008;Laptop Stand Aluminium;Accessories;2;612,64;partner
00001948;2025-08-26;C1244;Nordström Handel;SKU-1007;Noise Cancelling Headset;Peripherals;6;2 054,97;direct
00001949;2025-12-18;C1242;Dansk Kontormiljø;SKU-1001;Ergonomic Desk Chair;Furniture;8;2 062,35;retail
00001950;2025-12-02;C1251;Lindqvist AB;SKU-1007;Noise Cancelling Headset;Peripherals;12;2 339,80;direct
00001951;2024-09-15;C1278;Bergström & Söner;SKU-1001;Ergonomic Desk Chair;Furniture;8;2 102,52;retail
00001952;2024-04-06;C1232;Dansk Kontormiljø;SKU-1004;Mechanical Keyboard;Peripherals;12;1 195,30;partner
00001953;2024-11-13;C1282;Uppsala Interiör;SKU-1004;Mechanical Keyboard;Peripherals;10;989,35;online
00001954;2025-08-30;C1345;Lindqvist AB;SKU-1010;Desk Lamp LED;Furniture;7;548,68;direct
00001955;2025-08-01;C1198;Nordström Handel;SKU-1002;Standing Desk 140cm;Furniture;9;4 848,60;partner
00001956;2025-04-07;C1150;Kjærstad Utstyr;SKU-1010;Desk Lamp LED;Furniture;2;518,61;retail
00001957;2024-06-07;C1039;Rødvig Møbler;SKU-1005;27in 4K Monitor;Displays;10;3 796,48;direct
00001958;2024-06-29;C1395;Dansk Kontormiljø;SKU-1008;Laptop Stand Aluminium;Accessories;-3;698,91;retail
00001959;2025-08-20;C1252;Søndergaard A/S;SKU-1005;27in 4K Monitor;Displays;3;4 771,58;direct
00001960;2025-09-11;C1288;Lindqvist AB;SKU-1002;Standing Desk 140cm;Furniture;2;4 625,92;direct
00001961;2025-12-26;C1268;Hämäläinen Oy;SKU-1008;Laptop Stand Aluminium;Accessories;6;626,55;retail
00001962;2025-12-19;C1216;Bergström & Söner;SKU-1007;Noise Cancelling Headset;Peripherals;8;2 059,86;retail
00001963;2025-05-01;C1205;Søndergaard A/S;SKU-1002;Standing Desk 140cm;Furniture;5;5 456,94;online
00001964;2025-11-11;C1100;Uppsala Interiör;SKU-1002;Standing Desk 140cm;Furniture;1;5 309,86;partner
00001965;2025-11-03;C1094;Jyllands Inventar;SKU-1009;Webcam 1080p;Peripherals;5;890,18;retail
00001966;2024-05-16;C1382;Dansk Kontormiljø;SKU-1009;Webcam 1080p;Peripherals;1;697,49;retail
00001967;2025-06-21;C1340;Kärkkäinen Oy;SKU-1006;USB-C Dock;Accessories;1;1 493,89;retail
00001968;2025-05-06;C1109;Rødvig Møbler;SKU-1005;27in 4K Monitor;Displays;3;3 969,34;direct
00001969;2025-07-20;C1324;Bergström & Söner;SKU-1008;Laptop Stand Aluminium;Accessories;8;577,10;online
00001970;2025-05-04;C1262;Bergström & Söner;SKU-1003;Monitor Arm Dual;Accessories;9;959,56;online
00001971;2025-01-05;C1115;Kärkkäinen Oy;SKU-1004;Mechanical Keyboard;Peripherals;11;1 267,22;direct
00001972;2025-02-08;C1014;Rødvig Møbler;SKU-1001;Ergonomic Desk Chair;Furniture;7;2 270,75;partner
00001973;2024-05-10;C1245;Jyllands Inventar;SKU-1007;Noise Cancelling Headset;Peripherals;8;2 331,17;online
00001974;2024-03-17;C1221;Lindqvist AB;SKU-1004;Mechanical Keyboard;Peripherals;10;1 149,01;direct
00001975;2024-05-29;C1395;Nordström Handel;SKU-1002;Standing Desk 140cm;Furniture;9;5 810,97;partner
00001976;2024-12-15;C1155;Väisänen Kaluste;SKU-1005;27in 4K Monitor;Displays;7;4 493,72;partner
00001977;2025-12-05;C1301;Møller Innredning;SKU-1008;Laptop Stand Aluminium;Accessories;9;689,42;direct
00001978;2025-06-29;C1264;Bergström & Söner;SKU-1006;USB-C Dock;Accessories;2;1 999,49;partner
00001979;2024-08-21;C1160;Väisänen Kaluste;SKU-1005;27in 4K Monitor;Displays;5;4 421,82;online
00001980;2024-12-09;C1265;Jyllands Inventar;SKU-1010;Desk Lamp LED;Furniture;4;489,79;partner
00001981;2025-09-19;C1071;Mäkinen Toimisto;SKU-1005;27in 4K Monitor;Displays;10;4 505,25;online
00001982;2025-04-18;C1297;Kjærstad Utstyr;SKU-1006;USB-C Dock;Accessories;12;1 656,10;retail
00001983;2025-10-10;C1172;Kjærstad Utstyr;SKU-1005;27in 4K Monitor;Displays;11;4 426,59;
00001984;2025-08-04;C1235;Väisänen Kaluste;SKU-1006;USB-C Dock;Accessories;4;1 863,95;online
00001985;2025-01-20;C1281;Dansk Kontormiljø;SKU-1005;27in 4K Monitor;Displays;10;3 815,51;retail
00001986;2025-05-21;C1232;Kärkkäinen Oy;SKU-1002;Standing Desk 140cm;Furniture;4;4 817,50;direct
00001987;2025-05-16;C1304;Ålesund Kontor;SKU-1004;Mechanical Keyboard;Peripherals;5;1 125,06;direct
00001988;2024-05-05;C1185;Nordström Handel;SKU-1007;Noise Cancelling Headset;Peripherals;7;1 873,03;retail
00001989;2024-05-10;C1049;Jyllands Inventar;SKU-1002;Standing Desk 140cm;Furniture;5;5 254,95;online
00001990;2024-12-11;C1319;Kärkkäinen Oy;SKU-1001;Ergonomic Desk Chair;Furniture;11;2 047,10;partner
00001991;2025-08-07;C1384;Kärkkäinen Oy;SKU-1007;Noise Cancelling Headset;Peripherals;4;2 174,54;partner
00001992;2024-08-13;C1087;Dansk Kontormiljø;SKU-1004;Mechanical Keyboard;Peripherals;-3;1 086,77;online
00001993;2025-09-20;C1138;Trondheim Utstyr;SKU-1009;Webcam 1080p;Peripherals;-1;684,34;retail
00001994;2025-04-15;C1312;Kjærstad Utstyr;SKU-1002;Standing Desk 140cm;Furniture;4;4 764,72;online
00001995;2024-11-11;C1222;Dansk Kontormiljø;SKU-1004;Mechanical Keyboard;Peripherals;5;1 059,88;direct
00001996;2025-12-30;C1227;Uppsala Interiör;SKU-1004;Mechanical Keyboard;Peripherals;4;1 005,79;online
00001997;2024-10-05;C1105;Trondheim Utstyr;SKU-1007;Noise Cancelling Headset;Peripherals;10;1 799,51;direct
00001998;2025-09-22;C1198;Uppsala Interiör;SKU-1009;Webcam 1080p;Peripherals;6;779,77;online
00001999;2025-12-16;C1349;Dansk Kontormiljø;SKU-1006;USB-C Dock;Accessories;3;1 803,00;online
00002000;2024-10-07;C1127;Mäkinen Toimisto;SKU-1007;Noise Cancelling Headset;Peripherals;4;2 007,56;online
00002001;2025-12-03;C1288;Søndergaard A/S;SKU-1007;Noise Cancelling Headset;Peripherals;10;2 390,21;retail
00002002;2024-12-19;C1184;Dansk Kontormiljø;SKU-1008;Laptop Stand Aluminium;Accessories;12;618,66;retail
00002003;2024-04-01;C1223;Kärkkäinen Oy;SKU-1008;Laptop Stand Aluminium;Accessories;7;718,56;partner
00002004;2025-05-05;C1080;Kjærstad Utstyr;SKU-1004;Mechanical Keyboard;Peripherals;5;1 321,50;online
00002005;2024-07-19;C1018;Dansk Kontormiljø;SKU-1010;Desk Lamp LED;Furniture;11;524,83;partner
00002006;2024-04-04;C1315;Nordström Handel;SKU-1001;Ergonomic Desk Chair;Furniture;4;2 699,41;partner
00002007;2024-10-27;C1072;Jyllands Inventar;SKU-1002;Standing Desk 140cm;Furniture;9;5 126,84;partner
00002008;2024-03-09;C1118;Bergström & Söner;SKU-1003;Monitor Arm Dual;Accessories;4;800,99;
00002009;2024-06-29;C1147;Trondheim Utstyr;SKU-1010;Desk Lamp LED;Furniture;11;578,01;direct
00002010;2024-03-19;C1034;Ålesund Kontor;SKU-1003;Monitor Arm Dual;Accessories;-1;917,40;partner
00002011;2025-01-12;C1370;Kjærstad Utstyr;SKU-1003;Monitor Arm Dual;Accessories;9;880,00;online
00002012;2024-06-24;C1392;Kärkkäinen Oy;SKU-1009;Webcam 1080p;Peripherals;3;665,05;retail
00002013;2024-06-20;C1024;Trondheim Utstyr;SKU-1009;Webcam 1080p;Peripherals;9;755,15;online
00002014;2025-08-10;C1400;Kärkkäinen Oy;SKU-1003;Monitor Arm Dual;Accessories;4;979,25;direct
00002015;2024-09-11;C1082;Nordström Handel;SKU-1004;Mechanical Keyboard;Peripherals;8;1 015,41;retail
00002016;2025-05-16;C1346;Dansk Kontormiljø;SKU-1007;Noise Cancelling Headset;Peripherals;-2;2 118,20;direct
00002017;2024-12-28;C1310;Dansk Kontormiljø;SKU-1009;Webcam 1080p;Peripherals;8;883,73;partner
00002018;2024-05-09;C1018;Rødvig Møbler;SKU-1009;Webcam 1080p;Peripherals;7;863,75;retail
00002019;2025-02-26;C1195;Dansk Kontormiljø;SKU-1010;Desk Lamp LED;Furniture;6;460,02;partner
00002020;2024-01-17;C1110;Jyllands Inventar;SKU-1006;USB-C Dock;Accessories;1;1 591,82;online
00002021;2025-10-26;C1154;Dansk Kontormiljø;SKU-1008;Laptop Stand Aluminium;Accessories;10;687,85;online
00002022;2024-09-15;C1249;Dansk Kontormiljø;SKU-1003;Monitor Arm Dual;Accessories;1;997,78;direct
00002023;2025-03-01;C1026;Søndergaard A/S;SKU-1008;Laptop Stand Aluminium;Accessories;6;632,95;online
00002024;2025-01-30;C1334;Jyllands Inventar;SKU-1002;Standing Desk 140cm;Furniture;5;4 966,87;retail
00002025;2025-05-03;C1020;Trondheim Utstyr;SKU-1010;Desk Lamp LED;Furniture;5;521,96;retail
00002026;2024-06-18;C1005;Ålesund Kontor;SKU-1006;USB-C Dock;Accessories;6;1 971,54;online
00002027;2025-10-07;C1266;Hämäläinen Oy;SKU-1009;Webcam 1080p;Peripherals;5;782,22;retail
00002028;2024-12-21;C1318;Väisänen Kaluste;SKU-1008;Laptop Stand Aluminium;Accessories;7;661,68;partner
00002029;2025-03-24;C1388;Trondheim Utstyr;SKU-1006;USB-C Dock;Accessories;1;1 794,95;direct
00002030;2025-08-02;C1259;Bergström & Söner;SKU-1009;Webcam 1080p;Peripherals;1;791,23;online
00002031;2025-10-12;C1136;Møller Innredning;SKU-1007;Noise Cancelling Headset;Peripherals;6;2 062,11;online
00002032;2024-08-13;C1021;Nordström Handel;SKU-1004;Mechanical Keyboard;Peripherals;2;1 072,64;partner
00002033;2025-03-03;C1077;Jyllands Inventar;SKU-1001;Ergonomic Desk Chair;Furniture;3;2 449,89;partner
00002034;2024-02-08;C1135;Trondheim Utstyr;SKU-1004;Mechanical Keyboard;Peripherals;1;1 033,87;
00002035;2025-11-19;C1252;Ålesund Kontor;SKU-1004;Mechanical Keyboard;Peripherals;8;1 034,63;
00002036;2025-04-25;C1132;Väisänen Kaluste;SKU-1008;Laptop Stand Aluminium;Accessories;6;732,06;partner
00002037;2025-08-26;C1266;Kärkkäinen Oy;SKU-1009;Webcam 1080p;Peripherals;3;858,47;online
00002038;2025-06-05;C1153;Trondheim Utstyr;SKU-1004;Mechanical Keyboard;Peripherals;1;1 071,41;direct
00002039;2024-04-19;C1075;Søndergaard A/S;SKU-1001;Ergonomic Desk Chair;Furniture;10;2 661,45;online
00002040;2025-12-15;C1277;Hämäläinen Oy;SKU-1004;Mechanical Keyboard;Peripherals;8;1 296,99;direct
00002041;2024-09-05;C1083;Trondheim Utstyr;SKU-1007;Noise Cancelling Headset;Peripherals;7;1 973,42;retail
00002042;2024-06-06;C1212;Trondheim Utstyr;SKU-1006;USB-C Dock;Accessories;1;1 915,41;retail
00002043;2025-05-18;C1202;Rødvig Møbler;SKU-1006;USB-C Dock;Accessories;6;1 611,23;direct
00002044;2024-06-17;C1172;Kjærstad Utstyr;SKU-1007;Noise Cancelling Headset;Peripherals;4;2 169,66;partner
00002045;2024-03-25;C1377;Lindqvist AB;SKU-1010;Desk Lamp LED;Furniture;7;457,70;online
00002046;2025-12-15;C1331;Møller Innredning;SKU-1009;Webcam 1080p;Peripherals;7;684,60;
00002047;2025-01-10;C1347;Hämäläinen Oy;SKU-1001;Ergonomic Desk Chair;Furniture;8;2 136,11;retail
00002048;2024-02-09;C1298;Bergström & Söner;SKU-1001;Ergonomic Desk Chair;Furniture;3;2 277,70;retail
00002049;2024-06-23;C1200;Trondheim Utstyr;SKU-1010;Desk Lamp LED;Furniture;1;471,99;retail
00002050;2024-03-14;C1313;Mäkinen Toimisto;SKU-1005;27in 4K Monitor;Displays;10;4 734,54;online
00002051;2025-10-20;C1397;Ålesund Kontor;SKU-1002;Standing Desk 140cm;Furniture;8;4 825,57;direct
00002052;2024-12-12;C1340;Kjærstad Utstyr;SKU-1010;Desk Lamp LED;Furniture;4;447,00;direct
00002053;2025-10-31;C1361;Dansk Kontormiljø;SKU-1008;Laptop Stand Aluminium;Accessories;6;602,83;direct
00002054;2025-04-17;C1076;Møller Innredning;SKU-1004;Mechanical Keyboard;Peripherals;5;1 050,14;retail
00002055;2024-04-20;C1229;Møller Innredning;SKU-1002;Standing Desk 140cm;Furniture;1;4 603,64;online
00002056;2025-08-16;C1122;Trondheim Utstyr;SKU-1002;Standing Desk 140cm;Furniture;5;5 492,85;direct
00002057;2025-11-18;C1282;Mäkinen Toimisto;SKU-1007;Noise Cancelling Headset;Peripherals;2;2 206,01;online
00002058;2024-07-15;C1176;Bergström & Söner;SKU-1008;Laptop Stand Aluminium;Accessories;11;574,05;retail
00002059;2025-04-19;C1337;Dansk Kontormiljø;SKU-1001;Ergonomic Desk Chair;Furniture;5;2 625,01;partner
00002060;2025-12-25;C1216;Väisänen Kaluste;SKU-1008;Laptop Stand Aluminium;Accessories;3;687,09;online
00002061;2025-05-13;C1171;Møller Innredning;SKU-1001;Ergonomic Desk Chair;Furniture;3;2 339,38;retail
00002062;2024-10-11;C1103;Kjærstad Utstyr;SKU-1003;Monitor Arm Dual;Accessories;4;888,76;direct
00002063;2025-09-21;C1190;Väisänen Kaluste;SKU-1001;Ergonomic Desk Chair;Furniture;1;2 552,18;retail
00002064;2024-07-25;C1108;Møller Innredning;SKU-1002;Standing Desk 140cm;Furniture;8;5 932,07;partner
00002065;2025-08-27;C1313;Rødvig Møbler;SKU-1009;Webcam 1080p;Peripherals;5;871,16;direct
00002066;2024-10-24;C1275;Uppsala Interiör;SKU-1001;Ergonomic Desk Chair;Furniture;8;2 465,50;retail
00002067;2024-03-05;C1242;Jyllands Inventar;SKU-1005;27in 4K Monitor;Displays;-3;4 463,89;direct
00002068;2025-08-28;C1114;Uppsala Interiör;SKU-1010;Desk Lamp LED;Furniture;10;491,17;partner
00002069;2025-11-15;C1296;Kärkkäinen Oy;SKU-1005;27in 4K Monitor;Displays;11;4 708,59;direct
00002070;2025-04-05;C1122;Dansk Kontormiljø;SKU-1005;27in 4K Monitor;Displays;1;3 707,30;retail
00002071;2024-10-07;C1274;Jyllands Inventar;SKU-1007;Noise Cancelling Headset;Peripherals;1;2 290,51;retail
00002072;2024-11-09;C1393;Nordström Handel;SKU-1009;Webcam 1080p;Peripherals;12;812,76;direct
00002073;2024-04-28;C1120;Dansk Kontormiljø;SKU-1010;Desk Lamp LED;Furniture;4;528,17;partner
00002074;2025-03-15;C1040;Väisänen Kaluste;SKU-1003;Monitor Arm Dual;Accessories;9;760,29;online
00002075;2024-09-21;C1086;Mäkinen Toimisto;SKU-1008;Laptop Stand Aluminium;Accessories;1;722,77;partner
00002076;2024-06-16;C1185;Ålesund Kontor;SKU-1007;Noise Cancelling Headset;Peripherals;3;1 913,58;partner
00002077;2024-03-19;C1079;Ålesund Kontor;SKU-1005;27in 4K Monitor;Displays;9;4 479,34;retail
00002078;2024-10-03;C1091;Ålesund Kontor;SKU-1004;Mechanical Keyboard;Peripherals;2;1 251,58;direct
00002079;2025-07-01;C1238;Ålesund Kontor;SKU-1006;USB-C Dock;Accessories;2;1 925,98;direct
00002080;2024-04-04;C1180;Kjærstad Utstyr;SKU-1010;Desk Lamp LED;Furniture;5;497,58;direct
00002081;2025-09-27;C1392;Bergström & Söner;SKU-1004;Mechanical Keyboard;Peripherals;9;1 227,73;retail
00002082;2025-12-07;C1273;Rødvig Møbler;SKU-1003;Monitor Arm Dual;Accessories;3;895,90;direct
00002083;2025-03-18;C1053;Dansk Kontormiljø;SKU-1006;USB-C Dock;Accessories;1;1 691,87;online
00002084;2025-08-23;C1382;Bergström & Söner;SKU-1003;Monitor Arm Dual;Accessories;4;885,57;online
00002085;2025-10-19;C1188;Rødvig Møbler;SKU-1008;Laptop Stand Aluminium;Accessories;9;618,36;retail
00002086;2024-01-18;C1340;Hämäläinen Oy;SKU-1001;Ergonomic Desk Chair;Furniture;8;2 451,08;partner
00002087;2025-04-19;C1043;Møller Innredning;SKU-1007;Noise Cancelling Headset;Peripherals;12;2 395,84;retail
00002088;2024-05-19;C1242;Trondheim Utstyr;SKU-1010;Desk Lamp LED;Furniture;9;460,17;partner
00002089;2025-10-15;C1162;Søndergaard A/S;SKU-1002;Standing Desk 140cm;Furniture;10;5 646,39;partner
00002090;2024-02-26;C1153;Møller Innredning;SKU-1009;Webcam 1080p;Peripherals;7;863,93;partner
00002091;2024-03-17;C1271;Hämäläinen Oy;SKU-1007;Noise Cancelling Headset;Peripherals;3;2 320,33;retail
00002092;2024-01-27;C1145;Väisänen Kaluste;SKU-1008;Laptop Stand Aluminium;Accessories;5;622,12;online
00002093;2024-04-12;C1185;Ålesund Kontor;SKU-1002;Standing Desk 140cm;Furniture;3;5 360,53;retail
00002094;2025-08-13;C1108;Bergström & Söner;SKU-1005;27in 4K Monitor;Displays;6;3 814,61;online
00002095;2025-07-08;C1040;Mäkinen Toimisto;SKU-1001;Ergonomic Desk Chair;Furniture;5;2 587,66;partner
00002096;2025-03-06;C1047;Väisänen Kaluste;SKU-1002;Standing Desk 140cm;Furniture;7;4 483,55;partner
00002097;2025-08-25;C1002;Ålesund Kontor;SKU-1001;Ergonomic Desk Chair;Furniture;3;2 723,27;direct
00002098;2024-04-19;C1135;Kjærstad Utstyr;SKU-1001;Ergonomic Desk Chair;Furniture;8;2 332,31;online
00002099;2025-08-05;C1358;Ålesund Kontor;SKU-1002;Standing Desk 140cm;Furniture;6;5 431,64;retail
00002100;2025-11-29;C1260;Søndergaard A/S;SKU-1008;Laptop Stand Aluminium;Accessories;4;568,32;direct
00002101;2024-07-11;C1252;Søndergaard A/S;SKU-1001;Ergonomic Desk Chair;Furniture;11;2 236,79;retail
00002102;2025-06-24;C1149;Hämäläinen Oy;SKU-1007;Noise Cancelling Headset;Peripherals;4;2 029,72;online
00002103;2024-10-02;C1127;Ålesund Kontor;SKU-1007;Noise Cancelling Headset;Peripherals;10;2 149,35;direct
00002104;2024-04-27;C1207;Rødvig Møbler;SKU-1005;27in 4K Monitor;Displays;11;3 656,87;partner
00002105;2024-05-02;C1343;Søndergaard A/S;SKU-1003;Monitor Arm Dual;Accessories;10;927,60;online
00002106;2024-03-14;C1350;Dansk Kontormiljø;SKU-1001;Ergonomic Desk Chair;Furniture;4;2 576,31;online
00002107;2025-10-29;C1107;Ålesund Kontor;SKU-1004;Mechanical Keyboard;Peripherals;5;1 175,73;retail
00002108;2024-05-30;C1370;Ålesund Kontor;SKU-1007;Noise Cancelling Headset;Peripherals;2;2 066,66;partner
00002109;2024-10-08;C1227;Rødvig Møbler;SKU-1006;USB-C Dock;Accessories;7;1 759,90;online
00002110;2025-11-09;C1124;Trondheim Utstyr;SKU-1004;Mechanical Keyboard;Peripherals;7;1 277,63;direct
00002111;2025-04-19;C1081;Nordström Handel;SKU-1005;27in 4K Monitor;Displays;7;3 658,94;retail
00002112;2024-10-21;C1072;Mäkinen Toimisto;SKU-1008;Laptop Stand Aluminium;Accessories;9;623,37;partner
00002113;2025-06-26;C1033;Uppsala Interiör;SKU-1003;Monitor Arm Dual;Accessories;7;882,85;partner
00002114;2024-10-09;C1244;Dansk Kontormiljø;SKU-1005;27in 4K Monitor;Displays;11;3 914,19;partner
00002115;2024-01-18;C1399;Søndergaard A/S;SKU-1003;Monitor Arm Dual;Accessories;8;998,08;direct
00002116;2025-10-19;C1074;Ålesund Kontor;SKU-1007;Noise Cancelling Headset;Peripherals;4;2 132,60;partner
00002117;2025-11-05;C1264;Mäkinen Toimisto;SKU-1006;USB-C Dock;Accessories;9;1 539,39;direct
00002118;2024-09-04;C1144;Kärkkäinen Oy;SKU-1001;Ergonomic Desk Chair;Furniture;2;2 677,06;online
00002119;2024-07-06;C1321;Trondheim Utstyr;SKU-1009;Webcam 1080p;Peripherals;10;879,32;retail
00002120;2025-07-21;C1214;Väisänen Kaluste;SKU-1003;Monitor Arm Dual;Accessories;1;940,63;retail
00002121;2025-03-11;C1128;Kärkkäinen Oy;SKU-1008;Laptop Stand Aluminium;Accessories;4;684,66;online
00002122;2025-07-31;C1182;Ålesund Kontor;SKU-1007;Noise Cancelling Headset;Peripherals;11;2 163,99;direct
00002123;2024-02-16;C1172;Hämäläinen Oy;SKU-1008;Laptop Stand Aluminium;Accessories;10;591,02;direct
00002124;2025-07-29;C1008;Bergström & Söner;SKU-1004;Mechanical Keyboard;Peripherals;9;1 056,01;retail
00002125;2024-07-28;C1239;Jyllands Inventar;SKU-1010;Desk Lamp LED;Furniture;3;577,18;retail
00002126;2024-05-18;C1113;Rødvig Møbler;SKU-1002;Standing Desk 140cm;Furniture;11;5 275,77;online
00002127;2025-08-24;C1209;Ålesund Kontor;SKU-1006;USB-C Dock;Accessories;2;1 493,64;partner
00002128;2024-08-30;C1313;Ålesund Kontor;SKU-1010;Desk Lamp LED;Furniture;8;456,58;retail
00002129;2024-09-03;C1022;Trondheim Utstyr;SKU-1005;27in 4K Monitor;Displays;10;4 466,55;partner
00002130;2024-01-07;C1250;Rødvig Møbler;SKU-1009;Webcam 1080p;Peripherals;3;825,83;direct
00002131;2025-08-12;C1142;Lindqvist AB;SKU-1006;USB-C Dock;Accessories;2;1 793,51;direct
00002132;2024-06-17;C1013;Ålesund Kontor;SKU-1006;USB-C Dock;Accessories;6;1 779,55;retail
00002133;2024-02-16;C1375;Kjærstad Utstyr;SKU-1005;27in 4K Monitor;Displays;4;3 857,47;online
00002134;2025-11-08;C1230;Søndergaard A/S;SKU-1004;Mechanical Keyboard;Peripherals;4;1 136,50;online
00002135;2025-01-10;C1321;Mäkinen Toimisto;SKU-1001;Ergonomic Desk Chair;Furniture;2;2 561,32;direct
00002136;2025-04-30;C1193;Lindqvist AB;SKU-1003;Monitor Arm Dual;Accessories;12;997,11;online
00002137;2025-03-06;C1055;Bergström & Söner;SKU-1006;USB-C Dock;Accessories;1;1 846,83;online
00002138;2024-08-22;C1358;Kjærstad Utstyr;SKU-1004;Mechanical Keyboard;Peripherals;2;1 014,91;partner
00002139;2025-08-28;C1299;Väisänen Kaluste;SKU-1009;Webcam 1080p;Peripherals;12;821,45;direct
00002140;2025-04-04;C1217;Kjærstad Utstyr;SKU-1003;Monitor Arm Dual;Accessories;10;907,97;direct
00002141;2024-01-21;C1100;Dansk Kontormiljø;SKU-1005;27in 4K Monitor;Displays;6;3 931,25;partner
00002142;2025-08-18;C1059;Møller Innredning;SKU-1007;Noise Cancelling Headset;Peripherals;9;1 842,35;retail
00002143;2024-04-25;C1286;Trondheim Utstyr;SKU-1004;Mechanical Keyboard;Peripherals;12;1 305,10;direct
00002144;2025-06-14;C1092;Søndergaard A/S;SKU-1010;Desk Lamp LED;Furniture;12;463,09;online
00002145;2024-03-16;C1123;Bergström & Söner;SKU-1004;Mechanical Keyboard;Peripherals;1;1 186,88;partner
00002146;2025-07-16;C1069;Kjærstad Utstyr;SKU-1009;Webcam 1080p;Peripherals;9;724,11;retail
00002147;2024-08-13;C1357;Bergström & Söner;SKU-1007;Noise Cancelling Headset;Peripherals;8;1 914,34;online
00002148;2025-07-13;C1041;Väisänen Kaluste;SKU-1010;Desk Lamp LED;Furniture;8;554,46;direct
00002149;2024-01-31;C1016;Lindqvist AB;SKU-1003;Monitor Arm Dual;Accessories;11;982,71;retail
00002150;2025-10-14;C1299;Bergström & Söner;SKU-1001;Ergonomic Desk Chair;Furniture;12;2 272,20;retail
00002151;2025-07-05;C1331;Hämäläinen Oy;SKU-1004;Mechanical Keyboard;Peripherals;8;1 011,40;retail
00002152;2024-11-16;C1194;Ålesund Kontor;SKU-1010;Desk Lamp LED;Furniture;1;596,19;partner
00002153;2024-05-31;C1307;Trondheim Utstyr;SKU-1005;27in 4K Monitor;Displays;5;4 359,05;partner
00002154;2024-06-28;C1390;Mäkinen Toimisto;SKU-1008;Laptop Stand Aluminium;Accessories;9;558,71;retail
00002155;2025-04-23;C1013;Nordström Handel;SKU-1006;USB-C Dock;Accessories;7;1 753,75;retail
00002156;2024-12-19;C1325;Väisänen Kaluste;SKU-1001;Ergonomic Desk Chair;Furniture;11;2 216,84;retail
00002157;2025-02-18;C1193;Ålesund Kontor;SKU-1006;USB-C Dock;Accessories;12;1 765,77;online
00002158;2024-11-25;C1189;Nordström Handel;SKU-1007;Noise Cancelling Headset;Peripherals;3;2 107,36;
00002159;2024-02-12;C1282;Nordström Handel;SKU-1005;27in 4K Monitor;Displays;3;4 139,17;direct
00002160;2025-09-20;C1285;Uppsala Interiör;SKU-1001;Ergonomic Desk Chair;Furniture;7;2 335,33;partner
00002161;2025-06-22;C1094;Møller Innredning;SKU-1001;Ergonomic Desk Chair;Furniture;10;2 726,24;retail
00002162;2025-02-05;C1129;Ålesund Kontor;SKU-1001;Ergonomic Desk Chair;Furniture;5;2 708,26;retail
00002163;2025-10-21;C1090;Trondheim Utstyr;SKU-1005;27in 4K Monitor;Displays;11;4 896,18;direct
00002164;2024-07-11;C1270;Bergström & Söner;SKU-1004;Mechanical Keyboard;Peripherals;9;1 225,27;direct
00002165;2025-12-14;C1204;Mäkinen Toimisto;SKU-1005;27in 4K Monitor;Displays;4;3 739,53;online
00002166;2024-11-10;C1208;Mäkinen Toimisto;SKU-1009;Webcam 1080p;Peripherals;10;819,07;online
00002167;2024-05-13;C1188;Jyllands Inventar;SKU-1001;Ergonomic Desk Chair;Furniture;4;2 584,67;online
00002168;2025-04-18;C1020;Dansk Kontormiljø;SKU-1002;Standing Desk 140cm;Furniture;5;4 812,89;partner
00002169;2024-10-24;C1021;Kjærstad Utstyr;SKU-1007;Noise Cancelling Headset;Peripherals;3;2 257,68;direct
00002170;2025-11-30;C1095;Mäkinen Toimisto;SKU-1004;Mechanical Keyboard;Peripherals;12;1 094,78;online
00002171;2025-02-25;C1143;Mäkinen Toimisto;SKU-1001;Ergonomic Desk Chair;Furniture;11;2 311,64;retail
00002172;2025-12-15;C1256;Kjærstad Utstyr;SKU-1004;Mechanical Keyboard;Peripherals;12;1 060,80;partner
00002173;2025-12-14;C1031;Väisänen Kaluste;SKU-1006;USB-C Dock;Accessories;12;1 731,98;retail
00002174;2024-10-25;C1122;Rødvig Møbler;SKU-1005;27in 4K Monitor;Displays;11;4 936,13;online
00002175;2025-08-24;C1161;Ålesund Kontor;SKU-1004;Mechanical Keyboard;Peripherals;6;1 159,04;direct
00002176;2025-12-29;C1307;Uppsala Interiör;SKU-1004;Mechanical Keyboard;Peripherals;3;1 008,57;direct
00002177;2024-09-03;C1303;Bergström & Söner;SKU-1002;Standing Desk 140cm;Furniture;9;5 941,92;online
00002178;2024-08-19;C1020;Jyllands Inventar;SKU-1008;Laptop Stand Aluminium;Accessories;4;667,65;retail
00002179;2025-06-01;C1254;Väisänen Kaluste;SKU-1002;Standing Desk 140cm;Furniture;2;5 374,53;direct
00002180;2025-07-19;C1368;Lindqvist AB;SKU-1002;Standing Desk 140cm;Furniture;8;5 759,07;retail
00002181;2024-01-31;C1300;Ålesund Kontor;SKU-1003;Monitor Arm Dual;Accessories;4;1 022,77;partner
00002182;2025-06-20;C1006;Søndergaard A/S;SKU-1007;Noise Cancelling Headset;Peripherals;2;2 312,69;direct
00002183;2024-10-17;C1305;Ålesund Kontor;SKU-1006;USB-C Dock;Accessories;8;1 748,61;direct
00002184;2025-09-16;C1177;Møller Innredning;SKU-1001;Ergonomic Desk Chair;Furniture;10;2 322,07;retail
00002185;2025-06-22;C1327;Mäkinen Toimisto;SKU-1002;Standing Desk 140cm;Furniture;5;5 681,28;retail
00002186;2025-05-03;C1175;Lindqvist AB;SKU-1009;Webcam 1080p;Peripherals;5;755,90;online
00002187;2024-08-08;C1310;Møller Innredning;SKU-1007;Noise Cancelling Headset;Peripherals;4;2 240,46;retail
00002188;2024-03-19;C1047;Kärkkäinen Oy;SKU-1004;Mechanical Keyboard;Peripherals;8;1 094,00;retail
00002189;2024-02-13;C1187;Lindqvist AB;SKU-1005;27in 4K Monitor;Displays;3;4 180,35;partner
00002190;2024-02-17;C1265;Ålesund Kontor;SKU-1004;Mechanical Keyboard;Peripherals;8;1 125,39;retail
00002191;2024-02-13;C1098;Nordström Handel;SKU-1003;Monitor Arm Dual;Accessories;7;761,30;online
00002192;2024-01-28;C1197;Møller Innredning;SKU-1006;USB-C Dock;Accessories;7;1 806,40;direct
00002193;2024-06-28;C1393;Rødvig Møbler;SKU-1002;Standing Desk 140cm;Furniture;6;4 752,05;partner
00002194;2025-07-17;C1093;Jyllands Inventar;SKU-1006;USB-C Dock;Accessories;6;1 713,14;retail
00002195;2025-07-28;C1329;Møller Innredning;SKU-1008;Laptop Stand Aluminium;Accessories;11;625,50;online
00002196;2024-04-28;C1123;Mäkinen Toimisto;SKU-1009;Webcam 1080p;Peripherals;5;888,37;retail
00002197;2024-08-31;C1244;Møller Innredning;SKU-1009;Webcam 1080p;Peripherals;8;743,17;direct
00002198;2024-05-07;C1027;Ålesund Kontor;SKU-1001;Ergonomic Desk Chair;Furniture;4;2 309,50;partner
00002199;2024-02-18;C1259;Hämäläinen Oy;SKU-1008;Laptop Stand Aluminium;Accessories;12;660,29;retail
00002200;2025-04-08;C1130;Kjærstad Utstyr;SKU-1005;27in 4K Monitor;Displays;5;4 861,10;direct
00002201;2025-03-06;C1392;Dansk Kontormiljø;SKU-1010;Desk Lamp LED;Furniture;12;589,04;partner
00002202;2025-11-23;C1347;Uppsala Interiör;SKU-1009;Webcam 1080p;Peripherals;11;803,47;retail
00002203;2025-08-16;C1196;Søndergaard A/S;SKU-1009;Webcam 1080p;Peripherals;5;846,35;online
00002204;2025-05-27;C1158;Rødvig Møbler;SKU-1006;USB-C Dock;Accessories;10;1 498,67;online
00002205;2024-08-16;C1150;Møller Innredning;SKU-1004;Mechanical Keyboard;Peripherals;2;1 246,72;direct
00002206;2025-02-21;C1318;Lindqvist AB;SKU-1007;Noise Cancelling Headset;Peripherals;10;2 375,64;direct
00002207;2025-03-03;C1015;Uppsala Interiör;SKU-1003;Monitor Arm Dual;Accessories;7;878,57;online
00002208;2024-08-21;C1266;Søndergaard A/S;SKU-1004;Mechanical Keyboard;Peripherals;5;1 320,67;partner
00002209;2025-06-16;C1070;Lindqvist AB;SKU-1010;Desk Lamp LED;Furniture;6;582,17;
00002210;2024-04-30;C1072;Jyllands Inventar;SKU-1001;Ergonomic Desk Chair;Furniture;6;2 678,84;partner
00002211;2025-02-19;C1302;Hämäläinen Oy;SKU-1001;Ergonomic Desk Chair;Furniture;9;2 604,53;online
00002212;2025-01-26;C1293;Dansk Kontormiljø;SKU-1007;Noise Cancelling Headset;Peripherals;11;2 278,67;partner
00002213;2024-01-16;C1287;Trondheim Utstyr;SKU-1007;Noise Cancelling Headset;Peripherals;11;2 307,41;direct
00002214;2024-07-13;C1270;Väisänen Kaluste;SKU-1002;Standing Desk 140cm;Furniture;11;5 796,37;partner
00002215;2025-02-12;C1277;Møller Innredning;SKU-1002;Standing Desk 140cm;Furniture;5;5 632,46;online
00002216;2024-02-11;C1015;Kjærstad Utstyr;SKU-1010;Desk Lamp LED;Furniture;5;484,42;direct
00002217;2025-02-04;C1199;Bergström & Söner;SKU-1004;Mechanical Keyboard;Peripherals;-3;1 127,32;
00002218;2025-11-15;C1098;Väisänen Kaluste;SKU-1002;Standing Desk 140cm;Furniture;7;4 537,09;retail
00002219;2025-10-25;C1142;Bergström & Söner;SKU-1001;Ergonomic Desk Chair;Furniture;2;2 080,31;partner
00002220;2025-04-09;C1208;Kjærstad Utstyr;SKU-1010;Desk Lamp LED;Furniture;2;492,14;online
00002221;2024-02-21;C1373;Hämäläinen Oy;SKU-1010;Desk Lamp LED;Furniture;8;539,81;online
00002222;2025-09-05;C1144;Dansk Kontormiljø;SKU-1005;27in 4K Monitor;Displays;-2;4 223,44;online
00002223;2025-02-16;C1390;Jyllands Inventar;SKU-1001;Ergonomic Desk Chair;Furniture;12;2 677,51;online
00002224;2024-04-04;C1381;Trondheim Utstyr;SKU-1010;Desk Lamp LED;Furniture;3;528,65;direct
00002225;2025-09-08;C1034;Kärkkäinen Oy;SKU-1007;Noise Cancelling Headset;Peripherals;1;2 141,22;retail
00002226;2024-07-18;C1101;Rødvig Møbler;SKU-1007;Noise Cancelling Headset;Peripherals;9;1 950,56;direct
00002227;2024-11-17;C1183;Kjærstad Utstyr;SKU-1004;Mechanical Keyboard;Peripherals;2;1 306,70;online
00002228;2024-03-22;C1237;Lindqvist AB;SKU-1006;USB-C Dock;Accessories;7;1 773,46;online
00002229;2024-01-01;C1194;Ålesund Kontor;SKU-1003;Monitor Arm Dual;Accessories;11;917,48;online
00002230;2024-11-21;C1067;Uppsala Interiör;SKU-1007;Noise Cancelling Headset;Peripherals;4;2 402,11;direct
00002231;2024-07-13;C1111;Uppsala Interiör;SKU-1009;Webcam 1080p;Peripherals;10;750,98;retail
00002232;2024-06-21;C1296;Väisänen Kaluste;SKU-1009;Webcam 1080p;Peripherals;5;801,66;retail
00002233;2024-04-06;C1220;Kärkkäinen Oy;SKU-1003;Monitor Arm Dual;Accessories;7;767,98;partner
00002234;2024-04-14;C1203;Trondheim Utstyr;SKU-1001;Ergonomic Desk Chair;Furniture;4;2 531,08;retail
00002235;2025-06-09;C1087;Kjærstad Utstyr;SKU-1003;Monitor Arm Dual;Accessories;8;889,91;retail
00002236;2025-08-26;C1274;Kjærstad Utstyr;SKU-1001;Ergonomic Desk Chair;Furniture;3;2 672,29;retail
00002237;2024-06-24;C1293;Väisänen Kaluste;SKU-1004;Mechanical Keyboard;Peripherals;5;1 313,42;direct
00002238;2024-08-25;C1276;Søndergaard A/S;SKU-1010;Desk Lamp LED;Furniture;8;508,46;retail
00002239;2025-02-22;C1014;Väisänen Kaluste;SKU-1009;Webcam 1080p;Peripherals;3;896,04;online
00002240;2025-12-20;C1301;Jyllands Inventar;SKU-1010;Desk Lamp LED;Furniture;8;445,58;direct
00002241;2025-05-23;C1120;Dansk Kontormiljø;SKU-1002;Standing Desk 140cm;Furniture;8;4 515,30;online
00002242;2024-05-27;C1043;Kjærstad Utstyr;SKU-1001;Ergonomic Desk Chair;Furniture;6;2 310,80;online
00002243;2024-03-29;C1201;Hämäläinen Oy;SKU-1004;Mechanical Keyboard;Peripherals;11;1 209,99;retail
00002244;2025-12-04;C1135;Dansk Kontormiljø;SKU-1006;USB-C Dock;Accessories;9;1 979,46;online
00002245;2024-03-15;C1292;Møller Innredning;SKU-1002;Standing Desk 140cm;Furniture;9;5 881,82;partner
00002246;2024-02-10;C1285;Kärkkäinen Oy;SKU-1010;Desk Lamp LED;Furniture;7;559,77;online
00002247;2025-07-13;C1008;Kjærstad Utstyr;SKU-1007;Noise Cancelling Headset;Peripherals;10;1 966,95;online
00002248;2025-12-09;C1373;Søndergaard A/S;SKU-1001;Ergonomic Desk Chair;Furniture;6;2 725,01;direct
00002249;2024-10-25;C1331;Møller Innredning;SKU-1010;Desk Lamp LED;Furniture;12;521,15;partner
00002250;2025-07-20;C1322;Bergström & Söner;SKU-1010;Desk Lamp LED;Furniture;6;537,12;retail
00002251;2025-04-13;C1384;Nordström Handel;SKU-1005;27in 4K Monitor;Displays;6;4 358,94;direct
00002252;2025-07-11;C1205;Uppsala Interiör;SKU-1002;Standing Desk 140cm;Furniture;6;4 787,04;direct
00002253;2024-07-10;C1013;Uppsala Interiör;SKU-1008;Laptop Stand Aluminium;Accessories;4;730,65;partner
00002254;2025-10-04;C1339;Uppsala Interiör;SKU-1007;Noise Cancelling Headset;Peripherals;2;1 824,99;direct
00002255;2025-09-30;C1294;Jyllands Inventar;SKU-1010;Desk Lamp LED;Furniture;9;526,55;direct
00002256;2025-05-20;C1383;Nordström Handel;SKU-1003;Monitor Arm Dual;Accessories;3;910,51;partner
00002257;2025-10-02;C1121;Hämäläinen Oy;SKU-1009;Webcam 1080p;Peripherals;1;706,58;retail
00002258;2025-02-03;C1195;Väisänen Kaluste;SKU-1005;27in 4K Monitor;Displays;1;4 774,45;direct
00002259;2024-10-13;C1277;Kjærstad Utstyr;SKU-1010;Desk Lamp LED;Furniture;1;461,47;partner
00002260;2025-02-06;C1235;Dansk Kontormiljø;SKU-1006;USB-C Dock;Accessories;5;1 977,97;online
00002261;2024-07-09;C1326;Søndergaard A/S;SKU-1003;Monitor Arm Dual;Accessories;6;919,74;online
00002262;2025-02-04;C1113;Rødvig Møbler;SKU-1009;Webcam 1080p;Peripherals;12;726,01;retail
00002263;2025-11-27;C1167;Kjærstad Utstyr;SKU-1006;USB-C Dock;Accessories;7;1 529,29;partner
00002264;2024-06-20;C1294;Kjærstad Utstyr;SKU-1008;Laptop Stand Aluminium;Accessories;3;609,92;direct
00002265;2025-06-26;C1311;Hämäläinen Oy;SKU-1010;Desk Lamp LED;Furniture;4;476,67;retail
00002266;2025-01-13;C1187;Lindqvist AB;SKU-1004;Mechanical Keyboard;Peripherals;9;1 222,66;direct
00002267;2025-07-26;C1166;Lindqvist AB;SKU-1009;Webcam 1080p;Peripherals;5;885,20;partner
00002268;2024-01-08;C1099;Mäkinen Toimisto;SKU-1008;Laptop Stand Aluminium;Accessories;11;594,25;retail
00002269;2025-05-07;C1306;Trondheim Utstyr;SKU-1009;Webcam 1080p;Peripherals;10;857,78;online
00002270;2025-08-18;C1120;Kärkkäinen Oy;SKU-1001;Ergonomic Desk Chair;Furniture;4;2 547,37;retail
00002271;2024-11-29;C1150;Uppsala Interiör;SKU-1002;Standing Desk 140cm;Furniture;6;4 899,83;retail
00002272;2024-06-26;C1187;Rødvig Møbler;SKU-1006;USB-C Dock;Accessories;6;1 601,21;direct
00002273;2024-08-31;C1218;Uppsala Interiör;SKU-1008;Laptop Stand Aluminium;Accessories;12;644,71;partner
00002274;2024-06-02;C1356;Ålesund Kontor;SKU-1001;Ergonomic Desk Chair;Furniture;1;2 231,34;partner
00002275;2025-01-27;C1315;Ålesund Kontor;SKU-1002;Standing Desk 140cm;Furniture;1;4 696,63;direct
00002276;2025-05-04;C1003;Kärkkäinen Oy;SKU-1009;Webcam 1080p;Peripherals;1;858,37;partner
00002277;2024-12-22;C1205;Kjærstad Utstyr;SKU-1003;Monitor Arm Dual;Accessories;4;897,15;online
00002278;2025-03-14;C1213;Nordström Handel;SKU-1006;USB-C Dock;Accessories;9;1 912,43;partner
00002279;2025-07-05;C1226;Kärkkäinen Oy;SKU-1010;Desk Lamp LED;Furniture;9;559,67;partner
00002280;2024-12-11;C1379;Kärkkäinen Oy;SKU-1003;Monitor Arm Dual;Accessories;3;846,72;partner
00002281;2024-11-20;C1364;Mäkinen Toimisto;SKU-1010;Desk Lamp LED;Furniture;7;566,27;online
00002282;2024-05-01;C1042;Jyllands Inventar;SKU-1009;Webcam 1080p;Peripherals;3;806,77;partner
00002283;2024-02-10;C1021;Møller Innredning;SKU-1001;Ergonomic Desk Chair;Furniture;3;2 044,51;partner
00002284;2024-08-25;C1037;Søndergaard A/S;SKU-1006;USB-C Dock;Accessories;11;1 827,35;online
00002285;2024-01-06;C1165;Väisänen Kaluste;SKU-1002;Standing Desk 140cm;Furniture;6;4 528,02;direct
00002286;2025-07-22;C1377;Kjærstad Utstyr;SKU-1001;Ergonomic Desk Chair;Furniture;9;2 495,76;retail
00002287;2025-09-23;C1196;Dansk Kontormiljø;SKU-1005;27in 4K Monitor;Displays;5;4 325,55;direct
00002288;2024-08-15;C1216;Uppsala Interiör;SKU-1003;Monitor Arm Dual;Accessories;8;940,83;direct
00002289;2024-05-12;C1187;Kjærstad Utstyr;SKU-1005;27in 4K Monitor;Displays;11;4 618,50;partner
00002290;2024-08-11;C1088;Ålesund Kontor;SKU-1005;27in 4K Monitor;Displays;4;3 744,78;online
00002291;2025-10-22;C1003;Mäkinen Toimisto;SKU-1004;Mechanical Keyboard;Peripherals;2;1 186,77;retail
00002292;2025-06-16;C1125;Jyllands Inventar;SKU-1001;Ergonomic Desk Chair;Furniture;7;2 677,55;partner
00002293;2024-12-19;C1012;Kjærstad Utstyr;SKU-1008;Laptop Stand Aluminium;Accessories;3;650,13;direct
00002294;2024-06-30;C1092;Hämäläinen Oy;SKU-1007;Noise Cancelling Headset;Peripherals;9;2 204,05;direct
00002295;2025-07-29;C1321;Kärkkäinen Oy;SKU-1008;Laptop Stand Aluminium;Accessories;6;730,87;direct
00002296;2024-02-03;C1166;Møller Innredning;SKU-1003;Monitor Arm Dual;Accessories;7;909,02;retail
00002297;2025-11-04;C1283;Søndergaard A/S;SKU-1009;Webcam 1080p;Peripherals;11;752,48;retail
00002298;2025-03-26;C1061;Trondheim Utstyr;SKU-1007;Noise Cancelling Headset;Peripherals;1;1 899,44;online
00002299;2024-08-10;C1289;Kjærstad Utstyr;SKU-1002;Standing Desk 140cm;Furniture;8;4 729,38;retail
00002300;2025-08-03;C1314;Rødvig Møbler;SKU-1006;USB-C Dock;Accessories;3;1 790,24;direct
00002301;2025-11-04;C1299;Bergström & Söner;SKU-1003;Monitor Arm Dual;Accessories;2;969,94;partner
00002302;2024-06-19;C1166;Hämäläinen Oy;SKU-1004;Mechanical Keyboard;Peripherals;9;1 059,08;online
00002303;2024-11-11;C1136;Jyllands Inventar;SKU-1010;Desk Lamp LED;Furniture;9;528,73;retail
00002304;2025-05-19;C1112;Kjærstad Utstyr;SKU-1008;Laptop Stand Aluminium;Accessories;12;685,53;direct
00002305;2024-09-24;C1129;Trondheim Utstyr;SKU-1005;27in 4K Monitor;Displays;4;4 391,65;retail
00002306;2025-08-19;C1224;Lindqvist AB;SKU-1003;Monitor Arm Dual;Accessories;8;982,90;online
00002307;2024-12-05;C1126;Uppsala Interiör;SKU-1010;Desk Lamp LED;Furniture;3;467,29;direct
00002308;2024-11-30;C1070;Søndergaard A/S;SKU-1002;Standing Desk 140cm;Furniture;4;5 816,80;online
00002309;2024-04-10;C1068;Hämäläinen Oy;SKU-1003;Monitor Arm Dual;Accessories;1;957,48;direct
00002310;2024-02-15;C1135;Trondheim Utstyr;SKU-1001;Ergonomic Desk Chair;Furniture;9;2 067,11;direct
00002311;2024-12-23;C1350;Rødvig Møbler;SKU-1009;Webcam 1080p;Peripherals;9;796,13;partner
00002312;2025-02-07;C1031;Nordström Handel;SKU-1009;Webcam 1080p;Peripherals;6;812,16;online
00002313;2025-02-01;C1330;Bergström & Söner;SKU-1001;Ergonomic Desk Chair;Furniture;5;2 210,13;partner
00002314;2024-06-15;C1107;Bergström & Söner;SKU-1002;Standing Desk 140cm;Furniture;8;5 722,89;retail
00002315;2025-08-23;C1383;Hämäläinen Oy;SKU-1003;Monitor Arm Dual;Accessories;11;964,55;retail
00002316;2025-06-07;C1098;Nordström Handel;SKU-1002;Standing Desk 140cm;Furniture;5;4 852,41;online
00002317;2024-08-03;C1351;Trondheim Utstyr;SKU-1001;Ergonomic Desk Chair;Furniture;10;2 378,47;retail
00002318;2024-06-03;C1374;Møller Innredning;SKU-1010;Desk Lamp LED;Furniture;2;449,55;retail
00002319;2025-12-18;C1235;Jyllands Inventar;SKU-1004;Mechanical Keyboard;Peripherals;3;1 214,44;direct
00002320;2025-11-20;C1045;Ålesund Kontor;SKU-1003;Monitor Arm Dual;Accessories;1;962,46;retail
00002321;2024-02-12;C1061;Nordström Handel;SKU-1007;Noise Cancelling Headset;Peripherals;7;2 360,37;direct
00002322;2025-06-25;C1389;Uppsala Interiör;SKU-1003;Monitor Arm Dual;Accessories;12;954,77;online
00002323;2024-10-27;C1292;Rødvig Møbler;SKU-1004;Mechanical Keyboard;Peripherals;10;1 051,36;direct
00002324;2024-07-02;C1233;Mäkinen Toimisto;SKU-1007;Noise Cancelling Headset;Peripherals;6;1 793,45;retail
00002325;2024-01-24;C1285;Dansk Kontormiljø;SKU-1003;Monitor Arm Dual;Accessories;5;780,56;online
00002326;2024-05-17;C1076;Mäkinen Toimisto;SKU-1006;USB-C Dock;Accessories;1;1 658,99;direct
00002327;2025-12-18;C1187;Hämäläinen Oy;SKU-1003;Monitor Arm Dual;Accessories;1;914,40;direct
00002328;2024-08-07;C1366;Hämäläinen Oy;SKU-1002;Standing Desk 140cm;Furniture;12;4 421,93;online
00002329;2024-08-22;C1232;Ålesund Kontor;SKU-1010;Desk Lamp LED;Furniture;8;563,11;online
00002330;2024-11-30;C1276;Hämäläinen Oy;SKU-1005;27in 4K Monitor;Displays;4;4 118,13;direct
00002331;2024-03-17;C1380;Møller Innredning;SKU-1005;27in 4K Monitor;Displays;3;3 689,88;retail
00002332;2025-01-05;C1314;Kjærstad Utstyr;SKU-1003;Monitor Arm Dual;Accessories;8;869,30;direct
00002333;2025-09-05;C1317;Nordström Handel;SKU-1004;Mechanical Keyboard;Peripherals;9;998,31;direct
00002334;2025-02-26;C1116;Møller Innredning;SKU-1002;Standing Desk 140cm;Furniture;7;5 341,67;online
00002335;2024-12-16;C1163;Kärkkäinen Oy;SKU-1005;27in 4K Monitor;Displays;9;4 817,44;online
00002336;2024-02-03;C1127;Nordström Handel;SKU-1001;Ergonomic Desk Chair;Furniture;4;2 663,85;retail
00002337;2025-05-23;C1288;Uppsala Interiör;SKU-1001;Ergonomic Desk Chair;Furniture;10;2 691,67;partner
00002338;2025-08-27;C1346;Hämäläinen Oy;SKU-1007;Noise Cancelling Headset;Peripherals;5;2 018,66;partner
00002339;2024-09-14;C1245;Ålesund Kontor;SKU-1005;27in 4K Monitor;Displays;7;4 875,04;online
00002340;2025-07-22;C1030;Ålesund Kontor;SKU-1005;27in 4K Monitor;Displays;8;3 797,62;retail
00002341;2025-07-21;C1117;Ålesund Kontor;SKU-1001;Ergonomic Desk Chair;Furniture;-3;2 610,62;direct
00002342;2024-06-14;C1216;Nordström Handel;SKU-1007;Noise Cancelling Headset;Peripherals;5;1 841,69;retail
00002343;2025-04-03;C1054;Møller Innredning;SKU-1009;Webcam 1080p;Peripherals;2;819,83;retail
00002344;2024-07-19;C1260;Nordström Handel;SKU-1002;Standing Desk 140cm;Furniture;6;5 142,99;direct
00002345;2024-08-22;C1170;Bergström & Söner;SKU-1008;Laptop Stand Aluminium;Accessories;2;632,69;retail
00002346;2025-05-18;C1153;Rødvig Møbler;SKU-1005;27in 4K Monitor;Displays;6;4 885,51;direct
00002347;2025-08-01;C1222;Kjærstad Utstyr;SKU-1003;Monitor Arm Dual;Accessories;2;763,12;partner
00002348;2025-12-21;C1219;Kärkkäinen Oy;SKU-1009;Webcam 1080p;Peripherals;9;767,56;direct
00002349;2024-07-22;C1343;Rødvig Møbler;SKU-1001;Ergonomic Desk Chair;Furniture;4;2 043,94;direct
00002350;2025-02-07;C1223;Møller Innredning;SKU-1003;Monitor Arm Dual;Accessories;8;980,33;retail
00002351;2024-05-21;C1358;Trondheim Utstyr;SKU-1006;USB-C Dock;Accessories;10;1 613,79;retail
00002352;2025-03-11;C1051;Mäkinen Toimisto;SKU-1001;Ergonomic Desk Chair;Furniture;1;2 330,15;partner
00002353;2024-02-21;C1228;Trondheim Utstyr;SKU-1010;Desk Lamp LED;Furniture;1;566,04;direct
00002354;2024-09-25;C1299;Søndergaard A/S;SKU-1002;Standing Desk 140cm;Furniture;5;5 588,48;retail
00002355;2024-10-03;C1293;Lindqvist AB;SKU-1010;Desk Lamp LED;Furniture;12;540,45;partner
00002356;2024-06-25;C1021;Kärkkäinen Oy;SKU-1004;Mechanical Keyboard;Peripherals;11;1 000,19;retail
00002357;2025-05-23;C1202;Trondheim Utstyr;SKU-1010;Desk Lamp LED;Furniture;5;535,28;online
00002358;2024-05-03;C1212;Dansk Kontormiljø;SKU-1002;Standing Desk 140cm;Furniture;4;5 104,87;partner
00002359;2024-06-01;C1110;Trondheim Utstyr;SKU-1002;Standing Desk 140cm;Furniture;7;5 910,51;partner
00002360;2024-08-26;C1089;Väisänen Kaluste;SKU-1001;Ergonomic Desk Chair;Furniture;8;2 231,65;direct
00002361;2025-11-16;C1302;Mäkinen Toimisto;SKU-1003;Monitor Arm Dual;Accessories;4;1 014,70;retail
00002362;2024-09-27;C1084;Jyllands Inventar;SKU-1010;Desk Lamp LED;Furniture;8;452,45;online
00002363;2025-07-07;C1087;Ålesund Kontor;SKU-1001;Ergonomic Desk Chair;Furniture;4;2 411,21;retail
00002364;2025-11-06;C1014;Kärkkäinen Oy;SKU-1007;Noise Cancelling Headset;Peripherals;1;2 201,28;retail
00002365;2025-09-21;C1292;Uppsala Interiör;SKU-1009;Webcam 1080p;Peripherals;2;823,14;online
00002366;2025-07-04;C1257;Mäkinen Toimisto;SKU-1002;Standing Desk 140cm;Furniture;2;5 921,53;retail
00002367;2024-11-07;C1273;Møller Innredning;SKU-1002;Standing Desk 140cm;Furniture;9;5 814,90;online
00002368;2025-06-18;C1262;Søndergaard A/S;SKU-1002;Standing Desk 140cm;Furniture;8;5 798,17;direct
00002369;2024-06-25;C1031;Lindqvist AB;SKU-1009;Webcam 1080p;Peripherals;6;665,70;partner
00002370;2025-11-13;C1047;Kjærstad Utstyr;SKU-1009;Webcam 1080p;Peripherals;1;737,93;online
00002371;2024-04-03;C1391;Bergström & Söner;SKU-1007;Noise Cancelling Headset;Peripherals;10;2 160,28;online
00002372;2024-06-18;C1307;Jyllands Inventar;SKU-1009;Webcam 1080p;Peripherals;8;801,16;online
00002373;2025-11-17;C1244;Nordström Handel;SKU-1008;Laptop Stand Aluminium;Accessories;12;655,09;partner
00002374;2024-09-21;C1045;Jyllands Inventar;SKU-1001;Ergonomic Desk Chair;Furniture;10;2 553,64;retail
00002375;2025-10-19;C1127;Kjærstad Utstyr;SKU-1006;USB-C Dock;Accessories;7;1 959,78;direct
00002376;2025-07-25;C1114;Väisänen Kaluste;SKU-1005;27in 4K Monitor;Displays;11;4 546,30;direct
00002377;2025-11-05;C1343;Dansk Kontormiljø;SKU-1006;USB-C Dock;Accessories;2;1 729,13;online
00002378;2025-03-07;C1359;Mäkinen Toimisto;SKU-1005;27in 4K Monitor;Displays;11;4 435,12;direct
00002379;2025-09-18;C1219;Lindqvist AB;SKU-1007;Noise Cancelling Headset;Peripherals;9;1 951,84;partner
00002380;2024-01-12;C1078;Väisänen Kaluste;SKU-1008;Laptop Stand Aluminium;Accessories;9;556,43;retail
00002381;2025-08-16;C1389;Søndergaard A/S;SKU-1007;Noise Cancelling Headset;Peripherals;3;2 373,05;direct
00002382;2025-08-10;C1398;Søndergaard A/S;SKU-1005;27in 4K Monitor;Displays;9;3 655,44;partner
00002383;2025-09-20;C1021;Jyllands Inventar;SKU-1009;Webcam 1080p;Peripherals;7;780,42;online
00002384;2025-06-23;C1227;Bergström & Söner;SKU-1005;27in 4K Monitor;Displays;7;4 932,87;direct
00002385;2024-03-16;C1109;Ålesund Kontor;SKU-1001;Ergonomic Desk Chair;Furniture;10;2 104,21;online
00002386;2024-06-16;C1104;Jyllands Inventar;SKU-1006;USB-C Dock;Accessories;11;1 802,34;retail
00002387;2024-01-01;C1174;Kjærstad Utstyr;SKU-1004;Mechanical Keyboard;Peripherals;4;1 118,13;online
00002388;2025-02-14;C1170;Lindqvist AB;SKU-1001;Ergonomic Desk Chair;Furniture;5;2 407,95;online
00002389;2024-09-25;C1063;Ålesund Kontor;SKU-1006;USB-C Dock;Accessories;5;1 747,69;direct
00002390;2024-10-23;C1140;Lindqvist AB;SKU-1006;USB-C Dock;Accessories;11;1 588,96;direct
00002391;2024-03-07;C1395;Møller Innredning;SKU-1007;Noise Cancelling Headset;Peripherals;2;2 251,41;partner
00002392;2024-02-12;C1279;Lindqvist AB;SKU-1010;Desk Lamp LED;Furniture;9;527,27;direct
00002393;2025-03-29;C1138;Jyllands Inventar;SKU-1008;Laptop Stand Aluminium;Accessories;9;596,13;retail
00002394;2025-10-03;C1192;Kärkkäinen Oy;SKU-1004;Mechanical Keyboard;Peripherals;6;1 294,60;direct
00002395;2024-09-11;C1357;Dansk Kontormiljø;SKU-1010;Desk Lamp LED;Furniture;11;567,54;direct
00002396;2024-04-02;C1167;Väisänen Kaluste;SKU-1005;27in 4K Monitor;Displays;9;4 057,93;partner
00002397;2024-05-18;C1369;Kjærstad Utstyr;SKU-1006;USB-C Dock;Accessories;11;1 552,66;retail
00002398;2025-12-12;C1022;Hämäläinen Oy;SKU-1008;Laptop Stand Aluminium;Accessories;6;722,32;retail
00002399;2024-03-04;C1116;Dansk Kontormiljø;SKU-1002;Standing Desk 140cm;Furniture;8;5 485,12;online
00002400;2025-10-25;C1064;Ålesund Kontor;SKU-1007;Noise Cancelling Headset;Peripherals;6;2 399,79;partner
00002401;2024-01-08;C1025;Lindqvist AB;SKU-1006;USB-C Dock;Accessories;6;1 686,47;partner
00002402;2024-07-02;C1024;Mäkinen Toimisto;SKU-1003;Monitor Arm Dual;Accessories;5;911,46;direct
00002403;2025-07-24;C1314;Jyllands Inventar;SKU-1007;Noise Cancelling Headset;Peripherals;11;2 279,88;direct
00002404;2024-09-25;C1082;Lindqvist AB;SKU-1008;Laptop Stand Aluminium;Accessories;7;695,52;partner
00002405;2025-03-29;C1174;Lindqvist AB;SKU-1006;USB-C Dock;Accessories;7;1 744,77;direct
00002406;2025-06-02;C1311;Lindqvist AB;SKU-1005;27in 4K Monitor;Displays;6;3 903,05;direct
00002407;2025-02-18;C1195;Møller Innredning;SKU-1003;Monitor Arm Dual;Accessories;4;855,16;online
00002408;2025-02-10;C1323;Väisänen Kaluste;SKU-1007;Noise Cancelling Headset;Peripherals;6;1 819,14;
00002409;2024-07-10;C1060;Kjærstad Utstyr;SKU-1004;Mechanical Keyboard;Peripherals;-3;1 124,30;online
00002410;2025-03-14;C1244;Trondheim Utstyr;SKU-1005;27in 4K Monitor;Displays;3;4 684,67;
00002411;2025-02-03;C1014;Ålesund Kontor;SKU-1007;Noise Cancelling Headset;Peripherals;3;2 171,36;retail
00002412;2025-01-16;C1257;Kärkkäinen Oy;SKU-1003;Monitor Arm Dual;Accessories;5;783,18;direct
00002413;2024-01-16;C1055;Trondheim Utstyr;SKU-1001;Ergonomic Desk Chair;Furniture;1;2 745,19;direct
00002414;2024-07-19;C1040;Kjærstad Utstyr;SKU-1008;Laptop Stand Aluminium;Accessories;12;651,30;partner
00002415;2024-05-18;C1367;Jyllands Inventar;SKU-1008;Laptop Stand Aluminium;Accessories;1;596,45;partner
00002416;2024-04-23;C1084;Nordström Handel;SKU-1003;Monitor Arm Dual;Accessories;11;776,83;online
00002417;2025-05-05;C1175;Søndergaard A/S;SKU-1009;Webcam 1080p;Peripherals;5;840,77;direct
00002418;2025-06-29;C1024;Uppsala Interiör;SKU-1006;USB-C Dock;Accessories;12;1 690,08;partner
00002419;2024-06-28;C1158;Møller Innredning;SKU-1003;Monitor Arm Dual;Accessories;6;1 009,61;retail
00002420;2024-09-16;C1185;Kärkkäinen Oy;SKU-1009;Webcam 1080p;Peripherals;12;780,81;retail
00002421;2025-10-30;C1188;Mäkinen Toimisto;SKU-1001;Ergonomic Desk Chair;Furniture;11;2 223,21;direct
00002422;2024-03-19;C1057;Møller Innredning;SKU-1006;USB-C Dock;Accessories;12;1 590,82;online
00002423;2025-07-04;C1314;Trondheim Utstyr;SKU-1003;Monitor Arm Dual;Accessories;12;832,72;retail
00002424;2024-07-30;C1124;Mäkinen Toimisto;SKU-1008;Laptop Stand Aluminium;Accessories;8;620,44;online
00002425;2025-07-22;C1275;Dansk Kontormiljø;SKU-1008;Laptop Stand Aluminium;Accessories;3;710,58;online
00002426;2025-07-09;C1031;Bergström & Söner;SKU-1002;Standing Desk 140cm;Furniture;8;4 439,68;direct
00002427;2024-07-18;C1016;Dansk Kontormiljø;SKU-1004;Mechanical Keyboard;Peripherals;1;1 224,09;online
00002428;2024-09-30;C1319;Søndergaard A/S;SKU-1006;USB-C Dock;Accessories;12;1 923,12;partner
00002429;2024-04-16;C1263;Bergström & Söner;SKU-1004;Mechanical Keyboard;Peripherals;-3;1 249,30;direct
00002430;2024-03-09;C1217;Hämäläinen Oy;SKU-1008;Laptop Stand Aluminium;Accessories;8;642,72;online
00002431;2025-01-03;C1133;Kärkkäinen Oy;SKU-1005;27in 4K Monitor;Displays;5;4 519,33;direct
00002432;2025-01-05;C1352;Bergström & Söner;SKU-1001;Ergonomic Desk Chair;Furniture;9;2 425,26;direct
00002433;2025-07-19;C1054;Lindqvist AB;SKU-1010;Desk Lamp LED;Furniture;10;551,91;partner
00002434;2025-04-12;C1257;Kärkkäinen Oy;SKU-1004;Mechanical Keyboard;Peripherals;11;1 028,24;direct
00002435;2025-06-24;C1263;Møller Innredning;SKU-1010;Desk Lamp LED;Furniture;10;596,15;retail
00002436;2025-05-05;C1053;Kärkkäinen Oy;SKU-1005;27in 4K Monitor;Displays;6;4 561,97;direct
00002437;2024-04-01;C1373;Dansk Kontormiljø;SKU-1003;Monitor Arm Dual;Accessories;5;766,23;partner
00002438;2025-07-24;C1332;Søndergaard A/S;SKU-1003;Monitor Arm Dual;Accessories;5;810,90;direct
00002439;2024-04-15;C1077;Ålesund Kontor;SKU-1003;Monitor Arm Dual;Accessories;9;908,16;direct
00002440;2025-08-03;C1107;Kjærstad Utstyr;SKU-1001;Ergonomic Desk Chair;Furniture;7;2 153,12;retail
00002441;2024-05-04;C1022;Ålesund Kontor;SKU-1010;Desk Lamp LED;Furniture;9;468,17;retail
00002442;2024-03-05;C1354;Dansk Kontormiljø;SKU-1003;Monitor Arm Dual;Accessories;4;757,06;direct
00002443;2025-06-04;C1323;Trondheim Utstyr;SKU-1007;Noise Cancelling Headset;Peripherals;7;2 358,33;direct
00002444;2024-07-12;C1190;Dansk Kontormiljø;SKU-1002;Standing Desk 140cm;Furniture;1;5 695,81;retail
00002445;2025-07-20;C1148;Väisänen Kaluste;SKU-1005;27in 4K Monitor;Displays;1;3 958,45;online
00002446;2025-05-09;C1141;Jyllands Inventar;SKU-1002;Standing Desk 140cm;Furniture;10;4 493,89;online
00002447;2025-08-25;C1161;Ålesund Kontor;SKU-1004;Mechanical Keyboard;Peripherals;6;1 276,39;retail
00002448;2025-04-13;C1384;Dansk Kontormiljø;SKU-1001;Ergonomic Desk Chair;Furniture;4;2 756,10;online
00002449;2024-12-03;C1380;Dansk Kontormiljø;SKU-1001;Ergonomic Desk Chair;Furniture;6;2 240,84;direct
00002450;2025-03-19;C1342;Dansk Kontormiljø;SKU-1002;Standing Desk 140cm;Furniture;-3;4 491,88;direct
00002451;2025-02-06;C1189;Mäkinen Toimisto;SKU-1005;27in 4K Monitor;Displays;2;4 822,43;retail
00002452;2024-08-18;C1144;Lindqvist AB;SKU-1002;Standing Desk 140cm;Furniture;12;5 969,26;direct
00002453;2025-08-28;C1137;Trondheim Utstyr;SKU-1009;Webcam 1080p;Peripherals;6;806,70;retail
00002454;2025-03-16;C1214;Rødvig Møbler;SKU-1009;Webcam 1080p;Peripherals;-3;840,89;partner
00002455;2025-08-01;C1318;Dansk Kontormiljø;SKU-1009;Webcam 1080p;Peripherals;3;832,79;online
00002456;2024-08-27;C1276;Jyllands Inventar;SKU-1007;Noise Cancelling Headset;Peripherals;10;1 794,72;retail
00002457;2025-05-11;C1400;Bergström & Söner;SKU-1008;Laptop Stand Aluminium;Accessories;9;670,80;
00002458;2025-01-06;C1232;Bergström & Söner;SKU-1001;Ergonomic Desk Chair;Furniture;6;2 348,70;direct
00002459;2024-01-23;C1044;Møller Innredning;SKU-1007;Noise Cancelling Headset;Peripherals;1;1 934,15;direct
00002460;2025-08-14;C1286;Kjærstad Utstyr;SKU-1006;USB-C Dock;Accessories;8;1 818,81;direct
00002461;2024-01-06;C1389;Hämäläinen Oy;SKU-1001;Ergonomic Desk Chair;Furniture;5;2 438,37;online
00002462;2024-04-30;C1235;Trondheim Utstyr;SKU-1002;Standing Desk 140cm;Furniture;8;5 216,37;direct
00002463;2025-05-14;C1151;Dansk Kontormiljø;SKU-1005;27in 4K Monitor;Displays;12;4 619,86;online
00002464;2025-10-22;C1282;Møller Innredning;SKU-1002;Standing Desk 140cm;Furniture;2;5 663,69;partner
00002465;2024-05-21;C1223;Kärkkäinen Oy;SKU-1002;Standing Desk 140cm;Furniture;10;5 048,39;online
00002466;2025-06-08;C1300;Bergström & Söner;SKU-1003;Monitor Arm Dual;Accessories;3;884,00;direct
00002467;2024-09-27;C1369;Hämäläinen Oy;SKU-1001;Ergonomic Desk Chair;Furniture;12;2 697,66;partner
00002468;2024-10-27;C1190;Trondheim Utstyr;SKU-1003;Monitor Arm Dual;Accessories;2;849,05;retail
00002469;2025-08-14;C1072;Møller Innredning;SKU-1006;USB-C Dock;Accessories;7;1 553,87;partner
00002470;2024-02-20;C1032;Dansk Kontormiljø;SKU-1008;Laptop Stand Aluminium;Accessories;1;547,47;online
00002471;2024-06-24;C1108;Møller Innredning;SKU-1006;USB-C Dock;Accessories;7;1 515,24;partner
00002472;2025-09-17;C1167;Kärkkäinen Oy;SKU-1008;Laptop Stand Aluminium;Accessories;3;720,55;retail
00002473;2025-06-13;C1093;Kjærstad Utstyr;SKU-1001;Ergonomic Desk Chair;Furniture;2;2 509,40;partner
00002474;2024-03-15;C1199;Hämäläinen Oy;SKU-1008;Laptop Stand Aluminium;Accessories;4;734,79;retail
00002475;2025-07-29;C1328;Nordström Handel;SKU-1008;Laptop Stand Aluminium;Accessories;2;611,47;retail
00002476;2024-07-01;C1237;Ålesund Kontor;SKU-1002;Standing Desk 140cm;Furniture;10;4 421,60;retail
00002477;2024-02-14;C1380;Hämäläinen Oy;SKU-1006;USB-C Dock;Accessories;3;1 879,95;online
00002478;2024-02-14;C1016;Uppsala Interiör;SKU-1008;Laptop Stand Aluminium;Accessories;1;570,14;retail
00002479;2025-05-10;C1131;Bergström & Söner;SKU-1007;Noise Cancelling Headset;Peripherals;10;1 794,26;partner
00002480;2025-10-23;C1072;Uppsala Interiör;SKU-1009;Webcam 1080p;Peripherals;12;731,57;direct
00002481;2025-02-26;C1176;Møller Innredning;SKU-1010;Desk Lamp LED;Furniture;9;576,97;partner
00002482;2024-03-31;C1319;Møller Innredning;SKU-1005;27in 4K Monitor;Displays;8;4 188,31;direct
00002483;2024-03-13;C1018;Kärkkäinen Oy;SKU-1004;Mechanical Keyboard;Peripherals;5;1 006,01;partner
00002484;2025-09-17;C1206;Søndergaard A/S;SKU-1001;Ergonomic Desk Chair;Furniture;3;2 444,27;online
00002485;2025-01-03;C1224;Kärkkäinen Oy;SKU-1002;Standing Desk 140cm;Furniture;8;4 752,80;online
00002486;2024-10-06;C1279;Jyllands Inventar;SKU-1006;USB-C Dock;Accessories;3;1 519,25;retail
00002487;2024-09-14;C1153;Rødvig Møbler;SKU-1007;Noise Cancelling Headset;Peripherals;8;2 130,21;partner
00002488;2025-10-07;C1152;Dansk Kontormiljø;SKU-1003;Monitor Arm Dual;Accessories;6;858,66;online
00002489;2025-03-30;C1141;Nordström Handel;SKU-1009;Webcam 1080p;Peripherals;1;675,42;direct
00002490;2025-01-07;C1203;Kjærstad Utstyr;SKU-1006;USB-C Dock;Accessories;8;1 672,53;online
00002491;2024-02-04;C1276;Väisänen Kaluste;SKU-1010;Desk Lamp LED;Furniture;3;443,52;partner
00002492;2024-01-29;C1341;Ålesund Kontor;SKU-1002;Standing Desk 140cm;Furniture;1;5 511,75;online
00002493;2025-06-03;C1198;Ålesund Kontor;SKU-1002;Standing Desk 140cm;Furniture;2;5 141,81;retail
00002494;2025-03-31;C1349;Dansk Kontormiljø;SKU-1003;Monitor Arm Dual;Accessories;6;944,51;retail
00002495;2025-09-27;C1189;Søndergaard A/S;SKU-1003;Monitor Arm Dual;Accessories;3;864,93;partner
00002496;2024-01-01;C1042;Møller Innredning;SKU-1005;27in 4K Monitor;Displays;12;4 535,54;online
00002497;2024-12-31;C1030;Lindqvist AB;SKU-1008;Laptop Stand Aluminium;Accessories;6;716,82;online
00002498;2024-04-23;C1172;Rødvig Møbler;SKU-1007;Noise Cancelling Headset;Peripherals;12;1 834,73;online
00002499;2025-03-26;C1324;Väisänen Kaluste;SKU-1006;USB-C Dock;Accessories;11;1 796,31;retail
00002500;2024-04-12;C1391;Uppsala Interiör;SKU-1008;Laptop Stand Aluminium;Accessories;5;704,27;online
00002501;2024-12-28;C1362;Hämäläinen Oy;SKU-1003;Monitor Arm Dual;Accessories;8;769,72;retail
00002502;2024-01-10;C1201;Mäkinen Toimisto;SKU-1004;Mechanical Keyboard;Peripherals;11;1 000,19;online
00002503;2024-05-01;C1001;Kärkkäinen Oy;SKU-1005;27in 4K Monitor;Displays;-3;4 812,47;partner
00002504;2025-06-02;C1313;Mäkinen Toimisto;SKU-1003;Monitor Arm Dual;Accessories;1;870,89;retail
00002505;2024-04-06;C1113;Väisänen Kaluste;SKU-1002;Standing Desk 140cm;Furniture;9;5 376,95;online
00002506;2025-01-17;C1351;Väisänen Kaluste;SKU-1009;Webcam 1080p;Peripherals;6;838,51;online
00002507;2025-02-21;C1249;Lindqvist AB;SKU-1001;Ergonomic Desk Chair;Furniture;6;2 063,95;retail
00002508;2025-07-14;C1030;Bergström & Söner;SKU-1007;Noise Cancelling Headset;Peripherals;10;2 360,82;
00002509;2024-09-04;C1245;Kärkkäinen Oy;SKU-1008;Laptop Stand Aluminium;Accessories;8;693,43;online
00002510;2024-11-10;C1297;Hämäläinen Oy;SKU-1004;Mechanical Keyboard;Peripherals;11;1 270,16;online
00002511;2024-06-09;C1171;Väisänen Kaluste;SKU-1001;Ergonomic Desk Chair;Furniture;1;2 370,10;retail
00002512;2024-03-15;C1252;Rødvig Møbler;SKU-1004;Mechanical Keyboard;Peripherals;3;1 263,31;direct
00002513;2024-10-19;C1054;Uppsala Interiör;SKU-1006;USB-C Dock;Accessories;5;1 692,86;partner
00002514;2025-08-09;C1359;Møller Innredning;SKU-1003;Monitor Arm Dual;Accessories;10;806,37;online
00002515;2024-01-16;C1377;Nordström Handel;SKU-1004;Mechanical Keyboard;Peripherals;5;1 010,36;retail
00002516;2025-10-14;C1391;Jyllands Inventar;SKU-1007;Noise Cancelling Headset;Peripherals;11;1 938,90;partner
00002517;2024-03-31;C1196;Dansk Kontormiljø;SKU-1004;Mechanical Keyboard;Peripherals;1;1 288,98;direct
00002518;2025-11-25;C1171;Uppsala Interiör;SKU-1004;Mechanical Keyboard;Peripherals;3;979,74;partner
00002519;2024-11-27;C1289;Kjærstad Utstyr;SKU-1010;Desk Lamp LED;Furniture;9;526,71;retail
00002520;2024-11-15;C1085;Dansk Kontormiljø;SKU-1003;Monitor Arm Dual;Accessories;10;962,37;retail
00002521;2024-07-02;C1004;Møller Innredning;SKU-1004;Mechanical Keyboard;Peripherals;4;1 254,92;direct
00002522;2025-04-18;C1237;Lindqvist AB;SKU-1006;USB-C Dock;Accessories;6;1 528,31;online
00002523;2024-06-14;C1115;Lindqvist AB;SKU-1001;Ergonomic Desk Chair;Furniture;8;2 616,83;online
00002524;2025-10-24;C1311;Kjærstad Utstyr;SKU-1004;Mechanical Keyboard;Peripherals;7;1 035,55;retail
00002525;2025-05-15;C1370;Lindqvist AB;SKU-1006;USB-C Dock;Accessories;9;1 761,68;partner
00002526;2025-05-30;C1223;Rødvig Møbler;SKU-1010;Desk Lamp LED;Furniture;2;562,56;partner
00002527;2024-11-16;C1291;Uppsala Interiör;SKU-1006;USB-C Dock;Accessories;9;1 870,92;direct
00002528;2025-06-13;C1022;Nordström Handel;SKU-1003;Monitor Arm Dual;Accessories;12;858,42;partner
00002529;2025-09-10;C1110;Bergström & Söner;SKU-1004;Mechanical Keyboard;Peripherals;8;1 256,36;direct
00002530;2024-06-25;C1260;Kärkkäinen Oy;SKU-1010;Desk Lamp LED;Furniture;3;532,77;partner
00002531;2024-05-21;C1086;Trondheim Utstyr;SKU-1005;27in 4K Monitor;Displays;1;4 939,10;online
00002532;2024-10-28;C1274;Møller Innredning;SKU-1001;Ergonomic Desk Chair;Furniture;1;2 193,90;online
00002533;2024-03-31;C1142;Kärkkäinen Oy;SKU-1003;Monitor Arm Dual;Accessories;11;772,30;direct
00002534;2025-06-21;C1382;Ålesund Kontor;SKU-1005;27in 4K Monitor;Displays;11;3 824,87;retail
00002535;2025-12-18;C1005;Møller Innredning;SKU-1007;Noise Cancelling Headset;Peripherals;6;2 232,64;retail
00002536;2024-10-10;C1365;Møller Innredning;SKU-1003;Monitor Arm Dual;Accessories;1;1 017,81;online
00002537;2024-05-10;C1356;Ålesund Kontor;SKU-1003;Monitor Arm Dual;Accessories;3;889,47;online
00002538;2024-05-13;C1257;Bergström & Söner;SKU-1006;USB-C Dock;Accessories;12;1 959,22;direct
00002539;2024-01-03;C1349;Nordström Handel;SKU-1006;USB-C Dock;Accessories;1;1 695,33;partner
00002540;2025-04-15;C1182;Dansk Kontormiljø;SKU-1010;Desk Lamp LED;Furniture;4;510,64;retail
00002541;2025-12-01;C1011;Kjærstad Utstyr;SKU-1010;Desk Lamp LED;Furniture;9;561,79;retail
00002542;2024-03-16;C1240;Mäkinen Toimisto;SKU-1007;Noise Cancelling Headset;Peripherals;11;2 217,05;direct
00002543;2025-06-27;C1111;Ålesund Kontor;SKU-1010;Desk Lamp LED;Furniture;1;466,82;retail
00002544;2024-10-09;C1034;Dansk Kontormiljø;SKU-1005;27in 4K Monitor;Displays;4;4 612,02;direct
00002545;2024-07-26;C1060;Jyllands Inventar;SKU-1003;Monitor Arm Dual;Accessories;3;970,49;direct
00002546;2025-01-12;C1213;Dansk Kontormiljø;SKU-1001;Ergonomic Desk Chair;Furniture;9;2 332,22;direct
00002547;2024-06-05;C1043;Dansk Kontormiljø;SKU-1001;Ergonomic Desk Chair;Furniture;7;2 323,68;
00002548;2024-09-17;C1153;Nordström Handel;SKU-1006;USB-C Dock;Accessories;1;1 638,14;direct
00002549;2025-09-11;C1394;Rødvig Møbler;SKU-1007;Noise Cancelling Headset;Peripherals;7;2 216,46;online
00002550;2025-09-11;C1192;Kjærstad Utstyr;SKU-1010;Desk Lamp LED;Furniture;7;489,16;direct
00002551;2025-03-20;C1060;Bergström & Söner;SKU-1004;Mechanical Keyboard;Peripherals;3;1 110,44;partner
00002552;2024-05-20;C1378;Väisänen Kaluste;SKU-1003;Monitor Arm Dual;Accessories;5;866,22;partner
00002553;2025-06-09;C1325;Nordström Handel;SKU-1005;27in 4K Monitor;Displays;11;4 531,14;direct
00002554;2025-02-21;C1075;Søndergaard A/S;SKU-1010;Desk Lamp LED;Furniture;11;557,43;partner
00002555;2024-09-26;C1112;Rødvig Møbler;SKU-1002;Standing Desk 140cm;Furniture;11;5 485,01;partner
00002556;2024-10-15;C1235;Kjærstad Utstyr;SKU-1004;Mechanical Keyboard;Peripherals;3;1 309,53;partner
00002557;2024-09-23;C1103;Nordström Handel;SKU-1001;Ergonomic Desk Chair;Furniture;6;2 201,94;online
00002558;2025-11-15;C1270;Trondheim Utstyr;SKU-1002;Standing Desk 140cm;Furniture;2;4 990,72;direct
00002559;2025-04-23;C1398;Dansk Kontormiljø;SKU-1001;Ergonomic Desk Chair;Furniture;6;2 232,29;partner
00002560;2025-12-30;C1368;Kärkkäinen Oy;SKU-1008;Laptop Stand Aluminium;Accessories;6;621,06;partner
00002561;2025-07-31;C1241;Kärkkäinen Oy;SKU-1004;Mechanical Keyboard;Peripherals;6;1 128,12;direct
00002562;2024-03-06;C1220;Rødvig Møbler;SKU-1007;Noise Cancelling Headset;Peripherals;12;2 101,76;partner
00002563;2024-01-23;C1274;Lindqvist AB;SKU-1003;Monitor Arm Dual;Accessories;2;832,74;partner
00002564;2024-07-08;C1389;Dansk Kontormiljø;SKU-1010;Desk Lamp LED;Furniture;5;569,10;online
00002565;2025-04-02;C1093;Ålesund Kontor;SKU-1006;USB-C Dock;Accessories;6;1 695,96;online
00002566;2024-09-02;C1188;Ålesund Kontor;SKU-1001;Ergonomic Desk Chair;Furniture;8;2 238,85;partner
00002567;2024-02-23;C1341;Kärkkäinen Oy;SKU-1003;Monitor Arm Dual;Accessories;7;973,74;online
00002568;2024-11-04;C1397;Väisänen Kaluste;SKU-1004;Mechanical Keyboard;Peripherals;3;1 259,22;partner
00002569;2025-02-26;C1112;Uppsala Interiör;SKU-1004;Mechanical Keyboard;Peripherals;12;1 133,72;online
00002570;2025-10-23;C1351;Ålesund Kontor;SKU-1002;Standing Desk 140cm;Furniture;11;4 466,78;direct
00002571;2024-05-03;C1040;Hämäläinen Oy;SKU-1009;Webcam 1080p;Peripherals;6;696,25;direct
00002572;2025-01-06;C1336;Kärkkäinen Oy;SKU-1002;Standing Desk 140cm;Furniture;9;4 664,01;online
00002573;2025-11-27;C1333;Trondheim Utstyr;SKU-1007;Noise Cancelling Headset;Peripherals;9;1 948,65;retail
00002574;2025-10-25;C1346;Lindqvist AB;SKU-1002;Standing Desk 140cm;Furniture;8;5 925,20;direct
00002575;2025-03-31;C1236;Uppsala Interiör;SKU-1006;USB-C Dock;Accessories;12;1 604,35;online
00002576;2024-07-11;C1099;Uppsala Interiör;SKU-1010;Desk Lamp LED;Furniture;7;492,53;retail
00002577;2024-02-17;C1390;Hämäläinen Oy;SKU-1002;Standing Desk 140cm;Furniture;5;5 427,30;online
00002578;2025-01-11;C1166;Nordström Handel;SKU-1008;Laptop Stand Aluminium;Accessories;9;722,09;retail
00002579;2024-05-11;C1033;Mäkinen Toimisto;SKU-1001;Ergonomic Desk Chair;Furniture;3;2 531,34;online
00002580;2024-05-02;C1217;Lindqvist AB;SKU-1006;USB-C Dock;Accessories;8;1 983,82;partner
00002581;2024-08-10;C1390;Dansk Kontormiljø;SKU-1004;Mechanical Keyboard;Peripherals;10;1 020,08;retail
00002582;2024-07-21;C1193;Hämäläinen Oy;SKU-1008;Laptop Stand Aluminium;Accessories;3;582,10;partner
00002583;2024-01-28;C1307;Kjærstad Utstyr;SKU-1003;Monitor Arm Dual;Accessories;9;803,49;direct
00002584;2025-09-22;C1180;Rødvig Møbler;SKU-1004;Mechanical Keyboard;Peripherals;6;1 106,37;online
00002585;2025-03-29;C1116;Rødvig Møbler;SKU-1003;Monitor Arm Dual;Accessories;3;941,59;online
00002586;2025-12-11;C1400;Søndergaard A/S;SKU-1001;Ergonomic Desk Chair;Furniture;5;2 381,05;partner
00002587;2025-06-03;C1179;Nordström Handel;SKU-1004;Mechanical Keyboard;Peripherals;3;1 124,75;direct
00002588;2025-04-15;C1023;Kjærstad Utstyr;SKU-1007;Noise Cancelling Headset;Peripherals;2;2 132,27;direct
00002589;2025-06-01;C1081;Rødvig Møbler;SKU-1010;Desk Lamp LED;Furniture;8;460,84;direct
00002590;2024-04-12;C1181;Søndergaard A/S;SKU-1001;Ergonomic Desk Chair;Furniture;-1;2 152,30;online
00002591;2025-03-21;C1362;Kärkkäinen Oy;SKU-1002;Standing Desk 140cm;Furniture;8;5 733,23;partner
00002592;2024-09-25;C1067;Møller Innredning;SKU-1007;Noise Cancelling Headset;Peripherals;8;2 063,85;online
00002593;2024-06-14;C1364;Lindqvist AB;SKU-1004;Mechanical Keyboard;Peripherals;12;1 026,36;retail
00002594;2025-07-27;C1343;Møller Innredning;SKU-1010;Desk Lamp LED;Furniture;5;466,02;online
00002595;2025-01-21;C1093;Väisänen Kaluste;SKU-1003;Monitor Arm Dual;Accessories;12;864,64;online
00002596;2025-10-12;C1369;Trondheim Utstyr;SKU-1006;USB-C Dock;Accessories;11;1 692,05;online
00002597;2025-02-10;C1350;Trondheim Utstyr;SKU-1002;Standing Desk 140cm;Furniture;11;4 506,46;partner
00002598;2025-07-26;C1156;Ålesund Kontor;SKU-1002;Standing Desk 140cm;Furniture;-3;4 911,80;partner
00002599;2025-01-29;C1089;Dansk Kontormiljø;SKU-1003;Monitor Arm Dual;Accessories;1;775,65;retail
00002600;2025-04-29;C1336;Hämäläinen Oy;SKU-1009;Webcam 1080p;Peripherals;5;716,64;direct
00002601;2024-02-16;C1185;Väisänen Kaluste;SKU-1002;Standing Desk 140cm;Furniture;6;5 653,58;partner
00002602;2025-11-06;C1034;Hämäläinen Oy;SKU-1010;Desk Lamp LED;Furniture;2;588,14;retail
00002603;2025-11-20;C1175;Väisänen Kaluste;SKU-1007;Noise Cancelling Headset;Peripherals;12;1 833,82;direct
00002604;2025-08-13;C1369;Dansk Kontormiljø;SKU-1005;27in 4K Monitor;Displays;1;4 519,98;online
00002605;2024-07-08;C1030;Trondheim Utstyr;SKU-1010;Desk Lamp LED;Furniture;6;519,48;retail
00002606;2024-06-11;C1341;Lindqvist AB;SKU-1003;Monitor Arm Dual;Accessories;1;872,54;retail
00002607;2025-11-08;C1045;Møller Innredning;SKU-1010;Desk Lamp LED;Furniture;11;463,21;partner
00002608;2025-03-16;C1317;Dansk Kontormiljø;SKU-1002;Standing Desk 140cm;Furniture;4;5 592,96;direct
00002609;2025-08-02;C1267;Trondheim Utstyr;SKU-1009;Webcam 1080p;Peripherals;10;758,00;online
00002610;2024-08-24;C1040;Kjærstad Utstyr;SKU-1002;Standing Desk 140cm;Furniture;3;5 813,39;online
00002611;2025-04-16;C1173;Trondheim Utstyr;SKU-1008;Laptop Stand Aluminium;Accessories;11;690,81;direct
00002612;2025-10-08;C1350;Mäkinen Toimisto;SKU-1006;USB-C Dock;Accessories;4;1 978,88;online
00002613;2024-12-02;C1158;Rødvig Møbler;SKU-1002;Standing Desk 140cm;Furniture;10;5 621,14;retail
00002614;2024-12-08;C1093;Søndergaard A/S;SKU-1009;Webcam 1080p;Peripherals;11;798,30;retail
00002615;2024-12-26;C1012;Hämäläinen Oy;SKU-1003;Monitor Arm Dual;Accessories;1;912,99;direct
00002616;2025-04-12;C1145;Trondheim Utstyr;SKU-1007;Noise Cancelling Headset;Peripherals;5;2 139,72;retail
00002617;2025-04-20;C1202;Mäkinen Toimisto;SKU-1001;Ergonomic Desk Chair;Furniture;1;2 737,08;partner
00002618;2024-10-31;C1293;Uppsala Interiör;SKU-1009;Webcam 1080p;Peripherals;11;779,16;direct
00002619;2024-12-21;C1218;Nordström Handel;SKU-1005;27in 4K Monitor;Displays;2;3 914,69;partner
00002620;2025-12-16;C1112;Trondheim Utstyr;SKU-1006;USB-C Dock;Accessories;-1;1 672,83;online
00002621;2025-08-01;C1218;Kjærstad Utstyr;SKU-1001;Ergonomic Desk Chair;Furniture;10;2 742,04;direct
00002622;2025-10-27;C1183;Møller Innredning;SKU-1008;Laptop Stand Aluminium;Accessories;2;665,92;direct
00002623;2025-08-30;C1238;Lindqvist AB;SKU-1004;Mechanical Keyboard;Peripherals;6;1 217,18;online
00002624;2025-04-18;C1211;Rødvig Møbler;SKU-1006;USB-C Dock;Accessories;6;1 765,23;direct
00002625;2025-09-20;C1148;Väisänen Kaluste;SKU-1005;27in 4K Monitor;Displays;4;4 755,79;direct
00002626;2024-11-01;C1169;Kärkkäinen Oy;SKU-1006;USB-C Dock;Accessories;5;1 715,68;partner
00002627;2024-11-08;C1313;Ålesund Kontor;SKU-1004;Mechanical Keyboard;Peripherals;5;1 248,52;direct
00002628;2024-09-05;C1361;Kärkkäinen Oy;SKU-1010;Desk Lamp LED;Furniture;10;559,47;partner
00002629;2024-10-03;C1209;Kärkkäinen Oy;SKU-1010;Desk Lamp LED;Furniture;8;531,69;retail
00002630;2024-06-24;C1074;Søndergaard A/S;SKU-1009;Webcam 1080p;Peripherals;11;826,71;retail
00002631;2025-05-03;C1370;Rødvig Møbler;SKU-1010;Desk Lamp LED;Furniture;6;462,02;partner
00002632;2025-08-07;C1228;Møller Innredning;SKU-1002;Standing Desk 140cm;Furniture;4;5 929,05;retail
00002633;2025-05-05;C1167;Mäkinen Toimisto;SKU-1003;Monitor Arm Dual;Accessories;2;959,87;partner
00002634;2025-01-14;C1172;Trondheim Utstyr;SKU-1004;Mechanical Keyboard;Peripherals;5;1 248,11;online
00002635;2024-10-11;C1290;Jyllands Inventar;SKU-1003;Monitor Arm Dual;Accessories;1;767,96;partner
00002636;2025-08-03;C1027;Lindqvist AB;SKU-1007;Noise Cancelling Headset;Peripherals;2;2 169,89;online
00002637;2025-04-17;C1170;Dansk Kontormiljø;SKU-1006;USB-C Dock;Accessories;2;1 547,77;partner
00002638;2025-08-19;C1172;Trondheim Utstyr;SKU-1009;Webcam 1080p;Peripherals;12;707,53;retail
00002639;2025-08-10;C1312;Rødvig Møbler;SKU-1009;Webcam 1080p;Peripherals;7;681,46;retail
00002640;2024-09-22;C1356;Väisänen Kaluste;SKU-1005;27in 4K Monitor;Displays;12;4 039,86;direct
00002641;2025-07-09;C1281;Hämäläinen Oy;SKU-1007;Noise Cancelling Headset;Peripherals;4;1 925,38;retail
00002642;2025-02-21;C1080;Møller Innredning;SKU-1004;Mechanical Keyboard;Peripherals;5;1 043,22;retail
00002643;2024-09-28;C1208;Rødvig Møbler;SKU-1004;Mechanical Keyboard;Peripherals;4;1 078,50;retail
00002644;2025-08-16;C1212;Dansk Kontormiljø;SKU-1001;Ergonomic Desk Chair;Furniture;5;2 364,55;retail
00002645;2025-10-28;C1160;Møller Innredning;SKU-1001;Ergonomic Desk Chair;Furniture;9;2 751,78;partner
00002646;2025-10-31;C1045;Trondheim Utstyr;SKU-1007;Noise Cancelling Headset;Peripherals;10;1 881,38;direct
00002647;2024-02-08;C1154;Rødvig Møbler;SKU-1005;27in 4K Monitor;Displays;2;3 897,94;
00002648;2025-01-10;C1024;Kjærstad Utstyr;SKU-1001;Ergonomic Desk Chair;Furniture;3;2 611,64;online
00002649;2024-12-12;C1092;Uppsala Interiör;SKU-1009;Webcam 1080p;Peripherals;10;761,78;partner
00002650;2024-06-05;C1319;Søndergaard A/S;SKU-1003;Monitor Arm Dual;Accessories;4;895,42;retail
00002651;2024-04-20;C1110;Rødvig Møbler;SKU-1003;Monitor Arm Dual;Accessories;1;863,64;retail
00002652;2025-04-24;C1225;Bergström & Söner;SKU-1004;Mechanical Keyboard;Peripherals;1;1 065,01;retail
00002653;2025-03-24;C1218;Møller Innredning;SKU-1007;Noise Cancelling Headset;Peripherals;8;2 298,94;direct
00002654;2024-09-12;C1383;Nordström Handel;SKU-1010;Desk Lamp LED;Furniture;10;568,96;online
00002655;2024-06-26;C1118;Kärkkäinen Oy;SKU-1005;27in 4K Monitor;Displays;11;3 727,30;direct
00002656;2024-05-14;C1023;Møller Innredning;SKU-1003;Monitor Arm Dual;Accessories;-2;947,87;partner
00002657;2024-01-17;C1046;Uppsala Interiör;SKU-1008;Laptop Stand Aluminium;Accessories;2;697,51;online
00002658;2025-01-17;C1029;Uppsala Interiör;SKU-1003;Monitor Arm Dual;Accessories;11;834,64;direct
00002659;2024-04-14;C1243;Trondheim Utstyr;SKU-1005;27in 4K Monitor;Displays;11;4 251,72;partner
00002660;2025-09-07;C1093;Kärkkäinen Oy;SKU-1005;27in 4K Monitor;Displays;7;4 669,79;retail
00002661;2025-03-27;C1078;Trondheim Utstyr;SKU-1007;Noise Cancelling Headset;Peripherals;6;1 928,26;online
00002662;2024-06-08;C1162;Nordström Handel;SKU-1006;USB-C Dock;Accessories;9;1 521,15;partner
00002663;2024-09-17;C1259;Møller Innredning;SKU-1007;Noise Cancelling Headset;Peripherals;7;1 962,50;online
00002664;2024-03-19;C1095;Ålesund Kontor;SKU-1008;Laptop Stand Aluminium;Accessories;4;630,66;online
00002665;2025-04-13;C1262;Nordström Handel;SKU-1002;Standing Desk 140cm;Furniture;2;4 605,99;online
00002666;2025-09-20;C1025;Bergström & Söner;SKU-1006;USB-C Dock;Accessories;12;1 911,35;direct
00002667;2025-10-06;C1115;Møller Innredning;SKU-1001;Ergonomic Desk Chair;Furniture;8;2 065,96;partner
00002668;2025-12-12;C1181;Kjærstad Utstyr;SKU-1002;Standing Desk 140cm;Furniture;10;5 382,91;partner
00002669;2025-05-19;C1198;Kärkkäinen Oy;SKU-1002;Standing Desk 140cm;Furniture;8;4 693,78;online
00002670;2025-01-04;C1148;Møller Innredning;SKU-1004;Mechanical Keyboard;Peripherals;9;1 033,92;online
00002671;2025-12-02;C1133;Dansk Kontormiljø;SKU-1002;Standing Desk 140cm;Furniture;7;5 479,44;online
00002672;2024-07-19;C1103;Mäkinen Toimisto;SKU-1004;Mechanical Keyboard;Peripherals;12;1 216,36;partner
00002673;2024-11-08;C1257;Trondheim Utstyr;SKU-1005;27in 4K Monitor;Displays;8;4 730,23;partner
00002674;2024-01-11;C1191;Dansk Kontormiljø;SKU-1001;Ergonomic Desk Chair;Furniture;5;2 619,20;partner
00002675;2025-11-29;C1229;Trondheim Utstyr;SKU-1002;Standing Desk 140cm;Furniture;10;4 908,63;partner
00002676;2025-10-11;C1336;Rødvig Møbler;SKU-1010;Desk Lamp LED;Furniture;12;503,97;online
00002677;2024-07-08;C1231;Trondheim Utstyr;SKU-1010;Desk Lamp LED;Furniture;12;478,37;direct
00002678;2024-06-06;C1008;Jyllands Inventar;SKU-1006;USB-C Dock;Accessories;3;1 675,81;
00002679;2025-09-11;C1068;Lindqvist AB;SKU-1007;Noise Cancelling Headset;Peripherals;6;1 874,31;partner
00002680;2024-10-19;C1059;Bergström & Söner;SKU-1010;Desk Lamp LED;Furniture;12;465,54;partner
00002681;2024-11-19;C1387;Dansk Kontormiljø;SKU-1007;Noise Cancelling Headset;Peripherals;4;2 157,59;online
00002682;2024-06-06;C1330;Jyllands Inventar;SKU-1007;Noise Cancelling Headset;Peripherals;4;2 238,73;online
00002683;2024-07-03;C1021;Jyllands Inventar;SKU-1010;Desk Lamp LED;Furniture;12;561,18;direct
00002684;2024-01-28;C1330;Väisänen Kaluste;SKU-1002;Standing Desk 140cm;Furniture;6;5 392,66;retail
00002685;2025-07-05;C1389;Nordström Handel;SKU-1004;Mechanical Keyboard;Peripherals;4;1 054,45;retail
00002686;2025-12-22;C1080;Bergström & Söner;SKU-1005;27in 4K Monitor;Displays;10;4 752,78;retail
00002687;2024-03-19;C1190;Mäkinen Toimisto;SKU-1003;Monitor Arm Dual;Accessories;3;977,80;retail
00002688;2025-03-03;C1274;Trondheim Utstyr;SKU-1006;USB-C Dock;Accessories;9;1 716,11;direct
00002689;2025-06-27;C1167;Kärkkäinen Oy;SKU-1005;27in 4K Monitor;Displays;1;4 406,88;retail
00002690;2025-11-20;C1000;Nordström Handel;SKU-1007;Noise Cancelling Headset;Peripherals;5;2 257,55;direct
00002691;2025-05-24;C1226;Trondheim Utstyr;SKU-1003;Monitor Arm Dual;Accessories;10;1 000,96;online
00002692;2025-02-01;C1326;Dansk Kontormiljø;SKU-1006;USB-C Dock;Accessories;9;1 874,29;partner
00002693;2025-09-02;C1222;Møller Innredning;SKU-1007;Noise Cancelling Headset;Peripherals;12;2 254,57;online
00002694;2025-03-22;C1074;Kjærstad Utstyr;SKU-1005;27in 4K Monitor;Displays;11;4 442,56;retail
00002695;2024-10-18;C1083;Kärkkäinen Oy;SKU-1004;Mechanical Keyboard;Peripherals;-3;999,57;online
00002696;2025-08-04;C1395;Ålesund Kontor;SKU-1002;Standing Desk 140cm;Furniture;5;5 882,75;
00002697;2025-02-20;C1301;Kärkkäinen Oy;SKU-1008;Laptop Stand Aluminium;Accessories;10;702,47;
00002698;2025-07-16;C1010;Nordström Handel;SKU-1003;Monitor Arm Dual;Accessories;9;786,11;online
00002699;2024-06-21;C1361;Lindqvist AB;SKU-1007;Noise Cancelling Headset;Peripherals;7;2 249,63;retail
00002700;2025-07-06;C1172;Rødvig Møbler;SKU-1001;Ergonomic Desk Chair;Furniture;6;2 578,56;direct
00002701;2024-07-02;C1138;Søndergaard A/S;SKU-1004;Mechanical Keyboard;Peripherals;-3;993,51;online
00002702;2024-06-14;C1213;Kjærstad Utstyr;SKU-1009;Webcam 1080p;Peripherals;-2;792,44;retail
00002703;2024-06-16;C1234;Jyllands Inventar;SKU-1001;Ergonomic Desk Chair;Furniture;8;2 542,20;online
00002704;2024-07-30;C1256;Dansk Kontormiljø;SKU-1004;Mechanical Keyboard;Peripherals;3;1 320,07;online
00002705;2025-06-01;C1172;Ålesund Kontor;SKU-1004;Mechanical Keyboard;Peripherals;8;1 235,21;direct
00002706;2025-07-19;C1156;Ålesund Kontor;SKU-1003;Monitor Arm Dual;Accessories;7;822,67;retail
00002707;2024-06-09;C1102;Søndergaard A/S;SKU-1002;Standing Desk 140cm;Furniture;4;5 209,11;online
00002708;2024-08-17;C1178;Kjærstad Utstyr;SKU-1002;Standing Desk 140cm;Furniture;11;5 212,64;direct
00002709;2024-11-29;C1362;Lindqvist AB;SKU-1010;Desk Lamp LED;Furniture;12;524,42;direct
00002710;2025-03-08;C1386;Hämäläinen Oy;SKU-1008;Laptop Stand Aluminium;Accessories;8;668,92;online
00002711;2024-04-12;C1334;Kärkkäinen Oy;SKU-1001;Ergonomic Desk Chair;Furniture;11;2 427,52;online
00002712;2025-02-23;C1059;Uppsala Interiör;SKU-1002;Standing Desk 140cm;Furniture;10;5 366,45;retail
00002713;2025-10-20;C1126;Mäkinen Toimisto;SKU-1006;USB-C Dock;Accessories;10;1 935,45;partner
00002714;2024-06-03;C1359;Dansk Kontormiljø;SKU-1008;Laptop Stand Aluminium;Accessories;3;547,19;direct
00002715;2025-01-28;C1391;Kjærstad Utstyr;SKU-1006;USB-C Dock;Accessories;12;1 697,11;partner
00002716;2024-11-11;C1315;Kjærstad Utstyr;SKU-1010;Desk Lamp LED;Furniture;2;511,92;partner
00002717;2025-10-05;C1325;Lindqvist AB;SKU-1006;USB-C Dock;Accessories;4;1 839,86;direct
00002718;2025-03-31;C1137;Trondheim Utstyr;SKU-1005;27in 4K Monitor;Displays;3;4 439,10;online
00002719;2024-11-07;C1032;Uppsala Interiör;SKU-1010;Desk Lamp LED;Furniture;7;596,20;direct
00002720;2025-09-01;C1234;Mäkinen Toimisto;SKU-1008;Laptop Stand Aluminium;Accessories;1;650,22;direct
00002721;2025-08-07;C1145;Dansk Kontormiljø;SKU-1005;27in 4K Monitor;Displays;9;4 451,97;partner
00002722;2025-05-31;C1154;Ålesund Kontor;SKU-1002;Standing Desk 140cm;Furniture;9;5 368,89;direct
00002723;2025-10-07;C1175;Rødvig Møbler;SKU-1008;Laptop Stand Aluminium;Accessories;4;632,00;direct
00002724;2025-01-24;C1149;Lindqvist AB;SKU-1010;Desk Lamp LED;Furniture;9;458,66;partner
00002725;2025-10-17;C1263;Dansk Kontormiljø;SKU-1005;27in 4K Monitor;Displays;-3;3 870,00;retail
00002726;2024-02-02;C1083;Dansk Kontormiljø;SKU-1006;USB-C Dock;Accessories;3;1 953,51;online
00002727;2025-09-08;C1031;Lindqvist AB;SKU-1008;Laptop Stand Aluminium;Accessories;1;599,66;online
00002728;2024-04-16;C1394;Søndergaard A/S;SKU-1005;27in 4K Monitor;Displays;9;4 117,55;retail
00002729;2025-11-12;C1021;Väisänen Kaluste;SKU-1009;Webcam 1080p;Peripherals;9;707,45;direct
00002730;2025-09-25;C1304;Trondheim Utstyr;SKU-1005;27in 4K Monitor;Displays;11;4 365,87;partner
00002731;2024-08-30;C1007;Møller Innredning;SKU-1002;Standing Desk 140cm;Furniture;9;5 955,43;direct
00002732;2025-11-26;C1176;Dansk Kontormiljø;SKU-1006;USB-C Dock;Accessories;1;1 599,25;direct
00002733;2024-12-30;C1330;Rødvig Møbler;SKU-1002;Standing Desk 140cm;Furniture;10;5 634,54;retail
00002734;2025-08-01;C1098;Uppsala Interiör;SKU-1006;USB-C Dock;Accessories;7;1 780,43;partner
00002735;2025-05-06;C1369;Lindqvist AB;SKU-1007;Noise Cancelling Headset;Peripherals;8;2 101,67;retail
00002736;2024-02-05;C1015;Ålesund Kontor;SKU-1009;Webcam 1080p;Peripherals;8;868,50;online
00002737;2024-08-24;C1138;Mäkinen Toimisto;SKU-1007;Noise Cancelling Headset;Peripherals;6;1 862,41;partner
00002738;2025-02-06;C1247;Kärkkäinen Oy;SKU-1005;27in 4K Monitor;Displays;3;4 865,20;partner
00002739;2025-01-18;C1084;Mäkinen Toimisto;SKU-1007;Noise Cancelling Headset;Peripherals;9;2 037,55;retail
00002740;2024-11-27;C1176;Jyllands Inventar;SKU-1007;Noise Cancelling Headset;Peripherals;3;1 864,41;direct
00002741;2024-07-07;C1092;Ålesund Kontor;SKU-1003;Monitor Arm Dual;Accessories;6;961,59;retail
00002742;2025-11-06;C1150;Uppsala Interiör;SKU-1006;USB-C Dock;Accessories;4;1 820,98;retail
00002743;2024-11-06;C1277;Mäkinen Toimisto;SKU-1005;27in 4K Monitor;Displays;8;4 816,99;partner
00002744;2024-06-23;C1049;Søndergaard A/S;SKU-1006;USB-C Dock;Accessories;10;1 716,96;online
00002745;2024-05-20;C1147;Väisänen Kaluste;SKU-1006;USB-C Dock;Accessories;1;1 530,46;
00002746;2025-09-02;C1028;Lindqvist AB;SKU-1004;Mechanical Keyboard;Peripherals;2;1 263,47;online
00002747;2024-03-10;C1367;Trondheim Utstyr;SKU-1007;Noise Cancelling Headset;Peripherals;3;2 381,30;
00002748;2025-03-11;C1395;Kärkkäinen Oy;SKU-1003;Monitor Arm Dual;Accessories;11;888,57;online
00002749;2024-11-24;C1283;Väisänen Kaluste;SKU-1010;Desk Lamp LED;Furniture;6;553,13;online
00002750;2024-12-20;C1071;Väisänen Kaluste;SKU-1003;Monitor Arm Dual;Accessories;10;801,97;retail
00002751;2025-01-12;C1314;Bergström & Söner;SKU-1007;Noise Cancelling Headset;Peripherals;2;1 991,45;direct
00002752;2025-10-14;C1024;Hämäläinen Oy;SKU-1002;Standing Desk 140cm;Furniture;1;4 501,47;partner
00002753;2024-10-02;C1241;Søndergaard A/S;SKU-1010;Desk Lamp LED;Furniture;2;512,84;partner
00002754;2025-06-25;C1374;Mäkinen Toimisto;SKU-1004;Mechanical Keyboard;Peripherals;6;1 080,16;retail
00002755;2025-08-07;C1235;Rødvig Møbler;SKU-1008;Laptop Stand Aluminium;Accessories;2;601,65;partner
00002756;2025-05-15;C1261;Lindqvist AB;SKU-1005;27in 4K Monitor;Displays;10;4 085,05;online
00002757;2024-03-11;C1352;Rødvig Møbler;SKU-1004;Mechanical Keyboard;Peripherals;2;1 122,84;online
00002758;2024-02-08;C1262;Trondheim Utstyr;SKU-1009;Webcam 1080p;Peripherals;10;762,95;online
00002759;2025-07-10;C1243;Rødvig Møbler;SKU-1009;Webcam 1080p;Peripherals;2;703,74;retail
00002760;2024-03-05;C1160;Kjærstad Utstyr;SKU-1005;27in 4K Monitor;Displays;9;4 062,60;retail
00002761;2025-11-07;C1108;Väisänen Kaluste;SKU-1008;Laptop Stand Aluminium;Accessories;12;606,73;
00002762;2024-04-19;C1182;Jyllands Inventar;SKU-1008;Laptop Stand Aluminium;Accessories;9;642,28;direct
00002763;2024-03-30;C1376;Trondheim Utstyr;SKU-1004;Mechanical Keyboard;Peripherals;5;1 109,12;direct
00002764;2024-03-07;C1158;Søndergaard A/S;SKU-1007;Noise Cancelling Headset;Peripherals;3;2 035,42;online
00002765;2025-01-20;C1322;Jyllands Inventar;SKU-1007;Noise Cancelling Headset;Peripherals;3;2 147,62;partner
00002766;2024-01-30;C1353;Nordström Handel;SKU-1006;USB-C Dock;Accessories;1;1 789,44;retail
00002767;2024-08-21;C1295;Lindqvist AB;SKU-1001;Ergonomic Desk Chair;Furniture;9;2 285,00;online
00002768;2025-08-31;C1209;Mäkinen Toimisto;SKU-1006;USB-C Dock;Accessories;3;1 532,12;partner
00002769;2025-06-10;C1397;Mäkinen Toimisto;SKU-1003;Monitor Arm Dual;Accessories;11;830,44;direct
00002770;2025-01-14;C1396;Trondheim Utstyr;SKU-1010;Desk Lamp LED;Furniture;6;529,52;partner
00002771;2025-06-14;C1379;Ålesund Kontor;SKU-1010;Desk Lamp LED;Furniture;6;461,72;retail
00002772;2025-04-18;C1374;Bergström & Söner;SKU-1003;Monitor Arm Dual;Accessories;3;955,47;online
00002773;2025-04-07;C1041;Uppsala Interiör;SKU-1005;27in 4K Monitor;Displays;9;4 479,69;retail
00002774;2024-09-25;C1168;Ålesund Kontor;SKU-1006;USB-C Dock;Accessories;10;1 968,35;partner
00002775;2025-06-19;C1200;Ålesund Kontor;SKU-1004;Mechanical Keyboard;Peripherals;7;1 278,98;retail
00002776;2025-06-24;C1257;Väisänen Kaluste;SKU-1003;Monitor Arm Dual;Accessories;12;764,43;direct
00002777;2025-09-16;C1251;Bergström & Söner;SKU-1009;Webcam 1080p;Peripherals;2;798,28;partner
00002778;2025-09-24;C1336;Kjærstad Utstyr;SKU-1006;USB-C Dock;Accessories;-1;1 874,89;retail
00002779;2024-05-31;C1286;Jyllands Inventar;SKU-1008;Laptop Stand Aluminium;Accessories;8;615,12;direct
00002780;2024-04-01;C1321;Väisänen Kaluste;SKU-1010;Desk Lamp LED;Furniture;4;565,13;retail
00002781;2024-05-09;C1344;Dansk Kontormiljø;SKU-1008;Laptop Stand Aluminium;Accessories;-3;605,14;retail
00002782;2024-03-22;C1005;Søndergaard A/S;SKU-1002;Standing Desk 140cm;Furniture;2;5 648,13;online
00002783;2024-11-18;C1178;Ålesund Kontor;SKU-1010;Desk Lamp LED;Furniture;8;542,83;online
00002784;2024-12-01;C1273;Ålesund Kontor;SKU-1007;Noise Cancelling Headset;Peripherals;1;2 219,75;retail
00002785;2024-11-02;C1108;Uppsala Interiör;SKU-1001;Ergonomic Desk Chair;Furniture;5;2 673,11;online
00002786;2025-06-27;C1254;Rødvig Møbler;SKU-1007;Noise Cancelling Headset;Peripherals;2;2 372,58;direct
00002787;2025-12-07;C1178;Dansk Kontormiljø;SKU-1007;Noise Cancelling Headset;Peripherals;3;1 834,69;online
00002788;2025-12-22;C1003;Väisänen Kaluste;SKU-1004;Mechanical Keyboard;Peripherals;6;1 190,95;partner
00002789;2025-04-06;C1340;Søndergaard A/S;SKU-1007;Noise Cancelling Headset;Peripherals;2;2 387,04;retail
00002790;2025-05-14;C1290;Kjærstad Utstyr;SKU-1006;USB-C Dock;Accessories;7;1 613,19;partner
00002791;2025-02-06;C1347;Nordström Handel;SKU-1006;USB-C Dock;Accessories;2;1 639,84;online
00002792;2024-01-29;C1081;Jyllands Inventar;SKU-1009;Webcam 1080p;Peripherals;4;705,52;direct
00002793;2024-06-30;C1266;Bergström & Söner;SKU-1007;Noise Cancelling Headset;Peripherals;1;1 942,11;direct
00002794;2025-02-26;C1039;Nordström Handel;SKU-1005;27in 4K Monitor;Displays;5;4 564,19;retail
00002795;2025-10-11;C1104;Väisänen Kaluste;SKU-1010;Desk Lamp LED;Furniture;12;590,01;partner
00002796;2024-05-07;C1019;Rødvig Møbler;SKU-1007;Noise Cancelling Headset;Peripherals;5;2 020,18;retail
00002797;2024-05-26;C1249;Jyllands Inventar;SKU-1003;Monitor Arm Dual;Accessories;8;758,71;online
00002798;2024-04-14;C1134;Kärkkäinen Oy;SKU-1007;Noise Cancelling Headset;Peripherals;3;2 105,74;partner
00002799;2025-08-29;C1162;Rødvig Møbler;SKU-1008;Laptop Stand Aluminium;Accessories;2;655,17;retail
00002800;2025-05-22;C1205;Kärkkäinen Oy;SKU-1010;Desk Lamp LED;Furniture;7;449,00;retail
00002801;2024-10-11;C1314;Uppsala Interiör;SKU-1010;Desk Lamp LED;Furniture;3;525,71;partner
00002802;2024-12-02;C1275;Uppsala Interiör;SKU-1006;USB-C Dock;Accessories;6;1 858,63;online
00002803;2024-01-22;C1328;Jyllands Inventar;SKU-1008;Laptop Stand Aluminium;Accessories;2;714,55;retail
00002804;2024-02-05;C1103;Mäkinen Toimisto;SKU-1002;Standing Desk 140cm;Furniture;7;5 700,39;online
00002805;2025-06-03;C1252;Rødvig Møbler;SKU-1010;Desk Lamp LED;Furniture;9;582,58;direct
00002806;2024-08-15;C1374;Søndergaard A/S;SKU-1008;Laptop Stand Aluminium;Accessories;11;728,67;online
00002807;2024-09-14;C1048;Søndergaard A/S;SKU-1007;Noise Cancelling Headset;Peripherals;5;2 068,19;retail
00002808;2024-12-23;C1098;Jyllands Inventar;SKU-1010;Desk Lamp LED;Furniture;1;459,58;retail
00002809;2024-09-27;C1085;Nordström Handel;SKU-1003;Monitor Arm Dual;Accessories;9;792,08;partner
00002810;2024-08-26;C1043;Nordström Handel;SKU-1002;Standing Desk 140cm;Furniture;11;5 765,28;partner
00002811;2024-10-13;C1033;Lindqvist AB;SKU-1008;Laptop Stand Aluminium;Accessories;8;595,56;retail
00002812;2024-04-12;C1289;Rødvig Møbler;SKU-1008;Laptop Stand Aluminium;Accessories;12;679,20;online
00002813;2025-07-18;C1329;Bergström & Söner;SKU-1005;27in 4K Monitor;Displays;6;3 964,86;retail
00002814;2025-10-11;C1073;Møller Innredning;SKU-1010;Desk Lamp LED;Furniture;8;490,29;partner
00002815;2025-05-01;C1077;Dansk Kontormiljø;SKU-1009;Webcam 1080p;Peripherals;-3;835,08;partner
00002816;2024-03-21;C1253;Mäkinen Toimisto;SKU-1010;Desk Lamp LED;Furniture;7;469,68;online
00002817;2024-08-07;C1088;Jyllands Inventar;SKU-1003;Monitor Arm Dual;Accessories;-3;928,90;retail
00002818;2024-07-16;C1156;Dansk Kontormiljø;SKU-1002;Standing Desk 140cm;Furniture;9;4 500,52;direct
00002819;2024-01-13;C1076;Dansk Kontormiljø;SKU-1002;Standing Desk 140cm;Furniture;12;4 498,41;direct
00002820;2024-02-05;C1016;Väisänen Kaluste;SKU-1003;Monitor Arm Dual;Accessories;1;796,94;online
00002821;2025-01-04;C1100;Jyllands Inventar;SKU-1007;Noise Cancelling Headset;Peripherals;7;1 829,15;retail
00002822;2024-01-31;C1030;Ålesund Kontor;SKU-1001;Ergonomic Desk Chair;Furniture;6;2 475,54;direct
00002823;2024-01-13;C1013;Uppsala Interiör;SKU-1004;Mechanical Keyboard;Peripherals;3;1 252,79;online
00002824;2024-02-05;C1335;Uppsala Interiör;SKU-1010;Desk Lamp LED;Furniture;8;559,41;online
00002825;2025-01-24;C1289;Nordström Handel;SKU-1003;Monitor Arm Dual;Accessories;2;900,82;
00002826;2024-05-02;C1012;Kärkkäinen Oy;SKU-1002;Standing Desk 140cm;Furniture;11;4 642,35;partner
00002827;2025-05-22;C1056;Kjærstad Utstyr;SKU-1005;27in 4K Monitor;Displays;12;3 799,32;retail
00002828;2025-02-20;C1027;Møller Innredning;SKU-1008;Laptop Stand Aluminium;Accessories;1;602,83;online
00002829;2024-05-14;C1094;Hämäläinen Oy;SKU-1005;27in 4K Monitor;Displays;5;4 855,57;online
00002830;2024-07-04;C1109;Kärkkäinen Oy;SKU-1002;Standing Desk 140cm;Furniture;11;4 644,75;retail
00002831;2024-01-18;C1298;Kärkkäinen Oy;SKU-1003;Monitor Arm Dual;Accessories;12;933,87;partner
00002832;2024-01-24;C1106;Kjærstad Utstyr;SKU-1008;Laptop Stand Aluminium;Accessories;8;616,16;direct
00002833;2025-04-26;C1209;Bergström & Söner;SKU-1006;USB-C Dock;Accessories;6;1 972,05;direct
00002834;2025-11-24;C1068;Kärkkäinen Oy;SKU-1010;Desk Lamp LED;Furniture;5;445,76;partner
00002835;2024-02-07;C1067;Ålesund Kontor;SKU-1006;USB-C Dock;Accessories;10;1 546,27;retail
00002836;2025-07-03;C1297;Bergström & Söner;SKU-1010;Desk Lamp LED;Furniture;11;590,99;online
00002837;2025-12-20;C1146;Jyllands Inventar;SKU-1007;Noise Cancelling Headset;Peripherals;9;2 410,82;partner
00002838;2025-06-10;C1345;Jyllands Inventar;SKU-1008;Laptop Stand Aluminium;Accessories;9;712,73;online
00002839;2024-01-10;C1256;Kärkkäinen Oy;SKU-1004;Mechanical Keyboard;Peripherals;8;997,78;partner
00002840;2025-11-04;C1285;Bergström & Söner;SKU-1008;Laptop Stand Aluminium;Accessories;-3;588,30;retail
00002841;2025-08-03;C1066;Bergström & Söner;SKU-1010;Desk Lamp LED;Furniture;1;538,67;direct
00002842;2025-06-25;C1393;Rødvig Møbler;SKU-1005;27in 4K Monitor;Displays;1;4 391,95;direct
00002843;2024-11-29;C1117;Kärkkäinen Oy;SKU-1010;Desk Lamp LED;Furniture;12;572,04;partner
00002844;2024-02-10;C1258;Kjærstad Utstyr;SKU-1009;Webcam 1080p;Peripherals;7;884,02;retail
00002845;2024-10-07;C1221;Kjærstad Utstyr;SKU-1004;Mechanical Keyboard;Peripherals;10;1 119,03;online
00002846;2025-05-18;C1351;Møller Innredning;SKU-1001;Ergonomic Desk Chair;Furniture;3;2 159,88;retail
00002847;2024-01-03;C1031;Lindqvist AB;SKU-1006;USB-C Dock;Accessories;-1;1 887,22;retail
00002848;2025-02-16;C1232;Søndergaard A/S;SKU-1009;Webcam 1080p;Peripherals;9;848,63;retail
00002849;2025-08-04;C1046;Ålesund Kontor;SKU-1010;Desk Lamp LED;Furniture;-3;531,19;partner
00002850;2024-04-04;C1196;Møller Innredning;SKU-1002;Standing Desk 140cm;Furniture;7;4 456,10;online
00002851;2025-08-18;C1344;Uppsala Interiör;SKU-1003;Monitor Arm Dual;Accessories;11;1 005,83;retail
00002852;2024-11-03;C1278;Bergström & Söner;SKU-1007;Noise Cancelling Headset;Peripherals;1;2 246,82;direct
00002853;2024-01-24;C1305;Kärkkäinen Oy;SKU-1008;Laptop Stand Aluminium;Accessories;5;551,80;online
00002854;2024-09-07;C1228;Bergström & Söner;SKU-1004;Mechanical Keyboard;Peripherals;7;1 010,89;retail
00002855;2025-07-22;C1330;Hämäläinen Oy;SKU-1009;Webcam 1080p;Peripherals;2;817,94;partner
00002856;2024-11-12;C1076;Lindqvist AB;SKU-1006;USB-C Dock;Accessories;9;1 788,50;online
00002857;2024-09-01;C1142;Jyllands Inventar;SKU-1005;27in 4K Monitor;Displays;-2;3 917,45;direct
00002858;2025-09-13;C1305;Kärkkäinen Oy;SKU-1001;Ergonomic Desk Chair;Furniture;8;2 719,28;partner
00002859;2025-03-28;C1075;Nordström Handel;SKU-1010;Desk Lamp LED;Furniture;12;505,09;retail
00002860;2024-01-17;C1071;Bergström & Söner;SKU-1001;Ergonomic Desk Chair;Furniture;9;2 674,49;online
00002861;2024-10-22;C1000;Møller Innredning;SKU-1003;Monitor Arm Dual;Accessories;11;875,78;direct
00002862;2024-03-12;C1254;Kärkkäinen Oy;SKU-1003;Monitor Arm Dual;Accessories;1;890,21;partner
00002863;2025-10-14;C1098;Jyllands Inventar;SKU-1003;Monitor Arm Dual;Accessories;8;1 000,20;partner
00002864;2024-01-09;C1150;Bergström & Söner;SKU-1003;Monitor Arm Dual;Accessories;4;877,83;online
00002865;2024-05-22;C1282;Väisänen Kaluste;SKU-1010;Desk Lamp LED;Furniture;2;529,36;retail
00002866;2025-10-05;C1090;Väisänen Kaluste;SKU-1009;Webcam 1080p;Peripherals;2;882,55;partner
00002867;2025-02-11;C1058;Nordström Handel;SKU-1010;Desk Lamp LED;Furniture;1;577,14;retail
00002868;2025-03-12;C1209;Lindqvist AB;SKU-1008;Laptop Stand Aluminium;Accessories;10;554,63;retail
00002869;2025-04-14;C1044;Lindqvist AB;SKU-1002;Standing Desk 140cm;Furniture;3;5 234,90;retail
00002870;2025-10-04;C1218;Bergström & Söner;SKU-1003;Monitor Arm Dual;Accessories;4;790,45;partner
00002871;2025-01-18;C1005;Trondheim Utstyr;SKU-1002;Standing Desk 140cm;Furniture;-2;5 896,55;direct
00002872;2024-09-21;C1159;Dansk Kontormiljø;SKU-1007;Noise Cancelling Headset;Peripherals;6;2 298,38;retail
00002873;2025-03-26;C1214;Søndergaard A/S;SKU-1005;27in 4K Monitor;Displays;11;3 841,18;partner
00002874;2024-08-30;C1003;Hämäläinen Oy;SKU-1007;Noise Cancelling Headset;Peripherals;1;1 840,51;direct
00002875;2024-09-22;C1120;Hämäläinen Oy;SKU-1004;Mechanical Keyboard;Peripherals;12;1 269,14;direct
00002876;2024-06-16;C1162;Ålesund Kontor;SKU-1002;Standing Desk 140cm;Furniture;8;5 254,22;online
00002877;2024-01-04;C1260;Dansk Kontormiljø;SKU-1008;Laptop Stand Aluminium;Accessories;11;619,69;direct
00002878;2024-06-05;C1066;Kärkkäinen Oy;SKU-1007;Noise Cancelling Headset;Peripherals;6;2 278,40;retail
00002879;2025-07-12;C1226;Kärkkäinen Oy;SKU-1010;Desk Lamp LED;Furniture;8;505,77;partner
00002880;2025-08-15;C1030;Rødvig Møbler;SKU-1008;Laptop Stand Aluminium;Accessories;8;671,18;partner
00002881;2025-06-06;C1155;Trondheim Utstyr;SKU-1001;Ergonomic Desk Chair;Furniture;1;2 711,51;partner
00002882;2024-08-02;C1157;Nordström Handel;SKU-1003;Monitor Arm Dual;Accessories;3;987,21;partner
00002883;2024-04-23;C1077;Bergström & Söner;SKU-1007;Noise Cancelling Headset;Peripherals;12;2 130,04;partner
00002884;2024-06-16;C1182;Kärkkäinen Oy;SKU-1007;Noise Cancelling Headset;Peripherals;5;2 258,26;online
00002885;2024-10-16;C1329;Bergström & Söner;SKU-1001;Ergonomic Desk Chair;Furniture;7;2 239,02;retail
00002886;2024-07-19;C1279;Bergström & Söner;SKU-1002;Standing Desk 140cm;Furniture;11;5 189,17;online
00002887;2024-11-10;C1115;Väisänen Kaluste;SKU-1008;Laptop Stand Aluminium;Accessories;-3;626,37;partner
00002888;2025-06-24;C1264;Kärkkäinen Oy;SKU-1009;Webcam 1080p;Peripherals;9;832,42;direct
00002889;2024-01-19;C1177;Ålesund Kontor;SKU-1009;Webcam 1080p;Peripherals;1;757,81;retail
00002890;2025-01-14;C1159;Rødvig Møbler;SKU-1001;Ergonomic Desk Chair;Furniture;3;2 626,93;partner
00002891;2024-05-01;C1362;Dansk Kontormiljø;SKU-1002;Standing Desk 140cm;Furniture;12;5 766,58;retail
00002892;2024-01-05;C1122;Trondheim Utstyr;SKU-1005;27in 4K Monitor;Displays;10;4 335,98;online
00002893;2025-01-29;C1027;Nordström Handel;SKU-1002;Standing Desk 140cm;Furniture;12;5 780,78;online
00002894;2025-08-31;C1228;Nordström Handel;SKU-1003;Monitor Arm Dual;Accessories;1;810,34;retail
00002895;2024-10-31;C1243;Ålesund Kontor;SKU-1002;Standing Desk 140cm;Furniture;5;4 440,60;online
00002896;2025-04-22;C1390;Jyllands Inventar;SKU-1002;Standing Desk 140cm;Furniture;12;4 574,29;retail
00002897;2024-06-08;C1389;Hämäläinen Oy;SKU-1002;Standing Desk 140cm;Furniture;11;5 799,21;retail
00002898;2025-10-13;C1238;Väisänen Kaluste;SKU-1009;Webcam 1080p;Peripherals;5;814,64;partner
00002899;2025-03-24;C1174;Søndergaard A/S;SKU-1001;Ergonomic Desk Chair;Furniture;11;2 188,34;partner
00002900;2024-06-19;C1285;Uppsala Interiör;SKU-1009;Webcam 1080p;Peripherals;3;668,30;retail
00002901;2024-02-27;C1366;Søndergaard A/S;SKU-1008;Laptop Stand Aluminium;Accessories;3;658,96;direct
00002902;2025-12-07;C1262;Ålesund Kontor;SKU-1002;Standing Desk 140cm;Furniture;7;4 462,88;direct
00002903;2025-08-25;C1324;Dansk Kontormiljø;SKU-1003;Monitor Arm Dual;Accessories;3;937,22;partner
00002904;2025-05-11;C1173;Søndergaard A/S;SKU-1008;Laptop Stand Aluminium;Accessories;8;646,81;retail
00002905;2024-01-08;C1093;Mäkinen Toimisto;SKU-1008;Laptop Stand Aluminium;Accessories;7;564,36;retail
00002906;2025-05-27;C1016;Lindqvist AB;SKU-1009;Webcam 1080p;Peripherals;6;771,93;online
00002907;2024-05-18;C1109;Dansk Kontormiljø;SKU-1005;27in 4K Monitor;Displays;11;3 905,46;online
00002908;2025-01-28;C1308;Dansk Kontormiljø;SKU-1003;Monitor Arm Dual;Accessories;2;766,66;partner
00002909;2025-02-02;C1226;Hämäläinen Oy;SKU-1008;Laptop Stand Aluminium;Accessories;5;634,65;
00002910;2025-01-08;C1356;Møller Innredning;SKU-1007;Noise Cancelling Headset;Peripherals;10;1 939,92;retail
00002911;2024-11-01;C1074;Dansk Kontormiljø;SKU-1006;USB-C Dock;Accessories;1;1 927,83;retail
00002912;2025-01-07;C1023;Kärkkäinen Oy;SKU-1001;Ergonomic Desk Chair;Furniture;8;2 196,66;online
00002913;2025-09-26;C1275;Søndergaard A/S;SKU-1005;27in 4K Monitor;Displays;4;4 551,34;online
00002914;2024-08-13;C1012;Lindqvist AB;SKU-1005;27in 4K Monitor;Displays;9;4 304,37;partner
00002915;2024-03-17;C1007;Väisänen Kaluste;SKU-1002;Standing Desk 140cm;Furniture;12;5 682,62;online
00002916;2025-01-21;C1243;Hämäläinen Oy;SKU-1001;Ergonomic Desk Chair;Furniture;3;2 696,35;direct
00002917;2025-11-14;C1314;Väisänen Kaluste;SKU-1005;27in 4K Monitor;Displays;7;3 971,14;online
00002918;2024-01-18;C1060;Kärkkäinen Oy;SKU-1005;27in 4K Monitor;Displays;9;3 659,05;direct
00002919;2025-06-01;C1299;Jyllands Inventar;SKU-1007;Noise Cancelling Headset;Peripherals;5;1 882,94;
00002920;2024-04-23;C1070;Bergström & Söner;SKU-1006;USB-C Dock;Accessories;8;1 664,40;direct
00002921;2025-08-29;C1190;Trondheim Utstyr;SKU-1008;Laptop Stand Aluminium;Accessories;6;569,73;retail
00002922;2025-10-16;C1023;Uppsala Interiör;SKU-1006;USB-C Dock;Accessories;6;1 685,10;online
00002923;2024-10-26;C1222;Hämäläinen Oy;SKU-1004;Mechanical Keyboard;Peripherals;12;1 030,46;partner
00002924;2024-03-07;C1226;Ålesund Kontor;SKU-1007;Noise Cancelling Headset;Peripherals;8;1 808,11;retail
00002925;2024-05-05;C1185;Dansk Kontormiljø;SKU-1008;Laptop Stand Aluminium;Accessories;4;640,01;partner
00002926;2025-05-07;C1340;Nordström Handel;SKU-1008;Laptop Stand Aluminium;Accessories;9;688,51;online
00002927;2025-06-26;C1008;Kjærstad Utstyr;SKU-1002;Standing Desk 140cm;Furniture;8;5 946,77;direct
00002928;2024-11-28;C1361;Uppsala Interiör;SKU-1005;27in 4K Monitor;Displays;2;4 304,20;online
00002929;2024-09-22;C1394;Dansk Kontormiljø;SKU-1007;Noise Cancelling Headset;Peripherals;1;1 893,84;direct
00002930;2024-11-03;C1023;Uppsala Interiör;SKU-1003;Monitor Arm Dual;Accessories;8;894,32;direct
00002931;2025-01-21;C1349;Rødvig Møbler;SKU-1007;Noise Cancelling Headset;Peripherals;5;2 065,55;online
00002932;2024-12-12;C1106;Dansk Kontormiljø;SKU-1008;Laptop Stand Aluminium;Accessories;2;679,63;direct
00002933;2024-08-11;C1270;Jyllands Inventar;SKU-1007;Noise Cancelling Headset;Peripherals;12;2 165,36;direct
00002934;2024-01-31;C1134;Dansk Kontormiljø;SKU-1010;Desk Lamp LED;Furniture;1;546,80;online
00002935;2024-08-28;C1132;Lindqvist AB;SKU-1003;Monitor Arm Dual;Accessories;1;964,81;partner
00002936;2024-05-28;C1242;Rødvig Møbler;SKU-1001;Ergonomic Desk Chair;Furniture;11;2 640,66;direct
00002937;2024-09-20;C1397;Lindqvist AB;SKU-1002;Standing Desk 140cm;Furniture;6;5 121,02;partner
00002938;2025-04-06;C1029;Trondheim Utstyr;SKU-1004;Mechanical Keyboard;Peripherals;11;1 088,48;direct
00002939;2025-03-22;C1039;Lindqvist AB;SKU-1008;Laptop Stand Aluminium;Accessories;12;592,90;online
00002940;2024-08-03;C1206;Møller Innredning;SKU-1009;Webcam 1080p;Peripherals;5;705,34;direct
00002941;2025-10-20;C1075;Trondheim Utstyr;SKU-1004;Mechanical Keyboard;Peripherals;3;1 038,24;retail
00002942;2025-10-28;C1250;Jyllands Inventar;SKU-1002;Standing Desk 140cm;Furniture;2;5 715,01;retail
00002943;2024-10-28;C1080;Hämäläinen Oy;SKU-1008;Laptop Stand Aluminium;Accessories;2;554,98;retail
00002944;2025-07-20;C1119;Nordström Handel;SKU-1005;27in 4K Monitor;Displays;5;4 176,35;partner
00002945;2024-01-09;C1106;Kjærstad Utstyr;SKU-1003;Monitor Arm Dual;Accessories;2;1 011,58;online
00002946;2025-08-05;C1281;Lindqvist AB;SKU-1001;Ergonomic Desk Chair;Furniture;3;2 756,33;retail
00002947;2024-03-20;C1031;Jyllands Inventar;SKU-1005;27in 4K Monitor;Displays;3;4 001,54;retail
00002948;2024-01-20;C1110;Bergström & Söner;SKU-1002;Standing Desk 140cm;Furniture;8;5 803,81;direct
00002949;2024-12-16;C1350;Lindqvist AB;SKU-1004;Mechanical Keyboard;Peripherals;8;991,07;retail
00002950;2025-04-14;C1093;Kärkkäinen Oy;SKU-1005;27in 4K Monitor;Displays;10;3 893,33;partner
00002951;2025-03-27;C1081;Kärkkäinen Oy;SKU-1007;Noise Cancelling Headset;Peripherals;10;1 856,27;direct
00002952;2024-08-15;C1288;Nordström Handel;SKU-1007;Noise Cancelling Headset;Peripherals;4;1 788,36;direct
00002953;2025-09-22;C1373;Väisänen Kaluste;SKU-1006;USB-C Dock;Accessories;5;1 950,01;retail
00002954;2025-04-18;C1358;Kjærstad Utstyr;SKU-1010;Desk Lamp LED;Furniture;4;477,08;direct
00002955;2025-08-09;C1060;Dansk Kontormiljø;SKU-1003;Monitor Arm Dual;Accessories;9;799,24;online
00002956;2025-07-30;C1219;Nordström Handel;SKU-1006;USB-C Dock;Accessories;11;1 999,34;online
00002957;2024-12-05;C1087;Uppsala Interiör;SKU-1007;Noise Cancelling Headset;Peripherals;12;2 033,93;online
00002958;2025-08-25;C1250;Kärkkäinen Oy;SKU-1009;Webcam 1080p;Peripherals;11;891,67;partner
00002959;2025-07-13;C1222;Mäkinen Toimisto;SKU-1001;Ergonomic Desk Chair;Furniture;8;2 404,08;retail
00002960;2025-02-26;C1011;Kjærstad Utstyr;SKU-1007;Noise Cancelling Headset;Peripherals;12;2 013,93;retail
00002961;2025-08-01;C1087;Nordström Handel;SKU-1009;Webcam 1080p;Peripherals;1;878,83;online
00002962;2024-11-02;C1121;Nordström Handel;SKU-1003;Monitor Arm Dual;Accessories;2;963,86;partner
00002963;2024-08-18;C1088;Kjærstad Utstyr;SKU-1005;27in 4K Monitor;Displays;9;3 699,63;partner
00002964;2024-06-20;C1125;Hämäläinen Oy;SKU-1004;Mechanical Keyboard;Peripherals;4;979,76;retail
00002965;2024-12-05;C1176;Nordström Handel;SKU-1001;Ergonomic Desk Chair;Furniture;3;2 692,23;retail
00002966;2024-12-02;C1367;Nordström Handel;SKU-1010;Desk Lamp LED;Furniture;12;494,67;online
00002967;2025-07-27;C1145;Rødvig Møbler;SKU-1007;Noise Cancelling Headset;Peripherals;10;2 134,26;online
00002968;2024-09-09;C1201;Kjærstad Utstyr;SKU-1004;Mechanical Keyboard;Peripherals;4;1 079,12;direct
00002969;2025-07-31;C1382;Søndergaard A/S;SKU-1003;Monitor Arm Dual;Accessories;1;763,62;retail
00002970;2025-08-16;C1029;Uppsala Interiör;SKU-1003;Monitor Arm Dual;Accessories;5;780,65;partner
00002971;2025-09-07;C1314;Møller Innredning;SKU-1010;Desk Lamp LED;Furniture;7;578,43;retail
00002972;2024-07-21;C1038;Trondheim Utstyr;SKU-1002;Standing Desk 140cm;Furniture;3;5 194,40;direct
00002973;2024-01-16;C1196;Kjærstad Utstyr;SKU-1005;27in 4K Monitor;Displays;10;3 861,47;partner
00002974;2025-09-29;C1050;Møller Innredning;SKU-1002;Standing Desk 140cm;Furniture;10;5 119,09;online
00002975;2025-05-08;C1190;Søndergaard A/S;SKU-1007;Noise Cancelling Headset;Peripherals;8;1 929,32;direct
00002976;2024-11-22;C1077;Dansk Kontormiljø;SKU-1003;Monitor Arm Dual;Accessories;7;829,68;partner
00002977;2024-01-27;C1317;Jyllands Inventar;SKU-1007;Noise Cancelling Headset;Peripherals;2;1 874,38;retail
00002978;2025-11-06;C1379;Kärkkäinen Oy;SKU-1008;Laptop Stand Aluminium;Accessories;-3;657,87;partner
00002979;2024-04-18;C1032;Hämäläinen Oy;SKU-1003;Monitor Arm Dual;Accessories;5;800,88;online
00002980;2024-05-22;C1051;Ålesund Kontor;SKU-1006;USB-C Dock;Accessories;-1;1 629,73;partner
00002981;2025-03-28;C1248;Uppsala Interiör;SKU-1004;Mechanical Keyboard;Peripherals;11;1 156,01;online
00002982;2025-12-10;C1379;Kärkkäinen Oy;SKU-1005;27in 4K Monitor;Displays;8;3 818,64;online
00002983;2024-09-17;C1321;Väisänen Kaluste;SKU-1003;Monitor Arm Dual;Accessories;2;819,58;retail
00002984;2024-11-05;C1395;Trondheim Utstyr;SKU-1010;Desk Lamp LED;Furniture;3;593,18;direct
00002985;2025-08-11;C1101;Rødvig Møbler;SKU-1001;Ergonomic Desk Chair;Furniture;7;2 315,19;online
00002986;2024-12-28;C1048;Hämäläinen Oy;SKU-1003;Monitor Arm Dual;Accessories;10;905,54;retail
00002987;2024-10-23;C1221;Kärkkäinen Oy;SKU-1003;Monitor Arm Dual;Accessories;6;901,45;
00002988;2025-01-02;C1376;Rødvig Møbler;SKU-1009;Webcam 1080p;Peripherals;6;846,83;online
00002989;2024-05-18;C1207;Kjærstad Utstyr;SKU-1006;USB-C Dock;Accessories;12;1 904,21;retail
00002990;2025-08-21;C1398;Kjærstad Utstyr;SKU-1009;Webcam 1080p;Peripherals;5;692,33;partner
00002991;2024-11-22;C1377;Hämäläinen Oy;SKU-1005;27in 4K Monitor;Displays;4;4 477,57;retail
00002992;2024-07-06;C1179;Lindqvist AB;SKU-1010;Desk Lamp LED;Furniture;7;466,81;retail
00002993;2025-10-12;C1207;Kjærstad Utstyr;SKU-1009;Webcam 1080p;Peripherals;3;849,22;partner
00002994;2024-09-14;C1092;Lindqvist AB;SKU-1008;Laptop Stand Aluminium;Accessories;3;580,23;retail
00002995;2024-10-21;C1291;Kjærstad Utstyr;SKU-1003;Monitor Arm Dual;Accessories;3;829,53;retail
00002996;2024-06-23;C1355;Uppsala Interiör;SKU-1001;Ergonomic Desk Chair;Furniture;10;2 340,60;retail
00002997;2024-12-16;C1026;Hämäläinen Oy;SKU-1003;Monitor Arm Dual;Accessories;7;826,53;direct
00002998;2025-10-24;C1020;Lindqvist AB;SKU-1004;Mechanical Keyboard;Peripherals;3;1 265,90;online
00002999;2025-08-11;C1112;Søndergaard A/S;SKU-1010;Desk Lamp LED;Furniture;2;560,60;partner
00003000;2024-11-01;C1237;Bergström & Söner;SKU-1004;Mechanical Keyboard;Peripherals;9;1 023,89;retail
00003001;2024-02-17;C1214;Lindqvist AB;SKU-1010;Desk Lamp LED;Furniture;4;442,90;online
00003002;2024-10-14;C1204;Ålesund Kontor;SKU-1008;Laptop Stand Aluminium;Accessories;8;605,51;direct
00003003;2025-02-04;C1144;Rødvig Møbler;SKU-1001;Ergonomic Desk Chair;Furniture;8;2 666,62;partner
00003004;2024-06-26;C1102;Kärkkäinen Oy;SKU-1001;Ergonomic Desk Chair;Furniture;1;2 204,35;direct
00003005;2024-08-16;C1344;Ålesund Kontor;SKU-1002;Standing Desk 140cm;Furniture;8;5 448,09;online
00003006;2025-09-24;C1132;Mäkinen Toimisto;SKU-1004;Mechanical Keyboard;Peripherals;7;1 199,31;retail
00003007;2024-04-11;C1199;Hämäläinen Oy;SKU-1007;Noise Cancelling Headset;Peripherals;5;1 911,03;partner
00003008;2024-07-01;C1237;Trondheim Utstyr;SKU-1005;27in 4K Monitor;Displays;2;3 908,65;direct
00003009;2024-02-02;C1216;Rødvig Møbler;SKU-1009;Webcam 1080p;Peripherals;6;761,33;partner
00003010;2024-10-11;C1219;Bergström & Söner;SKU-1010;Desk Lamp LED;Furniture;5;594,05;direct
00003011;2024-01-21;C1044;Trondheim Utstyr;SKU-1006;USB-C Dock;Accessories;6;1 776,50;online
00003012;2024-06-21;C1146;Søndergaard A/S;SKU-1003;Monitor Arm Dual;Accessories;5;767,49;direct
00003013;2025-05-23;C1086;Søndergaard A/S;SKU-1005;27in 4K Monitor;Displays;5;3 755,32;partner
00003014;2025-05-28;C1199;Kärkkäinen Oy;SKU-1006;USB-C Dock;Accessories;7;1 905,47;direct
00003015;2025-07-02;C1189;Søndergaard A/S;SKU-1010;Desk Lamp LED;Furniture;1;578,37;direct
00003016;2025-12-05;C1239;Kjærstad Utstyr;SKU-1003;Monitor Arm Dual;Accessories;7;767,57;online
00003017;2025-10-30;C1006;Lindqvist AB;SKU-1009;Webcam 1080p;Peripherals;7;725,30;partner
00003018;2024-11-16;C1246;Kärkkäinen Oy;SKU-1004;Mechanical Keyboard;Peripherals;9;1 193,41;online
00003019;2025-08-27;C1308;Lindqvist AB;SKU-1002;Standing Desk 140cm;Furniture;7;4 785,75;retail
00003020;2025-11-19;C1218;Nordström Handel;SKU-1010;Desk Lamp LED;Furniture;4;454,11;partner
00003021;2024-10-27;C1113;Uppsala Interiör;SKU-1008;Laptop Stand Aluminium;Accessories;11;685,51;partner
00003022;2025-01-19;C1042;Uppsala Interiör;SKU-1005;27in 4K Monitor;Displays;4;4 166,07;partner
00003023;2024-05-14;C1347;Dansk Kontormiljø;SKU-1007;Noise Cancelling Headset;Peripherals;5;2 319,92;online
00003024;2024-03-09;C1188;Mäkinen Toimisto;SKU-1007;Noise Cancelling Headset;Peripherals;9;2 352,84;retail
00003025;2025-08-07;C1017;Nordström Handel;SKU-1009;Webcam 1080p;Peripherals;6;837,69;online
00003026;2024-04-22;C1005;Mäkinen Toimisto;SKU-1008;Laptop Stand Aluminium;Accessories;8;576,05;
00003027;2025-07-29;C1197;Lindqvist AB;SKU-1001;Ergonomic Desk Chair;Furniture;12;2 645,71;partner
00003028;2024-02-04;C1172;Nordström Handel;SKU-1004;Mechanical Keyboard;Peripherals;6;1 281,89;online
00003029;2025-06-05;C1125;Rødvig Møbler;SKU-1004;Mechanical Keyboard;Peripherals;8;1 124,06;retail
00003030;2024-01-23;C1207;Trondheim Utstyr;SKU-1007;Noise Cancelling Headset;Peripherals;8;2 204,50;retail
00003031;2025-02-24;C1243;Kärkkäinen Oy;SKU-1009;Webcam 1080p;Peripherals;3;705,92;retail
00003032;2025-10-24;C1259;Jyllands Inventar;SKU-1010;Desk Lamp LED;Furniture;1;512,53;partner
00003033;2024-02-17;C1198;Trondheim Utstyr;SKU-1004;Mechanical Keyboard;Peripherals;9;1 210,81;online
00003034;2024-06-22;C1356;Trondheim Utstyr;SKU-1010;Desk Lamp LED;Furniture;7;548,04;direct
00003035;2025-10-14;C1165;Lindqvist AB;SKU-1001;Ergonomic Desk Chair;Furniture;12;2 615,15;partner
00003036;2025-04-11;C1030;Kärkkäinen Oy;SKU-1010;Desk Lamp LED;Furniture;3;460,40;direct
00003037;2025-03-29;C1015;Jyllands Inventar;SKU-1002;Standing Desk 140cm;Furniture;9;5 485,16;direct
00003038;2025-02-15;C1390;Kjærstad Utstyr;SKU-1004;Mechanical Keyboard;Peripherals;3;1 240,58;retail
00003039;2024-06-30;C1392;Bergström & Söner;SKU-1008;Laptop Stand Aluminium;Accessories;4;655,40;online
00003040;2024-11-26;C1393;Rødvig Møbler;SKU-1008;Laptop Stand Aluminium;Accessories;2;624,39;online
00003041;2024-01-07;C1273;Jyllands Inventar;SKU-1008;Laptop Stand Aluminium;Accessories;2;719,57;partner
00003042;2024-06-10;C1015;Rødvig Møbler;SKU-1010;Desk Lamp LED;Furniture;5;533,62;online
00003043;2024-11-05;C1351;Lindqvist AB;SKU-1002;Standing Desk 140cm;Furniture;11;5 913,92;retail
00003044;2025-03-04;C1230;Lindqvist AB;SKU-1005;27in 4K Monitor;Displays;6;4 442,54;direct
00003045;2025-07-05;C1224;Rødvig Møbler;SKU-1010;Desk Lamp LED;Furniture;3;495,04;retail
00003046;2024-10-05;C1118;Kärkkäinen Oy;SKU-1006;USB-C Dock;Accessories;5;1 766,01;online
00003047;2025-11-25;C1379;Bergström & Söner;SKU-1001;Ergonomic Desk Chair;Furniture;12;2 667,53;direct
00003048;2024-01-06;C1197;Dansk Kontormiljø;SKU-1009;Webcam 1080p;Peripherals;2;780,47;
00003049;2025-06-24;C1296;Nordström Handel;SKU-1004;Mechanical Keyboard;Peripherals;11;1 282,14;retail
00003050;2025-08-17;C1370;Møller Innredning;SKU-1007;Noise Cancelling Headset;Peripherals;11;2 340,97;retail
00003051;2024-02-17;C1058;Trondheim Utstyr;SKU-1006;USB-C Dock;Accessories;1;1 723,10;retail
00003052;2025-04-01;C1024;Rødvig Møbler;SKU-1010;Desk Lamp LED;Furniture;3;488,54;retail
00003053;2024-03-08;C1232;Kjærstad Utstyr;SKU-1009;Webcam 1080p;Peripherals;11;784,11;direct
00003054;2025-07-17;C1089;Mäkinen Toimisto;SKU-1003;Monitor Arm Dual;Accessories;9;1 009,05;partner
00003055;2024-01-20;C1234;Møller Innredning;SKU-1009;Webcam 1080p;Peripherals;6;670,06;partner
00003056;2024-10-09;C1045;Bergström & Söner;SKU-1010;Desk Lamp LED;Furniture;3;514,84;direct
00003057;2024-04-25;C1368;Dansk Kontormiljø;SKU-1009;Webcam 1080p;Peripherals;1;801,61;
00003058;2025-07-24;C1016;Møller Innredning;SKU-1003;Monitor Arm Dual;Accessories;8;791,86;retail
00003059;2024-06-28;C1215;Rødvig Møbler;SKU-1004;Mechanical Keyboard;Peripherals;10;997,10;partner
00003060;2025-01-25;C1322;Kjærstad Utstyr;SKU-1005;27in 4K Monitor;Displays;5;4 690,96;partner
00003061;2024-01-07;C1041;Kjærstad Utstyr;SKU-1006;USB-C Dock;Accessories;9;1 946,90;retail
00003062;2024-06-15;C1336;Hämäläinen Oy;SKU-1005;27in 4K Monitor;Displays;11;3 838,96;online
00003063;2024-06-08;C1114;Uppsala Interiör;SKU-1007;Noise Cancelling Headset;Peripherals;-1;2 376,44;partner
00003064;2025-08-06;C1231;Dansk Kontormiljø;SKU-1004;Mechanical Keyboard;Peripherals;1;1 291,27;retail
00003065;2024-01-01;C1067;Mäkinen Toimisto;SKU-1004;Mechanical Keyboard;Peripherals;10;1 240,06;online
00003066;2025-12-07;C1157;Nordström Handel;SKU-1007;Noise Cancelling Headset;Peripherals;6;2 266,86;partner
00003067;2025-05-28;C1385;Bergström & Söner;SKU-1006;USB-C Dock;Accessories;4;1 710,58;direct
00003068;2025-02-13;C1359;Kärkkäinen Oy;SKU-1006;USB-C Dock;Accessories;5;1 997,22;online
00003069;2025-05-25;C1127;Hämäläinen Oy;SKU-1002;Standing Desk 140cm;Furniture;6;5 309,13;partner
00003070;2024-05-10;C1118;Jyllands Inventar;SKU-1007;Noise Cancelling Headset;Peripherals;7;1 909,48;retail
00003071;2025-10-01;C1270;Jyllands Inventar;SKU-1007;Noise Cancelling Headset;Peripherals;7;2 165,72;partner
00003072;2025-08-03;C1248;Kjærstad Utstyr;SKU-1010;Desk Lamp LED;Furniture;2;532,71;online
00003073;2024-07-07;C1084;Jyllands Inventar;SKU-1001;Ergonomic Desk Chair;Furniture;5;2 417,59;online
00003074;2025-04-09;C1291;Jyllands Inventar;SKU-1001;Ergonomic Desk Chair;Furniture;7;2 092,32;online
00003075;2025-09-07;C1336;Møller Innredning;SKU-1004;Mechanical Keyboard;Peripherals;6;1 317,42;online
00003076;2025-02-13;C1284;Uppsala Interiör;SKU-1004;Mechanical Keyboard;Peripherals;6;1 231,01;direct
00003077;2025-03-20;C1006;Mäkinen Toimisto;SKU-1008;Laptop Stand Aluminium;Accessories;10;719,94;retail
00003078;2024-09-14;C1311;Søndergaard A/S;SKU-1004;Mechanical Keyboard;Peripherals;5;994,36;retail
00003079;2025-09-05;C1043;Møller Innredning;SKU-1006;USB-C Dock;Accessories;4;1 879,17;online
00003080;2024-02-20;C1334;Uppsala Interiör;SKU-1007;Noise Cancelling Headset;Peripherals;-1;1 967,44;direct
00003081;2024-11-08;C1379;Søndergaard A/S;SKU-1003;Monitor Arm Dual;Accessories;10;1 008,52;retail
00003082;2024-11-03;C1060;Lindqvist AB;SKU-1005;27in 4K Monitor;Displays;12;3 746,22;online
00003083;2025-10-12;C1278;Trondheim Utstyr;SKU-1009;Webcam 1080p;Peripherals;10;698,64;online
00003084;2024-12-01;C1343;Dansk Kontormiljø;SKU-1001;Ergonomic Desk Chair;Furniture;10;2 353,04;partner
00003085;2024-05-18;C1151;Lindqvist AB;SKU-1003;Monitor Arm Dual;Accessories;12;1 007,43;partner
00003086;2024-07-06;C1119;Väisänen Kaluste;SKU-1010;Desk Lamp LED;Furniture;12;450,68;online
00003087;2025-03-14;C1311;Ålesund Kontor;SKU-1001;Ergonomic Desk Chair;Furniture;10;2 755,19;partner
00003088;2025-08-05;C1397;Nordström Handel;SKU-1009;Webcam 1080p;Peripherals;10;877,20;partner
00003089;2025-04-30;C1337;Hämäläinen Oy;SKU-1007;Noise Cancelling Headset;Peripherals;9;1 787,72;online
00003090;2025-06-22;C1220;Väisänen Kaluste;SKU-1001;Ergonomic Desk Chair;Furniture;8;2 334,51;direct
00003091;2024-10-24;C1003;Mäkinen Toimisto;SKU-1003;Monitor Arm Dual;Accessories;11;927,90;online
00003092;2024-11-21;C1115;Bergström & Söner;SKU-1005;27in 4K Monitor;Displays;8;4 571,96;online
00003093;2024-04-09;C1006;Nordström Handel;SKU-1008;Laptop Stand Aluminium;Accessories;11;707,28;direct
00003094;2025-05-23;C1179;Nordström Handel;SKU-1008;Laptop Stand Aluminium;Accessories;8;576,56;online
00003095;2024-07-02;C1023;Møller Innredning;SKU-1007;Noise Cancelling Headset;Peripherals;2;2 264,93;partner
00003096;2024-03-13;C1302;Rødvig Møbler;SKU-1010;Desk Lamp LED;Furniture;12;535,23;direct
00003097;2024-07-07;C1150;Mäkinen Toimisto;SKU-1004;Mechanical Keyboard;Peripherals;4;1 043,01;partner
00003098;2024-10-04;C1252;Jyllands Inventar;SKU-1008;Laptop Stand Aluminium;Accessories;5;544,02;retail
00003099;2024-05-11;C1396;Søndergaard A/S;SKU-1008;Laptop Stand Aluminium;Accessories;12;623,87;partner
00003100;2024-11-25;C1039;Bergström & Söner;SKU-1002;Standing Desk 140cm;Furniture;1;5 153,88;direct
00003101;2024-12-31;C1045;Trondheim Utstyr;SKU-1001;Ergonomic Desk Chair;Furniture;12;2 602,50;online
00003102;2024-12-26;C1196;Rødvig Møbler;SKU-1003;Monitor Arm Dual;Accessories;9;777,45;partner
00003103;2024-12-28;C1260;Lindqvist AB;SKU-1001;Ergonomic Desk Chair;Furniture;10;2 442,01;partner
00003104;2024-04-07;C1164;Uppsala Interiör;SKU-1006;USB-C Dock;Accessories;9;1 870,18;partner
00003105;2025-01-09;C1127;Ålesund Kontor;SKU-1005;27in 4K Monitor;Displays;12;4 161,20;direct
00003106;2024-02-21;C1145;Lindqvist AB;SKU-1001;Ergonomic Desk Chair;Furniture;11;2 380,41;online
00003107;2024-04-30;C1276;Kärkkäinen Oy;SKU-1001;Ergonomic Desk Chair;Furniture;12;2 682,81;retail
00003108;2024-06-02;C1091;Bergström & Söner;SKU-1004;Mechanical Keyboard;Peripherals;10;1 223,09;retail
00003109;2024-02-10;C1122;Hämäläinen Oy;SKU-1004;Mechanical Keyboard;Peripherals;10;1 242,79;direct
00003110;2025-11-06;C1227;Lindqvist AB;SKU-1005;27in 4K Monitor;Displays;11;4 614,43;online
00003111;2024-04-02;C1195;Mäkinen Toimisto;SKU-1007;Noise Cancelling Headset;Peripherals;6;2 224,62;direct
00003112;2024-12-16;C1369;Jyllands Inventar;SKU-1010;Desk Lamp LED;Furniture;4;554,69;online
00003113;2025-04-24;C1153;Kärkkäinen Oy;SKU-1004;Mechanical Keyboard;Peripherals;1;1 186,19;retail
00003114;2025-03-18;C1249;Nordström Handel;SKU-1009;Webcam 1080p;Peripherals;9;841,33;direct
00003115;2024-04-30;C1306;Bergström & Söner;SKU-1001;Ergonomic Desk Chair;Furniture;10;2 744,91;partner
00003116;2024-05-28;C1199;Dansk Kontormiljø;SKU-1004;Mechanical Keyboard;Peripherals;2;1 212,36;retail
00003117;2025-07-28;C1024;Väisänen Kaluste;SKU-1002;Standing Desk 140cm;Furniture;6;5 283,53;online
00003118;2025-08-31;C1335;Dansk Kontormiljø;SKU-1007;Noise Cancelling Headset;Peripherals;4;1 860,16;retail
00003119;2024-06-11;C1075;Lindqvist AB;SKU-1005;27in 4K Monitor;Displays;8;4 522,18;partner
00003120;2025-05-02;C1244;Kärkkäinen Oy;SKU-1004;Mechanical Keyboard;Peripherals;10;1 211,45;partner
00003121;2024-02-28;C1272;Møller Innredning;SKU-1005;27in 4K Monitor;Displays;5;4 555,71;online
00003122;2024-03-16;C1316;Väisänen Kaluste;SKU-1002;Standing Desk 140cm;Furniture;8;4 871,27;online
00003123;2025-01-31;C1208;Møller Innredning;SKU-1010;Desk Lamp LED;Furniture;5;565,66;direct
00003124;2025-01-19;C1001;Hämäläinen Oy;SKU-1003;Monitor Arm Dual;Accessories;4;959,14;online
00003125;2025-07-01;C1154;Lindqvist AB;SKU-1001;Ergonomic Desk Chair;Furniture;3;2 093,04;online
00003126;2024-01-07;C1110;Dansk Kontormiljø;SKU-1006;USB-C Dock;Accessories;8;1 963,79;direct
00003127;2024-08-30;C1021;Dansk Kontormiljø;SKU-1001;Ergonomic Desk Chair;Furniture;6;2 077,32;direct
00003128;2024-05-12;C1374;Bergström & Söner;SKU-1004;Mechanical Keyboard;Peripherals;7;1 105,48;direct
00003129;2024-01-12;C1110;Nordström Handel;SKU-1005;27in 4K Monitor;Displays;1;4 413,22;
00003130;2024-01-30;C1073;Hämäläinen Oy;SKU-1003;Monitor Arm Dual;Accessories;1;819,85;online
00003131;2024-07-23;C1392;Uppsala Interiör;SKU-1001;Ergonomic Desk Chair;Furniture;10;2 153,82;partner
00003132;2024-04-24;C1294;Kjærstad Utstyr;SKU-1010;Desk Lamp LED;Furniture;8;499,20;direct
00003133;2024-02-14;C1068;Uppsala Interiör;SKU-1001;Ergonomic Desk Chair;Furniture;1;2 424,08;partner
00003134;2024-10-06;C1322;Møller Innredning;SKU-1008;Laptop Stand Aluminium;Accessories;5;593,50;retail
00003135;2024-10-15;C1355;Mäkinen Toimisto;SKU-1006;USB-C Dock;Accessories;5;1 992,89;partner
00003136;2025-10-07;C1287;Ålesund Kontor;SKU-1004;Mechanical Keyboard;Peripherals;9;1 169,82;direct
00003137;2024-10-16;C1390;Väisänen Kaluste;SKU-1006;USB-C Dock;Accessories;11;1 598,46;direct
00003138;2025-12-03;C1189;Møller Innredning;SKU-1007;Noise Cancelling Headset;Peripherals;3;2 161,18;retail
00003139;2025-02-21;C1194;Lindqvist AB;SKU-1008;Laptop Stand Aluminium;Accessories;10;604,46;online
00003140;2024-11-13;C1277;Jyllands Inventar;SKU-1007;Noise Cancelling Headset;Peripherals;2;2 314,42;retail
00003141;2024-06-06;C1387;Jyllands Inventar;SKU-1008;Laptop Stand Aluminium;Accessories;1;709,83;direct
00003142;2024-03-05;C1187;Hämäläinen Oy;SKU-1001;Ergonomic Desk Chair;Furniture;3;2 615,84;retail
00003143;2024-03-10;C1225;Søndergaard A/S;SKU-1002;Standing Desk 140cm;Furniture;6;5 482,20;retail
00003144;2024-02-25;C1177;Uppsala Interiör;SKU-1007;Noise Cancelling Headset;Peripherals;8;1 984,10;retail
00003145;2024-08-02;C1125;Väisänen Kaluste;SKU-1006;USB-C Dock;Accessories;3;1 646,17;partner
00003146;2024-09-27;C1374;Hämäläinen Oy;SKU-1008;Laptop Stand Aluminium;Accessories;10;680,25;online
00003147;2025-04-23;C1298;Nordström Handel;SKU-1002;Standing Desk 140cm;Furniture;11;5 503,26;partner
00003148;2025-10-20;C1268;Dansk Kontormiljø;SKU-1008;Laptop Stand Aluminium;Accessories;2;685,19;
00003149;2024-12-04;C1198;Ålesund Kontor;SKU-1005;27in 4K Monitor;Displays;12;3 932,10;online
00003150;2025-10-04;C1343;Uppsala Interiör;SKU-1004;Mechanical Keyboard;Peripherals;6;1 148,24;direct
00003151;2024-07-09;C1124;Trondheim Utstyr;SKU-1009;Webcam 1080p;Peripherals;1;772,68;direct
00003152;2025-10-19;C1051;Kjærstad Utstyr;SKU-1002;Standing Desk 140cm;Furniture;9;5 754,64;online
00003153;2024-08-10;C1097;Møller Innredning;SKU-1001;Ergonomic Desk Chair;Furniture;10;2 391,99;direct
00003154;2025-02-18;C1148;Kärkkäinen Oy;SKU-1004;Mechanical Keyboard;Peripherals;11;1 172,61;retail
00003155;2024-06-16;C1202;Uppsala Interiör;SKU-1003;Monitor Arm Dual;Accessories;9;842,52;direct
00003156;2025-03-25;C1242;Søndergaard A/S;SKU-1010;Desk Lamp LED;Furniture;10;482,29;online
00003157;2024-05-24;C1023;Møller Innredning;SKU-1004;Mechanical Keyboard;Peripherals;12;1 094,16;online
00003158;2024-01-01;C1033;Jyllands Inventar;SKU-1003;Monitor Arm Dual;Accessories;1;823,61;online
00003159;2024-08-05;C1152;Trondheim Utstyr;SKU-1004;Mechanical Keyboard;Peripherals;3;1 078,70;retail
00003160;2024-01-10;C1344;Trondheim Utstyr;SKU-1010;Desk Lamp LED;Furniture;10;580,76;partner
00003161;2024-12-16;C1064;Dansk Kontormiljø;SKU-1006;USB-C Dock;Accessories;2;1 628,58;retail
00003162;2025-09-29;C1035;Rødvig Møbler;SKU-1008;Laptop Stand Aluminium;Accessories;6;676,43;online
00003163;2024-09-08;C1109;Møller Innredning;SKU-1002;Standing Desk 140cm;Furniture;-2;5 650,22;online
00003164;2024-05-11;C1252;Uppsala Interiör;SKU-1007;Noise Cancelling Headset;Peripherals;11;1 879,85;direct
00003165;2025-06-02;C1358;Nordström Handel;SKU-1008;Laptop Stand Aluminium;Accessories;4;558,48;direct
00003166;2025-03-29;C1001;Rødvig Møbler;SKU-1007;Noise Cancelling Headset;Peripherals;5;1 802,81;partner
00003167;2025-09-21;C1160;Kjærstad Utstyr;SKU-1001;Ergonomic Desk Chair;Furniture;4;2 064,88;partner
00003168;2024-02-08;C1327;Trondheim Utstyr;SKU-1003;Monitor Arm Dual;Accessories;11;950,86;partner
00003169;2025-11-22;C1331;Jyllands Inventar;SKU-1001;Ergonomic Desk Chair;Furniture;3;2 234,58;direct
00003170;2024-05-21;C1190;Lindqvist AB;SKU-1006;USB-C Dock;Accessories;9;1 725,56;direct
00003171;2025-02-18;C1097;Hämäläinen Oy;SKU-1003;Monitor Arm Dual;Accessories;1;821,94;direct
00003172;2025-04-03;C1136;Väisänen Kaluste;SKU-1005;27in 4K Monitor;Displays;7;4 019,71;direct
00003173;2025-08-24;C1357;Trondheim Utstyr;SKU-1010;Desk Lamp LED;Furniture;4;586,35;partner
00003174;2025-06-02;C1218;Nordström Handel;SKU-1010;Desk Lamp LED;Furniture;2;584,57;partner
00003175;2025-11-08;C1106;Møller Innredning;SKU-1006;USB-C Dock;Accessories;1;1 801,04;direct
00003176;2024-08-15;C1302;Kärkkäinen Oy;SKU-1007;Noise Cancelling Headset;Peripherals;5;1 868,03;direct
00003177;2025-08-22;C1360;Bergström & Söner;SKU-1002;Standing Desk 140cm;Furniture;3;5 541,02;retail
00003178;2024-08-21;C1128;Lindqvist AB;SKU-1006;USB-C Dock;Accessories;10;1 977,21;retail
00003179;2025-12-16;C1083;Møller Innredning;SKU-1002;Standing Desk 140cm;Furniture;3;5 101,62;online
00003180;2025-05-24;C1153;Kjærstad Utstyr;SKU-1010;Desk Lamp LED;Furniture;9;489,45;online
00003181;2025-12-13;C1251;Bergström & Söner;SKU-1006;USB-C Dock;Accessories;7;1 879,42;online
00003182;2025-10-26;C1247;Nordström Handel;SKU-1003;Monitor Arm Dual;Accessories;4;928,17;partner
00003183;2025-01-28;C1357;Bergström & Söner;SKU-1009;Webcam 1080p;Peripherals;5;785,18;online
00003184;2025-04-23;C1382;Kärkkäinen Oy;SKU-1005;27in 4K Monitor;Displays;10;4 172,05;direct
00003185;2025-03-30;C1319;Kärkkäinen Oy;SKU-1001;Ergonomic Desk Chair;Furniture;11;2 348,43;direct
00003186;2025-09-27;C1227;Møller Innredning;SKU-1004;Mechanical Keyboard;Peripherals;11;1 312,52;online
00003187;2025-08-10;C1072;Jyllands Inventar;SKU-1007;Noise Cancelling Headset;Peripherals;2;2 127,09;retail
00003188;2024-11-26;C1182;Väisänen Kaluste;SKU-1007;Noise Cancelling Headset;Peripherals;7;1 847,34;direct
00003189;2025-11-12;C1267;Dansk Kontormiljø;SKU-1009;Webcam 1080p;Peripherals;7;740,35;partner
00003190;2024-06-25;C1130;Trondheim Utstyr;SKU-1006;USB-C Dock;Accessories;6;1 672,33;direct
00003191;2024-12-11;C1266;Jyllands Inventar;SKU-1005;27in 4K Monitor;Displays;-2;4 330,67;online
00003192;2025-01-26;C1180;Kärkkäinen Oy;SKU-1005;27in 4K Monitor;Displays;11;3 746,97;partner
00003193;2024-11-05;C1133;Bergström & Söner;SKU-1002;Standing Desk 140cm;Furniture;3;4 820,43;direct
00003194;2024-07-25;C1103;Jyllands Inventar;SKU-1005;27in 4K Monitor;Displays;1;4 748,96;direct
00003195;2025-04-26;C1021;Bergström & Söner;SKU-1001;Ergonomic Desk Chair;Furniture;9;2 642,28;direct
00003196;2025-09-29;C1152;Kärkkäinen Oy;SKU-1001;Ergonomic Desk Chair;Furniture;4;2 072,82;online
00003197;2024-02-16;C1355;Väisänen Kaluste;SKU-1004;Mechanical Keyboard;Peripherals;9;998,46;retail
00003198;2025-09-15;C1397;Kärkkäinen Oy;SKU-1009;Webcam 1080p;Peripherals;10;715,26;retail
00003199;2025-03-19;C1326;Bergström & Söner;SKU-1004;Mechanical Keyboard;Peripherals;5;981,68;direct
00003200;2025-08-12;C1249;Møller Innredning;SKU-1010;Desk Lamp LED;Furniture;8;585,41;partner
00003201;2025-01-06;C1199;Kärkkäinen Oy;SKU-1006;USB-C Dock;Accessories;3;1 545,00;retail
00003202;2024-12-28;C1385;Dansk Kontormiljø;SKU-1005;27in 4K Monitor;Displays;6;4 253,61;direct
00003203;2024-11-25;C1255;Søndergaard A/S;SKU-1005;27in 4K Monitor;Displays;9;3 673,27;partner
00003204;2025-07-15;C1023;Møller Innredning;SKU-1001;Ergonomic Desk Chair;Furniture;6;2 492,11;direct
00003205;2024-05-30;C1333;Nordström Handel;SKU-1001;Ergonomic Desk Chair;Furniture;3;2 220,70;online
00003206;2024-05-23;C1170;Kärkkäinen Oy;SKU-1002;Standing Desk 140cm;Furniture;6;5 356,72;retail
00003207;2024-08-20;C1049;Uppsala Interiör;SKU-1008;Laptop Stand Aluminium;Accessories;4;573,48;direct
00003208;2025-09-16;C1187;Ålesund Kontor;SKU-1008;Laptop Stand Aluminium;Accessories;5;632,37;partner
00003209;2025-12-04;C1267;Kjærstad Utstyr;SKU-1002;Standing Desk 140cm;Furniture;9;5 570,99;online
00003210;2025-09-12;C1163;Dansk Kontormiljø;SKU-1001;Ergonomic Desk Chair;Furniture;9;2 561,21;partner
00003211;2024-08-13;C1086;Jyllands Inventar;SKU-1002;Standing Desk 140cm;Furniture;10;4 801,72;retail
00003212;2024-10-13;C1084;Uppsala Interiör;SKU-1006;USB-C Dock;Accessories;12;1 863,63;direct
00003213;2025-03-30;C1098;Lindqvist AB;SKU-1008;Laptop Stand Aluminium;Accessories;5;584,28;direct
00003214;2025-10-19;C1348;Bergström & Söner;SKU-1007;Noise Cancelling Headset;Peripherals;3;1 919,59;partner
00003215;2024-04-02;C1239;Møller Innredning;SKU-1002;Standing Desk 140cm;Furniture;9;5 665,24;partner
00003216;2025-07-30;C1159;Jyllands Inventar;SKU-1003;Monitor Arm Dual;Accessories;7;975,89;retail
00003217;2024-05-27;C1112;Trondheim Utstyr;SKU-1007;Noise Cancelling Headset;Peripherals;3;2 074,91;retail
00003218;2024-06-04;C1087;Søndergaard A/S;SKU-1008;Laptop Stand Aluminium;Accessories;10;655,22;direct
00003219;2025-03-14;C1161;Kärkkäinen Oy;SKU-1010;Desk Lamp LED;Furniture;1;568,76;direct
00003220;2025-04-22;C1228;Väisänen Kaluste;SKU-1001;Ergonomic Desk Chair;Furniture;11;2 242,01;partner
00003221;2024-11-17;C1160;Rødvig Møbler;SKU-1002;Standing Desk 140cm;Furniture;11;5 076,32;retail
00003222;2025-04-08;C1383;Rødvig Møbler;SKU-1009;Webcam 1080p;Peripherals;9;672,31;direct
00003223;2025-05-20;C1308;Nordström Handel;SKU-1009;Webcam 1080p;Peripherals;2;678,16;partner
00003224;2025-10-04;C1199;Kjærstad Utstyr;SKU-1006;USB-C Dock;Accessories;9;1 887,61;direct
00003225;2025-03-29;C1210;Rødvig Møbler;SKU-1009;Webcam 1080p;Peripherals;4;791,82;retail
00003226;2024-06-03;C1121;Dansk Kontormiljø;SKU-1003;Monitor Arm Dual;Accessories;1;862,92;retail
00003227;2025-09-09;C1014;Väisänen Kaluste;SKU-1003;Monitor Arm Dual;Accessories;2;966,46;retail
00003228;2025-10-24;C1276;Dansk Kontormiljø;SKU-1009;Webcam 1080p;Peripherals;9;880,25;retail
00003229;2025-05-15;C1003;Dansk Kontormiljø;SKU-1009;Webcam 1080p;Peripherals;3;669,21;direct
00003230;2025-08-23;C1067;Søndergaard A/S;SKU-1010;Desk Lamp LED;Furniture;1;449,34;direct
00003231;2025-09-13;C1118;Søndergaard A/S;SKU-1003;Monitor Arm Dual;Accessories;10;860,00;partner
00003232;2024-11-07;C1311;Uppsala Interiör;SKU-1009;Webcam 1080p;Peripherals;11;765,18;retail
00003233;2024-12-01;C1235;Jyllands Inventar;SKU-1004;Mechanical Keyboard;Peripherals;12;1 122,65;online
00003234;2025-05-13;C1226;Søndergaard A/S;SKU-1004;Mechanical Keyboard;Peripherals;6;1 131,40;retail
00003235;2024-11-26;C1168;Väisänen Kaluste;SKU-1003;Monitor Arm Dual;Accessories;11;814,71;retail
00003236;2024-05-10;C1329;Bergström & Söner;SKU-1006;USB-C Dock;Accessories;8;1 504,69;direct
00003237;2025-06-12;C1140;Kärkkäinen Oy;SKU-1010;Desk Lamp LED;Furniture;10;557,31;partner
00003238;2024-08-02;C1053;Bergström & Söner;SKU-1001;Ergonomic Desk Chair;Furniture;5;2 406,55;partner
00003239;2025-10-29;C1359;Ålesund Kontor;SKU-1002;Standing Desk 140cm;Furniture;5;5 903,52;online
00003240;2024-07-22;C1205;Uppsala Interiör;SKU-1004;Mechanical Keyboard;Peripherals;11;1 271,04;retail
00003241;2025-06-30;C1308;Bergström & Söner;SKU-1006;USB-C Dock;Accessories;11;1 917,55;retail
00003242;2025-09-24;C1228;Nordström Handel;SKU-1010;Desk Lamp LED;Furniture;11;578,14;online
00003243;2025-10-04;C1136;Hämäläinen Oy;SKU-1004;Mechanical Keyboard;Peripherals;11;1 254,98;direct
00003244;2025-08-11;C1150;Lindqvist AB;SKU-1009;Webcam 1080p;Peripherals;5;891,46;online
00003245;2024-01-23;C1033;Jyllands Inventar;SKU-1007;Noise Cancelling Headset;Peripherals;12;2 385,88;online
00003246;2025-05-25;C1259;Rødvig Møbler;SKU-1003;Monitor Arm Dual;Accessories;10;814,87;retail
00003247;2025-12-24;C1082;Møller Innredning;SKU-1006;USB-C Dock;Accessories;10;1 679,68;
00003248;2024-08-01;C1363;Nordström Handel;SKU-1004;Mechanical Keyboard;Peripherals;2;1 309,30;online
00003249;2025-12-23;C1338;Mäkinen Toimisto;SKU-1010;Desk Lamp LED;Furniture;2;499,45;online
00003250;2025-01-16;C1035;Hämäläinen Oy;SKU-1004;Mechanical Keyboard;Peripherals;4;1 008,71;partner
00003251;2024-01-25;C1238;Rødvig Møbler;SKU-1009;Webcam 1080p;Peripherals;4;849,52;partner
00003252;2025-02-02;C1090;Ålesund Kontor;SKU-1005;27in 4K Monitor;Displays;7;4 569,63;partner
00003253;2025-10-04;C1249;Kärkkäinen Oy;SKU-1010;Desk Lamp LED;Furniture;6;543,45;retail
00003254;2024-06-14;C1084;Bergström & Söner;SKU-1007;Noise Cancelling Headset;Peripherals;2;1 997,10;retail
00003255;2024-10-20;C1050;Søndergaard A/S;SKU-1007;Noise Cancelling Headset;Peripherals;10;2 191,68;partner
00003256;2024-02-29;C1361;Kärkkäinen Oy;SKU-1005;27in 4K Monitor;Displays;11;4 556,78;online
00003257;2024-05-11;C1302;Møller Innredning;SKU-1008;Laptop Stand Aluminium;Accessories;8;685,30;direct
00003258;2024-07-25;C1394;Lindqvist AB;SKU-1005;27in 4K Monitor;Displays;11;3 966,36;online
00003259;2024-01-31;C1294;Dansk Kontormiljø;SKU-1007;Noise Cancelling Headset;Peripherals;11;2 372,68;online
00003260;2025-04-08;C1235;Ålesund Kontor;SKU-1002;Standing Desk 140cm;Furniture;9;5 068,36;direct
00003261;2024-05-22;C1160;Dansk Kontormiljø;SKU-1007;Noise Cancelling Headset;Peripherals;7;1 834,11;online
00003262;2024-05-17;C1065;Møller Innredning;SKU-1005;27in 4K Monitor;Displays;3;4 844,02;online
00003263;2024-08-01;C1371;Uppsala Interiör;SKU-1005;27in 4K Monitor;Displays;10;3 706,11;direct
00003264;2025-09-24;C1379;Lindqvist AB;SKU-1009;Webcam 1080p;Peripherals;4;777,24;retail
00003265;2025-10-12;C1155;Kärkkäinen Oy;SKU-1008;Laptop Stand Aluminium;Accessories;8;606,86;direct
00003266;2024-08-04;C1125;Hämäläinen Oy;SKU-1002;Standing Desk 140cm;Furniture;5;5 382,18;retail
00003267;2025-03-20;C1157;Møller Innredning;SKU-1008;Laptop Stand Aluminium;Accessories;5;718,33;direct
00003268;2024-05-11;C1194;Rødvig Møbler;SKU-1001;Ergonomic Desk Chair;Furniture;2;2 217,36;retail
00003269;2025-10-20;C1195;Väisänen Kaluste;SKU-1010;Desk Lamp LED;Furniture;10;497,65;partner
00003270;2025-03-25;C1192;Kärkkäinen Oy;SKU-1010;Desk Lamp LED;Furniture;3;517,81;retail
00003271;2025-07-14;C1165;Lindqvist AB;SKU-1005;27in 4K Monitor;Displays;10;3 934,07;online
00003272;2024-08-01;C1400;Kärkkäinen Oy;SKU-1006;USB-C Dock;Accessories;6;1 866,55;partner
00003273;2025-06-30;C1274;Søndergaard A/S;SKU-1005;27in 4K Monitor;Displays;9;3 836,48;
00003274;2024-03-08;C1129;Hämäläinen Oy;SKU-1005;27in 4K Monitor;Displays;8;4 889,15;partner
00003275;2025-12-04;C1246;Mäkinen Toimisto;SKU-1007;Noise Cancelling Headset;Peripherals;12;1 837,73;online
00003276;2025-08-25;C1234;Uppsala Interiör;SKU-1003;Monitor Arm Dual;Accessories;6;826,11;partner
00003277;2024-10-23;C1007;Väisänen Kaluste;SKU-1004;Mechanical Keyboard;Peripherals;2;1 214,93;partner
00003278;2024-04-07;C1263;Rødvig Møbler;SKU-1004;Mechanical Keyboard;Peripherals;8;1 127,73;retail
00003279;2025-12-14;C1274;Trondheim Utstyr;SKU-1009;Webcam 1080p;Peripherals;6;676,99;online
00003280;2024-04-04;C1033;Kärkkäinen Oy;SKU-1002;Standing Desk 140cm;Furniture;5;4 551,52;online
00003281;2024-04-16;C1007;Trondheim Utstyr;SKU-1007;Noise Cancelling Headset;Peripherals;8;1 892,62;
00003282;2025-02-19;C1323;Väisänen Kaluste;SKU-1009;Webcam 1080p;Peripherals;8;806,94;direct
00003283;2024-02-24;C1208;Lindqvist AB;SKU-1005;27in 4K Monitor;Displays;3;4 240,84;online
00003284;2024-03-14;C1190;Kärkkäinen Oy;SKU-1007;Noise Cancelling Headset;Peripherals;10;1 938,97;online
00003285;2024-07-18;C1027;Kjærstad Utstyr;SKU-1004;Mechanical Keyboard;Peripherals;1;995,71;direct
00003286;2025-12-13;C1009;Väisänen Kaluste;SKU-1006;USB-C Dock;Accessories;11;1 663,45;online
00003287;2024-06-06;C1013;Dansk Kontormiljø;SKU-1003;Monitor Arm Dual;Accessories;5;782,09;direct
00003288;2024-11-23;C1378;Møller Innredning;SKU-1008;Laptop Stand Aluminium;Accessories;1;558,47;retail
00003289;2025-06-15;C1072;Møller Innredning;SKU-1002;Standing Desk 140cm;Furniture;7;4 809,76;online
00003290;2024-08-25;C1300;Møller Innredning;SKU-1003;Monitor Arm Dual;Accessories;5;1 021,15;online
00003291;2024-01-29;C1048;Nordström Handel;SKU-1003;Monitor Arm Dual;Accessories;1;793,84;retail
00003292;2024-08-16;C1294;Ålesund Kontor;SKU-1002;Standing Desk 140cm;Furniture;4;4 898,53;online
00003293;2025-01-22;C1059;Rødvig Møbler;SKU-1004;Mechanical Keyboard;Peripherals;11;1 040,13;online
00003294;2025-02-25;C1347;Mäkinen Toimisto;SKU-1004;Mechanical Keyboard;Peripherals;12;1 093,26;partner
00003295;2024-11-01;C1395;Mäkinen Toimisto;SKU-1003;Monitor Arm Dual;Accessories;4;890,16;direct
00003296;2025-03-16;C1219;Rødvig Møbler;SKU-1007;Noise Cancelling Headset;Peripherals;1;2 152,70;partner
00003297;2024-12-31;C1126;Jyllands Inventar;SKU-1003;Monitor Arm Dual;Accessories;12;972,83;direct
00003298;2024-10-10;C1338;Hämäläinen Oy;SKU-1008;Laptop Stand Aluminium;Accessories;11;701,62;online
00003299;2024-04-04;C1171;Kjærstad Utstyr;SKU-1010;Desk Lamp LED;Furniture;8;497,57;direct
00003300;2024-03-08;C1136;Trondheim Utstyr;SKU-1007;Noise Cancelling Headset;Peripherals;6;2 139,51;direct
00003301;2025-06-07;C1031;Jyllands Inventar;SKU-1003;Monitor Arm Dual;Accessories;6;989,41;direct
00003302;2025-01-13;C1112;Søndergaard A/S;SKU-1005;27in 4K Monitor;Displays;2;4 664,76;direct
00003303;2025-03-28;C1398;Kärkkäinen Oy;SKU-1010;Desk Lamp LED;Furniture;12;487,01;direct
00003304;2024-08-01;C1287;Jyllands Inventar;SKU-1007;Noise Cancelling Headset;Peripherals;12;1 931,99;online
00003305;2024-06-06;C1148;Rødvig Møbler;SKU-1010;Desk Lamp LED;Furniture;9;558,68;direct
00003306;2025-05-01;C1041;Kjærstad Utstyr;SKU-1008;Laptop Stand Aluminium;Accessories;10;563,83;direct
00003307;2024-08-17;C1165;Kärkkäinen Oy;SKU-1007;Noise Cancelling Headset;Peripherals;4;2 129,64;online
00003308;2025-03-15;C1126;Lindqvist AB;SKU-1005;27in 4K Monitor;Displays;7;4 300,27;direct
00003309;2025-08-02;C1240;Søndergaard A/S;SKU-1002;Standing Desk 140cm;Furniture;7;4 649,50;retail
00003310;2025-05-27;C1042;Ålesund Kontor;SKU-1007;Noise Cancelling Headset;Peripherals;2;1 926,50;direct
00003311;2024-01-30;C1125;Lindqvist AB;SKU-1009;Webcam 1080p;Peripherals;11;771,09;direct
00003312;2025-12-08;C1085;Lindqvist AB;SKU-1004;Mechanical Keyboard;Peripherals;8;997,83;retail
00003313;2025-07-21;C1364;Lindqvist AB;SKU-1005;27in 4K Monitor;Displays;9;4 705,73;online
00003314;2024-05-14;C1062;Mäkinen Toimisto;SKU-1007;Noise Cancelling Headset;Peripherals;12;1 916,04;direct
00003315;2025-03-28;C1203;Kjærstad Utstyr;SKU-1004;Mechanical Keyboard;Peripherals;10;1 247,63;partner
00003316;2025-10-10;C1084;Dansk Kontormiljø;SKU-1005;27in 4K Monitor;Displays;3;4 934,03;partner
00003317;2025-09-04;C1055;Uppsala Interiör;SKU-1006;USB-C Dock;Accessories;7;1 915,87;online
00003318;2024-08-08;C1202;Kärkkäinen Oy;SKU-1010;Desk Lamp LED;Furniture;10;488,89;retail
00003319;2025-01-27;C1367;Mäkinen Toimisto;SKU-1002;Standing Desk 140cm;Furniture;3;5 515,92;direct
00003320;2024-01-27;C1210;Søndergaard A/S;SKU-1002;Standing Desk 140cm;Furniture;10;5 963,74;online
00003321;2025-02-02;C1055;Kjærstad Utstyr;SKU-1006;USB-C Dock;Accessories;4;1 504,75;partner
00003322;2024-09-09;C1290;Kärkkäinen Oy;SKU-1010;Desk Lamp LED;Furniture;1;563,07;retail
00003323;2024-10-05;C1110;Trondheim Utstyr;SKU-1002;Standing Desk 140cm;Furniture;4;4 844,59;direct
00003324;2024-10-07;C1273;Ålesund Kontor;SKU-1008;Laptop Stand Aluminium;Accessories;11;727,74;partner
00003325;2024-03-31;C1372;Nordström Handel;SKU-1001;Ergonomic Desk Chair;Furniture;10;2 537,78;retail
00003326;2024-09-14;C1278;Bergström & Söner;SKU-1007;Noise Cancelling Headset;Peripherals;8;1 808,75;retail
00003327;2025-12-28;C1302;Bergström & Söner;SKU-1007;Noise Cancelling Headset;Peripherals;1;2 149,36;retail
00003328;2024-02-09;C1077;Jyllands Inventar;SKU-1001;Ergonomic Desk Chair;Furniture;5;2 704,34;direct
00003329;2024-03-15;C1317;Nordström Handel;SKU-1002;Standing Desk 140cm;Furniture;7;5 978,83;online
00003330;2024-07-24;C1132;Väisänen Kaluste;SKU-1005;27in 4K Monitor;Displays;3;4 745,87;partner
00003331;2024-08-02;C1163;Rødvig Møbler;SKU-1009;Webcam 1080p;Peripherals;5;896,16;retail
00003332;2025-11-18;C1049;Trondheim Utstyr;SKU-1007;Noise Cancelling Headset;Peripherals;1;2 141,25;retail
00003333;2025-05-07;C1050;Bergström & Söner;SKU-1004;Mechanical Keyboard;Peripherals;9;1 005,04;direct
00003334;2024-04-10;C1298;Mäkinen Toimisto;SKU-1002;Standing Desk 140cm;Furniture;4;5 641,00;retail
00003335;2024-01-05;C1082;Bergström & Söner;SKU-1003;Monitor Arm Dual;Accessories;5;935,12;partner
00003336;2025-10-09;C1153;Väisänen Kaluste;SKU-1002;Standing Desk 140cm;Furniture;2;5 252,44;online
00003337;2024-08-06;C1223;Trondheim Utstyr;SKU-1008;Laptop Stand Aluminium;Accessories;12;722,45;partner
00003338;2025-09-11;C1036;Søndergaard A/S;SKU-1008;Laptop Stand Aluminium;Accessories;7;626,31;retail
00003339;2024-04-23;C1336;Dansk Kontormiljø;SKU-1001;Ergonomic Desk Chair;Furniture;11;2 482,56;retail
00003340;2024-05-01;C1178;Mäkinen Toimisto;SKU-1010;Desk Lamp LED;Furniture;5;542,06;
00003341;2024-08-11;C1169;Nordström Handel;SKU-1002;Standing Desk 140cm;Furniture;12;5 855,33;direct
00003342;2025-02-01;C1034;Jyllands Inventar;SKU-1010;Desk Lamp LED;Furniture;11;545,25;partner
00003343;2025-11-02;C1254;Mäkinen Toimisto;SKU-1006;USB-C Dock;Accessories;6;1 657,17;retail
00003344;2024-03-07;C1362;Uppsala Interiör;SKU-1001;Ergonomic Desk Chair;Furniture;3;2 243,76;partner
00003345;2025-02-03;C1309;Mäkinen Toimisto;SKU-1009;Webcam 1080p;Peripherals;9;746,98;online
00003346;2025-10-05;C1358;Väisänen Kaluste;SKU-1001;Ergonomic Desk Chair;Furniture;1;2 465,41;direct
00003347;2024-08-01;C1187;Hämäläinen Oy;SKU-1008;Laptop Stand Aluminium;Accessories;6;720,07;partner
00003348;2025-04-11;C1079;Dansk Kontormiljø;SKU-1003;Monitor Arm Dual;Accessories;3;949,92;direct
00003349;2024-09-22;C1195;Lindqvist AB;SKU-1003;Monitor Arm Dual;Accessories;11;854,48;direct
00003350;2025-10-31;C1140;Ålesund Kontor;SKU-1001;Ergonomic Desk Chair;Furniture;11;2 251,72;online
00003351;2025-03-07;C1092;Kärkkäinen Oy;SKU-1001;Ergonomic Desk Chair;Furniture;7;2 728,12;retail
00003352;2024-01-06;C1001;Jyllands Inventar;SKU-1009;Webcam 1080p;Peripherals;8;687,01;direct
00003353;2024-04-12;C1248;Møller Innredning;SKU-1009;Webcam 1080p;Peripherals;10;726,63;online
00003354;2024-04-23;C1062;Hämäläinen Oy;SKU-1001;Ergonomic Desk Chair;Furniture;8;2 178,37;online
00003355;2024-06-28;C1284;Møller Innredning;SKU-1003;Monitor Arm Dual;Accessories;4;796,04;
00003356;2024-06-08;C1269;Rødvig Møbler;SKU-1001;Ergonomic Desk Chair;Furniture;9;2 275,25;partner
00003357;2024-10-06;C1047;Nordström Handel;SKU-1010;Desk Lamp LED;Furniture;10;446,98;partner
00003358;2024-04-14;C1360;Ålesund Kontor;SKU-1008;Laptop Stand Aluminium;Accessories;10;587,81;online
00003359;2025-03-29;C1074;Kjærstad Utstyr;SKU-1006;USB-C Dock;Accessories;-2;1 589,48;online
00003360;2025-11-11;C1184;Trondheim Utstyr;SKU-1001;Ergonomic Desk Chair;Furniture;7;2 500,48;retail
00003361;2025-07-07;C1008;Bergström & Söner;SKU-1010;Desk Lamp LED;Furniture;8;446,56;retail
00003362;2025-12-30;C1168;Søndergaard A/S;SKU-1005;27in 4K Monitor;Displays;2;4 828,94;partner
00003363;2025-06-06;C1389;Ålesund Kontor;SKU-1002;Standing Desk 140cm;Furniture;10;5 604,12;partner
00003364;2024-10-21;C1375;Møller Innredning;SKU-1005;27in 4K Monitor;Displays;8;4 686,83;retail
00003365;2025-09-16;C1114;Lindqvist AB;SKU-1003;Monitor Arm Dual;Accessories;2;936,49;direct
00003366;2025-10-19;C1363;Lindqvist AB;SKU-1004;Mechanical Keyboard;Peripherals;6;1 292,39;online
00003367;2024-05-29;C1049;Søndergaard A/S;SKU-1008;Laptop Stand Aluminium;Accessories;9;566,16;
00003368;2025-08-12;C1007;Väisänen Kaluste;SKU-1005;27in 4K Monitor;Displays;4;4 174,22;partner
00003369;2025-01-16;C1303;Mäkinen Toimisto;SKU-1009;Webcam 1080p;Peripherals;6;877,10;retail
00003370;2024-01-01;C1214;Jyllands Inventar;SKU-1009;Webcam 1080p;Peripherals;5;872,38;retail
00003371;2025-07-10;C1219;Lindqvist AB;SKU-1005;27in 4K Monitor;Displays;6;4 325,57;direct
00003372;2025-04-15;C1123;Søndergaard A/S;SKU-1002;Standing Desk 140cm;Furniture;12;4 937,23;direct
00003373;2025-02-12;C1162;Møller Innredning;SKU-1005;27in 4K Monitor;Displays;6;3 710,77;direct
00003374;2025-07-27;C1035;Mäkinen Toimisto;SKU-1007;Noise Cancelling Headset;Peripherals;2;2 048,50;retail
00003375;2024-10-14;C1099;Trondheim Utstyr;SKU-1003;Monitor Arm Dual;Accessories;6;761,97;direct
00003376;2025-02-11;C1151;Kärkkäinen Oy;SKU-1010;Desk Lamp LED;Furniture;10;537,61;partner
00003377;2024-01-10;C1272;Mäkinen Toimisto;SKU-1008;Laptop Stand Aluminium;Accessories;8;578,63;online
00003378;2024-08-05;C1154;Lindqvist AB;SKU-1004;Mechanical Keyboard;Peripherals;12;1 063,93;retail
00003379;2024-04-23;C1368;Väisänen Kaluste;SKU-1005;27in 4K Monitor;Displays;2;3 817,56;partner
00003380;2024-12-12;C1161;Uppsala Interiör;SKU-1004;Mechanical Keyboard;Peripherals;7;1 090,53;partner
00003381;2025-07-30;C1193;Lindqvist AB;SKU-1010;Desk Lamp LED;Furniture;1;572,12;online
00003382;2024-08-06;C1113;Møller Innredning;SKU-1005;27in 4K Monitor;Displays;3;3 734,25;partner
00003383;2024-03-25;C1164;Møller Innredning;SKU-1010;Desk Lamp LED;Furniture;5;587,22;direct
00003384;2024-05-23;C1309;Jyllands Inventar;SKU-1004;Mechanical Keyboard;Peripherals;1;1 292,02;direct
00003385;2024-06-10;C1050;Trondheim Utstyr;SKU-1003;Monitor Arm Dual;Accessories;12;780,70;partner
00003386;2024-11-05;C1044;Jyllands Inventar;SKU-1003;Monitor Arm Dual;Accessories;10;791,48;direct
00003387;2024-09-03;C1302;Kjærstad Utstyr;SKU-1009;Webcam 1080p;Peripherals;3;747,05;direct
00003388;2024-01-06;C1202;Søndergaard A/S;SKU-1007;Noise Cancelling Headset;Peripherals;10;2 325,82;online
00003389;2024-08-24;C1300;Kjærstad Utstyr;SKU-1006;USB-C Dock;Accessories;1;1 551,08;retail
00003390;2024-01-08;C1094;Møller Innredning;SKU-1005;27in 4K Monitor;Displays;9;4 714,51;retail
00003391;2025-08-13;C1122;Søndergaard A/S;SKU-1007;Noise Cancelling Headset;Peripherals;2;1 815,71;online
00003392;2024-03-27;C1309;Nordström Handel;SKU-1006;USB-C Dock;Accessories;10;1 804,70;retail
00003393;2024-12-15;C1220;Ålesund Kontor;SKU-1001;Ergonomic Desk Chair;Furniture;-3;2 458,87;direct
00003394;2025-11-24;C1143;Trondheim Utstyr;SKU-1003;Monitor Arm Dual;Accessories;3;857,04;retail
00003395;2024-11-12;C1001;Uppsala Interiör;SKU-1009;Webcam 1080p;Peripherals;12;889,94;online
00003396;2024-08-10;C1069;Søndergaard A/S;SKU-1004;Mechanical Keyboard;Peripherals;1;1 246,47;retail
00003397;2025-07-01;C1393;Bergström & Söner;SKU-1007;Noise Cancelling Headset;Peripherals;11;2 078,25;partner
00003398;2024-09-07;C1227;Lindqvist AB;SKU-1006;USB-C Dock;Accessories;7;1 872,81;retail
00003399;2025-11-24;C1314;Ålesund Kontor;SKU-1010;Desk Lamp LED;Furniture;5;497,03;retail
00003400;2025-03-14;C1174;Nordström Handel;SKU-1008;Laptop Stand Aluminium;Accessories;8;624,78;partner
00003401;2025-03-04;C1034;Møller Innredning;SKU-1003;Monitor Arm Dual;Accessories;11;995,82;retail
00003402;2025-10-25;C1164;Trondheim Utstyr;SKU-1010;Desk Lamp LED;Furniture;3;570,13;retail
00003403;2024-03-02;C1079;Møller Innredning;SKU-1007;Noise Cancelling Headset;Peripherals;11;2 239,46;online
00003404;2025-07-14;C1348;Uppsala Interiör;SKU-1002;Standing Desk 140cm;Furniture;11;5 166,40;retail
00003405;2024-07-28;C1171;Søndergaard A/S;SKU-1007;Noise Cancelling Headset;Peripherals;11;2 183,54;online
00003406;2024-12-30;C1299;Møller Innredning;SKU-1003;Monitor Arm Dual;Accessories;4;789,37;retail
00003407;2024-10-18;C1331;Hämäläinen Oy;SKU-1003;Monitor Arm Dual;Accessories;7;894,49;direct
00003408;2024-06-04;C1310;Mäkinen Toimisto;SKU-1004;Mechanical Keyboard;Peripherals;8;1 076,19;online
00003409;2024-12-10;C1395;Søndergaard A/S;SKU-1001;Ergonomic Desk Chair;Furniture;-3;2 216,29;online
00003410;2024-09-22;C1223;Hämäläinen Oy;SKU-1004;Mechanical Keyboard;Peripherals;12;1 048,98;direct
00003411;2025-07-02;C1365;Kärkkäinen Oy;SKU-1007;Noise Cancelling Headset;Peripherals;10;2 396,67;retail
00003412;2025-05-23;C1211;Väisänen Kaluste;SKU-1008;Laptop Stand Aluminium;Accessories;11;697,88;retail
00003413;2024-04-06;C1050;Kärkkäinen Oy;SKU-1006;USB-C Dock;Accessories;4;1 560,72;retail
00003414;2024-10-26;C1094;Jyllands Inventar;SKU-1007;Noise Cancelling Headset;Peripherals;6;2 054,62;direct
00003415;2024-07-06;C1143;Väisänen Kaluste;SKU-1004;Mechanical Keyboard;Peripherals;6;1 027,35;partner
00003416;2025-11-19;C1200;Väisänen Kaluste;SKU-1004;Mechanical Keyboard;Peripherals;4;1 265,38;direct
00003417;2025-03-27;C1261;Mäkinen Toimisto;SKU-1010;Desk Lamp LED;Furniture;8;482,59;direct
00003418;2024-10-21;C1362;Hämäläinen Oy;SKU-1003;Monitor Arm Dual;Accessories;3;970,68;retail
00003419;2024-01-06;C1211;Møller Innredning;SKU-1001;Ergonomic Desk Chair;Furniture;5;2 139,42;direct
00003420;2024-04-22;C1073;Nordström Handel;SKU-1006;USB-C Dock;Accessories;7;1 662,75;direct
00003421;2024-07-02;C1305;Søndergaard A/S;SKU-1003;Monitor Arm Dual;Accessories;8;946,33;partner
00003422;2024-09-20;C1350;Kärkkäinen Oy;SKU-1001;Ergonomic Desk Chair;Furniture;10;2 599,89;online
00003423;2025-11-03;C1190;Lindqvist AB;SKU-1002;Standing Desk 140cm;Furniture;3;4 889,81;online
00003424;2025-07-17;C1353;Lindqvist AB;SKU-1003;Monitor Arm Dual;Accessories;4;888,25;partner
00003425;2024-05-20;C1191;Ålesund Kontor;SKU-1006;USB-C Dock;Accessories;8;1 730,91;partner
00003426;2025-06-26;C1068;Bergström & Söner;SKU-1001;Ergonomic Desk Chair;Furniture;-1;2 507,81;partner
00003427;2024-05-27;C1396;Søndergaard A/S;SKU-1008;Laptop Stand Aluminium;Accessories;9;725,79;online
00003428;2024-02-27;C1290;Kärkkäinen Oy;SKU-1008;Laptop Stand Aluminium;Accessories;11;573,96;partner
00003429;2025-03-31;C1006;Dansk Kontormiljø;SKU-1002;Standing Desk 140cm;Furniture;12;5 181,65;online
00003430;2025-06-16;C1218;Rødvig Møbler;SKU-1007;Noise Cancelling Headset;Peripherals;11;1 873,59;retail
00003431;2024-06-04;C1013;Nordström Handel;SKU-1002;Standing Desk 140cm;Furniture;2;5 797,92;partner
00003432;2025-07-10;C1104;Rødvig Møbler;SKU-1009;Webcam 1080p;Peripherals;5;854,20;online
00003433;2025-06-05;C1085;Dansk Kontormiljø;SKU-1007;Noise Cancelling Headset;Peripherals;8;2 025,05;direct
00003434;2024-12-09;C1327;Kärkkäinen Oy;SKU-1002;Standing Desk 140cm;Furniture;12;4 433,61;partner
00003435;2025-01-14;C1214;Kärkkäinen Oy;SKU-1007;Noise Cancelling Headset;Peripherals;10;2 139,24;retail
00003436;2024-04-05;C1288;Rødvig Møbler;SKU-1002;Standing Desk 140cm;Furniture;4;5 389,75;partner
00003437;2024-03-20;C1055;Väisänen Kaluste;SKU-1001;Ergonomic Desk Chair;Furniture;11;2 669,73;partner
00003438;2025-06-27;C1366;Nordström Handel;SKU-1007;Noise Cancelling Headset;Peripherals;2;2 280,86;retail
00003439;2024-02-06;C1146;Kärkkäinen Oy;SKU-1004;Mechanical Keyboard;Peripherals;9;1 176,59;retail
00003440;2024-12-22;C1207;Dansk Kontormiljø;SKU-1001;Ergonomic Desk Chair;Furniture;5;2 214,23;partner
00003441;2025-06-18;C1324;Ålesund Kontor;SKU-1002;Standing Desk 140cm;Furniture;11;4 935,07;partner
00003442;2024-11-23;C1180;Nordström Handel;SKU-1009;Webcam 1080p;Peripherals;11;735,61;online
00003443;2025-02-16;C1264;Väisänen Kaluste;SKU-1001;Ergonomic Desk Chair;Furniture;10;2 114,24;direct
00003444;2025-04-06;C1281;Kärkkäinen Oy;SKU-1005;27in 4K Monitor;Displays;8;4 739,63;retail
00003445;2025-11-03;C1052;Dansk Kontormiljø;SKU-1002;Standing Desk 140cm;Furniture;10;5 806,18;online
00003446;2025-01-09;C1264;Dansk Kontormiljø;SKU-1008;Laptop Stand Aluminium;Accessories;12;561,93;direct
00003447;2025-04-26;C1197;Uppsala Interiör;SKU-1009;Webcam 1080p;Peripherals;7;796,09;partner
00003448;2024-07-22;C1081;Jyllands Inventar;SKU-1010;Desk Lamp LED;Furniture;12;473,51;retail
00003449;2024-12-06;C1274;Rødvig Møbler;SKU-1008;Laptop Stand Aluminium;Accessories;1;710,05;partner
00003450;2025-08-25;C1178;Jyllands Inventar;SKU-1004;Mechanical Keyboard;Peripherals;5;1 163,50;partner
00003451;2025-01-08;C1122;Søndergaard A/S;SKU-1008;Laptop Stand Aluminium;Accessories;12;614,97;online
00003452;2024-04-06;C1239;Trondheim Utstyr;SKU-1005;27in 4K Monitor;Displays;3;4 505,70;partner
00003453;2024-10-01;C1217;Jyllands Inventar;SKU-1009;Webcam 1080p;Peripherals;1;740,28;direct
00003454;2025-06-11;C1174;Rødvig Møbler;SKU-1010;Desk Lamp LED;Furniture;-1;443,01;online
00003455;2025-08-29;C1286;Søndergaard A/S;SKU-1008;Laptop Stand Aluminium;Accessories;3;617,78;partner
00003456;2025-12-28;C1031;Kjærstad Utstyr;SKU-1006;USB-C Dock;Accessories;2;1 913,28;partner
00003457;2024-04-19;C1122;Lindqvist AB;SKU-1003;Monitor Arm Dual;Accessories;9;836,55;direct
00003458;2025-04-28;C1064;Lindqvist AB;SKU-1004;Mechanical Keyboard;Peripherals;1;1 172,18;direct
00003459;2025-05-10;C1243;Trondheim Utstyr;SKU-1004;Mechanical Keyboard;Peripherals;9;1 268,89;direct
00003460;2024-05-23;C1163;Møller Innredning;SKU-1002;Standing Desk 140cm;Furniture;2;5 201,97;direct
00003461;2024-03-03;C1004;Uppsala Interiör;SKU-1009;Webcam 1080p;Peripherals;7;845,57;retail
00003462;2024-10-12;C1072;Rødvig Møbler;SKU-1003;Monitor Arm Dual;Accessories;2;794,30;partner
00003463;2024-02-23;C1178;Trondheim Utstyr;SKU-1005;27in 4K Monitor;Displays;8;4 529,38;direct
00003464;2025-12-29;C1218;Ålesund Kontor;SKU-1008;Laptop Stand Aluminium;Accessories;2;704,17;
00003465;2024-12-24;C1395;Dansk Kontormiljø;SKU-1002;Standing Desk 140cm;Furniture;7;5 371,47;direct
00003466;2025-11-28;C1193;Søndergaard A/S;SKU-1008;Laptop Stand Aluminium;Accessories;7;660,59;online
00003467;2024-06-04;C1082;Mäkinen Toimisto;SKU-1005;27in 4K Monitor;Displays;-3;4 575,29;online
00003468;2025-04-14;C1319;Rødvig Møbler;SKU-1007;Noise Cancelling Headset;Peripherals;11;1 908,65;online
00003469;2024-09-06;C1319;Lindqvist AB;SKU-1003;Monitor Arm Dual;Accessories;2;959,48;direct
00003470;2024-09-06;C1215;Nordström Handel;SKU-1001;Ergonomic Desk Chair;Furniture;6;2 384,33;retail
00003471;2024-03-25;C1168;Nordström Handel;SKU-1006;USB-C Dock;Accessories;8;1 795,54;retail
00003472;2024-06-04;C1214;Lindqvist AB;SKU-1001;Ergonomic Desk Chair;Furniture;2;2 636,74;retail
00003473;2025-08-08;C1367;Rødvig Møbler;SKU-1009;Webcam 1080p;Peripherals;1;744,58;partner
00003474;2024-07-27;C1112;Väisänen Kaluste;SKU-1008;Laptop Stand Aluminium;Accessories;6;709,80;partner
00003475;2024-04-01;C1307;Kjærstad Utstyr;SKU-1009;Webcam 1080p;Peripherals;9;746,81;
00003476;2024-09-15;C1196;Søndergaard A/S;SKU-1005;27in 4K Monitor;Displays;10;4 390,47;direct
00003477;2024-06-08;C1011;Rødvig Møbler;SKU-1007;Noise Cancelling Headset;Peripherals;5;1 936,24;retail
00003478;2025-03-09;C1186;Møller Innredning;SKU-1008;Laptop Stand Aluminium;Accessories;12;670,22;online
00003479;2025-08-29;C1085;Trondheim Utstyr;SKU-1005;27in 4K Monitor;Displays;7;3 995,39;online
00003480;2025-11-22;C1336;Møller Innredning;SKU-1005;27in 4K Monitor;Displays;1;3 699,35;retail
00003481;2025-11-13;C1382;Dansk Kontormiljø;SKU-1009;Webcam 1080p;Peripherals;7;683,21;retail
00003482;2024-12-12;C1143;Rødvig Møbler;SKU-1006;USB-C Dock;Accessories;2;1 781,23;online
00003483;2024-02-28;C1330;Rødvig Møbler;SKU-1008;Laptop Stand Aluminium;Accessories;2;669,13;online
00003484;2025-01-25;C1306;Rødvig Møbler;SKU-1006;USB-C Dock;Accessories;7;1 965,03;retail
00003485;2024-02-23;C1269;Søndergaard A/S;SKU-1002;Standing Desk 140cm;Furniture;1;4 478,84;retail
00003486;2024-11-13;C1272;Nordström Handel;SKU-1009;Webcam 1080p;Peripherals;8;833,15;online
00003487;2025-12-16;C1142;Bergström & Söner;SKU-1009;Webcam 1080p;Peripherals;11;716,97;partner
00003488;2024-02-21;C1318;Søndergaard A/S;SKU-1009;Webcam 1080p;Peripherals;10;809,25;retail
00003489;2025-03-10;C1045;Søndergaard A/S;SKU-1005;27in 4K Monitor;Displays;12;4 227,09;direct
00003490;2025-06-08;C1042;Møller Innredning;SKU-1007;Noise Cancelling Headset;Peripherals;3;2 189,90;online
00003491;2025-08-08;C1155;Uppsala Interiör;SKU-1007;Noise Cancelling Headset;Peripherals;9;2 322,42;partner
00003492;2024-08-13;C1037;Bergström & Söner;SKU-1008;Laptop Stand Aluminium;Accessories;1;718,98;retail
00003493;2024-09-07;C1004;Jyllands Inventar;SKU-1006;USB-C Dock;Accessories;11;1 598,85;direct
00003494;2024-05-22;C1048;Ålesund Kontor;SKU-1004;Mechanical Keyboard;Peripherals;10;1 151,32;partner
00003495;2025-02-21;C1375;Hämäläinen Oy;SKU-1003;Monitor Arm Dual;Accessories;11;818,65;retail
00003496;2025-12-07;C1050;Trondheim Utstyr;SKU-1002;Standing Desk 140cm;Furniture;7;5 086,34;direct
00003497;2024-08-09;C1209;Søndergaard A/S;SKU-1007;Noise Cancelling Headset;Peripherals;3;2 126,90;direct
00003498;2024-01-26;C1044;Dansk Kontormiljø;SKU-1009;Webcam 1080p;Peripherals;9;819,02;online
00003499;2025-03-11;C1221;Jyllands Inventar;SKU-1008;Laptop Stand Aluminium;Accessories;7;574,51;direct
00003500;2025-12-05;C1099;Uppsala Interiör;SKU-1009;Webcam 1080p;Peripherals;12;796,35;direct
00003501;2024-07-10;C1281;Lindqvist AB;SKU-1002;Standing Desk 140cm;Furniture;7;4 926,79;direct
00003502;2025-08-02;C1274;Ålesund Kontor;SKU-1005;27in 4K Monitor;Displays;10;4 697,87;online
00003503;2024-06-04;C1222;Väisänen Kaluste;SKU-1006;USB-C Dock;Accessories;6;1 739,64;direct
00003504;2025-01-13;C1379;Lindqvist AB;SKU-1007;Noise Cancelling Headset;Peripherals;-1;2 359,65;partner
00003505;2024-10-24;C1063;Uppsala Interiör;SKU-1001;Ergonomic Desk Chair;Furniture;2;2 717,66;retail
00003506;2025-08-08;C1035;Møller Innredning;SKU-1007;Noise Cancelling Headset;Peripherals;6;2 152,11;partner
00003507;2025-03-27;C1041;Ålesund Kontor;SKU-1007;Noise Cancelling Headset;Peripherals;6;2 121,66;partner
00003508;2025-01-04;C1396;Nordström Handel;SKU-1009;Webcam 1080p;Peripherals;7;867,29;retail
00003509;2025-10-15;C1092;Uppsala Interiör;SKU-1010;Desk Lamp LED;Furniture;3;534,72;direct
00003510;2024-08-26;C1328;Lindqvist AB;SKU-1006;USB-C Dock;Accessories;11;1 513,64;online
00003511;2024-06-02;C1174;Lindqvist AB;SKU-1010;Desk Lamp LED;Furniture;-1;556,05;retail
00003512;2024-10-08;C1087;Lindqvist AB;SKU-1009;Webcam 1080p;Peripherals;7;671,45;direct
00003513;2024-08-20;C1096;Jyllands Inventar;SKU-1010;Desk Lamp LED;Furniture;6;470,26;online
00003514;2024-02-12;C1006;Trondheim Utstyr;SKU-1002;Standing Desk 140cm;Furniture;11;5 019,73;online
00003515;2025-01-29;C1333;Jyllands Inventar;SKU-1001;Ergonomic Desk Chair;Furniture;3;2 605,56;online
00003516;2024-09-01;C1240;Mäkinen Toimisto;SKU-1005;27in 4K Monitor;Displays;12;4 237,09;retail
00003517;2025-10-19;C1390;Kärkkäinen Oy;SKU-1006;USB-C Dock;Accessories;8;1 849,95;partner
00003518;2025-02-21;C1347;Trondheim Utstyr;SKU-1007;Noise Cancelling Headset;Peripherals;11;2 016,51;partner
00003519;2024-08-01;C1185;Mäkinen Toimisto;SKU-1001;Ergonomic Desk Chair;Furniture;12;2 690,32;partner
00003520;2024-10-14;C1194;Jyllands Inventar;SKU-1006;USB-C Dock;Accessories;4;1 867,89;direct
00003521;2024-10-01;C1259;Rødvig Møbler;SKU-1006;USB-C Dock;Accessories;9;1 879,96;partner
00003522;2024-12-27;C1335;Jyllands Inventar;SKU-1009;Webcam 1080p;Peripherals;12;817,76;online
00003523;2024-11-02;C1265;Väisänen Kaluste;SKU-1007;Noise Cancelling Headset;Peripherals;8;2 401,54;online
00003524;2025-04-29;C1186;Trondheim Utstyr;SKU-1003;Monitor Arm Dual;Accessories;1;973,14;retail
00003525;2025-10-28;C1209;Rødvig Møbler;SKU-1009;Webcam 1080p;Peripherals;10;700,22;partner
00003526;2025-09-03;C1353;Väisänen Kaluste;SKU-1005;27in 4K Monitor;Displays;4;4 595,15;retail
00003527;2024-11-22;C1030;Hämäläinen Oy;SKU-1006;USB-C Dock;Accessories;1;1 902,48;retail
00003528;2024-06-18;C1375;Lindqvist AB;SKU-1010;Desk Lamp LED;Furniture;3;504,54;retail
00003529;2025-09-09;C1388;Rødvig Møbler;SKU-1008;Laptop Stand Aluminium;Accessories;4;720,21;retail
00003530;2024-05-25;C1302;Väisänen Kaluste;SKU-1008;Laptop Stand Aluminium;Accessories;8;685,75;partner
00003531;2024-09-04;C1287;Lindqvist AB;SKU-1006;USB-C Dock;Accessories;11;1 847,45;retail
00003532;2024-04-22;C1181;Nordström Handel;SKU-1007;Noise Cancelling Headset;Peripherals;3;2 410,47;online
00003533;2024-07-08;C1287;Ålesund Kontor;SKU-1001;Ergonomic Desk Chair;Furniture;5;2 056,67;partner
00003534;2025-04-20;C1305;Kärkkäinen Oy;SKU-1004;Mechanical Keyboard;Peripherals;6;999,83;online
00003535;2024-12-04;C1096;Bergström & Söner;SKU-1004;Mechanical Keyboard;Peripherals;8;1 264,69;retail
00003536;2024-01-30;C1140;Kjærstad Utstyr;SKU-1002;Standing Desk 140cm;Furniture;3;4 970,04;direct
00003537;2024-06-01;C1282;Jyllands Inventar;SKU-1006;USB-C Dock;Accessories;3;1 916,49;
00003538;2025-06-20;C1186;Trondheim Utstyr;SKU-1003;Monitor Arm Dual;Accessories;11;941,24;online
00003539;2024-12-22;C1149;Väisänen Kaluste;SKU-1009;Webcam 1080p;Peripherals;4;821,39;retail
00003540;2025-09-10;C1320;Bergström & Söner;SKU-1005;27in 4K Monitor;Displays;11;4 915,07;online
00003541;2024-11-07;C1176;Hämäläinen Oy;SKU-1006;USB-C Dock;Accessories;2;1 836,92;partner
00003542;2025-03-03;C1069;Trondheim Utstyr;SKU-1004;Mechanical Keyboard;Peripherals;12;988,28;online
00003543;2025-03-28;C1128;Dansk Kontormiljø;SKU-1009;Webcam 1080p;Peripherals;2;709,75;retail
00003544;2025-01-18;C1216;Kjærstad Utstyr;SKU-1003;Monitor Arm Dual;Accessories;2;978,23;direct
00003545;2025-06-10;C1131;Ålesund Kontor;SKU-1005;27in 4K Monitor;Displays;2;4 202,37;direct
00003546;2025-03-10;C1292;Søndergaard A/S;SKU-1007;Noise Cancelling Headset;Peripherals;-3;2 372,73;retail
00003547;2024-08-28;C1316;Väisänen Kaluste;SKU-1010;Desk Lamp LED;Furniture;7;565,26;retail
00003548;2024-12-09;C1016;Väisänen Kaluste;SKU-1007;Noise Cancelling Headset;Peripherals;12;1 822,37;online
00003549;2024-08-21;C1346;Ålesund Kontor;SKU-1003;Monitor Arm Dual;Accessories;11;868,31;online
00003550;2025-06-27;C1284;Nordström Handel;SKU-1004;Mechanical Keyboard;Peripherals;5;1 263,09;partner
00003551;2024-10-25;C1332;Møller Innredning;SKU-1009;Webcam 1080p;Peripherals;6;684,17;retail
00003552;2024-10-31;C1187;Nordström Handel;SKU-1003;Monitor Arm Dual;Accessories;6;821,19;online
00003553;2024-09-09;C1130;Møller Innredning;SKU-1009;Webcam 1080p;Peripherals;3;718,59;direct
00003554;2025-09-12;C1312;Bergström & Söner;SKU-1006;USB-C Dock;Accessories;6;1 732,44;retail
00003555;2025-10-05;C1132;Rødvig Møbler;SKU-1006;USB-C Dock;Accessories;5;1 880,46;retail
00003556;2025-03-22;C1314;Hämäläinen Oy;SKU-1009;Webcam 1080p;Peripherals;12;733,00;online
00003557;2025-11-11;C1299;Trondheim Utstyr;SKU-1002;Standing Desk 140cm;Furniture;1;5 754,98;direct
00003558;2025-02-21;C1075;Ålesund Kontor;SKU-1002;Standing Desk 140cm;Furniture;11;4 920,28;direct
00003559;2024-12-13;C1032;Uppsala Interiör;SKU-1010;Desk Lamp LED;Furniture;3;564,03;online
00003560;2025-12-02;C1314;Bergström & Söner;SKU-1003;Monitor Arm Dual;Accessories;9;870,61;retail
00003561;2024-06-09;C1050;Søndergaard A/S;SKU-1009;Webcam 1080p;Peripherals;8;807,74;direct
00003562;2025-11-26;C1235;Jyllands Inventar;SKU-1010;Desk Lamp LED;Furniture;2;511,05;direct
00003563;2025-11-29;C1231;Trondheim Utstyr;SKU-1002;Standing Desk 140cm;Furniture;1;5 301,21;retail
00003564;2025-09-25;C1373;Bergström & Söner;SKU-1008;Laptop Stand Aluminium;Accessories;11;707,28;partner
00003565;2024-01-11;C1090;Lindqvist AB;SKU-1004;Mechanical Keyboard;Peripherals;1;1 087,14;online
00003566;2025-05-21;C1284;Nordström Handel;SKU-1007;Noise Cancelling Headset;Peripherals;12;1 938,74;online
00003567;2025-08-31;C1161;Dansk Kontormiljø;SKU-1005;27in 4K Monitor;Displays;11;3 726,32;direct
00003568;2024-10-05;C1004;Rødvig Møbler;SKU-1007;Noise Cancelling Headset;Peripherals;1;2 275,84;partner
00003569;2024-10-31;C1320;Bergström & Söner;SKU-1007;Noise Cancelling Headset;Peripherals;11;2 213,03;online
00003570;2024-03-18;C1124;Møller Innredning;SKU-1004;Mechanical Keyboard;Peripherals;7;1 010,71;direct
00003571;2024-04-12;C1124;Søndergaard A/S;SKU-1003;Monitor Arm Dual;Accessories;2;956,84;partner
00003572;2024-06-01;C1001;Ålesund Kontor;SKU-1007;Noise Cancelling Headset;Peripherals;1;1 980,62;online
00003573;2024-08-29;C1088;Nordström Handel;SKU-1009;Webcam 1080p;Peripherals;11;747,63;online
00003574;2025-10-14;C1210;Søndergaard A/S;SKU-1002;Standing Desk 140cm;Furniture;11;4 609,63;direct
00003575;2025-11-27;C1044;Trondheim Utstyr;SKU-1001;Ergonomic Desk Chair;Furniture;4;2 527,25;online
00003576;2025-12-24;C1156;Trondheim Utstyr;SKU-1007;Noise Cancelling Headset;Peripherals;-3;2 106,48;direct
00003577;2024-05-12;C1041;Kärkkäinen Oy;SKU-1008;Laptop Stand Aluminium;Accessories;3;548,44;retail
00003578;2025-03-20;C1123;Kärkkäinen Oy;SKU-1001;Ergonomic Desk Chair;Furniture;8;2 368,86;partner
00003579;2024-11-24;C1053;Kjærstad Utstyr;SKU-1001;Ergonomic Desk Chair;Furniture;11;2 643,32;online
00003580;2024-04-22;C1399;Bergström & Söner;SKU-1008;Laptop Stand Aluminium;Accessories;1;559,54;partner
00003581;2025-09-12;C1241;Møller Innredning;SKU-1005;27in 4K Monitor;Displays;6;4 123,75;direct
00003582;2024-07-09;C1232;Jyllands Inventar;SKU-1006;USB-C Dock;Accessories;6;1 547,81;direct
00003583;2024-04-29;C1352;Jyllands Inventar;SKU-1002;Standing Desk 140cm;Furniture;4;5 565,60;online
00003584;2024-05-17;C1379;Dansk Kontormiljø;SKU-1007;Noise Cancelling Headset;Peripherals;4;2 037,50;direct
00003585;2025-01-07;C1253;Rødvig Møbler;SKU-1008;Laptop Stand Aluminium;Accessories;9;548,85;direct
00003586;2025-05-04;C1382;Mäkinen Toimisto;SKU-1002;Standing Desk 140cm;Furniture;4;5 749,23;retail
00003587;2024-10-22;C1341;Dansk Kontormiljø;SKU-1003;Monitor Arm Dual;Accessories;12;940,03;retail
00003588;2024-06-29;C1253;Jyllands Inventar;SKU-1005;27in 4K Monitor;Displays;5;4 797,61;online
00003589;2024-03-14;C1234;Jyllands Inventar;SKU-1004;Mechanical Keyboard;Peripherals;1;1 212,09;retail
00003590;2024-07-09;C1151;Søndergaard A/S;SKU-1005;27in 4K Monitor;Displays;3;3 786,92;retail
00003591;2024-07-31;C1212;Kärkkäinen Oy;SKU-1010;Desk Lamp LED;Furniture;7;556,99;direct
00003592;2025-08-01;C1198;Trondheim Utstyr;SKU-1001;Ergonomic Desk Chair;Furniture;5;2 311,52;retail
00003593;2024-08-24;C1001;Lindqvist AB;SKU-1004;Mechanical Keyboard;Peripherals;7;1 246,40;partner
00003594;2025-10-18;C1116;Dansk Kontormiljø;SKU-1009;Webcam 1080p;Peripherals;4;804,18;online
00003595;2024-05-28;C1399;Ålesund Kontor;SKU-1002;Standing Desk 140cm;Furniture;6;4 702,55;online
00003596;2024-10-13;C1032;Nordström Handel;SKU-1008;Laptop Stand Aluminium;Accessories;1;658,88;partner
00003597;2025-08-15;C1048;Bergström & Söner;SKU-1001;Ergonomic Desk Chair;Furniture;7;2 533,63;direct
00003598;2024-05-07;C1265;Rødvig Møbler;SKU-1003;Monitor Arm Dual;Accessories;3;831,46;retail
00003599;2025-02-14;C1333;Nordström Handel;SKU-1002;Standing Desk 140cm;Furniture;9;5 506,58;direct
00003600;2025-06-17;C1335;Kärkkäinen Oy;SKU-1006;USB-C Dock;Accessories;11;1 809,23;direct
00003601;2024-02-28;C1161;Kjærstad Utstyr;SKU-1005;27in 4K Monitor;Displays;10;4 460,32;online
00003602;2025-02-23;C1171;Jyllands Inventar;SKU-1002;Standing Desk 140cm;Furniture;8;4 855,49;
00003603;2025-11-09;C1052;Lindqvist AB;SKU-1009;Webcam 1080p;Peripherals;12;808,04;direct
00003604;2025-12-24;C1160;Jyllands Inventar;SKU-1002;Standing Desk 140cm;Furniture;8;5 669,23;online
00003605;2025-09-02;C1236;Hämäläinen Oy;SKU-1002;Standing Desk 140cm;Furniture;7;4 566,82;partner
00003606;2024-04-15;C1214;Mäkinen Toimisto;SKU-1008;Laptop Stand Aluminium;Accessories;3;688,63;direct
00003607;2024-03-31;C1293;Rødvig Møbler;SKU-1004;Mechanical Keyboard;Peripherals;8;1 152,46;retail
00003608;2024-02-18;C1058;Rødvig Møbler;SKU-1007;Noise Cancelling Headset;Peripherals;9;1 890,01;retail
00003609;2024-07-12;C1349;Kjærstad Utstyr;SKU-1008;Laptop Stand Aluminium;Accessories;2;638,80;retail
00003610;2025-03-07;C1061;Søndergaard A/S;SKU-1007;Noise Cancelling Headset;Peripherals;4;2 220,36;retail
00003611;2025-08-15;C1018;Nordström Handel;SKU-1008;Laptop Stand Aluminium;Accessories;10;607,25;partner
00003612;2025-09-07;C1182;Mäkinen Toimisto;SKU-1010;Desk Lamp LED;Furniture;1;546,92;partner
00003613;2025-03-07;C1120;Ålesund Kontor;SKU-1009;Webcam 1080p;Peripherals;6;742,97;online
00003614;2025-10-09;C1078;Møller Innredning;SKU-1008;Laptop Stand Aluminium;Accessories;5;585,82;partner
00003615;2025-09-06;C1358;Kjærstad Utstyr;SKU-1006;USB-C Dock;Accessories;2;1 630,47;partner
00003616;2024-09-17;C1252;Jyllands Inventar;SKU-1009;Webcam 1080p;Peripherals;2;860,27;online
00003617;2025-02-19;C1019;Ålesund Kontor;SKU-1002;Standing Desk 140cm;Furniture;12;5 522,40;direct
00003618;2024-04-10;C1106;Kärkkäinen Oy;SKU-1004;Mechanical Keyboard;Peripherals;10;1 101,01;partner
00003619;2024-02-23;C1308;Søndergaard A/S;SKU-1004;Mechanical Keyboard;Peripherals;2;1 052,58;retail
00003620;2024-12-11;C1396;Nordström Handel;SKU-1008;Laptop Stand Aluminium;Accessories;10;671,00;direct
00003621;2025-04-20;C1069;Kärkkäinen Oy;SKU-1005;27in 4K Monitor;Displays;6;4 402,29;retail
00003622;2025-12-20;C1055;Uppsala Interiör;SKU-1009;Webcam 1080p;Peripherals;12;865,70;direct
00003623;2024-04-05;C1214;Dansk Kontormiljø;SKU-1004;Mechanical Keyboard;Peripherals;6;1 239,85;retail
00003624;2024-07-15;C1219;Uppsala Interiör;SKU-1002;Standing Desk 140cm;Furniture;4;5 389,85;retail
00003625;2024-08-19;C1361;Mäkinen Toimisto;SKU-1008;Laptop Stand Aluminium;Accessories;12;635,93;retail
00003626;2024-06-23;C1376;Kärkkäinen Oy;SKU-1003;Monitor Arm Dual;Accessories;5;802,33;retail
00003627;2024-08-23;C1031;Jyllands Inventar;SKU-1010;Desk Lamp LED;Furniture;9;572,96;online
00003628;2024-01-15;C1048;Ålesund Kontor;SKU-1003;Monitor Arm Dual;Accessories;12;839,98;partner
00003629;2025-07-20;C1138;Møller Innredning;SKU-1005;27in 4K Monitor;Displays;5;4 636,41;retail
00003630;2025-01-11;C1003;Mäkinen Toimisto;SKU-1003;Monitor Arm Dual;Accessories;12;972,37;direct
00003631;2024-04-30;C1342;Jyllands Inventar;SKU-1007;Noise Cancelling Headset;Peripherals;6;2 375,93;retail
00003632;2025-08-12;C1145;Ålesund Kontor;SKU-1006;USB-C Dock;Accessories;7;1 491,73;partner
00003633;2025-12-24;C1033;Rødvig Møbler;SKU-1008;Laptop Stand Aluminium;Accessories;6;647,52;direct
00003634;2024-11-03;C1166;Bergström & Söner;SKU-1001;Ergonomic Desk Chair;Furniture;6;2 498,13;retail
00003635;2024-03-13;C1013;Rødvig Møbler;SKU-1009;Webcam 1080p;Peripherals;3;680,81;partner
00003636;2025-08-14;C1303;Kjærstad Utstyr;SKU-1007;Noise Cancelling Headset;Peripherals;6;1 899,18;retail
00003637;2025-03-19;C1298;Jyllands Inventar;SKU-1003;Monitor Arm Dual;Accessories;4;946,37;online
00003638;2025-01-27;C1047;Kärkkäinen Oy;SKU-1003;Monitor Arm Dual;Accessories;10;818,37;retail
00003639;2024-07-15;C1311;Lindqvist AB;SKU-1002;Standing Desk 140cm;Furniture;11;5 640,60;online
00003640;2024-06-01;C1150;Lindqvist AB;SKU-1005;27in 4K Monitor;Displays;3;4 468,89;direct
00003641;2024-10-03;C1209;Rødvig Møbler;SKU-1007;Noise Cancelling Headset;Peripherals;11;2 254,15;online
00003642;2024-08-31;C1131;Rødvig Møbler;SKU-1005;27in 4K Monitor;Displays;11;4 434,82;direct
00003643;2025-01-25;C1223;Kärkkäinen Oy;SKU-1006;USB-C Dock;Accessories;2;1 874,73;retail
00003644;2024-10-21;C1089;Mäkinen Toimisto;SKU-1009;Webcam 1080p;Peripherals;7;747,70;online
00003645;2024-05-16;C1283;Väisänen Kaluste;SKU-1009;Webcam 1080p;Peripherals;3;808,13;partner
00003646;2024-01-23;C1295;Hämäläinen Oy;SKU-1001;Ergonomic Desk Chair;Furniture;8;2 284,82;online
00003647;2025-09-28;C1191;Kärkkäinen Oy;SKU-1009;Webcam 1080p;Peripherals;11;785,40;direct
00003648;2025-09-11;C1216;Mäkinen Toimisto;SKU-1001;Ergonomic Desk Chair;Furniture;4;2 620,80;partner
00003649;2025-04-26;C1207;Väisänen Kaluste;SKU-1004;Mechanical Keyboard;Peripherals;6;1 267,13;retail
00003650;2024-07-25;C1002;Nordström Handel;SKU-1005;27in 4K Monitor;Displays;8;4 363,79;partner
00003651;2024-08-05;C1140;Mäkinen Toimisto;SKU-1005;27in 4K Monitor;Displays;3;4 879,91;direct
00003652;2025-08-26;C1275;Kärkkäinen Oy;SKU-1007;Noise Cancelling Headset;Peripherals;9;2 055,71;direct
00003653;2025-10-19;C1011;Jyllands Inventar;SKU-1001;Ergonomic Desk Chair;Furniture;7;2 369,45;retail
00003654;2024-03-23;C1013;Rødvig Møbler;SKU-1002;Standing Desk 140cm;Furniture;5;5 836,77;partner
00003655;2025-01-02;C1214;Jyllands Inventar;SKU-1008;Laptop Stand Aluminium;Accessories;2;636,24;partner
00003656;2025-06-01;C1216;Lindqvist AB;SKU-1001;Ergonomic Desk Chair;Furniture;11;2 430,83;retail
00003657;2025-11-30;C1092;Rødvig Møbler;SKU-1007;Noise Cancelling Headset;Peripherals;8;1 949,28;partner
00003658;2025-03-21;C1294;Väisänen Kaluste;SKU-1004;Mechanical Keyboard;Peripherals;6;1 198,18;retail
00003659;2024-12-09;C1400;Jyllands Inventar;SKU-1005;27in 4K Monitor;Displays;6;3 676,46;direct
00003660;2024-05-18;C1364;Kärkkäinen Oy;SKU-1010;Desk Lamp LED;Furniture;4;490,50;online
00003661;2025-07-03;C1300;Kjærstad Utstyr;SKU-1009;Webcam 1080p;Peripherals;7;857,56;partner
00003662;2024-05-13;C1169;Nordström Handel;SKU-1008;Laptop Stand Aluminium;Accessories;2;550,39;online
00003663;2025-03-14;C1381;Kjærstad Utstyr;SKU-1009;Webcam 1080p;Peripherals;6;896,76;direct
00003664;2025-02-25;C1389;Søndergaard A/S;SKU-1005;27in 4K Monitor;Displays;9;3 747,03;partner
00003665;2025-07-26;C1026;Dansk Kontormiljø;SKU-1010;Desk Lamp LED;Furniture;4;505,52;online
00003666;2024-03-27;C1011;Bergström & Söner;SKU-1006;USB-C Dock;Accessories;9;1 497,45;online
00003667;2024-03-27;C1312;Rødvig Møbler;SKU-1008;Laptop Stand Aluminium;Accessories;9;659,41;retail
00003668;2024-05-30;C1362;Trondheim Utstyr;SKU-1005;27in 4K Monitor;Displays;11;4 763,95;direct
00003669;2024-08-09;C1198;Väisänen Kaluste;SKU-1006;USB-C Dock;Accessories;9;1 736,80;direct
00003670;2024-08-08;C1129;Mäkinen Toimisto;SKU-1003;Monitor Arm Dual;Accessories;1;956,04;partner
00003671;2025-09-04;C1193;Søndergaard A/S;SKU-1004;Mechanical Keyboard;Peripherals;11;1 116,52;online
00003672;2024-07-19;C1113;Hämäläinen Oy;SKU-1002;Standing Desk 140cm;Furniture;9;5 922,29;direct
00003673;2024-02-18;C1229;Søndergaard A/S;SKU-1007;Noise Cancelling Headset;Peripherals;2;2 315,59;retail
00003674;2025-04-17;C1219;Kjærstad Utstyr;SKU-1008;Laptop Stand Aluminium;Accessories;5;612,61;direct
00003675;2025-07-05;C1160;Nordström Handel;SKU-1003;Monitor Arm Dual;Accessories;7;861,27;direct
00003676;2025-01-18;C1313;Kärkkäinen Oy;SKU-1008;Laptop Stand Aluminium;Accessories;5;729,51;partner
00003677;2024-05-21;C1300;Hämäläinen Oy;SKU-1004;Mechanical Keyboard;Peripherals;5;1 223,44;online
00003678;2024-01-29;C1385;Søndergaard A/S;SKU-1008;Laptop Stand Aluminium;Accessories;12;592,72;direct
00003679;2024-01-26;C1135;Møller Innredning;SKU-1007;Noise Cancelling Headset;Peripherals;8;2 084,45;retail
00003680;2025-09-03;C1227;Hämäläinen Oy;SKU-1008;Laptop Stand Aluminium;Accessories;7;559,46;online
00003681;2024-07-31;C1333;Rødvig Møbler;SKU-1005;27in 4K Monitor;Displays;2;4 628,15;retail
00003682;2024-02-17;C1292;Kärkkäinen Oy;SKU-1010;Desk Lamp LED;Furniture;10;447,04;retail
00003683;2024-06-02;C1123;Mäkinen Toimisto;SKU-1007;Noise Cancelling Headset;Peripherals;6;2 242,36;partner
00003684;2024-12-07;C1335;Jyllands Inventar;SKU-1006;USB-C Dock;Accessories;4;1 990,76;partner
00003685;2025-11-24;C1066;Jyllands Inventar;SKU-1004;Mechanical Keyboard;Peripherals;6;1 292,76;direct
00003686;2024-01-14;C1018;Kärkkäinen Oy;SKU-1001;Ergonomic Desk Chair;Furniture;11;2 699,12;direct
00003687;2024-09-08;C1157;Hämäläinen Oy;SKU-1001;Ergonomic Desk Chair;Furniture;10;2 090,50;
00003688;2025-05-28;C1290;Dansk Kontormiljø;SKU-1002;Standing Desk 140cm;Furniture;2;5 614,00;partner
00003689;2024-11-21;C1257;Rødvig Møbler;SKU-1002;Standing Desk 140cm;Furniture;2;5 485,24;direct
00003690;2024-11-09;C1240;Uppsala Interiör;SKU-1005;27in 4K Monitor;Displays;7;4 057,43;direct
00003691;2025-06-07;C1249;Lindqvist AB;SKU-1002;Standing Desk 140cm;Furniture;9;5 430,74;partner
00003692;2025-10-28;C1400;Dansk Kontormiljø;SKU-1008;Laptop Stand Aluminium;Accessories;12;620,78;online
00003693;2025-01-12;C1206;Väisänen Kaluste;SKU-1010;Desk Lamp LED;Furniture;1;553,07;partner
00003694;2024-06-17;C1359;Søndergaard A/S;SKU-1001;Ergonomic Desk Chair;Furniture;9;2 088,82;online
00003695;2025-05-23;C1216;Mäkinen Toimisto;SKU-1001;Ergonomic Desk Chair;Furniture;12;2 547,15;retail
00003696;2025-09-30;C1273;Jyllands Inventar;SKU-1006;USB-C Dock;Accessories;5;1 844,71;online
00003697;2024-08-09;C1045;Dansk Kontormiljø;SKU-1003;Monitor Arm Dual;Accessories;2;851,17;
00003698;2024-09-06;C1109;Bergström & Söner;SKU-1001;Ergonomic Desk Chair;Furniture;5;2 364,77;partner
00003699;2024-09-24;C1233;Mäkinen Toimisto;SKU-1008;Laptop Stand Aluminium;Accessories;12;609,20;partner
00003700;2024-10-15;C1052;Lindqvist AB;SKU-1003;Monitor Arm Dual;Accessories;1;918,22;online
00003701;2024-12-31;C1042;Jyllands Inventar;SKU-1004;Mechanical Keyboard;Peripherals;9;1 055,35;direct
00003702;2024-04-02;C1104;Hämäläinen Oy;SKU-1005;27in 4K Monitor;Displays;8;3 778,21;retail
00003703;2025-06-10;C1191;Rødvig Møbler;SKU-1009;Webcam 1080p;Peripherals;11;696,08;partner
00003704;2024-08-03;C1318;Hämäläinen Oy;SKU-1007;Noise Cancelling Headset;Peripherals;6;1 834,48;online
00003705;2025-09-29;C1317;Nordström Handel;SKU-1002;Standing Desk 140cm;Furniture;8;4 931,47;partner
00003706;2025-01-19;C1169;Hämäläinen Oy;SKU-1002;Standing Desk 140cm;Furniture;3;5 284,24;retail
00003707;2024-08-08;C1275;Rødvig Møbler;SKU-1007;Noise Cancelling Headset;Peripherals;8;2 176,13;retail
00003708;2025-08-08;C1046;Nordström Handel;SKU-1010;Desk Lamp LED;Furniture;4;560,90;retail
00003709;2025-01-29;C1096;Kärkkäinen Oy;SKU-1004;Mechanical Keyboard;Peripherals;9;1 066,58;online
00003710;2025-12-06;C1311;Hämäläinen Oy;SKU-1010;Desk Lamp LED;Furniture;3;466,49;direct
00003711;2024-04-14;C1088;Bergström & Söner;SKU-1004;Mechanical Keyboard;Peripherals;1;1 231,25;partner
00003712;2024-03-30;C1151;Dansk Kontormiljø;SKU-1003;Monitor Arm Dual;Accessories;8;835,32;retail
00003713;2024-12-30;C1185;Rødvig Møbler;SKU-1004;Mechanical Keyboard;Peripherals;4;1 282,02;retail
00003714;2024-11-10;C1151;Lindqvist AB;SKU-1002;Standing Desk 140cm;Furniture;6;4 716,10;direct
00003715;2024-02-18;C1315;Jyllands Inventar;SKU-1008;Laptop Stand Aluminium;Accessories;9;680,74;partner
00003716;2024-11-23;C1233;Jyllands Inventar;SKU-1010;Desk Lamp LED;Furniture;9;561,82;direct
00003717;2024-11-06;C1061;Kjærstad Utstyr;SKU-1004;Mechanical Keyboard;Peripherals;12;1 089,81;retail
00003718;2025-09-04;C1136;Väisänen Kaluste;SKU-1003;Monitor Arm Dual;Accessories;7;985,50;online
00003719;2025-09-24;C1375;Ålesund Kontor;SKU-1001;Ergonomic Desk Chair;Furniture;7;2 099,06;retail
00003720;2025-10-18;C1194;Bergström & Söner;SKU-1007;Noise Cancelling Headset;Peripherals;2;2 256,37;retail
00003721;2024-06-12;C1340;Kärkkäinen Oy;SKU-1001;Ergonomic Desk Chair;Furniture;12;2 498,24;online
00003722;2025-05-30;C1064;Møller Innredning;SKU-1002;Standing Desk 140cm;Furniture;7;5 071,15;retail
00003723;2025-10-27;C1400;Dansk Kontormiljø;SKU-1008;Laptop Stand Aluminium;Accessories;6;621,20;direct
00003724;2025-05-23;C1293;Bergström & Söner;SKU-1003;Monitor Arm Dual;Accessories;1;925,09;retail
00003725;2025-10-11;C1324;Hämäläinen Oy;SKU-1001;Ergonomic Desk Chair;Furniture;6;2 140,19;direct
00003726;2025-12-21;C1103;Kjærstad Utstyr;SKU-1003;Monitor Arm Dual;Accessories;3;878,22;online
00003727;2024-09-30;C1286;Väisänen Kaluste;SKU-1001;Ergonomic Desk Chair;Furniture;1;2 515,93;direct
00003728;2024-05-05;C1074;Hämäläinen Oy;SKU-1003;Monitor Arm Dual;Accessories;5;905,09;retail
00003729;2024-02-15;C1169;Lindqvist AB;SKU-1005;27in 4K Monitor;Displays;6;4 580,21;online
00003730;2025-07-19;C1014;Kjærstad Utstyr;SKU-1009;Webcam 1080p;Peripherals;-2;673,28;online
00003731;2024-11-03;C1244;Kärkkäinen Oy;SKU-1005;27in 4K Monitor;Displays;1;4 117,61;direct
00003732;2024-02-12;C1367;Lindqvist AB;SKU-1007;Noise Cancelling Headset;Peripherals;12;2 393,60;partner
00003733;2025-06-01;C1169;Jyllands Inventar;SKU-1002;Standing Desk 140cm;Furniture;11;5 556,74;direct
00003734;2024-12-03;C1321;Hämäläinen Oy;SKU-1005;27in 4K Monitor;Displays;4;4 816,75;direct
00003735;2025-06-04;C1261;Uppsala Interiör;SKU-1003;Monitor Arm Dual;Accessories;4;887,90;direct
00003736;2025-09-20;C1319;Søndergaard A/S;SKU-1006;USB-C Dock;Accessories;7;1 965,94;retail
00003737;2025-10-24;C1065;Møller Innredning;SKU-1004;Mechanical Keyboard;Peripherals;7;995,60;retail
00003738;2025-07-23;C1195;Lindqvist AB;SKU-1002;Standing Desk 140cm;Furniture;2;5 774,29;partner
00003739;2024-03-22;C1385;Lindqvist AB;SKU-1008;Laptop Stand Aluminium;Accessories;10;688,62;online
00003740;2024-09-19;C1266;Väisänen Kaluste;SKU-1009;Webcam 1080p;Peripherals;1;691,37;online
00003741;2024-11-11;C1037;Ålesund Kontor;SKU-1009;Webcam 1080p;Peripherals;3;796,27;partner
00003742;2024-08-26;C1157;Uppsala Interiör;SKU-1008;Laptop Stand Aluminium;Accessories;10;727,75;online
00003743;2025-02-22;C1242;Rødvig Møbler;SKU-1009;Webcam 1080p;Peripherals;4;869,55;retail
00003744;2025-02-07;C1252;Lindqvist AB;SKU-1010;Desk Lamp LED;Furniture;6;461,67;partner
00003745;2025-02-27;C1169;Dansk Kontormiljø;SKU-1009;Webcam 1080p;Peripherals;9;809,67;online
00003746;2025-11-09;C1273;Kjærstad Utstyr;SKU-1010;Desk Lamp LED;Furniture;3;545,51;online
00003747;2024-04-23;C1269;Rødvig Møbler;SKU-1009;Webcam 1080p;Peripherals;3;873,85;online
00003748;2025-06-06;C1263;Väisänen Kaluste;SKU-1004;Mechanical Keyboard;Peripherals;6;1 128,19;direct
00003749;2025-03-08;C1248;Jyllands Inventar;SKU-1009;Webcam 1080p;Peripherals;12;883,46;direct
00003750;2024-11-27;C1282;Søndergaard A/S;SKU-1009;Webcam 1080p;Peripherals;1;756,42;direct
00003751;2025-08-11;C1243;Väisänen Kaluste;SKU-1005;27in 4K Monitor;Displays;12;4 074,84;online
00003752;2025-05-04;C1165;Hämäläinen Oy;SKU-1002;Standing Desk 140cm;Furniture;4;4 733,04;partner
00003753;2025-09-29;C1250;Kärkkäinen Oy;SKU-1010;Desk Lamp LED;Furniture;11;520,46;direct
00003754;2025-10-13;C1149;Dansk Kontormiljø;SKU-1005;27in 4K Monitor;Displays;2;3 738,04;online
00003755;2025-10-29;C1060;Trondheim Utstyr;SKU-1007;Noise Cancelling Headset;Peripherals;8;1 860,79;direct
00003756;2024-12-30;C1162;Bergström & Söner;SKU-1005;27in 4K Monitor;Displays;6;4 445,94;partner
00003757;2025-03-27;C1271;Jyllands Inventar;SKU-1007;Noise Cancelling Headset;Peripherals;5;2 170,17;online
00003758;2025-05-31;C1094;Nordström Handel;SKU-1001;Ergonomic Desk Chair;Furniture;1;2 188,71;retail
00003759;2024-12-01;C1294;Trondheim Utstyr;SKU-1007;Noise Cancelling Headset;Peripherals;4;1 839,09;online
00003760;2025-07-08;C1381;Rødvig Møbler;SKU-1003;Monitor Arm Dual;Accessories;5;896,49;partner
00003761;2024-02-19;C1290;Kärkkäinen Oy;SKU-1010;Desk Lamp LED;Furniture;3;505,99;direct
00003762;2024-02-04;C1140;Lindqvist AB;SKU-1001;Ergonomic Desk Chair;Furniture;2;2 669,46;online
00003763;2024-12-07;C1112;Uppsala Interiör;SKU-1004;Mechanical Keyboard;Peripherals;5;1 002,34;online
00003764;2025-05-12;C1053;Hämäläinen Oy;SKU-1006;USB-C Dock;Accessories;9;2 005,55;partner
00003765;2024-09-07;C1299;Møller Innredning;SKU-1005;27in 4K Monitor;Displays;5;3 675,35;direct
00003766;2024-09-30;C1382;Dansk Kontormiljø;SKU-1001;Ergonomic Desk Chair;Furniture;10;2 388,88;online
00003767;2024-07-30;C1202;Mäkinen Toimisto;SKU-1008;Laptop Stand Aluminium;Accessories;3;607,89;retail
00003768;2024-12-23;C1209;Uppsala Interiör;SKU-1002;Standing Desk 140cm;Furniture;10;5 528,53;online
00003769;2024-03-28;C1182;Väisänen Kaluste;SKU-1009;Webcam 1080p;Peripherals;6;702,95;online
00003770;2025-04-09;C1174;Väisänen Kaluste;SKU-1009;Webcam 1080p;Peripherals;4;820,62;online
00003771;2024-08-10;C1310;Hämäläinen Oy;SKU-1002;Standing Desk 140cm;Furniture;3;5 070,18;direct
00003772;2025-02-08;C1001;Uppsala Interiör;SKU-1008;Laptop Stand Aluminium;Accessories;11;599,41;retail
00003773;2025-07-30;C1356;Ålesund Kontor;SKU-1008;Laptop Stand Aluminium;Accessories;6;694,01;retail
00003774;2025-08-09;C1346;Kärkkäinen Oy;SKU-1008;Laptop Stand Aluminium;Accessories;8;557,16;partner
00003775;2024-07-29;C1344;Ålesund Kontor;SKU-1002;Standing Desk 140cm;Furniture;5;4 677,73;direct
00003776;2025-11-20;C1389;Søndergaard A/S;SKU-1005;27in 4K Monitor;Displays;10;4 325,82;partner
00003777;2024-12-24;C1194;Väisänen Kaluste;SKU-1010;Desk Lamp LED;Furniture;8;511,41;retail
00003778;2025-09-19;C1134;Rødvig Møbler;SKU-1008;Laptop Stand Aluminium;Accessories;1;602,17;partner
00003779;2024-04-14;C1172;Jyllands Inventar;SKU-1004;Mechanical Keyboard;Peripherals;7;1 204,25;online
00003780;2025-09-19;C1027;Trondheim Utstyr;SKU-1003;Monitor Arm Dual;Accessories;-3;827,42;direct
00003781;2025-01-03;C1303;Uppsala Interiör;SKU-1004;Mechanical Keyboard;Peripherals;5;1 096,79;direct
00003782;2024-12-07;C1329;Kärkkäinen Oy;SKU-1002;Standing Desk 140cm;Furniture;1;4 591,27;direct
00003783;2024-09-26;C1123;Bergström & Söner;SKU-1008;Laptop Stand Aluminium;Accessories;4;662,00;partner
00003784;2025-01-09;C1239;Väisänen Kaluste;SKU-1009;Webcam 1080p;Peripherals;8;745,46;direct
00003785;2025-10-11;C1249;Mäkinen Toimisto;SKU-1005;27in 4K Monitor;Displays;2;4 003,77;retail
00003786;2025-04-23;C1109;Väisänen Kaluste;SKU-1007;Noise Cancelling Headset;Peripherals;9;2 193,68;online
00003787;2024-12-23;C1282;Lindqvist AB;SKU-1004;Mechanical Keyboard;Peripherals;3;1 311,02;partner
00003788;2025-01-05;C1256;Ålesund Kontor;SKU-1008;Laptop Stand Aluminium;Accessories;12;703,91;direct
00003789;2025-06-27;C1395;Kärkkäinen Oy;SKU-1007;Noise Cancelling Headset;Peripherals;1;2 350,69;
00003790;2025-11-01;C1326;Mäkinen Toimisto;SKU-1004;Mechanical Keyboard;Peripherals;7;1 051,12;direct
00003791;2025-08-30;C1227;Ålesund Kontor;SKU-1001;Ergonomic Desk Chair;Furniture;-1;2 221,17;partner
00003792;2025-12-11;C1125;Mäkinen Toimisto;SKU-1008;Laptop Stand Aluminium;Accessories;11;682,31;retail
00003793;2024-02-12;C1265;Rødvig Møbler;SKU-1009;Webcam 1080p;Peripherals;6;796,83;direct
00003794;2024-05-05;C1236;Lindqvist AB;SKU-1005;27in 4K Monitor;Displays;6;4 174,12;online
00003795;2024-12-22;C1315;Lindqvist AB;SKU-1010;Desk Lamp LED;Furniture;7;454,14;retail
00003796;2025-04-16;C1293;Kärkkäinen Oy;SKU-1002;Standing Desk 140cm;Furniture;8;5 886,58;retail
00003797;2025-06-25;C1160;Väisänen Kaluste;SKU-1008;Laptop Stand Aluminium;Accessories;9;658,70;retail
00003798;2025-01-08;C1296;Søndergaard A/S;SKU-1007;Noise Cancelling Headset;Peripherals;12;2 257,03;direct
00003799;2024-07-21;C1219;Trondheim Utstyr;SKU-1008;Laptop Stand Aluminium;Accessories;7;611,76;online
00003800;2025-08-31;C1208;Nordström Handel;SKU-1006;USB-C Dock;Accessories;11;1 856,70;direct
00003801;2024-08-07;C1138;Bergström & Söner;SKU-1001;Ergonomic Desk Chair;Furniture;8;2 424,46;online
00003802;2025-09-18;C1003;Bergström & Söner;SKU-1004;Mechanical Keyboard;Peripherals;6;1 237,38;partner
00003803;2024-11-13;C1084;Trondheim Utstyr;SKU-1004;Mechanical Keyboard;Peripherals;1;1 291,72;partner
00003804;2024-08-18;C1160;Trondheim Utstyr;SKU-1010;Desk Lamp LED;Furniture;4;574,77;direct
00003805;2024-01-23;C1100;Lindqvist AB;SKU-1008;Laptop Stand Aluminium;Accessories;2;595,46;retail
00003806;2025-10-05;C1223;Hämäläinen Oy;SKU-1008;Laptop Stand Aluminium;Accessories;11;698,48;
00003807;2024-12-16;C1092;Jyllands Inventar;SKU-1007;Noise Cancelling Headset;Peripherals;1;2 398,81;online
00003808;2024-03-10;C1072;Dansk Kontormiljø;SKU-1008;Laptop Stand Aluminium;Accessories;10;679,85;direct
00003809;2024-05-11;C1100;Kjærstad Utstyr;SKU-1010;Desk Lamp LED;Furniture;2;461,70;retail
00003810;2024-06-11;C1193;Bergström & Söner;SKU-1005;27in 4K Monitor;Displays;11;4 070,73;retail
00003811;2024-05-30;C1170;Mäkinen Toimisto;SKU-1010;Desk Lamp LED;Furniture;8;527,26;direct
00003812;2024-10-06;C1193;Hämäläinen Oy;SKU-1006;USB-C Dock;Accessories;8;1 817,82;online
00003813;2024-10-20;C1039;Ålesund Kontor;SKU-1003;Monitor Arm Dual;Accessories;6;841,15;retail
00003814;2024-12-16;C1043;Rødvig Møbler;SKU-1009;Webcam 1080p;Peripherals;11;874,79;direct
00003815;2024-12-12;C1073;Nordström Handel;SKU-1008;Laptop Stand Aluminium;Accessories;4;547,51;online
00003816;2025-08-30;C1110;Uppsala Interiör;SKU-1009;Webcam 1080p;Peripherals;11;686,46;direct
00003817;2024-10-13;C1254;Bergström & Söner;SKU-1009;Webcam 1080p;Peripherals;5;788,67;partner
00003818;2024-03-17;C1133;Søndergaard A/S;SKU-1007;Noise Cancelling Headset;Peripherals;11;1 802,58;online
00003819;2024-04-09;C1056;Kjærstad Utstyr;SKU-1004;Mechanical Keyboard;Peripherals;6;998,08;direct
00003820;2024-07-19;C1000;Trondheim Utstyr;SKU-1003;Monitor Arm Dual;Accessories;9;860,41;
00003821;2025-08-09;C1005;Jyllands Inventar;SKU-1005;27in 4K Monitor;Displays;8;3 714,61;direct
00003822;2025-04-21;C1193;Møller Innredning;SKU-1007;Noise Cancelling Headset;Peripherals;2;1 934,46;partner
00003823;2024-03-08;C1325;Jyllands Inventar;SKU-1001;Ergonomic Desk Chair;Furniture;8;2 387,60;online
00003824;2025-06-20;C1264;Dansk Kontormiljø;SKU-1002;Standing Desk 140cm;Furniture;8;4 859,82;retail
00003825;2024-08-15;C1022;Søndergaard A/S;SKU-1005;27in 4K Monitor;Displays;2;4 704,96;online
00003826;2024-09-19;C1314;Jyllands Inventar;SKU-1007;Noise Cancelling Headset;Peripherals;5;2 286,38;direct
00003827;2024-02-07;C1165;Søndergaard A/S;SKU-1005;27in 4K Monitor;Displays;2;3 762,48;retail
00003828;2025-08-01;C1368;Trondheim Utstyr;SKU-1007;Noise Cancelling Headset;Peripherals;5;2 143,55;retail
00003829;2024-04-27;C1361;Uppsala Interiör;SKU-1004;Mechanical Keyboard;Peripherals;5;1 258,45;retail
00003830;2025-07-26;C1293;Ålesund Kontor;SKU-1002;Standing Desk 140cm;Furniture;9;5 766,87;online
00003831;2024-01-12;C1236;Kärkkäinen Oy;SKU-1007;Noise Cancelling Headset;Peripherals;9;2 031,49;online
00003832;2024-09-11;C1326;Dansk Kontormiljø;SKU-1002;Standing Desk 140cm;Furniture;6;4 524,50;online
00003833;2024-06-27;C1057;Jyllands Inventar;SKU-1006;USB-C Dock;Accessories;3;1 489,31;retail
00003834;2024-10-09;C1263;Lindqvist AB;SKU-1009;Webcam 1080p;Peripherals;12;748,84;online
00003835;2025-07-12;C1118;Mäkinen Toimisto;SKU-1010;Desk Lamp LED;Furniture;4;597,01;online
00003836;2025-04-04;C1122;Väisänen Kaluste;SKU-1010;Desk Lamp LED;Furniture;11;505,69;retail
00003837;2025-08-10;C1111;Hämäläinen Oy;SKU-1008;Laptop Stand Aluminium;Accessories;5;592,71;retail
00003838;2024-03-31;C1077;Søndergaard A/S;SKU-1001;Ergonomic Desk Chair;Furniture;3;2 259,07;online
00003839;2025-10-12;C1298;Trondheim Utstyr;SKU-1002;Standing Desk 140cm;Furniture;10;5 220,63;retail
00003840;2025-04-09;C1051;Trondheim Utstyr;SKU-1004;Mechanical Keyboard;Peripherals;6;1 275,00;direct
00003841;2024-12-19;C1210;Uppsala Interiör;SKU-1002;Standing Desk 140cm;Furniture;8;4 719,90;retail
00003842;2025-12-16;C1195;Lindqvist AB;SKU-1010;Desk Lamp LED;Furniture;5;481,57;partner
00003843;2025-10-11;C1323;Väisänen Kaluste;SKU-1002;Standing Desk 140cm;Furniture;7;5 682,28;online
00003844;2025-07-24;C1232;Dansk Kontormiljø;SKU-1004;Mechanical Keyboard;Peripherals;8;1 066,81;direct
00003845;2025-02-01;C1143;Søndergaard A/S;SKU-1008;Laptop Stand Aluminium;Accessories;11;555,64;partner
00003846;2025-04-10;C1346;Søndergaard A/S;SKU-1006;USB-C Dock;Accessories;11;1 976,39;retail
00003847;2024-09-27;C1297;Jyllands Inventar;SKU-1008;Laptop Stand Aluminium;Accessories;4;587,35;direct
00003848;2024-12-14;C1059;Lindqvist AB;SKU-1006;USB-C Dock;Accessories;8;1 626,11;partner
00003849;2025-08-23;C1155;Uppsala Interiör;SKU-1009;Webcam 1080p;Peripherals;5;863,96;online
00003850;2024-01-21;C1174;Mäkinen Toimisto;SKU-1002;Standing Desk 140cm;Furniture;9;4 957,32;online
00003851;2025-08-20;C1184;Mäkinen Toimisto;SKU-1008;Laptop Stand Aluminium;Accessories;1;693,65;direct
00003852;2025-08-12;C1242;Dansk Kontormiljø;SKU-1007;Noise Cancelling Headset;Peripherals;2;1 817,27;
00003853;2025-03-04;C1174;Uppsala Interiör;SKU-1008;Laptop Stand Aluminium;Accessories;6;686,69;online
00003854;2025-01-31;C1349;Rødvig Møbler;SKU-1009;Webcam 1080p;Peripherals;10;698,50;partner
00003855;2024-01-26;C1388;Rødvig Møbler;SKU-1009;Webcam 1080p;Peripherals;6;894,42;retail
00003856;2025-06-25;C1178;Jyllands Inventar;SKU-1010;Desk Lamp LED;Furniture;9;548,90;retail
00003857;2024-07-05;C1332;Jyllands Inventar;SKU-1007;Noise Cancelling Headset;Peripherals;7;2 244,22;retail
00003858;2025-07-15;C1243;Nordström Handel;SKU-1004;Mechanical Keyboard;Peripherals;9;1 118,87;direct
00003859;2024-02-11;C1387;Rødvig Møbler;SKU-1008;Laptop Stand Aluminium;Accessories;8;615,92;direct
00003860;2024-07-07;C1381;Uppsala Interiör;SKU-1003;Monitor Arm Dual;Accessories;7;881,57;retail
00003861;2025-01-01;C1063;Møller Innredning;SKU-1002;Standing Desk 140cm;Furniture;1;5 604,49;direct
00003862;2025-07-06;C1334;Kjærstad Utstyr;SKU-1003;Monitor Arm Dual;Accessories;3;765,17;partner
00003863;2024-09-04;C1026;Møller Innredning;SKU-1004;Mechanical Keyboard;Peripherals;3;1 213,62;online
00003864;2025-01-23;C1011;Dansk Kontormiljø;SKU-1010;Desk Lamp LED;Furniture;10;481,35;retail
00003865;2024-08-20;C1348;Lindqvist AB;SKU-1007;Noise Cancelling Headset;Peripherals;10;1 947,91;direct
00003866;2025-03-24;C1275;Dansk Kontormiljø;SKU-1010;Desk Lamp LED;Furniture;6;471,75;partner
00003867;2024-12-17;C1124;Trondheim Utstyr;SKU-1003;Monitor Arm Dual;Accessories;10;792,96;retail
00003868;2025-06-27;C1284;Väisänen Kaluste;SKU-1001;Ergonomic Desk Chair;Furniture;7;2 230,73;partner
00003869;2024-04-19;C1059;Lindqvist AB;SKU-1009;Webcam 1080p;Peripherals;8;742,71;partner
00003870;2024-05-26;C1271;Lindqvist AB;SKU-1003;Monitor Arm Dual;Accessories;6;839,54;partner
00003871;2024-05-15;C1186;Väisänen Kaluste;SKU-1004;Mechanical Keyboard;Peripherals;8;1 320,21;retail
00003872;2025-07-17;C1271;Uppsala Interiör;SKU-1008;Laptop Stand Aluminium;Accessories;9;726,63;direct
00003873;2025-08-27;C1066;Kjærstad Utstyr;SKU-1001;Ergonomic Desk Chair;Furniture;11;2 204,65;retail
00003874;2024-04-05;C1318;Väisänen Kaluste;SKU-1004;Mechanical Keyboard;Peripherals;2;989,29;direct
00003875;2025-11-08;C1067;Trondheim Utstyr;SKU-1007;Noise Cancelling Headset;Peripherals;4;2 273,68;direct
00003876;2025-12-17;C1039;Kärkkäinen Oy;SKU-1003;Monitor Arm Dual;Accessories;9;977,14;online
00003877;2025-08-13;C1057;Trondheim Utstyr;SKU-1005;27in 4K Monitor;Displays;10;4 182,21;direct
00003878;2024-07-18;C1389;Kjærstad Utstyr;SKU-1005;27in 4K Monitor;Displays;5;3 665,76;retail
00003879;2024-07-02;C1269;Trondheim Utstyr;SKU-1008;Laptop Stand Aluminium;Accessories;-1;678,70;partner
00003880;2024-05-30;C1348;Kjærstad Utstyr;SKU-1006;USB-C Dock;Accessories;11;1 980,47;retail
00003881;2025-01-10;C1139;Bergström & Söner;SKU-1002;Standing Desk 140cm;Furniture;12;4 982,93;direct
00003882;2025-12-13;C1034;Nordström Handel;SKU-1005;27in 4K Monitor;Displays;9;3 832,36;partner
00003883;2025-10-27;C1378;Lindqvist AB;SKU-1007;Noise Cancelling Headset;Peripherals;7;2 078,87;retail
00003884;2025-04-03;C1129;Kärkkäinen Oy;SKU-1006;USB-C Dock;Accessories;3;1 844,79;online
00003885;2025-05-07;C1273;Väisänen Kaluste;SKU-1001;Ergonomic Desk Chair;Furniture;4;2 326,73;partner
00003886;2025-01-16;C1259;Trondheim Utstyr;SKU-1009;Webcam 1080p;Peripherals;4;797,05;online
00003887;2025-12-25;C1329;Lindqvist AB;SKU-1004;Mechanical Keyboard;Peripherals;12;1 114,77;direct
00003888;2025-08-31;C1078;Søndergaard A/S;SKU-1001;Ergonomic Desk Chair;Furniture;2;2 281,61;online
00003889;2025-06-28;C1175;Ålesund Kontor;SKU-1007;Noise Cancelling Headset;Peripherals;8;2 252,16;direct
00003890;2025-08-02;C1221;Trondheim Utstyr;SKU-1001;Ergonomic Desk Chair;Furniture;2;2 560,10;direct
00003891;2025-08-08;C1066;Nordström Handel;SKU-1003;Monitor Arm Dual;Accessories;1;850,06;retail
00003892;2024-05-09;C1121;Søndergaard A/S;SKU-1009;Webcam 1080p;Peripherals;3;831,68;online
00003893;2025-08-12;C1331;Rødvig Møbler;SKU-1010;Desk Lamp LED;Furniture;8;571,69;direct
00003894;2024-04-15;C1175;Hämäläinen Oy;SKU-1010;Desk Lamp LED;Furniture;6;534,57;partner
00003895;2025-09-10;C1330;Uppsala Interiör;SKU-1002;Standing Desk 140cm;Furniture;2;4 749,18;retail
00003896;2025-04-22;C1171;Uppsala Interiör;SKU-1005;27in 4K Monitor;Displays;10;3 680,02;partner
00003897;2025-04-23;C1121;Jyllands Inventar;SKU-1002;Standing Desk 140cm;Furniture;5;4 886,48;online
00003898;2025-07-12;C1121;Bergström & Söner;SKU-1007;Noise Cancelling Headset;Peripherals;3;1 835,23;online
00003899;2025-04-26;C1372;Uppsala Interiör;SKU-1005;27in 4K Monitor;Displays;11;4 914,98;online
00003900;2024-09-21;C1152;Rødvig Møbler;SKU-1007;Noise Cancelling Headset;Peripherals;12;2 087,41;partner
00003901;2025-09-29;C1236;Trondheim Utstyr;SKU-1004;Mechanical Keyboard;Peripherals;11;1 274,18;online
00003902;2025-02-19;C1385;Mäkinen Toimisto;SKU-1010;Desk Lamp LED;Furniture;7;459,21;online
00003903;2025-09-20;C1292;Nordström Handel;SKU-1009;Webcam 1080p;Peripherals;11;858,37;online
00003904;2024-05-08;C1150;Trondheim Utstyr;SKU-1005;27in 4K Monitor;Displays;9;4 481,51;direct
00003905;2024-10-20;C1004;Bergström & Söner;SKU-1001;Ergonomic Desk Chair;Furniture;11;2 075,88;direct
00003906;2024-10-21;C1085;Dansk Kontormiljø;SKU-1006;USB-C Dock;Accessories;8;1 705,48;direct
00003907;2024-02-03;C1113;Jyllands Inventar;SKU-1003;Monitor Arm Dual;Accessories;3;915,07;online
00003908;2024-10-01;C1322;Nordström Handel;SKU-1001;Ergonomic Desk Chair;Furniture;10;2 556,84;retail
00003909;2025-12-28;C1058;Uppsala Interiör;SKU-1006;USB-C Dock;Accessories;3;1 544,58;online
00003910;2025-05-18;C1168;Jyllands Inventar;SKU-1003;Monitor Arm Dual;Accessories;7;774,08;retail
00003911;2025-09-17;C1114;Rødvig Møbler;SKU-1001;Ergonomic Desk Chair;Furniture;11;2 231,44;partner
00003912;2024-11-09;C1083;Kjærstad Utstyr;SKU-1010;Desk Lamp LED;Furniture;9;484,57;online
00003913;2025-12-11;C1246;Trondheim Utstyr;SKU-1006;USB-C Dock;Accessories;10;1 705,61;retail
00003914;2024-06-21;C1085;Jyllands Inventar;SKU-1006;USB-C Dock;Accessories;4;1 497,94;online
00003915;2024-11-28;C1005;Nordström Handel;SKU-1005;27in 4K Monitor;Displays;8;3 959,80;online
00003916;2025-12-21;C1325;Nordström Handel;SKU-1003;Monitor Arm Dual;Accessories;10;909,93;direct
00003917;2025-10-22;C1159;Mäkinen Toimisto;SKU-1005;27in 4K Monitor;Displays;8;4 770,42;online
00003918;2025-12-23;C1166;Väisänen Kaluste;SKU-1008;Laptop Stand Aluminium;Accessories;9;705,67;
00003919;2024-09-11;C1063;Dansk Kontormiljø;SKU-1001;Ergonomic Desk Chair;Furniture;12;2 166,75;direct
00003920;2025-03-19;C1226;Hämäläinen Oy;SKU-1010;Desk Lamp LED;Furniture;3;558,99;partner
00003921;2024-08-24;C1350;Dansk Kontormiljø;SKU-1010;Desk Lamp LED;Furniture;4;489,70;retail
00003922;2025-11-18;C1302;Kjærstad Utstyr;SKU-1005;27in 4K Monitor;Displays;6;4 608,75;partner
00003923;2024-12-08;C1233;Rødvig Møbler;SKU-1003;Monitor Arm Dual;Accessories;9;941,77;online
00003924;2025-05-07;C1119;Kärkkäinen Oy;SKU-1009;Webcam 1080p;Peripherals;2;720,63;partner
00003925;2024-02-21;C1092;Søndergaard A/S;SKU-1004;Mechanical Keyboard;Peripherals;11;1 211,83;direct
00003926;2025-05-02;C1129;Lindqvist AB;SKU-1005;27in 4K Monitor;Displays;2;3 851,76;partner
00003927;2024-09-04;C1117;Hämäläinen Oy;SKU-1004;Mechanical Keyboard;Peripherals;12;1 031,76;retail
00003928;2024-05-15;C1167;Ålesund Kontor;SKU-1006;USB-C Dock;Accessories;2;1 553,39;retail
00003929;2024-11-28;C1273;Trondheim Utstyr;SKU-1008;Laptop Stand Aluminium;Accessories;12;725,86;retail
00003930;2024-10-06;C1077;Møller Innredning;SKU-1010;Desk Lamp LED;Furniture;5;550,93;partner
00003931;2025-09-27;C1080;Hämäläinen Oy;SKU-1006;USB-C Dock;Accessories;7;1 528,82;partner
00003932;2024-02-06;C1248;Bergström & Söner;SKU-1002;Standing Desk 140cm;Furniture;3;5 216,68;retail
00003933;2024-01-22;C1178;Søndergaard A/S;SKU-1004;Mechanical Keyboard;Peripherals;12;1 096,61;partner
00003934;2025-09-23;C1365;Trondheim Utstyr;SKU-1010;Desk Lamp LED;Furniture;5;593,96;retail
00003935;2025-01-01;C1254;Ålesund Kontor;SKU-1006;USB-C Dock;Accessories;12;1 884,64;direct
00003936;2025-10-27;C1067;Kärkkäinen Oy;SKU-1007;Noise Cancelling Headset;Peripherals;4;2 109,41;direct
00003937;2025-02-24;C1068;Bergström & Söner;SKU-1004;Mechanical Keyboard;Peripherals;1;1 126,05;partner
00003938;2024-01-01;C1234;Jyllands Inventar;SKU-1007;Noise Cancelling Headset;Peripherals;4;1 790,83;retail
00003939;2025-09-13;C1287;Dansk Kontormiljø;SKU-1006;USB-C Dock;Accessories;1;1 516,24;partner
00003940;2024-11-09;C1097;Rødvig Møbler;SKU-1007;Noise Cancelling Headset;Peripherals;10;2 337,68;direct
00003941;2024-02-08;C1055;Nordström Handel;SKU-1001;Ergonomic Desk Chair;Furniture;9;2 591,13;retail
00003942;2024-08-09;C1307;Møller Innredning;SKU-1005;27in 4K Monitor;Displays;7;4 750,96;direct
00003943;2025-08-31;C1106;Nordström Handel;SKU-1009;Webcam 1080p;Peripherals;9;685,97;partner
00003944;2025-07-22;C1267;Ålesund Kontor;SKU-1007;Noise Cancelling Headset;Peripherals;11;2 376,11;
00003945;2024-03-31;C1270;Hämäläinen Oy;SKU-1009;Webcam 1080p;Peripherals;8;834,72;direct
00003946;2025-11-07;C1302;Dansk Kontormiljø;SKU-1010;Desk Lamp LED;Furniture;1;539,92;partner
00003947;2025-05-05;C1090;Nordström Handel;SKU-1007;Noise Cancelling Headset;Peripherals;9;1 886,00;retail
00003948;2024-01-02;C1370;Ålesund Kontor;SKU-1008;Laptop Stand Aluminium;Accessories;3;574,07;partner
00003949;2024-12-26;C1215;Mäkinen Toimisto;SKU-1008;Laptop Stand Aluminium;Accessories;3;631,96;retail
00003950;2024-01-30;C1273;Søndergaard A/S;SKU-1008;Laptop Stand Aluminium;Accessories;9;683,09;retail
00003951;2025-09-04;C1299;Hämäläinen Oy;SKU-1007;Noise Cancelling Headset;Peripherals;10;2 342,11;retail
00003952;2024-07-28;C1210;Uppsala Interiör;SKU-1005;27in 4K Monitor;Displays;6;4 438,76;retail
00003953;2025-03-21;C1194;Jyllands Inventar;SKU-1005;27in 4K Monitor;Displays;7;4 382,95;direct
00003954;2025-05-18;C1051;Bergström & Söner;SKU-1006;USB-C Dock;Accessories;2;1 664,75;direct
00003955;2025-09-14;C1187;Dansk Kontormiljø;SKU-1005;27in 4K Monitor;Displays;6;4 107,91;online
00003956;2024-02-19;C1320;Uppsala Interiör;SKU-1005;27in 4K Monitor;Displays;4;3 770,33;online
00003957;2025-06-25;C1177;Jyllands Inventar;SKU-1010;Desk Lamp LED;Furniture;-1;463,01;partner
00003958;2025-05-08;C1123;Lindqvist AB;SKU-1004;Mechanical Keyboard;Peripherals;4;1 220,21;online
00003959;2024-04-20;C1303;Kjærstad Utstyr;SKU-1002;Standing Desk 140cm;Furniture;7;5 289,25;direct
00003960;2024-06-06;C1006;Ålesund Kontor;SKU-1002;Standing Desk 140cm;Furniture;6;5 169,56;online
00003961;2024-10-24;C1172;Väisänen Kaluste;SKU-1005;27in 4K Monitor;Displays;11;4 885,58;retail
00003962;2025-06-03;C1381;Nordström Handel;SKU-1001;Ergonomic Desk Chair;Furniture;6;2 754,64;online
00003963;2025-06-16;C1261;Trondheim Utstyr;SKU-1010;Desk Lamp LED;Furniture;8;513,49;online
00003964;2024-07-26;C1395;Mäkinen Toimisto;SKU-1005;27in 4K Monitor;Displays;7;3 931,78;online
00003965;2024-01-31;C1297;Bergström & Söner;SKU-1009;Webcam 1080p;Peripherals;4;676,91;partner
00003966;2024-08-19;C1009;Trondheim Utstyr;SKU-1004;Mechanical Keyboard;Peripherals;6;1 083,49;partner
00003967;2025-10-21;C1211;Väisänen Kaluste;SKU-1002;Standing Desk 140cm;Furniture;8;5 303,57;partner
00003968;2025-12-10;C1099;Hämäläinen Oy;SKU-1007;Noise Cancelling Headset;Peripherals;7;2 175,09;retail
00003969;2024-12-10;C1079;Uppsala Interiör;SKU-1009;Webcam 1080p;Peripherals;10;699,68;partner
00003970;2024-05-12;C1114;Mäkinen Toimisto;SKU-1007;Noise Cancelling Headset;Peripherals;-1;1 942,38;retail
00003971;2024-04-14;C1094;Hämäläinen Oy;SKU-1006;USB-C Dock;Accessories;7;1 724,59;retail
00003972;2024-09-25;C1052;Kjærstad Utstyr;SKU-1006;USB-C Dock;Accessories;9;1 510,33;retail
00003973;2025-12-27;C1277;Ålesund Kontor;SKU-1006;USB-C Dock;Accessories;2;1 713,96;online
00003974;2024-10-27;C1394;Kärkkäinen Oy;SKU-1004;Mechanical Keyboard;Peripherals;10;1 159,39;direct
00003975;2024-07-17;C1213;Bergström & Söner;SKU-1010;Desk Lamp LED;Furniture;1;501,53;partner
00003976;2025-07-18;C1144;Mäkinen Toimisto;SKU-1003;Monitor Arm Dual;Accessories;8;842,73;partner
00003977;2024-09-22;C1355;Møller Innredning;SKU-1003;Monitor Arm Dual;Accessories;1;969,90;partner
00003978;2024-03-13;C1125;Uppsala Interiör;SKU-1009;Webcam 1080p;Peripherals;9;707,79;online
00003979;2024-03-16;C1056;Nordström Handel;SKU-1008;Laptop Stand Aluminium;Accessories;2;551,98;online
00003980;2024-05-04;C1134;Ålesund Kontor;SKU-1007;Noise Cancelling Headset;Peripherals;11;2 154,91;online
00003981;2025-04-10;C1400;Bergström & Söner;SKU-1010;Desk Lamp LED;Furniture;-1;445,82;retail
00003982;2024-11-18;C1193;Møller Innredning;SKU-1002;Standing Desk 140cm;Furniture;10;5 380,40;partner
00003983;2024-08-04;C1148;Bergström & Söner;SKU-1008;Laptop Stand Aluminium;Accessories;7;672,46;retail
00003984;2024-03-12;C1264;Ålesund Kontor;SKU-1004;Mechanical Keyboard;Peripherals;5;1 009,67;retail
00003985;2024-12-16;C1043;Søndergaard A/S;SKU-1009;Webcam 1080p;Peripherals;11;665,27;online
00003986;2025-11-15;C1001;Mäkinen Toimisto;SKU-1006;USB-C Dock;Accessories;11;1 946,28;partner
00003987;2025-08-09;C1381;Kärkkäinen Oy;SKU-1008;Laptop Stand Aluminium;Accessories;1;623,50;retail
00003988;2025-05-30;C1234;Rødvig Møbler;SKU-1007;Noise Cancelling Headset;Peripherals;8;2 201,17;retail
00003989;2024-12-28;C1390;Dansk Kontormiljø;SKU-1001;Ergonomic Desk Chair;Furniture;4;2 622,71;partner
00003990;2025-04-13;C1167;Trondheim Utstyr;SKU-1006;USB-C Dock;Accessories;8;1 888,90;partner
00003991;2024-08-07;C1230;Kärkkäinen Oy;SKU-1001;Ergonomic Desk Chair;Furniture;8;2 059,67;partner
00003992;2025-06-21;C1230;Lindqvist AB;SKU-1010;Desk Lamp LED;Furniture;11;585,69;online
00003993;2025-09-21;C1147;Bergström & Söner;SKU-1004;Mechanical Keyboard;Peripherals;10;1 056,42;online
00003994;2024-01-18;C1114;Kjærstad Utstyr;SKU-1007;Noise Cancelling Headset;Peripherals;5;2 310,08;direct
00003995;2025-10-23;C1284;Nordström Handel;SKU-1008;Laptop Stand Aluminium;Accessories;6;556,55;partner
00003996;2024-02-07;C1041;Lindqvist AB;SKU-1008;Laptop Stand Aluminium;Accessories;7;675,61;direct
00003997;2024-11-25;C1115;Dansk Kontormiljø;SKU-1006;USB-C Dock;Accessories;5;1 537,18;retail
00003998;2025-06-17;C1204;Uppsala Interiör;SKU-1007;Noise Cancelling Headset;Peripherals;-2;2 062,71;partner
00003999;2025-06-15;C1302;Kärkkäinen Oy;SKU-1009;Webcam 1080p;Peripherals;7;811,86;partner
00004000;2024-09-09;C1207;Ålesund Kontor;SKU-1009;Webcam 1080p;Peripherals;2;873,17;retail
00004001;2024-03-14;C1227;Trondheim Utstyr;SKU-1001;Ergonomic Desk Chair;Furniture;8;2 042,83;online
00004002;2024-07-21;C1103;Nordström Handel;SKU-1008;Laptop Stand Aluminium;Accessories;6;603,51;direct
00004003;2025-03-28;C1054;Jyllands Inventar;SKU-1009;Webcam 1080p;Peripherals;2;870,08;retail
00004004;2024-04-05;C1137;Mäkinen Toimisto;SKU-1001;Ergonomic Desk Chair;Furniture;5;2 162,56;partner
00004005;2025-04-03;C1143;Søndergaard A/S;SKU-1002;Standing Desk 140cm;Furniture;6;5 343,39;online
00004006;2025-08-01;C1373;Jyllands Inventar;SKU-1004;Mechanical Keyboard;Peripherals;11;1 082,05;partner
00004007;2025-05-06;C1397;Lindqvist AB;SKU-1006;USB-C Dock;Accessories;3;2 004,96;online
00004008;2024-02-26;C1159;Kjærstad Utstyr;SKU-1004;Mechanical Keyboard;Peripherals;6;977,94;direct
00004009;2024-04-24;C1378;Trondheim Utstyr;SKU-1007;Noise Cancelling Headset;Peripherals;6;2 028,13;direct
00004010;2025-08-04;C1155;Jyllands Inventar;SKU-1004;Mechanical Keyboard;Peripherals;2;1 052,18;online
00004011;2024-07-19;C1382;Hämäläinen Oy;SKU-1005;27in 4K Monitor;Displays;9;4 587,38;direct
00004012;2025-05-05;C1337;Dansk Kontormiljø;SKU-1006;USB-C Dock;Accessories;11;1 813,91;direct
00004013;2024-09-04;C1140;Rødvig Møbler;SKU-1002;Standing Desk 140cm;Furniture;5;5 966,01;retail
00004014;2025-03-16;C1003;Hämäläinen Oy;SKU-1008;Laptop Stand Aluminium;Accessories;10;723,95;partner
00004015;2024-11-23;C1236;Møller Innredning;SKU-1009;Webcam 1080p;Peripherals;11;867,21;retail
00004016;2025-12-15;C1300;Rødvig Møbler;SKU-1002;Standing Desk 140cm;Furniture;7;4 458,22;partner
00004017;2025-08-29;C1273;Uppsala Interiör;SKU-1005;27in 4K Monitor;Displays;7;3 924,13;retail
00004018;2024-12-01;C1184;Trondheim Utstyr;SKU-1002;Standing Desk 140cm;Furniture;5;5 400,29;retail
00004019;2024-05-15;C1243;Ålesund Kontor;SKU-1004;Mechanical Keyboard;Peripherals;10;1 063,94;direct
00004020;2024-11-25;C1064;Nordström Handel;SKU-1007;Noise Cancelling Headset;Peripherals;12;1 880,08;partner
00004021;2024-02-24;C1003;Nordström Handel;SKU-1001;Ergonomic Desk Chair;Furniture;10;2 320,39;retail
00004022;2024-11-30;C1217;Bergström & Söner;SKU-1002;Standing Desk 140cm;Furniture;11;4 506,40;direct
00004023;2024-09-15;C1394;Bergström & Söner;SKU-1002;Standing Desk 140cm;Furniture;10;5 296,48;online
00004024;2025-06-08;C1071;Rødvig Møbler;SKU-1002;Standing Desk 140cm;Furniture;-3;5 574,19;partner
00004025;2025-12-04;C1362;Dansk Kontormiljø;SKU-1007;Noise Cancelling Headset;Peripherals;10;2 266,42;direct
00004026;2024-03-03;C1135;Kärkkäinen Oy;SKU-1003;Monitor Arm Dual;Accessories;4;814,72;retail
00004027;2025-10-05;C1125;Jyllands Inventar;SKU-1008;Laptop Stand Aluminium;Accessories;11;731,97;partner
00004028;2024-05-09;C1036;Møller Innredning;SKU-1006;USB-C Dock;Accessories;12;1 805,60;online
00004029;2025-02-11;C1147;Ålesund Kontor;SKU-1001;Ergonomic Desk Chair;Furniture;7;2 098,76;direct
00004030;2024-08-16;C1014;Møller Innredning;SKU-1007;Noise Cancelling Headset;Peripherals;2;2 180,25;online
00004031;2025-03-22;C1311;Søndergaard A/S;SKU-1007;Noise Cancelling Headset;Peripherals;5;2 219,88;direct
00004032;2025-08-28;C1033;Jyllands Inventar;SKU-1009;Webcam 1080p;Peripherals;4;809,41;direct
00004033;2025-08-14;C1341;Bergström & Söner;SKU-1007;Noise Cancelling Headset;Peripherals;-1;1 877,83;online
00004034;2024-06-01;C1325;Dansk Kontormiljø;SKU-1003;Monitor Arm Dual;Accessories;6;996,72;direct
00004035;2025-04-17;C1298;Kärkkäinen Oy;SKU-1002;Standing Desk 140cm;Furniture;3;5 359,90;partner
00004036;2025-02-28;C1389;Kärkkäinen Oy;SKU-1003;Monitor Arm Dual;Accessories;3;998,67;partner
00004037;2024-09-11;C1382;Jyllands Inventar;SKU-1005;27in 4K Monitor;Displays;11;4 635,56;direct
00004038;2024-03-17;C1158;Søndergaard A/S;SKU-1009;Webcam 1080p;Peripherals;2;869,81;online
00004039;2025-06-16;C1012;Väisänen Kaluste;SKU-1001;Ergonomic Desk Chair;Furniture;7;2 475,60;direct
00004040;2024-12-22;C1304;Nordström Handel;SKU-1008;Laptop Stand Aluminium;Accessories;2;604,91;direct
00004041;2024-02-23;C1087;Hämäläinen Oy;SKU-1003;Monitor Arm Dual;Accessories;8;1 004,56;retail
00004042;2025-02-03;C1120;Uppsala Interiör;SKU-1003;Monitor Arm Dual;Accessories;1;827,64;online
00004043;2025-02-10;C1202;Lindqvist AB;SKU-1002;Standing Desk 140cm;Furniture;7;5 550,19;online
00004044;2025-07-02;C1003;Kjærstad Utstyr;SKU-1003;Monitor Arm Dual;Accessories;4;835,79;partner
00004045;2025-05-16;C1239;Søndergaard A/S;SKU-1006;USB-C Dock;Accessories;11;1 785,58;direct
00004046;2025-05-15;C1296;Väisänen Kaluste;SKU-1010;Desk Lamp LED;Furniture;4;498,00;partner
00004047;2024-09-17;C1368;Uppsala Interiör;SKU-1002;Standing Desk 140cm;Furniture;10;5 693,15;partner
00004048;2025-02-04;C1233;Lindqvist AB;SKU-1002;Standing Desk 140cm;Furniture;2;5 473,64;online
00004049;2025-10-30;C1237;Jyllands Inventar;SKU-1009;Webcam 1080p;Peripherals;7;746,10;retail
00004050;2024-06-13;C1105;Rødvig Møbler;SKU-1002;Standing Desk 140cm;Furniture;3;5 286,75;retail
00004051;2024-09-12;C1016;Møller Innredning;SKU-1001;Ergonomic Desk Chair;Furniture;9;2 326,50;online
00004052;2024-08-16;C1087;Ålesund Kontor;SKU-1005;27in 4K Monitor;Displays;11;4 314,55;retail
00004053;2024-03-26;C1087;Uppsala Interiör;SKU-1008;Laptop Stand Aluminium;Accessories;11;644,75;online
00004054;2024-12-23;C1076;Kjærstad Utstyr;SKU-1007;Noise Cancelling Headset;Peripherals;6;1 968,08;retail
00004055;2024-01-24;C1281;Mäkinen Toimisto;SKU-1008;Laptop Stand Aluminium;Accessories;-3;630,24;online
00004056;2025-03-23;C1349;Kjærstad Utstyr;SKU-1009;Webcam 1080p;Peripherals;8;820,58;direct
00004057;2025-10-06;C1202;Väisänen Kaluste;SKU-1010;Desk Lamp LED;Furniture;12;580,53;retail
00004058;2024-12-05;C1046;Lindqvist AB;SKU-1003;Monitor Arm Dual;Accessories;10;843,87;retail
00004059;2024-11-06;C1352;Kärkkäinen Oy;SKU-1006;USB-C Dock;Accessories;2;1 547,78;online
00004060;2024-02-18;C1006;Rødvig Møbler;SKU-1003;Monitor Arm Dual;Accessories;7;812,03;direct
00004061;2024-02-09;C1078;Søndergaard A/S;SKU-1001;Ergonomic Desk Chair;Furniture;8;2 213,25;retail
00004062;2025-10-17;C1140;Rødvig Møbler;SKU-1004;Mechanical Keyboard;Peripherals;11;1 026,61;direct
00004063;2025-08-09;C1072;Lindqvist AB;SKU-1006;USB-C Dock;Accessories;4;2 002,32;retail
00004064;2025-03-12;C1313;Dansk Kontormiljø;SKU-1007;Noise Cancelling Headset;Peripherals;12;1 863,10;direct
00004065;2024-09-17;C1191;Kärkkäinen Oy;SKU-1005;27in 4K Monitor;Displays;1;4 761,99;partner
00004066;2024-09-27;C1297;Uppsala Interiör;SKU-1002;Standing Desk 140cm;Furniture;1;5 099,99;retail
00004067;2024-12-05;C1282;Lindqvist AB;SKU-1001;Ergonomic Desk Chair;Furniture;11;2 248,91;retail
00004068;2024-11-02;C1073;Jyllands Inventar;SKU-1006;USB-C Dock;Accessories;12;1 744,65;online
00004069;2024-05-01;C1183;Lindqvist AB;SKU-1009;Webcam 1080p;Peripherals;1;732,20;partner
00004070;2025-09-22;C1293;Jyllands Inventar;SKU-1001;Ergonomic Desk Chair;Furniture;11;2 620,36;retail
00004071;2024-12-05;C1190;Kjærstad Utstyr;SKU-1004;Mechanical Keyboard;Peripherals;2;1 033,54;online
00004072;2024-02-19;C1166;Rødvig Møbler;SKU-1003;Monitor Arm Dual;Accessories;3;1 018,06;direct
00004073;2024-10-04;C1378;Nordström Handel;SKU-1008;Laptop Stand Aluminium;Accessories;11;611,17;partner
00004074;2025-11-23;C1101;Hämäläinen Oy;SKU-1008;Laptop Stand Aluminium;Accessories;7;609,25;retail
00004075;2024-06-11;C1166;Väisänen Kaluste;SKU-1002;Standing Desk 140cm;Furniture;2;4 934,19;
00004076;2025-07-05;C1090;Dansk Kontormiljø;SKU-1003;Monitor Arm Dual;Accessories;8;901,56;retail
00004077;2025-08-24;C1009;Søndergaard A/S;SKU-1004;Mechanical Keyboard;Peripherals;2;1 072,84;retail
00004078;2025-06-03;C1003;Trondheim Utstyr;SKU-1005;27in 4K Monitor;Displays;6;4 343,40;retail
00004079;2024-11-12;C1067;Kjærstad Utstyr;SKU-1009;Webcam 1080p;Peripherals;7;870,99;online
00004080;2024-10-29;C1338;Hämäläinen Oy;SKU-1006;USB-C Dock;Accessories;12;1 850,87;online
00004081;2025-02-20;C1226;Väisänen Kaluste;SKU-1001;Ergonomic Desk Chair;Furniture;6;2 293,89;direct
00004082;2024-04-19;C1348;Rødvig Møbler;SKU-1008;Laptop Stand Aluminium;Accessories;10;707,70;direct
00004083;2024-12-05;C1239;Jyllands Inventar;SKU-1010;Desk Lamp LED;Furniture;9;552,55;online
00004084;2024-04-16;C1044;Dansk Kontormiljø;SKU-1008;Laptop Stand Aluminium;Accessories;5;710,65;retail
00004085;2025-06-27;C1292;Uppsala Interiör;SKU-1009;Webcam 1080p;Peripherals;10;861,64;retail
00004086;2024-07-04;C1059;Rødvig Møbler;SKU-1002;Standing Desk 140cm;Furniture;6;5 924,25;online
00004087;2024-03-03;C1003;Rødvig Møbler;SKU-1007;Noise Cancelling Headset;Peripherals;12;2 274,42;partner
00004088;2025-11-18;C1259;Søndergaard A/S;SKU-1008;Laptop Stand Aluminium;Accessories;7;557,51;retail
00004089;2024-04-29;C1382;Søndergaard A/S;SKU-1008;Laptop Stand Aluminium;Accessories;5;564,32;direct
00004090;2024-12-02;C1356;Dansk Kontormiljø;SKU-1010;Desk Lamp LED;Furniture;10;458,40;retail
00004091;2025-07-07;C1265;Hämäläinen Oy;SKU-1004;Mechanical Keyboard;Peripherals;4;1 145,08;online
00004092;2025-07-28;C1314;Dansk Kontormiljø;SKU-1009;Webcam 1080p;Peripherals;6;888,40;retail
00004093;2025-04-23;C1202;Søndergaard A/S;SKU-1009;Webcam 1080p;Peripherals;5;889,78;retail
00004094;2025-05-23;C1300;Mäkinen Toimisto;SKU-1010;Desk Lamp LED;Furniture;1;515,36;partner
00004095;2025-11-06;C1129;Mäkinen Toimisto;SKU-1005;27in 4K Monitor;Displays;6;4 816,85;partner
00004096;2024-06-23;C1380;Jyllands Inventar;SKU-1002;Standing Desk 140cm;Furniture;1;5 327,19;online
00004097;2025-10-31;C1118;Mäkinen Toimisto;SKU-1007;Noise Cancelling Headset;Peripherals;11;2 001,32;direct
00004098;2024-09-22;C1127;Väisänen Kaluste;SKU-1006;USB-C Dock;Accessories;10;1 692,77;online
00004099;2025-12-28;C1290;Nordström Handel;SKU-1010;Desk Lamp LED;Furniture;9;539,76;direct
00004100;2025-01-07;C1259;Väisänen Kaluste;SKU-1010;Desk Lamp LED;Furniture;12;592,72;direct
00004101;2025-03-02;C1340;Bergström & Söner;SKU-1009;Webcam 1080p;Peripherals;4;779,27;direct
00004102;2024-11-09;C1346;Nordström Handel;SKU-1008;Laptop Stand Aluminium;Accessories;9;702,17;direct
00004103;2024-04-10;C1351;Uppsala Interiör;SKU-1004;Mechanical Keyboard;Peripherals;1;1 202,49;direct
00004104;2024-07-16;C1161;Lindqvist AB;SKU-1007;Noise Cancelling Headset;Peripherals;2;2 217,23;retail
00004105;2024-06-09;C1076;Rødvig Møbler;SKU-1008;Laptop Stand Aluminium;Accessories;9;618,48;online
00004106;2024-07-12;C1209;Väisänen Kaluste;SKU-1009;Webcam 1080p;Peripherals;6;718,29;online
00004107;2024-07-10;C1114;Bergström & Söner;SKU-1009;Webcam 1080p;Peripherals;6;673,11;online
00004108;2024-11-17;C1355;Väisänen Kaluste;SKU-1007;Noise Cancelling Headset;Peripherals;6;2 073,92;retail
00004109;2025-12-07;C1027;Rødvig Møbler;SKU-1005;27in 4K Monitor;Displays;10;3 993,60;online
00004110;2024-10-26;C1217;Väisänen Kaluste;SKU-1003;Monitor Arm Dual;Accessories;4;886,61;retail
00004111;2024-12-18;C1355;Uppsala Interiör;SKU-1010;Desk Lamp LED;Furniture;4;490,98;retail
00004112;2024-09-14;C1037;Rødvig Møbler;SKU-1003;Monitor Arm Dual;Accessories;1;786,82;direct
00004113;2025-07-31;C1140;Trondheim Utstyr;SKU-1005;27in 4K Monitor;Displays;5;4 677,93;direct
00004114;2025-11-09;C1305;Bergström & Söner;SKU-1002;Standing Desk 140cm;Furniture;3;5 299,40;online
00004115;2025-03-04;C1166;Lindqvist AB;SKU-1008;Laptop Stand Aluminium;Accessories;11;694,85;direct
00004116;2024-06-02;C1277;Søndergaard A/S;SKU-1007;Noise Cancelling Headset;Peripherals;2;1 891,38;retail
00004117;2025-12-12;C1180;Søndergaard A/S;SKU-1006;USB-C Dock;Accessories;7;1 707,60;retail
00004118;2024-12-14;C1297;Väisänen Kaluste;SKU-1005;27in 4K Monitor;Displays;6;4 701,55;retail
00004119;2024-01-07;C1255;Trondheim Utstyr;SKU-1003;Monitor Arm Dual;Accessories;7;845,37;direct
00004120;2024-08-09;C1118;Møller Innredning;SKU-1009;Webcam 1080p;Peripherals;10;735,92;direct
00004121;2024-09-26;C1347;Jyllands Inventar;SKU-1007;Noise Cancelling Headset;Peripherals;4;2 163,38;retail
00004122;2024-09-07;C1204;Dansk Kontormiljø;SKU-1001;Ergonomic Desk Chair;Furniture;9;2 574,12;online
00004123;2024-03-04;C1288;Uppsala Interiör;SKU-1007;Noise Cancelling Headset;Peripherals;-3;1 900,77;partner
00004124;2025-09-12;C1019;Jyllands Inventar;SKU-1006;USB-C Dock;Accessories;-1;1 727,90;direct
00004125;2024-04-20;C1088;Nordström Handel;SKU-1001;Ergonomic Desk Chair;Furniture;12;2 285,35;retail
00004126;2025-09-18;C1016;Uppsala Interiör;SKU-1004;Mechanical Keyboard;Peripherals;10;1 064,73;direct
00004127;2025-01-26;C1093;Bergström & Söner;SKU-1010;Desk Lamp LED;Furniture;8;584,33;online
00004128;2025-10-12;C1037;Kjærstad Utstyr;SKU-1004;Mechanical Keyboard;Peripherals;11;1 180,42;direct
00004129;2024-08-17;C1012;Trondheim Utstyr;SKU-1010;Desk Lamp LED;Furniture;3;574,62;retail
00004130;2024-02-26;C1286;Møller Innredning;SKU-1003;Monitor Arm Dual;Accessories;3;767,75;online
00004131;2024-10-13;C1093;Uppsala Interiör;SKU-1009;Webcam 1080p;Peripherals;4;767,01;retail
00004132;2025-07-08;C1274;Uppsala Interiör;SKU-1006;USB-C Dock;Accessories;5;1 657,68;online
00004133;2024-06-11;C1354;Lindqvist AB;SKU-1009;Webcam 1080p;Peripherals;3;708,28;retail
00004134;2024-10-25;C1132;Jyllands Inventar;SKU-1003;Monitor Arm Dual;Accessories;7;904,26;direct
00004135;2024-10-04;C1251;Jyllands Inventar;SKU-1006;USB-C Dock;Accessories;9;1 559,61;retail
00004136;2025-10-24;C1218;Kärkkäinen Oy;SKU-1010;Desk Lamp LED;Furniture;7;570,22;direct
00004137;2024-12-16;C1090;Hämäläinen Oy;SKU-1003;Monitor Arm Dual;Accessories;12;1 001,29;direct
00004138;2025-04-25;C1253;Kärkkäinen Oy;SKU-1004;Mechanical Keyboard;Peripherals;8;1 217,23;retail
00004139;2024-10-06;C1213;Väisänen Kaluste;SKU-1008;Laptop Stand Aluminium;Accessories;1;678,22;direct
00004140;2025-03-20;C1044;Møller Innredning;SKU-1008;Laptop Stand Aluminium;Accessories;8;554,15;direct
00004141;2024-03-03;C1306;Møller Innredning;SKU-1003;Monitor Arm Dual;Accessories;9;863,00;
00004142;2025-01-21;C1131;Ålesund Kontor;SKU-1007;Noise Cancelling Headset;Peripherals;11;2 230,69;direct
00004143;2024-03-17;C1330;Jyllands Inventar;SKU-1001;Ergonomic Desk Chair;Furniture;1;2 663,29;retail
00004144;2025-06-11;C1005;Rødvig Møbler;SKU-1006;USB-C Dock;Accessories;7;1 696,35;retail
00004145;2025-08-14;C1188;Bergström & Söner;SKU-1007;Noise Cancelling Headset;Peripherals;7;2 082,33;online
00004146;2024-06-27;C1389;Kärkkäinen Oy;SKU-1008;Laptop Stand Aluminium;Accessories;10;716,33;online
00004147;2025-11-19;C1351;Kärkkäinen Oy;SKU-1009;Webcam 1080p;Peripherals;11;893,02;retail
00004148;2025-09-23;C1284;Kärkkäinen Oy;SKU-1007;Noise Cancelling Headset;Peripherals;1;2 165,48;retail
00004149;2024-01-02;C1354;Dansk Kontormiljø;SKU-1009;Webcam 1080p;Peripherals;-3;690,73;direct
00004150;2025-10-26;C1052;Nordström Handel;SKU-1002;Standing Desk 140cm;Furniture;6;5 168,08;direct
00004151;2025-07-15;C1296;Hämäläinen Oy;SKU-1005;27in 4K Monitor;Displays;1;3 945,17;direct
00004152;2024-10-27;C1211;Bergström & Söner;SKU-1010;Desk Lamp LED;Furniture;7;465,66;retail
00004153;2025-08-07;C1000;Nordström Handel;SKU-1006;USB-C Dock;Accessories;2;1 973,85;direct
00004154;2024-01-29;C1371;Kjærstad Utstyr;SKU-1001;Ergonomic Desk Chair;Furniture;2;2 570,57;retail
00004155;2025-08-01;C1242;Kjærstad Utstyr;SKU-1006;USB-C Dock;Accessories;1;1 836,69;online
00004156;2025-11-21;C1088;Trondheim Utstyr;SKU-1010;Desk Lamp LED;Furniture;3;443,87;partner
00004157;2025-11-21;C1354;Väisänen Kaluste;SKU-1010;Desk Lamp LED;Furniture;10;543,15;online
00004158;2025-04-07;C1383;Mäkinen Toimisto;SKU-1010;Desk Lamp LED;Furniture;7;577,26;partner
00004159;2025-11-27;C1315;Kärkkäinen Oy;SKU-1003;Monitor Arm Dual;Accessories;6;933,55;online
00004160;2024-12-23;C1398;Rødvig Møbler;SKU-1001;Ergonomic Desk Chair;Furniture;5;2 244,63;direct
00004161;2025-01-10;C1047;Rødvig Møbler;SKU-1005;27in 4K Monitor;Displays;1;4 670,11;online
00004162;2025-03-09;C1384;Dansk Kontormiljø;SKU-1008;Laptop Stand Aluminium;Accessories;10;710,73;direct
00004163;2025-01-20;C1392;Lindqvist AB;SKU-1007;Noise Cancelling Headset;Peripherals;9;2 210,92;partner
00004164;2025-04-13;C1154;Nordström Handel;SKU-1006;USB-C Dock;Accessories;8;1 911,88;partner
00004165;2025-06-05;C1040;Kärkkäinen Oy;SKU-1009;Webcam 1080p;Peripherals;5;754,49;partner
00004166;2024-12-11;C1257;Dansk Kontormiljø;SKU-1010;Desk Lamp LED;Furniture;10;451,10;online
00004167;2024-09-18;C1135;Väisänen Kaluste;SKU-1005;27in 4K Monitor;Displays;12;4 113,58;retail
00004168;2024-07-06;C1132;Hämäläinen Oy;SKU-1010;Desk Lamp LED;Furniture;10;510,13;online
00004169;2024-04-21;C1049;Ålesund Kontor;SKU-1006;USB-C Dock;Accessories;3;1 874,23;retail
00004170;2024-03-13;C1273;Kärkkäinen Oy;SKU-1001;Ergonomic Desk Chair;Furniture;12;2 616,49;direct
00004171;2024-11-25;C1305;Søndergaard A/S;SKU-1007;Noise Cancelling Headset;Peripherals;9;2 206,04;online
00004172;2024-04-30;C1256;Rødvig Møbler;SKU-1002;Standing Desk 140cm;Furniture;4;5 319,92;retail
00004173;2025-12-10;C1272;Lindqvist AB;SKU-1008;Laptop Stand Aluminium;Accessories;12;668,96;retail
00004174;2024-06-07;C1177;Trondheim Utstyr;SKU-1003;Monitor Arm Dual;Accessories;3;868,26;online
00004175;2024-06-16;C1294;Trondheim Utstyr;SKU-1001;Ergonomic Desk Chair;Furniture;6;2 253,48;retail
00004176;2024-10-15;C1240;Kärkkäinen Oy;SKU-1010;Desk Lamp LED;Furniture;3;575,20;partner
00004177;2025-08-20;C1126;Uppsala Interiör;SKU-1008;Laptop Stand Aluminium;Accessories;5;600,58;retail
00004178;2025-04-30;C1092;Bergström & Söner;SKU-1008;Laptop Stand Aluminium;Accessories;12;592,40;partner
00004179;2025-07-02;C1024;Kärkkäinen Oy;SKU-1007;Noise Cancelling Headset;Peripherals;2;2 099,39;partner
00004180;2025-04-01;C1219;Uppsala Interiör;SKU-1003;Monitor Arm Dual;Accessories;10;804,81;direct
00004181;2024-09-21;C1231;Mäkinen Toimisto;SKU-1008;Laptop Stand Aluminium;Accessories;6;607,24;retail
00004182;2024-05-19;C1369;Rødvig Møbler;SKU-1004;Mechanical Keyboard;Peripherals;-3;1 297,04;direct
00004183;2024-07-05;C1356;Uppsala Interiör;SKU-1001;Ergonomic Desk Chair;Furniture;12;2 473,49;partner
00004184;2024-09-12;C1264;Lindqvist AB;SKU-1002;Standing Desk 140cm;Furniture;12;4 811,82;retail
00004185;2024-10-28;C1245;Søndergaard A/S;SKU-1003;Monitor Arm Dual;Accessories;5;897,47;direct
00004186;2025-01-03;C1209;Dansk Kontormiljø;SKU-1006;USB-C Dock;Accessories;7;1 953,22;online
00004187;2024-03-04;C1238;Lindqvist AB;SKU-1003;Monitor Arm Dual;Accessories;12;988,21;direct
00004188;2024-11-19;C1118;Ålesund Kontor;SKU-1006;USB-C Dock;Accessories;10;1 503,38;direct
00004189;2024-11-02;C1123;Søndergaard A/S;SKU-1001;Ergonomic Desk Chair;Furniture;3;2 363,65;retail
00004190;2025-10-28;C1366;Trondheim Utstyr;SKU-1004;Mechanical Keyboard;Peripherals;8;1 038,31;retail
00004191;2024-11-01;C1233;Hämäläinen Oy;SKU-1009;Webcam 1080p;Peripherals;7;700,90;direct
00004192;2025-10-02;C1039;Rødvig Møbler;SKU-1004;Mechanical Keyboard;Peripherals;2;1 013,77;retail
00004193;2025-05-14;C1276;Nordström Handel;SKU-1008;Laptop Stand Aluminium;Accessories;9;651,06;direct
00004194;2024-12-21;C1318;Väisänen Kaluste;SKU-1007;Noise Cancelling Headset;Peripherals;2;2 340,66;direct
00004195;2024-10-30;C1040;Lindqvist AB;SKU-1007;Noise Cancelling Headset;Peripherals;4;1 990,45;online
00004196;2024-03-18;C1087;Dansk Kontormiljø;SKU-1009;Webcam 1080p;Peripherals;11;742,23;direct
00004197;2025-09-20;C1139;Dansk Kontormiljø;SKU-1010;Desk Lamp LED;Furniture;1;491,31;partner
00004198;2025-12-10;C1272;Mäkinen Toimisto;SKU-1003;Monitor Arm Dual;Accessories;9;798,24;direct
00004199;2025-11-16;C1112;Kjærstad Utstyr;SKU-1001;Ergonomic Desk Chair;Furniture;6;2 214,63;direct
00004200;2024-06-12;C1008;Rødvig Møbler;SKU-1002;Standing Desk 140cm;Furniture;12;4 681,44;direct
00004201;2025-03-29;C1383;Trondheim Utstyr;SKU-1007;Noise Cancelling Headset;Peripherals;9;1 969,58;direct
00004202;2024-12-12;C1095;Trondheim Utstyr;SKU-1003;Monitor Arm Dual;Accessories;7;944,05;online
00004203;2024-09-06;C1076;Lindqvist AB;SKU-1009;Webcam 1080p;Peripherals;8;892,68;direct
00004204;2024-03-22;C1380;Lindqvist AB;SKU-1008;Laptop Stand Aluminium;Accessories;9;595,58;direct
00004205;2024-09-29;C1326;Hämäläinen Oy;SKU-1003;Monitor Arm Dual;Accessories;11;976,48;partner
00004206;2024-07-16;C1332;Møller Innredning;SKU-1008;Laptop Stand Aluminium;Accessories;4;625,65;direct
00004207;2024-09-17;C1169;Rødvig Møbler;SKU-1008;Laptop Stand Aluminium;Accessories;11;551,02;partner
00004208;2024-03-03;C1064;Uppsala Interiör;SKU-1009;Webcam 1080p;Peripherals;6;772,94;online
00004209;2025-04-03;C1011;Mäkinen Toimisto;SKU-1003;Monitor Arm Dual;Accessories;3;974,32;online
00004210;2024-12-05;C1175;Väisänen Kaluste;SKU-1005;27in 4K Monitor;Displays;1;4 907,54;partner
00004211;2025-12-01;C1114;Uppsala Interiör;SKU-1007;Noise Cancelling Headset;Peripherals;9;2 282,54;direct
00004212;2025-07-25;C1275;Bergström & Söner;SKU-1001;Ergonomic Desk Chair;Furniture;5;2 339,21;partner
00004213;2025-02-13;C1330;Uppsala Interiör;SKU-1010;Desk Lamp LED;Furniture;7;576,82;online
00004214;2024-12-17;C1194;Lindqvist AB;SKU-1009;Webcam 1080p;Peripherals;7;893,84;partner
00004215;2025-11-18;C1220;Trondheim Utstyr;SKU-1005;27in 4K Monitor;Displays;9;4 813,13;online
00004216;2024-03-13;C1353;Kjærstad Utstyr;SKU-1004;Mechanical Keyboard;Peripherals;3;1 192,64;partner
00004217;2025-12-07;C1224;Lindqvist AB;SKU-1009;Webcam 1080p;Peripherals;10;788,11;retail
00004218;2024-11-16;C1298;Kärkkäinen Oy;SKU-1007;Noise Cancelling Headset;Peripherals;3;2 172,42;online
00004219;2025-10-13;C1284;Väisänen Kaluste;SKU-1007;Noise Cancelling Headset;Peripherals;5;2 044,93;online
00004220;2024-08-18;C1125;Lindqvist AB;SKU-1001;Ergonomic Desk Chair;Furniture;2;2 557,26;retail
00004221;2025-01-19;C1073;Søndergaard A/S;SKU-1004;Mechanical Keyboard;Peripherals;12;1 149,59;online
00004222;2025-07-15;C1396;Bergström & Söner;SKU-1006;USB-C Dock;Accessories;7;1 515,50;retail
00004223;2024-08-11;C1105;Uppsala Interiör;SKU-1009;Webcam 1080p;Peripherals;-1;748,64;partner
00004224;2025-10-13;C1335;Uppsala Interiör;SKU-1004;Mechanical Keyboard;Peripherals;6;984,81;direct
00004225;2024-11-22;C1195;Hämäläinen Oy;SKU-1003;Monitor Arm Dual;Accessories;9;775,42;direct
00004226;2025-11-14;C1151;Hämäläinen Oy;SKU-1010;Desk Lamp LED;Furniture;6;584,98;direct
00004227;2025-01-11;C1013;Väisänen Kaluste;SKU-1006;USB-C Dock;Accessories;10;1 786,77;partner
00004228;2025-12-28;C1323;Bergström & Söner;SKU-1004;Mechanical Keyboard;Peripherals;12;1 023,73;direct
00004229;2024-10-20;C1038;Søndergaard A/S;SKU-1002;Standing Desk 140cm;Furniture;5;5 785,52;partner
00004230;2025-11-09;C1187;Møller Innredning;SKU-1003;Monitor Arm Dual;Accessories;12;953,83;retail
00004231;2025-05-27;C1083;Bergström & Söner;SKU-1008;Laptop Stand Aluminium;Accessories;11;667,89;direct
00004232;2025-12-27;C1094;Bergström & Söner;SKU-1006;USB-C Dock;Accessories;2;1 807,89;partner
00004233;2024-06-01;C1030;Rødvig Møbler;SKU-1006;USB-C Dock;Accessories;8;1 642,82;retail
00004234;2024-09-25;C1237;Rødvig Møbler;SKU-1003;Monitor Arm Dual;Accessories;8;960,76;retail
00004235;2024-02-28;C1096;Hämäläinen Oy;SKU-1009;Webcam 1080p;Peripherals;12;696,11;online
00004236;2024-10-18;C1146;Lindqvist AB;SKU-1003;Monitor Arm Dual;Accessories;12;966,30;online
00004237;2024-10-23;C1329;Lindqvist AB;SKU-1010;Desk Lamp LED;Furniture;4;510,10;partner
00004238;2025-07-18;C1019;Hämäläinen Oy;SKU-1002;Standing Desk 140cm;Furniture;3;4 558,13;online
00004239;2024-03-03;C1362;Lindqvist AB;SKU-1006;USB-C Dock;Accessories;8;1 793,57;partner
00004240;2025-11-02;C1121;Møller Innredning;SKU-1008;Laptop Stand Aluminium;Accessories;10;561,00;partner
00004241;2024-03-30;C1400;Ålesund Kontor;SKU-1005;27in 4K Monitor;Displays;-3;4 816,06;online
00004242;2024-09-25;C1257;Hämäläinen Oy;SKU-1005;27in 4K Monitor;Displays;12;4 915,84;direct
00004243;2025-09-30;C1221;Kjærstad Utstyr;SKU-1002;Standing Desk 140cm;Furniture;4;5 616,73;direct
00004244;2024-09-01;C1148;Møller Innredning;SKU-1007;Noise Cancelling Headset;Peripherals;9;1 901,95;retail
00004245;2025-12-13;C1362;Rødvig Møbler;SKU-1002;Standing Desk 140cm;Furniture;-1;5 386,02;
00004246;2024-11-08;C1286;Nordström Handel;SKU-1004;Mechanical Keyboard;Peripherals;1;1 181,76;online
00004247;2025-07-12;C1330;Bergström & Söner;SKU-1010;Desk Lamp LED;Furniture;9;449,92;direct
00004248;2024-04-29;C1293;Ålesund Kontor;SKU-1007;Noise Cancelling Headset;Peripherals;5;1 884,40;retail
00004249;2024-11-24;C1200;Rødvig Møbler;SKU-1009;Webcam 1080p;Peripherals;3;713,77;retail
00004250;2025-10-03;C1204;Trondheim Utstyr;SKU-1008;Laptop Stand Aluminium;Accessories;3;626,76;retail
00004251;2025-05-10;C1043;Lindqvist AB;SKU-1005;27in 4K Monitor;Displays;12;4 932,76;online
00004252;2025-06-02;C1390;Trondheim Utstyr;SKU-1009;Webcam 1080p;Peripherals;10;689,95;
00004253;2024-09-01;C1369;Rødvig Møbler;SKU-1001;Ergonomic Desk Chair;Furniture;6;2 061,72;online
00004254;2025-08-29;C1188;Jyllands Inventar;SKU-1001;Ergonomic Desk Chair;Furniture;4;2 615,29;retail
00004255;2025-02-04;C1176;Nordström Handel;SKU-1008;Laptop Stand Aluminium;Accessories;2;643,69;direct
00004256;2025-12-25;C1334;Uppsala Interiör;SKU-1008;Laptop Stand Aluminium;Accessories;6;573,47;online
00004257;2024-08-01;C1060;Dansk Kontormiljø;SKU-1004;Mechanical Keyboard;Peripherals;2;1 238,29;retail
00004258;2024-03-19;C1047;Nordström Handel;SKU-1004;Mechanical Keyboard;Peripherals;11;1 199,16;partner
00004259;2025-08-10;C1313;Dansk Kontormiljø;SKU-1008;Laptop Stand Aluminium;Accessories;1;689,86;online
00004260;2024-01-14;C1176;Kärkkäinen Oy;SKU-1001;Ergonomic Desk Chair;Furniture;7;2 372,39;direct
00004261;2024-05-20;C1392;Søndergaard A/S;SKU-1010;Desk Lamp LED;Furniture;7;536,32;online
00004262;2024-11-21;C1267;Lindqvist AB;SKU-1008;Laptop Stand Aluminium;Accessories;-1;686,50;retail
00004263;2025-11-02;C1024;Jyllands Inventar;SKU-1010;Desk Lamp LED;Furniture;8;452,25;online
00004264;2024-02-01;C1385;Dansk Kontormiljø;SKU-1004;Mechanical Keyboard;Peripherals;3;1 051,84;partner
00004265;2025-07-08;C1355;Rødvig Møbler;SKU-1009;Webcam 1080p;Peripherals;8;869,31;online
00004266;2025-08-14;C1252;Kjærstad Utstyr;SKU-1004;Mechanical Keyboard;Peripherals;8;1 230,11;online
00004267;2024-05-24;C1351;Hämäläinen Oy;SKU-1009;Webcam 1080p;Peripherals;6;859,20;partner
00004268;2024-08-04;C1317;Ålesund Kontor;SKU-1005;27in 4K Monitor;Displays;6;4 777,64;
00004269;2024-06-18;C1398;Søndergaard A/S;SKU-1001;Ergonomic Desk Chair;Furniture;4;2 413,95;direct
00004270;2025-12-28;C1250;Rødvig Møbler;SKU-1008;Laptop Stand Aluminium;Accessories;9;583,59;direct
00004271;2025-06-28;C1008;Nordström Handel;SKU-1010;Desk Lamp LED;Furniture;11;590,64;partner
00004272;2024-11-14;C1211;Jyllands Inventar;SKU-1004;Mechanical Keyboard;Peripherals;7;1 103,11;partner
00004273;2024-09-29;C1050;Dansk Kontormiljø;SKU-1009;Webcam 1080p;Peripherals;7;883,83;online
00004274;2024-04-18;C1234;Väisänen Kaluste;SKU-1008;Laptop Stand Aluminium;Accessories;2;620,86;partner
00004275;2024-05-04;C1133;Hämäläinen Oy;SKU-1003;Monitor Arm Dual;Accessories;10;863,20;partner
00004276;2024-10-02;C1129;Bergström & Söner;SKU-1001;Ergonomic Desk Chair;Furniture;9;2 579,49;partner
00004277;2025-12-29;C1109;Dansk Kontormiljø;SKU-1008;Laptop Stand Aluminium;Accessories;3;679,69;retail
00004278;2024-11-10;C1197;Lindqvist AB;SKU-1002;Standing Desk 140cm;Furniture;7;4 604,49;online
00004279;2025-02-13;C1383;Lindqvist AB;SKU-1007;Noise Cancelling Headset;Peripherals;2;2 167,77;partner
00004280;2024-12-25;C1132;Kjærstad Utstyr;SKU-1006;USB-C Dock;Accessories;6;1 629,05;direct
00004281;2024-08-25;C1255;Uppsala Interiör;SKU-1009;Webcam 1080p;Peripherals;4;839,22;retail
00004282;2025-11-23;C1139;Väisänen Kaluste;SKU-1005;27in 4K Monitor;Displays;1;4 786,70;partner
00004283;2025-03-10;C1014;Lindqvist AB;SKU-1006;USB-C Dock;Accessories;10;1 702,89;online
00004284;2025-10-20;C1070;Møller Innredning;SKU-1001;Ergonomic Desk Chair;Furniture;2;2 727,80;direct
00004285;2025-08-24;C1241;Kärkkäinen Oy;SKU-1003;Monitor Arm Dual;Accessories;4;857,00;online
00004286;2025-03-31;C1380;Rødvig Møbler;SKU-1002;Standing Desk 140cm;Furniture;11;5 926,81;direct
00004287;2024-02-26;C1297;Väisänen Kaluste;SKU-1009;Webcam 1080p;Peripherals;4;817,00;direct
00004288;2025-09-11;C1293;Bergström & Söner;SKU-1001;Ergonomic Desk Chair;Furniture;10;2 061,15;direct
00004289;2025-02-25;C1354;Kärkkäinen Oy;SKU-1006;USB-C Dock;Accessories;1;1 524,06;retail
00004290;2025-07-29;C1139;Rødvig Møbler;SKU-1004;Mechanical Keyboard;Peripherals;5;1 194,29;direct
00004291;2025-05-13;C1292;Väisänen Kaluste;SKU-1008;Laptop Stand Aluminium;Accessories;-2;577,16;partner
00004292;2024-12-29;C1130;Mäkinen Toimisto;SKU-1002;Standing Desk 140cm;Furniture;5;5 346,51;direct
00004293;2024-03-27;C1379;Trondheim Utstyr;SKU-1007;Noise Cancelling Headset;Peripherals;10;1 872,06;partner
00004294;2024-01-08;C1006;Ålesund Kontor;SKU-1007;Noise Cancelling Headset;Peripherals;3;1 891,19;direct
00004295;2024-11-09;C1236;Mäkinen Toimisto;SKU-1002;Standing Desk 140cm;Furniture;11;4 739,32;partner
00004296;2025-02-23;C1364;Rødvig Møbler;SKU-1010;Desk Lamp LED;Furniture;3;547,17;online
00004297;2025-09-12;C1249;Bergström & Söner;SKU-1003;Monitor Arm Dual;Accessories;7;952,02;retail
00004298;2024-04-15;C1064;Mäkinen Toimisto;SKU-1001;Ergonomic Desk Chair;Furniture;2;2 374,89;partner
00004299;2024-09-02;C1020;Kärkkäinen Oy;SKU-1008;Laptop Stand Aluminium;Accessories;7;685,63;partner
00004300;2024-10-22;C1088;Søndergaard A/S;SKU-1009;Webcam 1080p;Peripherals;5;878,51;partner
00004301;2025-07-08;C1103;Rødvig Møbler;SKU-1006;USB-C Dock;Accessories;3;1 953,17;direct
00004302;2025-01-02;C1207;Trondheim Utstyr;SKU-1003;Monitor Arm Dual;Accessories;11;882,49;retail
00004303;2024-11-29;C1193;Kärkkäinen Oy;SKU-1004;Mechanical Keyboard;Peripherals;1;1 120,52;direct
00004304;2025-07-27;C1066;Bergström & Söner;SKU-1008;Laptop Stand Aluminium;Accessories;2;609,60;direct
00004305;2024-10-11;C1037;Lindqvist AB;SKU-1001;Ergonomic Desk Chair;Furniture;11;2 609,09;direct
00004306;2024-03-18;C1153;Dansk Kontormiljø;SKU-1010;Desk Lamp LED;Furniture;2;506,98;partner
00004307;2024-04-15;C1298;Søndergaard A/S;SKU-1005;27in 4K Monitor;Displays;7;3 760,43;retail
00004308;2024-11-05;C1250;Rødvig Møbler;SKU-1010;Desk Lamp LED;Furniture;8;489,34;partner
00004309;2025-05-09;C1149;Trondheim Utstyr;SKU-1003;Monitor Arm Dual;Accessories;4;949,17;direct
00004310;2024-05-03;C1323;Møller Innredning;SKU-1001;Ergonomic Desk Chair;Furniture;1;2 443,57;partner
00004311;2024-03-29;C1384;Lindqvist AB;SKU-1004;Mechanical Keyboard;Peripherals;3;1 010,21;online
00004312;2024-03-02;C1314;Jyllands Inventar;SKU-1003;Monitor Arm Dual;Accessories;7;1 015,91;direct
00004313;2024-07-27;C1281;Rødvig Møbler;SKU-1007;Noise Cancelling Headset;Peripherals;-3;2 056,14;partner
00004314;2025-11-15;C1271;Møller Innredning;SKU-1008;Laptop Stand Aluminium;Accessories;2;621,28;retail
00004315;2025-04-28;C1004;Lindqvist AB;SKU-1001;Ergonomic Desk Chair;Furniture;1;2 754,98;direct
00004316;2025-06-24;C1323;Jyllands Inventar;SKU-1001;Ergonomic Desk Chair;Furniture;4;2 599,23;direct
00004317;2025-12-24;C1017;Søndergaard A/S;SKU-1010;Desk Lamp LED;Furniture;4;519,80;partner
00004318;2025-12-09;C1222;Trondheim Utstyr;SKU-1009;Webcam 1080p;Peripherals;5;820,34;partner
00004319;2024-06-29;C1315;Jyllands Inventar;SKU-1009;Webcam 1080p;Peripherals;8;881,53;partner
00004320;2024-10-02;C1174;Dansk Kontormiljø;SKU-1001;Ergonomic Desk Chair;Furniture;8;2 524,70;partner
00004321;2025-11-24;C1141;Bergström & Söner;SKU-1008;Laptop Stand Aluminium;Accessories;3;619,87;online
00004322;2025-05-25;C1244;Hämäläinen Oy;SKU-1009;Webcam 1080p;Peripherals;2;800,12;retail
00004323;2024-06-01;C1031;Kjærstad Utstyr;SKU-1001;Ergonomic Desk Chair;Furniture;4;2 590,59;direct
00004324;2024-02-29;C1110;Møller Innredning;SKU-1003;Monitor Arm Dual;Accessories;7;1 017,28;direct
00004325;2025-03-29;C1114;Søndergaard A/S;SKU-1005;27in 4K Monitor;Displays;6;4 850,06;retail
00004326;2025-04-17;C1385;Kärkkäinen Oy;SKU-1010;Desk Lamp LED;Furniture;12;597,86;retail
00004327;2024-12-17;C1075;Møller Innredning;SKU-1007;Noise Cancelling Headset;Peripherals;4;2 057,59;partner
00004328;2024-05-08;C1175;Rødvig Møbler;SKU-1008;Laptop Stand Aluminium;Accessories;7;614,67;direct
00004329;2025-01-01;C1107;Dansk Kontormiljø;SKU-1010;Desk Lamp LED;Furniture;10;451,65;direct
00004330;2024-08-24;C1111;Kärkkäinen Oy;SKU-1010;Desk Lamp LED;Furniture;4;518,84;online
00004331;2024-06-12;C1395;Søndergaard A/S;SKU-1003;Monitor Arm Dual;Accessories;9;942,64;direct
00004332;2024-12-11;C1384;Rødvig Møbler;SKU-1003;Monitor Arm Dual;Accessories;4;803,68;retail
00004333;2025-12-16;C1365;Nordström Handel;SKU-1001;Ergonomic Desk Chair;Furniture;4;2 556,57;retail
00004334;2024-07-31;C1128;Nordström Handel;SKU-1009;Webcam 1080p;Peripherals;12;696,36;online
00004335;2024-07-20;C1349;Ålesund Kontor;SKU-1008;Laptop Stand Aluminium;Accessories;1;580,69;online
00004336;2024-03-25;C1065;Hämäläinen Oy;SKU-1009;Webcam 1080p;Peripherals;5;811,50;direct
00004337;2024-08-12;C1225;Ålesund Kontor;SKU-1009;Webcam 1080p;Peripherals;11;726,04;partner
00004338;2025-01-29;C1276;Lindqvist AB;SKU-1002;Standing Desk 140cm;Furniture;8;5 311,33;direct
00004339;2024-11-05;C1372;Møller Innredning;SKU-1005;27in 4K Monitor;Displays;6;4 114,94;retail
00004340;2024-08-15;C1237;Kjærstad Utstyr;SKU-1006;USB-C Dock;Accessories;8;1 770,67;direct
00004341;2025-10-06;C1230;Rødvig Møbler;SKU-1005;27in 4K Monitor;Displays;1;4 575,14;direct
00004342;2024-05-15;C1269;Rødvig Møbler;SKU-1009;Webcam 1080p;Peripherals;9;710,78;retail
00004343;2025-04-24;C1346;Rødvig Møbler;SKU-1004;Mechanical Keyboard;Peripherals;10;1 291,51;online
00004344;2024-04-06;C1304;Hämäläinen Oy;SKU-1002;Standing Desk 140cm;Furniture;12;4 791,32;direct
00004345;2024-01-31;C1065;Väisänen Kaluste;SKU-1006;USB-C Dock;Accessories;6;1 844,99;retail
00004346;2025-10-26;C1268;Dansk Kontormiljø;SKU-1007;Noise Cancelling Headset;Peripherals;7;2 359,25;retail
00004347;2025-05-21;C1213;Trondheim Utstyr;SKU-1007;Noise Cancelling Headset;Peripherals;11;2 408,99;retail
00004348;2024-09-09;C1072;Hämäläinen Oy;SKU-1005;27in 4K Monitor;Displays;10;4 341,14;retail
00004349;2024-05-30;C1240;Dansk Kontormiljø;SKU-1001;Ergonomic Desk Chair;Furniture;4;2 173,34;online
00004350;2025-02-14;C1123;Uppsala Interiör;SKU-1003;Monitor Arm Dual;Accessories;2;907,62;partner
00004351;2025-09-02;C1309;Kärkkäinen Oy;SKU-1004;Mechanical Keyboard;Peripherals;10;1 120,55;partner
00004352;2024-11-24;C1380;Mäkinen Toimisto;SKU-1010;Desk Lamp LED;Furniture;-3;529,81;direct
00004353;2024-07-22;C1038;Trondheim Utstyr;SKU-1006;USB-C Dock;Accessories;7;1 830,28;retail
00004354;2024-04-03;C1008;Møller Innredning;SKU-1009;Webcam 1080p;Peripherals;8;675,54;direct
00004355;2024-06-20;C1179;Dansk Kontormiljø;SKU-1004;Mechanical Keyboard;Peripherals;7;1 053,90;direct
00004356;2024-07-28;C1145;Uppsala Interiör;SKU-1004;Mechanical Keyboard;Peripherals;12;1 041,63;partner
00004357;2025-11-14;C1200;Lindqvist AB;SKU-1010;Desk Lamp LED;Furniture;4;452,19;retail
00004358;2025-07-15;C1265;Jyllands Inventar;SKU-1010;Desk Lamp LED;Furniture;2;443,62;direct
00004359;2024-06-06;C1211;Mäkinen Toimisto;SKU-1001;Ergonomic Desk Chair;Furniture;12;2 742,84;partner
00004360;2024-07-21;C1340;Trondheim Utstyr;SKU-1008;Laptop Stand Aluminium;Accessories;9;664,57;partner
00004361;2025-05-10;C1220;Nordström Handel;SKU-1010;Desk Lamp LED;Furniture;6;485,59;retail
00004362;2024-10-26;C1394;Hämäläinen Oy;SKU-1010;Desk Lamp LED;Furniture;4;585,28;retail
00004363;2024-09-09;C1366;Kärkkäinen Oy;SKU-1001;Ergonomic Desk Chair;Furniture;5;2 393,41;direct
00004364;2025-05-20;C1109;Søndergaard A/S;SKU-1007;Noise Cancelling Headset;Peripherals;10;1 945,61;direct
00004365;2025-12-29;C1166;Møller Innredning;SKU-1009;Webcam 1080p;Peripherals;1;847,01;retail
00004366;2024-03-30;C1283;Rødvig Møbler;SKU-1006;USB-C Dock;Accessories;7;1 969,66;direct
00004367;2025-08-30;C1270;Søndergaard A/S;SKU-1009;Webcam 1080p;Peripherals;5;766,55;direct
00004368;2025-09-12;C1206;Väisänen Kaluste;SKU-1005;27in 4K Monitor;Displays;4;4 112,64;online
00004369;2024-02-29;C1076;Søndergaard A/S;SKU-1009;Webcam 1080p;Peripherals;1;837,78;retail
00004370;2025-02-03;C1143;Dansk Kontormiljø;SKU-1009;Webcam 1080p;Peripherals;10;856,92;online
00004371;2025-01-01;C1128;Dansk Kontormiljø;SKU-1005;27in 4K Monitor;Displays;4;4 783,58;partner
00004372;2024-12-30;C1199;Nordström Handel;SKU-1003;Monitor Arm Dual;Accessories;2;783,77;online
00004373;2024-02-16;C1107;Väisänen Kaluste;SKU-1009;Webcam 1080p;Peripherals;8;784,94;partner
00004374;2024-11-02;C1300;Nordström Handel;SKU-1007;Noise Cancelling Headset;Peripherals;10;2 054,11;online
00004375;2025-03-16;C1376;Ålesund Kontor;SKU-1008;Laptop Stand Aluminium;Accessories;7;597,03;retail
00004376;2024-12-12;C1022;Søndergaard A/S;SKU-1007;Noise Cancelling Headset;Peripherals;2;1 857,95;direct
00004377;2025-05-29;C1364;Bergström & Söner;SKU-1006;USB-C Dock;Accessories;6;1 702,11;retail
00004378;2024-08-14;C1110;Rødvig Møbler;SKU-1001;Ergonomic Desk Chair;Furniture;5;2 415,22;partner
00004379;2025-02-14;C1000;Ålesund Kontor;SKU-1003;Monitor Arm Dual;Accessories;9;947,44;
00004380;2024-01-27;C1085;Väisänen Kaluste;SKU-1009;Webcam 1080p;Peripherals;6;663,08;direct
00004381;2024-10-28;C1181;Uppsala Interiör;SKU-1004;Mechanical Keyboard;Peripherals;-1;1 001,16;retail
00004382;2025-01-29;C1382;Bergström & Söner;SKU-1009;Webcam 1080p;Peripherals;2;793,79;partner
00004383;2025-02-14;C1320;Hämäläinen Oy;SKU-1010;Desk Lamp LED;Furniture;10;460,09;retail
00004384;2025-08-30;C1113;Jyllands Inventar;SKU-1006;USB-C Dock;Accessories;6;1 537,32;direct
00004385;2024-03-19;C1247;Lindqvist AB;SKU-1002;Standing Desk 140cm;Furniture;9;5 450,01;retail
00004386;2024-07-27;C1362;Kjærstad Utstyr;SKU-1005;27in 4K Monitor;Displays;10;4 425,70;partner
00004387;2025-09-06;C1216;Bergström & Söner;SKU-1001;Ergonomic Desk Chair;Furniture;8;2 545,44;online
00004388;2024-07-18;C1143;Hämäläinen Oy;SKU-1010;Desk Lamp LED;Furniture;4;463,92;online
00004389;2024-09-28;C1021;Nordström Handel;SKU-1003;Monitor Arm Dual;Accessories;1;1 008,02;online
00004390;2025-05-22;C1185;Hämäläinen Oy;SKU-1008;Laptop Stand Aluminium;Accessories;11;722,35;direct
00004391;2025-02-01;C1204;Ålesund Kontor;SKU-1003;Monitor Arm Dual;Accessories;12;900,92;retail
00004392;2024-02-03;C1332;Søndergaard A/S;SKU-1003;Monitor Arm Dual;Accessories;7;954,26;retail
00004393;2024-03-16;C1219;Väisänen Kaluste;SKU-1007;Noise Cancelling Headset;Peripherals;10;2 018,48;direct
00004394;2024-02-19;C1329;Bergström & Söner;SKU-1002;Standing Desk 140cm;Furniture;3;5 284,81;retail
00004395;2025-12-28;C1330;Søndergaard A/S;SKU-1002;Standing Desk 140cm;Furniture;11;5 767,03;online
00004396;2025-06-04;C1393;Trondheim Utstyr;SKU-1004;Mechanical Keyboard;Peripherals;1;1 100,73;online
00004397;2024-10-18;C1339;Väisänen Kaluste;SKU-1001;Ergonomic Desk Chair;Furniture;7;2 199,24;direct
00004398;2024-04-17;C1010;Dansk Kontormiljø;SKU-1009;Webcam 1080p;Peripherals;11;827,06;retail
00004399;2024-10-22;C1183;Lindqvist AB;SKU-1010;Desk Lamp LED;Furniture;7;449,55;partner
00004400;2024-08-10;C1216;Lindqvist AB;SKU-1003;Monitor Arm Dual;Accessories;2;957,96;retail
00004401;2025-07-24;C1393;Lindqvist AB;SKU-1007;Noise Cancelling Headset;Peripherals;5;2 378,10;partner
00004402;2024-02-13;C1277;Bergström & Söner;SKU-1005;27in 4K Monitor;Displays;12;4 180,12;direct
00004403;2024-08-29;C1139;Jyllands Inventar;SKU-1002;Standing Desk 140cm;Furniture;5;5 628,10;partner
00004404;2025-02-17;C1005;Väisänen Kaluste;SKU-1005;27in 4K Monitor;Displays;5;4 109,59;retail
00004405;2024-12-14;C1203;Jyllands Inventar;SKU-1007;Noise Cancelling Headset;Peripherals;3;2 072,74;online
00004406;2025-08-08;C1334;Nordström Handel;SKU-1010;Desk Lamp LED;Furniture;11;571,96;direct
00004407;2024-11-08;C1073;Lindqvist AB;SKU-1005;27in 4K Monitor;Displays;3;4 008,69;partner
00004408;2025-10-28;C1226;Jyllands Inventar;SKU-1010;Desk Lamp LED;Furniture;6;576,07;online
00004409;2024-10-21;C1232;Dansk Kontormiljø;SKU-1006;USB-C Dock;Accessories;4;1 816,73;direct
00004410;2024-07-18;C1022;Ålesund Kontor;SKU-1010;Desk Lamp LED;Furniture;2;567,80;direct
00004411;2025-02-14;C1063;Trondheim Utstyr;SKU-1005;27in 4K Monitor;Displays;8;4 919,73;partner
00004412;2024-05-17;C1400;Dansk Kontormiljø;SKU-1007;Noise Cancelling Headset;Peripherals;9;2 356,18;online
00004413;2025-02-03;C1198;Møller Innredning;SKU-1010;Desk Lamp LED;Furniture;8;455,23;direct
00004414;2025-06-18;C1065;Kärkkäinen Oy;SKU-1007;Noise Cancelling Headset;Peripherals;1;1 979,32;direct
00004415;2025-11-22;C1211;Trondheim Utstyr;SKU-1009;Webcam 1080p;Peripherals;10;896,51;retail
00004416;2025-05-24;C1381;Trondheim Utstyr;SKU-1002;Standing Desk 140cm;Furniture;7;4 665,55;partner
00004417;2025-05-24;C1067;Rødvig Møbler;SKU-1001;Ergonomic Desk Chair;Furniture;3;2 302,02;retail
00004418;2024-07-26;C1174;Møller Innredning;SKU-1003;Monitor Arm Dual;Accessories;6;804,38;partner
00004419;2025-06-19;C1317;Mäkinen Toimisto;SKU-1007;Noise Cancelling Headset;Peripherals;-2;2 254,43;direct
00004420;2024-02-27;C1173;Møller Innredning;SKU-1002;Standing Desk 140cm;Furniture;8;4 984,67;retail
00004421;2024-03-30;C1096;Ålesund Kontor;SKU-1006;USB-C Dock;Accessories;12;1 660,99;
00004422;2025-09-30;C1117;Mäkinen Toimisto;SKU-1006;USB-C Dock;Accessories;-3;1 991,86;online
00004423;2024-05-06;C1003;Bergström & Söner;SKU-1004;Mechanical Keyboard;Peripherals;3;1 225,15;online
00004424;2024-08-19;C1371;Ålesund Kontor;SKU-1010;Desk Lamp LED;Furniture;5;580,70;partner
00004425;2025-07-05;C1248;Søndergaard A/S;SKU-1002;Standing Desk 140cm;Furniture;5;5 679,62;partner
00004426;2025-05-08;C1302;Møller Innredning;SKU-1004;Mechanical Keyboard;Peripherals;11;1 138,12;partner
00004427;2025-06-27;C1075;Søndergaard A/S;SKU-1001;Ergonomic Desk Chair;Furniture;3;2 122,63;retail
00004428;2025-11-28;C1381;Bergström & Söner;SKU-1004;Mechanical Keyboard;Peripherals;8;1 172,72;retail
00004429;2024-06-03;C1159;Kjærstad Utstyr;SKU-1001;Ergonomic Desk Chair;Furniture;1;2 448,14;direct
00004430;2025-03-21;C1111;Väisänen Kaluste;SKU-1006;USB-C Dock;Accessories;8;1 811,19;partner
00004431;2024-12-21;C1065;Jyllands Inventar;SKU-1009;Webcam 1080p;Peripherals;8;729,04;online
00004432;2024-07-19;C1383;Trondheim Utstyr;SKU-1005;27in 4K Monitor;Displays;9;4 342,81;online
00004433;2025-10-16;C1164;Rødvig Møbler;SKU-1006;USB-C Dock;Accessories;5;1 584,98;partner
00004434;2025-11-26;C1285;Kjærstad Utstyr;SKU-1002;Standing Desk 140cm;Furniture;2;5 933,20;retail
00004435;2025-01-09;C1117;Kjærstad Utstyr;SKU-1006;USB-C Dock;Accessories;1;1 619,68;direct
00004436;2025-04-29;C1222;Dansk Kontormiljø;SKU-1003;Monitor Arm Dual;Accessories;1;874,35;direct
00004437;2025-05-22;C1153;Väisänen Kaluste;SKU-1001;Ergonomic Desk Chair;Furniture;9;2 433,11;direct
00004438;2025-04-28;C1160;Rødvig Møbler;SKU-1002;Standing Desk 140cm;Furniture;12;4 506,76;retail
00004439;2025-09-10;C1097;Ålesund Kontor;SKU-1004;Mechanical Keyboard;Peripherals;12;1 169,13;partner
00004440;2024-02-05;C1246;Mäkinen Toimisto;SKU-1003;Monitor Arm Dual;Accessories;7;931,83;retail
00004441;2024-05-04;C1007;Dansk Kontormiljø;SKU-1005;27in 4K Monitor;Displays;5;4 474,89;retail
00004442;2025-09-03;C1195;Mäkinen Toimisto;SKU-1005;27in 4K Monitor;Displays;5;4 417,24;partner
00004443;2024-03-11;C1304;Trondheim Utstyr;SKU-1008;Laptop Stand Aluminium;Accessories;5;583,31;retail
00004444;2024-09-05;C1141;Uppsala Interiör;SKU-1002;Standing Desk 140cm;Furniture;11;4 773,78;online
00004445;2024-04-04;C1012;Nordström Handel;SKU-1010;Desk Lamp LED;Furniture;7;514,91;online
00004446;2025-05-23;C1186;Hämäläinen Oy;SKU-1005;27in 4K Monitor;Displays;4;4 428,68;direct
00004447;2025-05-02;C1262;Dansk Kontormiljø;SKU-1002;Standing Desk 140cm;Furniture;12;5 210,28;retail
00004448;2025-05-26;C1310;Kärkkäinen Oy;SKU-1003;Monitor Arm Dual;Accessories;2;914,23;online
00004449;2024-05-10;C1251;Mäkinen Toimisto;SKU-1008;Laptop Stand Aluminium;Accessories;7;586,16;retail
00004450;2024-08-22;C1308;Väisänen Kaluste;SKU-1004;Mechanical Keyboard;Peripherals;4;1 035,25;partner
00004451;2024-10-23;C1230;Rødvig Møbler;SKU-1009;Webcam 1080p;Peripherals;1;765,72;retail
00004452;2025-06-21;C1111;Dansk Kontormiljø;SKU-1005;27in 4K Monitor;Displays;12;4 606,77;direct
00004453;2024-09-18;C1003;Uppsala Interiör;SKU-1005;27in 4K Monitor;Displays;8;4 762,47;retail
00004454;2024-12-27;C1205;Lindqvist AB;SKU-1004;Mechanical Keyboard;Peripherals;7;1 274,07;retail
00004455;2025-07-16;C1079;Ålesund Kontor;SKU-1008;Laptop Stand Aluminium;Accessories;7;570,74;online
00004456;2024-08-05;C1257;Jyllands Inventar;SKU-1009;Webcam 1080p;Peripherals;3;856,98;online
00004457;2024-05-16;C1218;Kärkkäinen Oy;SKU-1008;Laptop Stand Aluminium;Accessories;9;690,41;online
00004458;2024-11-02;C1369;Hämäläinen Oy;SKU-1010;Desk Lamp LED;Furniture;4;443,73;direct
00004459;2025-02-15;C1205;Dansk Kontormiljø;SKU-1010;Desk Lamp LED;Furniture;3;447,72;retail
00004460;2024-07-05;C1103;Kärkkäinen Oy;SKU-1005;27in 4K Monitor;Displays;9;3 953,78;partner
00004461;2025-08-15;C1287;Bergström & Söner;SKU-1004;Mechanical Keyboard;Peripherals;6;1 228,32;retail
00004462;2025-03-19;C1179;Ålesund Kontor;SKU-1009;Webcam 1080p;Peripherals;11;864,29;online
00004463;2024-08-28;C1239;Bergström & Söner;SKU-1005;27in 4K Monitor;Displays;3;4 781,06;direct
00004464;2024-08-18;C1192;Kärkkäinen Oy;SKU-1001;Ergonomic Desk Chair;Furniture;5;2 562,60;retail
00004465;2024-12-24;C1185;Hämäläinen Oy;SKU-1002;Standing Desk 140cm;Furniture;12;4 947,36;partner
00004466;2024-07-21;C1053;Rødvig Møbler;SKU-1003;Monitor Arm Dual;Accessories;2;889,90;direct
00004467;2024-06-30;C1250;Dansk Kontormiljø;SKU-1004;Mechanical Keyboard;Peripherals;12;1 176,29;direct
00004468;2025-08-04;C1107;Hämäläinen Oy;SKU-1007;Noise Cancelling Headset;Peripherals;9;2 092,51;direct
00004469;2025-05-12;C1131;Bergström & Söner;SKU-1002;Standing Desk 140cm;Furniture;4;4 901,41;partner
00004470;2024-10-31;C1091;Jyllands Inventar;SKU-1004;Mechanical Keyboard;Peripherals;-3;1 202,56;direct
00004471;2025-11-26;C1250;Dansk Kontormiljø;SKU-1003;Monitor Arm Dual;Accessories;4;918,55;retail
00004472;2024-08-17;C1312;Ålesund Kontor;SKU-1006;USB-C Dock;Accessories;1;1 526,87;partner
00004473;2024-07-06;C1383;Rødvig Møbler;SKU-1005;27in 4K Monitor;Displays;9;4 052,08;direct
00004474;2024-09-24;C1299;Lindqvist AB;SKU-1005;27in 4K Monitor;Displays;8;4 633,00;retail
00004475;2025-01-28;C1397;Kärkkäinen Oy;SKU-1001;Ergonomic Desk Chair;Furniture;12;2 323,52;direct
00004476;2025-11-05;C1308;Bergström & Söner;SKU-1010;Desk Lamp LED;Furniture;1;540,10;partner
00004477;2025-01-25;C1232;Dansk Kontormiljø;SKU-1008;Laptop Stand Aluminium;Accessories;4;721,05;direct
00004478;2025-08-21;C1345;Dansk Kontormiljø;SKU-1004;Mechanical Keyboard;Peripherals;7;1 314,84;retail
00004479;2025-03-18;C1156;Søndergaard A/S;SKU-1001;Ergonomic Desk Chair;Furniture;3;2 369,81;online
00004480;2025-08-02;C1224;Kjærstad Utstyr;SKU-1001;Ergonomic Desk Chair;Furniture;6;2 318,61;partner
00004481;2025-10-23;C1186;Hämäläinen Oy;SKU-1006;USB-C Dock;Accessories;10;1 541,87;direct
00004482;2025-04-23;C1003;Ålesund Kontor;SKU-1010;Desk Lamp LED;Furniture;4;578,73;
00004483;2025-04-22;C1346;Trondheim Utstyr;SKU-1006;USB-C Dock;Accessories;5;1 537,83;online
00004484;2025-08-23;C1217;Väisänen Kaluste;SKU-1003;Monitor Arm Dual;Accessories;12;866,96;direct
00004485;2025-12-04;C1281;Jyllands Inventar;SKU-1009;Webcam 1080p;Peripherals;9;865,99;retail
00004486;2024-07-24;C1177;Dansk Kontormiljø;SKU-1001;Ergonomic Desk Chair;Furniture;9;2 475,56;direct
00004487;2024-07-18;C1210;Kärkkäinen Oy;SKU-1010;Desk Lamp LED;Furniture;5;590,03;partner
00004488;2025-05-16;C1202;Trondheim Utstyr;SKU-1008;Laptop Stand Aluminium;Accessories;1;582,55;direct
00004489;2024-09-27;C1376;Väisänen Kaluste;SKU-1006;USB-C Dock;Accessories;10;1 945,24;direct
00004490;2025-10-10;C1135;Uppsala Interiör;SKU-1007;Noise Cancelling Headset;Peripherals;7;2 301,14;retail
00004491;2024-09-01;C1140;Uppsala Interiör;SKU-1006;USB-C Dock;Accessories;6;1 912,30;partner
00004492;2024-09-16;C1012;Hämäläinen Oy;SKU-1006;USB-C Dock;Accessories;11;1 822,73;online
00004493;2025-07-26;C1371;Kärkkäinen Oy;SKU-1008;Laptop Stand Aluminium;Accessories;8;668,31;direct
00004494;2024-01-28;C1121;Uppsala Interiör;SKU-1006;USB-C Dock;Accessories;4;1 623,32;partner
00004495;2025-05-08;C1268;Lindqvist AB;SKU-1005;27in 4K Monitor;Displays;9;3 696,97;partner
00004496;2025-01-15;C1206;Rødvig Møbler;SKU-1004;Mechanical Keyboard;Peripherals;9;1 229,14;online
00004497;2024-11-06;C1379;Nordström Handel;SKU-1010;Desk Lamp LED;Furniture;2;535,73;partner
00004498;2024-10-08;C1044;Hämäläinen Oy;SKU-1001;Ergonomic Desk Chair;Furniture;8;2 190,50;retail
00004499;2024-09-20;C1015;Väisänen Kaluste;SKU-1007;Noise Cancelling Headset;Peripherals;4;2 408,34;retail
00004500;2025-06-12;C1117;Uppsala Interiör;SKU-1001;Ergonomic Desk Chair;Furniture;12;2 333,48;direct
00004501;2025-04-23;C1143;Jyllands Inventar;SKU-1004;Mechanical Keyboard;Peripherals;4;1 296,46;partner
00004502;2024-05-19;C1248;Rødvig Møbler;SKU-1007;Noise Cancelling Headset;Peripherals;7;1 941,01;direct
00004503;2024-02-24;C1362;Mäkinen Toimisto;SKU-1005;27in 4K Monitor;Displays;2;3 844,16;retail
00004504;2024-02-15;C1247;Ålesund Kontor;SKU-1001;Ergonomic Desk Chair;Furniture;-3;2 392,25;partner
00004505;2025-08-29;C1236;Trondheim Utstyr;SKU-1002;Standing Desk 140cm;Furniture;7;5 227,69;direct
00004506;2024-01-23;C1218;Bergström & Söner;SKU-1004;Mechanical Keyboard;Peripherals;9;1 058,94;partner
00004507;2025-11-02;C1190;Kärkkäinen Oy;SKU-1005;27in 4K Monitor;Displays;4;4 231,87;direct
00004508;2024-12-18;C1342;Kjærstad Utstyr;SKU-1009;Webcam 1080p;Peripherals;10;742,89;direct
00004509;2025-02-17;C1270;Trondheim Utstyr;SKU-1001;Ergonomic Desk Chair;Furniture;3;2 060,88;partner
00004510;2025-12-17;C1277;Ålesund Kontor;SKU-1007;Noise Cancelling Headset;Peripherals;8;1 838,67;online
00004511;2024-04-07;C1111;Ålesund Kontor;SKU-1010;Desk Lamp LED;Furniture;3;554,13;online
00004512;2025-10-22;C1301;Mäkinen Toimisto;SKU-1004;Mechanical Keyboard;Peripherals;8;1 103,05;retail
00004513;2025-04-01;C1004;Väisänen Kaluste;SKU-1004;Mechanical Keyboard;Peripherals;4;1 300,14;retail
00004514;2025-02-18;C1328;Hämäläinen Oy;SKU-1008;Laptop Stand Aluminium;Accessories;10;552,62;retail
00004515;2025-04-10;C1270;Rødvig Møbler;SKU-1001;Ergonomic Desk Chair;Furniture;7;2 397,09;partner
00004516;2024-07-19;C1005;Søndergaard A/S;SKU-1008;Laptop Stand Aluminium;Accessories;9;642,36;partner
00004517;2024-12-02;C1337;Mäkinen Toimisto;SKU-1009;Webcam 1080p;Peripherals;6;764,29;retail
00004518;2025-06-10;C1029;Lindqvist AB;SKU-1005;27in 4K Monitor;Displays;5;4 273,18;online
00004519;2024-09-07;C1339;Dansk Kontormiljø;SKU-1002;Standing Desk 140cm;Furniture;8;5 697,90;partner
00004520;2025-06-15;C1166;Kärkkäinen Oy;SKU-1004;Mechanical Keyboard;Peripherals;12;1 125,17;partner
00004521;2024-11-19;C1380;Rødvig Møbler;SKU-1005;27in 4K Monitor;Displays;1;4 505,10;retail
00004522;2025-10-03;C1190;Jyllands Inventar;SKU-1004;Mechanical Keyboard;Peripherals;3;989,12;retail
00004523;2024-02-25;C1063;Hämäläinen Oy;SKU-1006;USB-C Dock;Accessories;3;1 815,62;online
00004524;2025-09-04;C1337;Dansk Kontormiljø;SKU-1004;Mechanical Keyboard;Peripherals;11;1 022,46;direct
00004525;2024-06-18;C1125;Hämäläinen Oy;SKU-1004;Mechanical Keyboard;Peripherals;-3;1 261,27;direct
00004526;2024-01-31;C1225;Ålesund Kontor;SKU-1006;USB-C Dock;Accessories;5;2 001,20;partner
00004527;2024-08-01;C1083;Lindqvist AB;SKU-1005;27in 4K Monitor;Displays;1;4 535,58;retail
00004528;2025-07-25;C1167;Lindqvist AB;SKU-1003;Monitor Arm Dual;Accessories;11;813,91;retail
00004529;2025-06-28;C1071;Nordström Handel;SKU-1005;27in 4K Monitor;Displays;3;4 511,95;direct
00004530;2025-06-25;C1063;Nordström Handel;SKU-1009;Webcam 1080p;Peripherals;3;675,98;online
00004531;2025-04-04;C1111;Hämäläinen Oy;SKU-1001;Ergonomic Desk Chair;Furniture;6;2 247,28;direct
00004532;2025-06-22;C1383;Møller Innredning;SKU-1008;Laptop Stand Aluminium;Accessories;10;583,28;partner
00004533;2024-04-17;C1191;Bergström & Söner;SKU-1006;USB-C Dock;Accessories;11;1 611,77;online
00004534;2025-06-11;C1070;Jyllands Inventar;SKU-1008;Laptop Stand Aluminium;Accessories;3;580,06;partner
00004535;2025-05-31;C1175;Kjærstad Utstyr;SKU-1003;Monitor Arm Dual;Accessories;10;1 011,94;partner
00004536;2025-06-24;C1269;Bergström & Söner;SKU-1006;USB-C Dock;Accessories;11;1 707,37;partner
00004537;2025-06-09;C1063;Jyllands Inventar;SKU-1006;USB-C Dock;Accessories;10;1 515,66;partner
00004538;2024-04-15;C1345;Väisänen Kaluste;SKU-1005;27in 4K Monitor;Displays;5;4 239,99;retail
00004539;2024-04-27;C1365;Väisänen Kaluste;SKU-1005;27in 4K Monitor;Displays;9;4 409,91;retail
00004540;2025-02-20;C1364;Mäkinen Toimisto;SKU-1009;Webcam 1080p;Peripherals;10;722,74;retail
00004541;2025-01-04;C1177;Hämäläinen Oy;SKU-1004;Mechanical Keyboard;Peripherals;-2;1 183,00;online
00004542;2024-03-04;C1259;Møller Innredning;SKU-1006;USB-C Dock;Accessories;6;1 528,35;online
00004543;2025-04-07;C1321;Trondheim Utstyr;SKU-1008;Laptop Stand Aluminium;Accessories;8;601,60;direct
00004544;2024-10-17;C1362;Ålesund Kontor;SKU-1005;27in 4K Monitor;Displays;6;3 887,10;online
00004545;2025-08-23;C1127;Trondheim Utstyr;SKU-1004;Mechanical Keyboard;Peripherals;9;1 271,28;direct
00004546;2024-12-04;C1186;Mäkinen Toimisto;SKU-1010;Desk Lamp LED;Furniture;-1;552,87;partner
00004547;2024-09-28;C1368;Ålesund Kontor;SKU-1010;Desk Lamp LED;Furniture;12;514,05;direct
00004548;2025-03-07;C1337;Trondheim Utstyr;SKU-1007;Noise Cancelling Headset;Peripherals;3;2 140,09;retail
00004549;2024-01-31;C1086;Uppsala Interiör;SKU-1003;Monitor Arm Dual;Accessories;6;815,51;direct
00004550;2025-01-19;C1154;Ålesund Kontor;SKU-1008;Laptop Stand Aluminium;Accessories;5;695,92;online
00004551;2025-01-04;C1101;Bergström & Söner;SKU-1003;Monitor Arm Dual;Accessories;8;885,37;partner
00004552;2024-04-15;C1254;Nordström Handel;SKU-1006;USB-C Dock;Accessories;2;1 593,53;retail
00004553;2024-09-03;C1148;Hämäläinen Oy;SKU-1006;USB-C Dock;Accessories;5;1 664,10;partner
00004554;2025-03-21;C1095;Ålesund Kontor;SKU-1010;Desk Lamp LED;Furniture;6;498,71;direct
00004555;2025-11-04;C1247;Jyllands Inventar;SKU-1009;Webcam 1080p;Peripherals;11;750,28;direct
00004556;2024-12-30;C1388;Lindqvist AB;SKU-1009;Webcam 1080p;Peripherals;1;846,06;partner
00004557;2024-02-22;C1150;Rødvig Møbler;SKU-1010;Desk Lamp LED;Furniture;-2;560,42;retail
00004558;2025-04-27;C1286;Väisänen Kaluste;SKU-1008;Laptop Stand Aluminium;Accessories;2;607,29;online
00004559;2024-08-25;C1114;Dansk Kontormiljø;SKU-1002;Standing Desk 140cm;Furniture;11;5 132,59;direct
00004560;2024-03-11;C1342;Jyllands Inventar;SKU-1001;Ergonomic Desk Chair;Furniture;10;2 214,65;retail
00004561;2025-06-02;C1279;Hämäläinen Oy;SKU-1009;Webcam 1080p;Peripherals;10;869,70;retail
00004562;2025-07-19;C1100;Bergström & Söner;SKU-1002;Standing Desk 140cm;Furniture;1;5 652,49;retail
00004563;2024-06-14;C1207;Mäkinen Toimisto;SKU-1002;Standing Desk 140cm;Furniture;6;4 690,21;retail
00004564;2024-08-31;C1362;Rødvig Møbler;SKU-1001;Ergonomic Desk Chair;Furniture;10;2 533,90;direct
00004565;2024-01-03;C1340;Søndergaard A/S;SKU-1004;Mechanical Keyboard;Peripherals;8;1 041,30;direct
00004566;2024-03-05;C1286;Rødvig Møbler;SKU-1009;Webcam 1080p;Peripherals;3;895,66;partner
00004567;2025-02-26;C1395;Uppsala Interiör;SKU-1005;27in 4K Monitor;Displays;8;4 625,97;
00004568;2024-05-18;C1378;Lindqvist AB;SKU-1007;Noise Cancelling Headset;Peripherals;4;1 956,97;online
00004569;2024-07-09;C1380;Dansk Kontormiljø;SKU-1005;27in 4K Monitor;Displays;9;3 894,42;direct
00004570;2025-02-26;C1157;Kärkkäinen Oy;SKU-1005;27in 4K Monitor;Displays;8;4 594,03;retail
00004571;2025-12-01;C1391;Kjærstad Utstyr;SKU-1005;27in 4K Monitor;Displays;8;3 905,42;direct
00004572;2025-10-28;C1167;Bergström & Söner;SKU-1010;Desk Lamp LED;Furniture;7;511,01;direct
00004573;2024-11-14;C1198;Uppsala Interiör;SKU-1008;Laptop Stand Aluminium;Accessories;5;652,76;retail
00004574;2025-08-05;C1315;Väisänen Kaluste;SKU-1005;27in 4K Monitor;Displays;5;4 441,72;online
00004575;2024-11-14;C1334;Møller Innredning;SKU-1002;Standing Desk 140cm;Furniture;6;5 101,97;online
00004576;2025-08-20;C1388;Lindqvist AB;SKU-1010;Desk Lamp LED;Furniture;-1;539,75;direct
00004577;2025-06-15;C1032;Ålesund Kontor;SKU-1005;27in 4K Monitor;Displays;10;4 194,61;online
00004578;2025-11-11;C1395;Møller Innredning;SKU-1003;Monitor Arm Dual;Accessories;10;795,45;partner
00004579;2024-02-23;C1115;Uppsala Interiör;SKU-1007;Noise Cancelling Headset;Peripherals;9;1 902,02;online
00004580;2024-02-24;C1198;Bergström & Söner;SKU-1004;Mechanical Keyboard;Peripherals;8;1 244,37;online
00004581;2025-06-17;C1167;Trondheim Utstyr;SKU-1009;Webcam 1080p;Peripherals;7;733,39;online
00004582;2025-01-29;C1351;Väisänen Kaluste;SKU-1001;Ergonomic Desk Chair;Furniture;5;2 276,06;direct
00004583;2025-01-15;C1235;Dansk Kontormiljø;SKU-1007;Noise Cancelling Headset;Peripherals;11;2 362,11;retail
00004584;2024-05-14;C1202;Trondheim Utstyr;SKU-1001;Ergonomic Desk Chair;Furniture;6;2 651,81;direct
00004585;2024-08-07;C1212;Søndergaard A/S;SKU-1005;27in 4K Monitor;Displays;11;4 431,13;online
00004586;2025-03-20;C1181;Rødvig Møbler;SKU-1008;Laptop Stand Aluminium;Accessories;1;564,62;partner
00004587;2024-03-30;C1350;Jyllands Inventar;SKU-1005;27in 4K Monitor;Displays;3;4 031,47;direct
00004588;2024-05-20;C1025;Søndergaard A/S;SKU-1005;27in 4K Monitor;Displays;8;4 771,44;partner
00004589;2025-06-24;C1177;Lindqvist AB;SKU-1002;Standing Desk 140cm;Furniture;11;5 311,77;partner
00004590;2024-11-20;C1280;Väisänen Kaluste;SKU-1007;Noise Cancelling Headset;Peripherals;6;1 933,32;retail
00004591;2024-07-09;C1095;Trondheim Utstyr;SKU-1009;Webcam 1080p;Peripherals;2;894,40;direct
00004592;2025-05-16;C1343;Nordström Handel;SKU-1007;Noise Cancelling Headset;Peripherals;12;1 902,29;partner
00004593;2025-02-15;C1020;Bergström & Söner;SKU-1003;Monitor Arm Dual;Accessories;4;782,08;direct
00004594;2024-03-24;C1270;Kärkkäinen Oy;SKU-1001;Ergonomic Desk Chair;Furniture;1;2 131,37;partner
00004595;2025-08-17;C1392;Jyllands Inventar;SKU-1008;Laptop Stand Aluminium;Accessories;11;720,31;partner
00004596;2025-12-21;C1092;Hämäläinen Oy;SKU-1010;Desk Lamp LED;Furniture;-1;515,80;direct
00004597;2025-05-30;C1099;Nordström Handel;SKU-1002;Standing Desk 140cm;Furniture;2;4 756,29;partner
00004598;2025-01-10;C1063;Søndergaard A/S;SKU-1001;Ergonomic Desk Chair;Furniture;11;2 566,73;retail
00004599;2024-05-23;C1055;Dansk Kontormiljø;SKU-1007;Noise Cancelling Headset;Peripherals;-1;2 350,19;direct
00004600;2025-04-15;C1056;Mäkinen Toimisto;SKU-1005;27in 4K Monitor;Displays;6;3 914,50;direct
00004601;2025-09-16;C1064;Uppsala Interiör;SKU-1004;Mechanical Keyboard;Peripherals;3;1 062,31;partner
00004602;2024-12-25;C1203;Nordström Handel;SKU-1004;Mechanical Keyboard;Peripherals;2;1 124,12;online
00004603;2024-12-30;C1173;Lindqvist AB;SKU-1004;Mechanical Keyboard;Peripherals;4;1 289,49;direct
00004604;2024-06-02;C1215;Uppsala Interiör;SKU-1003;Monitor Arm Dual;Accessories;5;845,08;online
00004605;2025-04-29;C1382;Nordström Handel;SKU-1001;Ergonomic Desk Chair;Furniture;11;2 492,92;online
00004606;2024-12-30;C1383;Jyllands Inventar;SKU-1008;Laptop Stand Aluminium;Accessories;12;545,48;direct
00004607;2024-03-18;C1395;Bergström & Söner;SKU-1001;Ergonomic Desk Chair;Furniture;7;2 269,83;online
00004608;2025-04-09;C1352;Rødvig Møbler;SKU-1002;Standing Desk 140cm;Furniture;12;5 745,05;online
00004609;2024-08-23;C1389;Søndergaard A/S;SKU-1004;Mechanical Keyboard;Peripherals;6;1 042,23;retail
00004610;2025-12-18;C1163;Bergström & Söner;SKU-1006;USB-C Dock;Accessories;5;1 872,89;direct
00004611;2025-08-18;C1151;Rødvig Møbler;SKU-1006;USB-C Dock;Accessories;8;1 958,10;online
00004612;2024-10-04;C1090;Dansk Kontormiljø;SKU-1002;Standing Desk 140cm;Furniture;12;4 470,02;partner
00004613;2025-12-01;C1169;Ålesund Kontor;SKU-1007;Noise Cancelling Headset;Peripherals;12;1 995,63;retail
00004614;2025-10-30;C1033;Väisänen Kaluste;SKU-1003;Monitor Arm Dual;Accessories;12;774,88;partner
00004615;2024-02-21;C1310;Søndergaard A/S;SKU-1009;Webcam 1080p;Peripherals;9;736,96;online
00004616;2024-08-17;C1213;Rødvig Møbler;SKU-1005;27in 4K Monitor;Displays;7;4 588,19;online
00004617;2025-12-17;C1154;Rødvig Møbler;SKU-1001;Ergonomic Desk Chair;Furniture;6;2 596,02;direct
00004618;2024-10-15;C1061;Dansk Kontormiljø;SKU-1001;Ergonomic Desk Chair;Furniture;1;2 428,99;partner
00004619;2025-10-24;C1075;Ålesund Kontor;SKU-1004;Mechanical Keyboard;Peripherals;8;988,89;direct
00004620;2024-07-07;C1174;Kjærstad Utstyr;SKU-1001;Ergonomic Desk Chair;Furniture;12;2 084,27;online
00004621;2024-04-04;C1229;Hämäläinen Oy;SKU-1004;Mechanical Keyboard;Peripherals;11;1 234,47;direct
00004622;2025-01-18;C1018;Hämäläinen Oy;SKU-1009;Webcam 1080p;Peripherals;2;804,60;retail
00004623;2025-07-30;C1122;Lindqvist AB;SKU-1008;Laptop Stand Aluminium;Accessories;12;676,37;retail
00004624;2025-08-26;C1042;Dansk Kontormiljø;SKU-1001;Ergonomic Desk Chair;Furniture;11;2 301,42;online
00004625;2024-08-04;C1192;Mäkinen Toimisto;SKU-1004;Mechanical Keyboard;Peripherals;12;1 145,90;direct
00004626;2024-11-03;C1022;Dansk Kontormiljø;SKU-1001;Ergonomic Desk Chair;Furniture;9;2 627,97;partner
00004627;2024-12-08;C1292;Rødvig Møbler;SKU-1005;27in 4K Monitor;Displays;6;4 918,06;partner
00004628;2025-01-26;C1188;Lindqvist AB;SKU-1008;Laptop Stand Aluminium;Accessories;1;707,68;partner
00004629;2025-10-25;C1164;Jyllands Inventar;SKU-1007;Noise Cancelling Headset;Peripherals;3;2 080,45;online
00004630;2024-06-12;C1210;Lindqvist AB;SKU-1003;Monitor Arm Dual;Accessories;8;933,16;online
00004631;2025-07-28;C1223;Lindqvist AB;SKU-1007;Noise Cancelling Headset;Peripherals;12;1 825,86;retail
00004632;2025-03-22;C1001;Bergström & Söner;SKU-1001;Ergonomic Desk Chair;Furniture;10;2 607,32;partner
00004633;2025-04-23;C1025;Nordström Handel;SKU-1010;Desk Lamp LED;Furniture;1;452,49;online
00004634;2025-06-24;C1012;Hämäläinen Oy;SKU-1003;Monitor Arm Dual;Accessories;8;934,53;direct
00004635;2024-03-27;C1142;Uppsala Interiör;SKU-1008;Laptop Stand Aluminium;Accessories;8;694,70;online
00004636;2024-04-17;C1288;Väisänen Kaluste;SKU-1007;Noise Cancelling Headset;Peripherals;9;2 389,07;direct
00004637;2025-05-17;C1230;Rødvig Møbler;SKU-1010;Desk Lamp LED;Furniture;7;446,39;partner
00004638;2025-12-03;C1057;Kjærstad Utstyr;SKU-1010;Desk Lamp LED;Furniture;6;566,51;online
00004639;2024-05-03;C1104;Hämäläinen Oy;SKU-1001;Ergonomic Desk Chair;Furniture;6;2 689,14;direct
00004640;2025-11-09;C1235;Mäkinen Toimisto;SKU-1004;Mechanical Keyboard;Peripherals;12;1 299,64;online
00004641;2025-03-10;C1239;Kärkkäinen Oy;SKU-1006;USB-C Dock;Accessories;1;1 674,89;direct
00004642;2024-05-13;C1374;Ålesund Kontor;SKU-1008;Laptop Stand Aluminium;Accessories;4;567,16;direct
00004643;2024-10-15;C1255;Uppsala Interiör;SKU-1008;Laptop Stand Aluminium;Accessories;5;725,22;online
00004644;2024-12-07;C1335;Mäkinen Toimisto;SKU-1006;USB-C Dock;Accessories;10;1 837,50;online
00004645;2025-08-27;C1240;Ålesund Kontor;SKU-1009;Webcam 1080p;Peripherals;4;804,43;online
00004646;2025-09-18;C1102;Nordström Handel;SKU-1006;USB-C Dock;Accessories;3;1 929,74;direct
00004647;2025-01-25;C1251;Ålesund Kontor;SKU-1005;27in 4K Monitor;Displays;7;3 813,78;retail
00004648;2024-08-03;C1189;Søndergaard A/S;SKU-1010;Desk Lamp LED;Furniture;7;531,73;retail
00004649;2025-05-04;C1285;Rødvig Møbler;SKU-1004;Mechanical Keyboard;Peripherals;11;1 241,31;retail
00004650;2025-05-03;C1191;Søndergaard A/S;SKU-1006;USB-C Dock;Accessories;11;1 557,12;online
00004651;2024-02-24;C1069;Kärkkäinen Oy;SKU-1006;USB-C Dock;Accessories;6;1 849,51;direct
00004652;2025-07-25;C1080;Dansk Kontormiljø;SKU-1005;27in 4K Monitor;Displays;8;3 801,72;online
00004653;2025-08-07;C1084;Møller Innredning;SKU-1005;27in 4K Monitor;Displays;12;4 238,15;online
00004654;2025-06-06;C1220;Väisänen Kaluste;SKU-1010;Desk Lamp LED;Furniture;4;542,59;retail
00004655;2025-03-25;C1191;Nordström Handel;SKU-1004;Mechanical Keyboard;Peripherals;10;1 214,05;partner
00004656;2025-05-09;C1399;Bergström & Söner;SKU-1006;USB-C Dock;Accessories;8;1 747,35;direct
00004657;2024-11-04;C1108;Mäkinen Toimisto;SKU-1005;27in 4K Monitor;Displays;4;3 816,95;partner
00004658;2024-03-19;C1035;Väisänen Kaluste;SKU-1004;Mechanical Keyboard;Peripherals;6;1 296,62;direct
00004659;2025-04-15;C1080;Nordström Handel;SKU-1006;USB-C Dock;Accessories;1;1 561,38;partner
00004660;2025-08-28;C1359;Hämäläinen Oy;SKU-1009;Webcam 1080p;Peripherals;1;707,01;direct
00004661;2024-07-20;C1102;Ålesund Kontor;SKU-1006;USB-C Dock;Accessories;7;1 808,70;direct
00004662;2024-01-05;C1266;Väisänen Kaluste;SKU-1009;Webcam 1080p;Peripherals;7;848,09;partner
00004663;2025-08-16;C1329;Kärkkäinen Oy;SKU-1001;Ergonomic Desk Chair;Furniture;7;2 236,04;partner
00004664;2024-11-03;C1074;Trondheim Utstyr;SKU-1002;Standing Desk 140cm;Furniture;1;4 525,24;direct
00004665;2025-08-21;C1076;Ålesund Kontor;SKU-1005;27in 4K Monitor;Displays;10;4 014,14;retail
00004666;2025-10-17;C1314;Jyllands Inventar;SKU-1002;Standing Desk 140cm;Furniture;9;5 207,69;retail
00004667;2025-08-23;C1125;Hämäläinen Oy;SKU-1004;Mechanical Keyboard;Peripherals;3;1 275,12;direct
00004668;2025-10-11;C1039;Ålesund Kontor;SKU-1006;USB-C Dock;Accessories;4;1 905,70;retail
00004669;2024-11-02;C1234;Hämäläinen Oy;SKU-1006;USB-C Dock;Accessories;12;1 936,42;direct
00004670;2025-02-25;C1146;Kjærstad Utstyr;SKU-1001;Ergonomic Desk Chair;Furniture;11;2 743,93;direct
00004671;2024-11-27;C1145;Jyllands Inventar;SKU-1003;Monitor Arm Dual;Accessories;5;845,76;online
00004672;2024-12-15;C1363;Kärkkäinen Oy;SKU-1001;Ergonomic Desk Chair;Furniture;3;2 637,98;direct
00004673;2024-09-12;C1291;Mäkinen Toimisto;SKU-1010;Desk Lamp LED;Furniture;12;464,48;retail
00004674;2024-10-29;C1117;Kärkkäinen Oy;SKU-1008;Laptop Stand Aluminium;Accessories;2;591,26;direct
00004675;2024-12-14;C1132;Trondheim Utstyr;SKU-1007;Noise Cancelling Headset;Peripherals;1;2 289,91;retail
00004676;2025-08-07;C1269;Bergström & Söner;SKU-1001;Ergonomic Desk Chair;Furniture;7;2 609,81;retail
00004677;2025-02-04;C1097;Väisänen Kaluste;SKU-1008;Laptop Stand Aluminium;Accessories;10;612,63;online
00004678;2024-06-30;C1000;Kjærstad Utstyr;SKU-1002;Standing Desk 140cm;Furniture;5;5 571,50;online
00004679;2024-03-09;C1196;Nordström Handel;SKU-1005;27in 4K Monitor;Displays;11;4 090,96;
00004680;2024-12-09;C1138;Ålesund Kontor;SKU-1007;Noise Cancelling Headset;Peripherals;5;1 839,11;online
00004681;2024-01-13;C1071;Väisänen Kaluste;SKU-1004;Mechanical Keyboard;Peripherals;11;1 112,76;retail
00004682;2025-07-19;C1059;Uppsala Interiör;SKU-1006;USB-C Dock;Accessories;7;1 949,12;retail
00004683;2024-03-01;C1360;Väisänen Kaluste;SKU-1006;USB-C Dock;Accessories;12;1 576,98;online
00004684;2025-08-21;C1059;Ålesund Kontor;SKU-1005;27in 4K Monitor;Displays;10;3 765,48;partner
00004685;2025-05-30;C1057;Mäkinen Toimisto;SKU-1003;Monitor Arm Dual;Accessories;10;918,73;retail
00004686;2025-06-09;C1185;Dansk Kontormiljø;SKU-1005;27in 4K Monitor;Displays;1;3 934,15;online
00004687;2024-11-25;C1078;Lindqvist AB;SKU-1010;Desk Lamp LED;Furniture;2;468,27;retail
00004688;2024-02-13;C1077;Nordström Handel;SKU-1003;Monitor Arm Dual;Accessories;12;876,71;partner
00004689;2025-06-17;C1200;Dansk Kontormiljø;SKU-1005;27in 4K Monitor;Displays;7;4 304,12;partner
00004690;2024-05-30;C1237;Kjærstad Utstyr;SKU-1010;Desk Lamp LED;Furniture;5;549,80;retail
00004691;2024-11-30;C1310;Ålesund Kontor;SKU-1004;Mechanical Keyboard;Peripherals;11;1 283,49;direct
00004692;2024-11-16;C1097;Møller Innredning;SKU-1005;27in 4K Monitor;Displays;5;4 398,96;retail
00004693;2024-03-04;C1264;Väisänen Kaluste;SKU-1009;Webcam 1080p;Peripherals;-1;686,02;online
00004694;2025-06-30;C1392;Kjærstad Utstyr;SKU-1004;Mechanical Keyboard;Peripherals;2;1 263,44;
00004695;2024-01-13;C1372;Møller Innredning;SKU-1005;27in 4K Monitor;Displays;3;4 859,97;online
00004696;2024-03-24;C1322;Søndergaard A/S;SKU-1005;27in 4K Monitor;Displays;7;4 162,05;online
00004697;2024-09-16;C1081;Søndergaard A/S;SKU-1001;Ergonomic Desk Chair;Furniture;3;2 714,85;direct
00004698;2024-01-31;C1159;Møller Innredning;SKU-1008;Laptop Stand Aluminium;Accessories;1;635,02;online
00004699;2025-03-12;C1362;Dansk Kontormiljø;SKU-1010;Desk Lamp LED;Furniture;9;552,15;direct
00004700;2025-05-26;C1249;Møller Innredning;SKU-1005;27in 4K Monitor;Displays;1;4 559,03;retail
00004701;2024-10-26;C1352;Nordström Handel;SKU-1001;Ergonomic Desk Chair;Furniture;8;2 168,50;retail
00004702;2025-01-14;C1037;Lindqvist AB;SKU-1004;Mechanical Keyboard;Peripherals;4;1 281,95;direct
00004703;2024-05-20;C1176;Kärkkäinen Oy;SKU-1003;Monitor Arm Dual;Accessories;5;971,26;online
00004704;2025-11-13;C1272;Rødvig Møbler;SKU-1007;Noise Cancelling Headset;Peripherals;6;1 825,78;online
00004705;2025-12-27;C1365;Søndergaard A/S;SKU-1008;Laptop Stand Aluminium;Accessories;7;727,07;partner
00004706;2025-07-18;C1086;Rødvig Møbler;SKU-1003;Monitor Arm Dual;Accessories;4;784,11;direct
00004707;2025-04-15;C1281;Jyllands Inventar;SKU-1004;Mechanical Keyboard;Peripherals;11;1 245,59;retail
00004708;2025-10-28;C1118;Hämäläinen Oy;SKU-1008;Laptop Stand Aluminium;Accessories;12;596,65;direct
00004709;2025-08-15;C1120;Bergström & Söner;SKU-1004;Mechanical Keyboard;Peripherals;2;1 185,22;retail
00004710;2024-03-23;C1333;Rødvig Møbler;SKU-1007;Noise Cancelling Headset;Peripherals;11;1 902,86;partner
00004711;2024-12-20;C1003;Trondheim Utstyr;SKU-1004;Mechanical Keyboard;Peripherals;5;1 225,87;retail
00004712;2025-07-18;C1396;Mäkinen Toimisto;SKU-1008;Laptop Stand Aluminium;Accessories;8;682,86;partner
00004713;2024-07-21;C1400;Hämäläinen Oy;SKU-1010;Desk Lamp LED;Furniture;10;584,42;direct
00004714;2024-05-08;C1393;Bergström & Söner;SKU-1007;Noise Cancelling Headset;Peripherals;9;2 388,66;online
00004715;2025-01-02;C1037;Kärkkäinen Oy;SKU-1009;Webcam 1080p;Peripherals;1;876,40;partner
00004716;2025-01-14;C1298;Väisänen Kaluste;SKU-1006;USB-C Dock;Accessories;5;1 573,01;partner
00004717;2025-12-25;C1017;Väisänen Kaluste;SKU-1002;Standing Desk 140cm;Furniture;4;5 706,17;retail
00004718;2025-11-06;C1352;Hämäläinen Oy;SKU-1006;USB-C Dock;Accessories;5;1 704,57;retail
00004719;2024-12-16;C1054;Søndergaard A/S;SKU-1002;Standing Desk 140cm;Furniture;1;5 196,70;direct
00004720;2024-01-11;C1171;Lindqvist AB;SKU-1004;Mechanical Keyboard;Peripherals;7;1 230,78;partner
00004721;2024-05-25;C1072;Søndergaard A/S;SKU-1002;Standing Desk 140cm;Furniture;8;5 797,33;partner
00004722;2025-05-29;C1238;Nordström Handel;SKU-1003;Monitor Arm Dual;Accessories;7;886,49;online
00004723;2024-05-23;C1264;Bergström & Söner;SKU-1003;Monitor Arm Dual;Accessories;4;902,01;direct
00004724;2025-08-06;C1384;Søndergaard A/S;SKU-1002;Standing Desk 140cm;Furniture;9;5 439,99;partner
00004725;2024-11-23;C1071;Ålesund Kontor;SKU-1005;27in 4K Monitor;Displays;11;4 534,77;retail
00004726;2025-03-09;C1125;Trondheim Utstyr;SKU-1003;Monitor Arm Dual;Accessories;8;1 009,61;online
00004727;2024-07-29;C1122;Ålesund Kontor;SKU-1002;Standing Desk 140cm;Furniture;2;5 732,37;retail
00004728;2024-02-25;C1221;Väisänen Kaluste;SKU-1009;Webcam 1080p;Peripherals;9;890,91;partner
00004729;2024-04-07;C1260;Lindqvist AB;SKU-1001;Ergonomic Desk Chair;Furniture;1;2 708,00;online
00004730;2024-04-04;C1346;Nordström Handel;SKU-1007;Noise Cancelling Headset;Peripherals;5;2 019,50;retail
00004731;2025-12-24;C1129;Lindqvist AB;SKU-1003;Monitor Arm Dual;Accessories;2;837,82;retail
00004732;2025-03-08;C1032;Jyllands Inventar;SKU-1008;Laptop Stand Aluminium;Accessories;1;594,26;direct
00004733;2024-07-07;C1388;Bergström & Söner;SKU-1009;Webcam 1080p;Peripherals;8;810,97;partner
00004734;2024-01-12;C1107;Møller Innredning;SKU-1010;Desk Lamp LED;Furniture;10;576,45;retail
00004735;2024-09-18;C1109;Rødvig Møbler;SKU-1005;27in 4K Monitor;Displays;4;4 511,94;partner
00004736;2024-03-08;C1023;Lindqvist AB;SKU-1005;27in 4K Monitor;Displays;3;4 185,65;partner
00004737;2024-04-23;C1102;Ålesund Kontor;SKU-1007;Noise Cancelling Headset;Peripherals;1;2 181,27;online
00004738;2025-08-07;C1155;Møller Innredning;SKU-1006;USB-C Dock;Accessories;6;1 878,73;retail
00004739;2024-08-25;C1305;Hämäläinen Oy;SKU-1008;Laptop Stand Aluminium;Accessories;3;568,56;direct
00004740;2024-03-19;C1363;Trondheim Utstyr;SKU-1008;Laptop Stand Aluminium;Accessories;3;637,91;direct
00004741;2025-01-14;C1032;Rødvig Møbler;SKU-1008;Laptop Stand Aluminium;Accessories;7;628,09;
00004742;2025-09-13;C1274;Bergström & Söner;SKU-1008;Laptop Stand Aluminium;Accessories;11;695,65;online
00004743;2024-02-12;C1142;Trondheim Utstyr;SKU-1010;Desk Lamp LED;Furniture;8;566,78;online
00004744;2024-11-22;C1174;Jyllands Inventar;SKU-1001;Ergonomic Desk Chair;Furniture;5;2 462,59;retail
00004745;2025-07-22;C1351;Lindqvist AB;SKU-1008;Laptop Stand Aluminium;Accessories;12;565,79;direct
00004746;2025-11-24;C1020;Søndergaard A/S;SKU-1010;Desk Lamp LED;Furniture;11;490,62;retail
00004747;2025-09-26;C1098;Ålesund Kontor;SKU-1006;USB-C Dock;Accessories;8;1 755,25;partner
00004748;2025-01-05;C1142;Mäkinen Toimisto;SKU-1004;Mechanical Keyboard;Peripherals;11;1 025,87;online
00004749;2025-07-31;C1161;Kärkkäinen Oy;SKU-1004;Mechanical Keyboard;Peripherals;10;1 005,50;retail
00004750;2025-04-12;C1004;Møller Innredning;SKU-1007;Noise Cancelling Headset;Peripherals;4;2 318,89;retail
00004751;2025-04-14;C1286;Kärkkäinen Oy;SKU-1008;Laptop Stand Aluminium;Accessories;11;612,18;online
00004752;2025-10-26;C1178;Väisänen Kaluste;SKU-1001;Ergonomic Desk Chair;Furniture;11;2 298,51;online
00004753;2024-02-06;C1230;Jyllands Inventar;SKU-1006;USB-C Dock;Accessories;5;1 886,14;direct
00004754;2025-07-04;C1300;Kjærstad Utstyr;SKU-1008;Laptop Stand Aluminium;Accessories;12;711,91;online
00004755;2024-05-23;C1347;Lindqvist AB;SKU-1002;Standing Desk 140cm;Furniture;1;5 130,63;partner
00004756;2024-03-10;C1063;Kjærstad Utstyr;SKU-1001;Ergonomic Desk Chair;Furniture;10;2 587,07;partner
00004757;2025-05-18;C1275;Lindqvist AB;SKU-1007;Noise Cancelling Headset;Peripherals;2;2 016,25;partner
00004758;2025-07-19;C1218;Jyllands Inventar;SKU-1002;Standing Desk 140cm;Furniture;1;5 957,49;direct
00004759;2024-06-01;C1221;Møller Innredning;SKU-1002;Standing Desk 140cm;Furniture;9;5 903,62;partner
00004760;2025-07-15;C1212;Trondheim Utstyr;SKU-1005;27in 4K Monitor;Displays;8;3 988,80;retail
00004761;2025-04-22;C1398;Lindqvist AB;SKU-1002;Standing Desk 140cm;Furniture;1;5 203,25;online
00004762;2025-12-10;C1146;Mäkinen Toimisto;SKU-1004;Mechanical Keyboard;Peripherals;3;1 245,41;online
00004763;2025-01-20;C1337;Jyllands Inventar;SKU-1001;Ergonomic Desk Chair;Furniture;8;2 261,73;direct
00004764;2024-08-06;C1327;Nordström Handel;SKU-1005;27in 4K Monitor;Displays;10;4 531,32;partner
00004765;2025-03-28;C1319;Møller Innredning;SKU-1004;Mechanical Keyboard;Peripherals;9;1 254,47;partner
00004766;2024-10-16;C1270;Ålesund Kontor;SKU-1007;Noise Cancelling Headset;Peripherals;10;2 079,28;retail
00004767;2024-10-22;C1125;Møller Innredning;SKU-1004;Mechanical Keyboard;Peripherals;1;1 124,47;online
00004768;2025-01-15;C1049;Ålesund Kontor;SKU-1002;Standing Desk 140cm;Furniture;5;5 495,37;online
00004769;2025-05-01;C1029;Lindqvist AB;SKU-1008;Laptop Stand Aluminium;Accessories;6;716,33;online
00004770;2024-07-21;C1373;Møller Innredning;SKU-1005;27in 4K Monitor;Displays;4;4 248,78;partner
00004771;2025-12-06;C1169;Rødvig Møbler;SKU-1007;Noise Cancelling Headset;Peripherals;11;1 802,85;direct
00004772;2024-06-07;C1105;Ålesund Kontor;SKU-1003;Monitor Arm Dual;Accessories;6;929,89;retail
00004773;2025-08-29;C1013;Møller Innredning;SKU-1006;USB-C Dock;Accessories;5;1 522,39;retail
00004774;2025-02-15;C1332;Rødvig Møbler;SKU-1007;Noise Cancelling Headset;Peripherals;1;1 941,14;retail
00004775;2025-11-22;C1158;Kärkkäinen Oy;SKU-1001;Ergonomic Desk Chair;Furniture;6;2 167,11;online
00004776;2025-01-09;C1102;Kärkkäinen Oy;SKU-1007;Noise Cancelling Headset;Peripherals;8;2 381,13;online
00004777;2024-04-21;C1350;Väisänen Kaluste;SKU-1006;USB-C Dock;Accessories;7;1 924,57;partner
00004778;2024-03-28;C1273;Kärkkäinen Oy;SKU-1005;27in 4K Monitor;Displays;12;4 676,82;partner
00004779;2024-11-20;C1274;Møller Innredning;SKU-1006;USB-C Dock;Accessories;4;1 893,84;direct
00004780;2024-03-02;C1273;Ålesund Kontor;SKU-1009;Webcam 1080p;Peripherals;3;809,22;partner
00004781;2024-02-02;C1093;Rødvig Møbler;SKU-1010;Desk Lamp LED;Furniture;10;544,48;online
00004782;2024-12-22;C1261;Nordström Handel;SKU-1004;Mechanical Keyboard;Peripherals;6;1 182,14;online
00004783;2024-12-10;C1014;Trondheim Utstyr;SKU-1006;USB-C Dock;Accessories;11;1 759,38;partner
00004784;2025-08-22;C1351;Uppsala Interiör;SKU-1001;Ergonomic Desk Chair;Furniture;8;2 406,11;online
00004785;2024-05-14;C1183;Kjærstad Utstyr;SKU-1006;USB-C Dock;Accessories;5;1 919,28;partner
00004786;2024-10-07;C1289;Dansk Kontormiljø;SKU-1008;Laptop Stand Aluminium;Accessories;8;592,60;partner
00004787;2024-02-24;C1024;Jyllands Inventar;SKU-1010;Desk Lamp LED;Furniture;4;508,63;retail
00004788;2024-05-18;C1199;Mäkinen Toimisto;SKU-1007;Noise Cancelling Headset;Peripherals;10;2 106,95;direct
00004789;2025-01-08;C1106;Trondheim Utstyr;SKU-1003;Monitor Arm Dual;Accessories;12;853,73;direct
00004790;2025-07-29;C1180;Mäkinen Toimisto;SKU-1010;Desk Lamp LED;Furniture;4;569,23;direct
00004791;2024-09-17;C1012;Uppsala Interiör;SKU-1001;Ergonomic Desk Chair;Furniture;10;2 127,32;online
00004792;2024-07-21;C1308;Jyllands Inventar;SKU-1006;USB-C Dock;Accessories;5;1 673,47;retail
00004793;2025-09-21;C1113;Møller Innredning;SKU-1002;Standing Desk 140cm;Furniture;7;5 720,82;partner
00004794;2024-05-19;C1184;Ålesund Kontor;SKU-1008;Laptop Stand Aluminium;Accessories;1;571,52;direct
00004795;2024-02-28;C1111;Møller Innredning;SKU-1005;27in 4K Monitor;Displays;4;4 163,57;partner
00004796;2025-12-10;C1397;Mäkinen Toimisto;SKU-1001;Ergonomic Desk Chair;Furniture;11;2 579,65;online
00004797;2024-09-30;C1079;Uppsala Interiör;SKU-1010;Desk Lamp LED;Furniture;9;482,35;partner
00004798;2025-05-26;C1302;Kärkkäinen Oy;SKU-1003;Monitor Arm Dual;Accessories;11;870,61;direct
00004799;2025-12-16;C1383;Hämäläinen Oy;SKU-1005;27in 4K Monitor;Displays;6;4 050,12;partner
00004800;2025-04-04;C1371;Rødvig Møbler;SKU-1008;Laptop Stand Aluminium;Accessories;12;566,27;retail
00004801;2025-11-05;C1073;Uppsala Interiör;SKU-1008;Laptop Stand Aluminium;Accessories;12;674,76;retail
00004802;2025-11-30;C1143;Lindqvist AB;SKU-1009;Webcam 1080p;Peripherals;4;696,95;online
00004803;2025-11-12;C1066;Trondheim Utstyr;SKU-1004;Mechanical Keyboard;Peripherals;10;1 113,48;direct
00004804;2025-12-28;C1015;Kärkkäinen Oy;SKU-1002;Standing Desk 140cm;Furniture;8;5 692,49;retail
00004805;2025-01-10;C1050;Bergström & Söner;SKU-1005;27in 4K Monitor;Displays;12;4 088,90;online
00004806;2024-05-05;C1008;Hämäläinen Oy;SKU-1009;Webcam 1080p;Peripherals;7;681,59;retail
00004807;2025-09-09;C1082;Nordström Handel;SKU-1003;Monitor Arm Dual;Accessories;12;791,55;direct
00004808;2024-06-22;C1269;Møller Innredning;SKU-1005;27in 4K Monitor;Displays;11;4 413,08;direct
00004809;2024-07-30;C1319;Rødvig Møbler;SKU-1007;Noise Cancelling Headset;Peripherals;8;1 956,93;partner
00004810;2025-10-16;C1233;Rødvig Møbler;SKU-1005;27in 4K Monitor;Displays;4;3 950,72;online
00004811;2025-08-15;C1095;Bergström & Söner;SKU-1008;Laptop Stand Aluminium;Accessories;9;660,72;partner
00004812;2025-03-27;C1387;Kjærstad Utstyr;SKU-1002;Standing Desk 140cm;Furniture;-2;4 422,21;retail
00004813;2025-12-14;C1267;Dansk Kontormiljø;SKU-1005;27in 4K Monitor;Displays;4;4 463,37;direct
00004814;2024-12-31;C1243;Søndergaard A/S;SKU-1006;USB-C Dock;Accessories;4;1 523,35;retail
00004815;2025-07-26;C1099;Bergström & Söner;SKU-1001;Ergonomic Desk Chair;Furniture;6;2 443,43;direct
00004816;2025-01-05;C1026;Trondheim Utstyr;SKU-1004;Mechanical Keyboard;Peripherals;1;1 173,58;online
00004817;2024-08-21;C1053;Møller Innredning;SKU-1004;Mechanical Keyboard;Peripherals;8;1 263,71;direct
00004818;2025-06-13;C1174;Nordström Handel;SKU-1004;Mechanical Keyboard;Peripherals;5;1 233,52;online
00004819;2025-10-16;C1356;Lindqvist AB;SKU-1008;Laptop Stand Aluminium;Accessories;11;615,64;online
00004820;2024-03-01;C1241;Møller Innredning;SKU-1007;Noise Cancelling Headset;Peripherals;9;1 785,16;online
00004821;2024-06-09;C1385;Ålesund Kontor;SKU-1001;Ergonomic Desk Chair;Furniture;9;2 383,86;partner
00004822;2025-12-17;C1165;Jyllands Inventar;SKU-1006;USB-C Dock;Accessories;3;2 010,38;retail
00004823;2025-09-27;C1399;Uppsala Interiör;SKU-1003;Monitor Arm Dual;Accessories;4;973,53;partner
00004824;2024-01-31;C1101;Kjærstad Utstyr;SKU-1002;Standing Desk 140cm;Furniture;8;5 651,71;online
00004825;2025-03-20;C1001;Mäkinen Toimisto;SKU-1001;Ergonomic Desk Chair;Furniture;9;2 080,81;retail
00004826;2024-08-14;C1012;Nordström Handel;SKU-1008;Laptop Stand Aluminium;Accessories;-3;597,70;direct
00004827;2024-12-23;C1264;Trondheim Utstyr;SKU-1009;Webcam 1080p;Peripherals;11;778,51;partner
00004828;2024-01-06;C1300;Väisänen Kaluste;SKU-1006;USB-C Dock;Accessories;11;1 985,98;retail
00004829;2025-03-24;C1090;Søndergaard A/S;SKU-1005;27in 4K Monitor;Displays;6;4 453,01;direct
00004830;2025-04-01;C1091;Jyllands Inventar;SKU-1007;Noise Cancelling Headset;Peripherals;10;2 032,81;partner
00004831;2025-12-07;C1068;Nordström Handel;SKU-1002;Standing Desk 140cm;Furniture;9;4 869,33;partner
00004832;2024-11-27;C1023;Kärkkäinen Oy;SKU-1004;Mechanical Keyboard;Peripherals;11;1 241,57;direct
00004833;2025-11-09;C1099;Mäkinen Toimisto;SKU-1003;Monitor Arm Dual;Accessories;2;859,58;online
00004834;2025-01-21;C1229;Kärkkäinen Oy;SKU-1010;Desk Lamp LED;Furniture;5;564,32;retail
00004835;2025-12-12;C1214;Hämäläinen Oy;SKU-1008;Laptop Stand Aluminium;Accessories;9;651,47;partner
00004836;2024-03-29;C1027;Dansk Kontormiljø;SKU-1008;Laptop Stand Aluminium;Accessories;5;727,89;direct
00004837;2024-04-03;C1258;Uppsala Interiör;SKU-1008;Laptop Stand Aluminium;Accessories;11;626,33;online
00004838;2024-08-09;C1232;Trondheim Utstyr;SKU-1010;Desk Lamp LED;Furniture;8;581,27;retail
00004839;2024-04-22;C1220;Kärkkäinen Oy;SKU-1002;Standing Desk 140cm;Furniture;3;4 751,91;partner
00004840;2024-09-21;C1126;Uppsala Interiör;SKU-1010;Desk Lamp LED;Furniture;9;586,50;retail
00004841;2025-08-26;C1102;Dansk Kontormiljø;SKU-1005;27in 4K Monitor;Displays;-1;4 277,39;partner
00004842;2025-08-16;C1091;Jyllands Inventar;SKU-1002;Standing Desk 140cm;Furniture;9;5 002,30;online
00004843;2024-06-11;C1240;Rødvig Møbler;SKU-1001;Ergonomic Desk Chair;Furniture;4;2 722,96;partner
00004844;2025-05-10;C1094;Bergström & Söner;SKU-1008;Laptop Stand Aluminium;Accessories;2;618,76;online
00004845;2025-06-02;C1294;Hämäläinen Oy;SKU-1004;Mechanical Keyboard;Peripherals;-2;1 135,45;retail
00004846;2024-12-14;C1397;Dansk Kontormiljø;SKU-1006;USB-C Dock;Accessories;4;1 647,59;direct
00004847;2024-01-01;C1170;Trondheim Utstyr;SKU-1001;Ergonomic Desk Chair;Furniture;1;2 604,83;online
00004848;2024-07-29;C1015;Rødvig Møbler;SKU-1007;Noise Cancelling Headset;Peripherals;11;2 224,60;partner
00004849;2025-10-31;C1096;Møller Innredning;SKU-1002;Standing Desk 140cm;Furniture;4;5 052,83;partner
00004850;2025-11-26;C1308;Uppsala Interiör;SKU-1007;Noise Cancelling Headset;Peripherals;12;1 953,19;direct
00004851;2024-02-15;C1012;Trondheim Utstyr;SKU-1001;Ergonomic Desk Chair;Furniture;12;2 071,33;partner
00004852;2024-09-10;C1227;Nordström Handel;SKU-1007;Noise Cancelling Headset;Peripherals;2;2 280,92;retail
00004853;2025-11-07;C1249;Mäkinen Toimisto;SKU-1005;27in 4K Monitor;Displays;12;4 596,15;partner
00004854;2025-10-14;C1195;Søndergaard A/S;SKU-1004;Mechanical Keyboard;Peripherals;7;1 005,94;direct
00004855;2025-05-04;C1362;Trondheim Utstyr;SKU-1007;Noise Cancelling Headset;Peripherals;3;2 356,12;partner
00004856;2025-05-28;C1223;Jyllands Inventar;SKU-1001;Ergonomic Desk Chair;Furniture;12;2 740,01;retail
00004857;2025-05-26;C1157;Bergström & Söner;SKU-1009;Webcam 1080p;Peripherals;3;789,18;partner
00004858;2025-10-04;C1032;Kärkkäinen Oy;SKU-1003;Monitor Arm Dual;Accessories;8;992,10;retail
00004859;2024-07-31;C1362;Kärkkäinen Oy;SKU-1010;Desk Lamp LED;Furniture;9;469,01;online
00004860;2024-08-12;C1295;Kjærstad Utstyr;SKU-1002;Standing Desk 140cm;Furniture;11;4 739,73;retail
00004861;2025-12-16;C1062;Rødvig Møbler;SKU-1006;USB-C Dock;Accessories;10;1 495,01;online
00004862;2024-09-21;C1399;Hämäläinen Oy;SKU-1001;Ergonomic Desk Chair;Furniture;5;2 722,61;direct
00004863;2025-11-13;C1136;Ålesund Kontor;SKU-1008;Laptop Stand Aluminium;Accessories;8;703,37;direct
00004864;2025-08-26;C1118;Bergström & Söner;SKU-1007;Noise Cancelling Headset;Peripherals;-2;2 048,14;retail
00004865;2025-03-26;C1334;Dansk Kontormiljø;SKU-1007;Noise Cancelling Headset;Peripherals;11;1 980,37;direct
00004866;2025-03-19;C1197;Dansk Kontormiljø;SKU-1008;Laptop Stand Aluminium;Accessories;7;700,75;partner
00004867;2024-01-09;C1256;Väisänen Kaluste;SKU-1008;Laptop Stand Aluminium;Accessories;7;611,74;online
00004868;2024-07-08;C1036;Trondheim Utstyr;SKU-1010;Desk Lamp LED;Furniture;7;579,35;partner
00004869;2025-05-21;C1270;Møller Innredning;SKU-1001;Ergonomic Desk Chair;Furniture;5;2 426,85;direct
00004870;2024-05-25;C1085;Lindqvist AB;SKU-1003;Monitor Arm Dual;Accessories;8;954,19;direct
00004871;2024-02-11;C1212;Kjærstad Utstyr;SKU-1002;Standing Desk 140cm;Furniture;11;4 984,43;
00004872;2024-10-09;C1017;Nordström Handel;SKU-1004;Mechanical Keyboard;Peripherals;11;1 248,37;direct
00004873;2025-03-18;C1103;Nordström Handel;SKU-1008;Laptop Stand Aluminium;Accessories;3;709,28;online
00004874;2024-04-01;C1278;Rødvig Møbler;SKU-1003;Monitor Arm Dual;Accessories;2;771,35;online
00004875;2024-04-24;C1260;Kärkkäinen Oy;SKU-1004;Mechanical Keyboard;Peripherals;1;1 014,93;retail
00004876;2024-12-17;C1267;Trondheim Utstyr;SKU-1007;Noise Cancelling Headset;Peripherals;6;2 120,02;partner
00004877;2025-08-06;C1201;Ålesund Kontor;SKU-1006;USB-C Dock;Accessories;3;1 674,13;partner
00004878;2024-09-16;C1177;Uppsala Interiör;SKU-1002;Standing Desk 140cm;Furniture;5;5 369,44;online
00004879;2025-07-13;C1102;Uppsala Interiör;SKU-1006;USB-C Dock;Accessories;2;1 990,26;retail
00004880;2025-03-10;C1316;Jyllands Inventar;SKU-1004;Mechanical Keyboard;Peripherals;6;1 114,61;online
00004881;2025-12-28;C1381;Jyllands Inventar;SKU-1004;Mechanical Keyboard;Peripherals;9;1 175,93;partner
00004882;2024-11-30;C1349;Dansk Kontormiljø;SKU-1002;Standing Desk 140cm;Furniture;8;5 860,54;retail
00004883;2024-04-23;C1396;Jyllands Inventar;SKU-1002;Standing Desk 140cm;Furniture;10;5 329,72;online
00004884;2025-04-26;C1215;Kjærstad Utstyr;SKU-1005;27in 4K Monitor;Displays;7;4 050,41;online
00004885;2025-03-17;C1268;Hämäläinen Oy;SKU-1007;Noise Cancelling Headset;Peripherals;11;1 963,89;retail
00004886;2025-08-01;C1372;Nordström Handel;SKU-1008;Laptop Stand Aluminium;Accessories;10;627,35;retail
00004887;2025-05-21;C1039;Nordström Handel;SKU-1001;Ergonomic Desk Chair;Furniture;3;2 709,99;partner
00004888;2025-04-10;C1081;Ålesund Kontor;SKU-1003;Monitor Arm Dual;Accessories;1;1 011,51;online
00004889;2025-10-11;C1140;Hämäläinen Oy;SKU-1002;Standing Desk 140cm;Furniture;6;5 312,52;direct
00004890;2025-03-03;C1352;Kjærstad Utstyr;SKU-1003;Monitor Arm Dual;Accessories;5;949,57;online
00004891;2024-08-10;C1323;Søndergaard A/S;SKU-1001;Ergonomic Desk Chair;Furniture;2;2 346,02;online
00004892;2024-05-14;C1196;Møller Innredning;SKU-1006;USB-C Dock;Accessories;1;1 638,67;partner
00004893;2024-01-15;C1120;Nordström Handel;SKU-1004;Mechanical Keyboard;Peripherals;11;1 306,77;direct
00004894;2025-06-23;C1145;Bergström & Söner;SKU-1006;USB-C Dock;Accessories;6;1 800,03;
00004895;2024-10-31;C1097;Hämäläinen Oy;SKU-1003;Monitor Arm Dual;Accessories;1;832,08;retail
00004896;2025-09-06;C1108;Søndergaard A/S;SKU-1008;Laptop Stand Aluminium;Accessories;5;689,91;online
00004897;2025-08-01;C1311;Uppsala Interiör;SKU-1009;Webcam 1080p;Peripherals;1;812,68;retail
00004898;2024-07-26;C1044;Lindqvist AB;SKU-1003;Monitor Arm Dual;Accessories;5;837,21;retail
00004899;2024-08-29;C1346;Väisänen Kaluste;SKU-1008;Laptop Stand Aluminium;Accessories;8;650,99;online
00004900;2025-05-16;C1223;Hämäläinen Oy;SKU-1003;Monitor Arm Dual;Accessories;8;928,20;partner
00004901;2025-03-30;C1182;Trondheim Utstyr;SKU-1005;27in 4K Monitor;Displays;8;4 219,47;online
00004902;2024-10-22;C1239;Ålesund Kontor;SKU-1006;USB-C Dock;Accessories;6;1 974,04;online
00004903;2025-11-30;C1126;Rødvig Møbler;SKU-1007;Noise Cancelling Headset;Peripherals;7;1 998,94;online
00004904;2024-05-22;C1035;Hämäläinen Oy;SKU-1010;Desk Lamp LED;Furniture;5;552,42;retail
00004905;2024-08-15;C1325;Søndergaard A/S;SKU-1002;Standing Desk 140cm;Furniture;4;5 715,59;retail
00004906;2025-07-06;C1313;Väisänen Kaluste;SKU-1007;Noise Cancelling Headset;Peripherals;3;2 323,45;online
00004907;2025-08-01;C1035;Møller Innredning;SKU-1005;27in 4K Monitor;Displays;8;3 932,63;retail
00004908;2024-04-22;C1075;Uppsala Interiör;SKU-1004;Mechanical Keyboard;Peripherals;8;1 215,09;partner
00004909;2024-11-18;C1236;Bergström & Söner;SKU-1010;Desk Lamp LED;Furniture;4;564,85;partner
00004910;2025-11-20;C1095;Kjærstad Utstyr;SKU-1003;Monitor Arm Dual;Accessories;2;780,42;retail
00004911;2024-03-31;C1023;Lindqvist AB;SKU-1007;Noise Cancelling Headset;Peripherals;11;1 989,88;partner
00004912;2025-02-05;C1136;Mäkinen Toimisto;SKU-1005;27in 4K Monitor;Displays;4;4 785,75;partner
00004913;2025-03-04;C1301;Bergström & Söner;SKU-1004;Mechanical Keyboard;Peripherals;3;1 171,88;partner
00004914;2025-12-25;C1003;Nordström Handel;SKU-1003;Monitor Arm Dual;Accessories;3;1 018,31;direct
00004915;2025-02-11;C1367;Søndergaard A/S;SKU-1003;Monitor Arm Dual;Accessories;3;1 012,19;partner
00004916;2025-06-03;C1228;Väisänen Kaluste;SKU-1003;Monitor Arm Dual;Accessories;8;982,70;direct
00004917;2025-07-07;C1384;Hämäläinen Oy;SKU-1002;Standing Desk 140cm;Furniture;1;4 760,55;online
00004918;2024-03-02;C1340;Jyllands Inventar;SKU-1001;Ergonomic Desk Chair;Furniture;1;2 071,24;online
00004919;2025-10-22;C1243;Uppsala Interiör;SKU-1003;Monitor Arm Dual;Accessories;6;986,24;partner
00004920;2025-05-05;C1084;Mäkinen Toimisto;SKU-1005;27in 4K Monitor;Displays;7;4 188,01;direct
00004921;2025-10-15;C1110;Søndergaard A/S;SKU-1001;Ergonomic Desk Chair;Furniture;4;2 618,47;online
00004922;2025-11-17;C1211;Mäkinen Toimisto;SKU-1005;27in 4K Monitor;Displays;7;4 672,75;retail
00004923;2024-12-06;C1061;Uppsala Interiör;SKU-1006;USB-C Dock;Accessories;5;1 873,29;partner
00004924;2024-03-10;C1263;Hämäläinen Oy;SKU-1008;Laptop Stand Aluminium;Accessories;4;733,72;retail
00004925;2025-12-21;C1289;Hämäläinen Oy;SKU-1008;Laptop Stand Aluminium;Accessories;7;618,23;direct
00004926;2024-08-22;C1361;Søndergaard A/S;SKU-1006;USB-C Dock;Accessories;-3;1 971,31;
00004927;2024-10-05;C1264;Kärkkäinen Oy;SKU-1006;USB-C Dock;Accessories;3;1 930,08;online
00004928;2024-05-10;C1166;Bergström & Söner;SKU-1002;Standing Desk 140cm;Furniture;1;4 707,06;partner
00004929;2025-01-12;C1368;Rødvig Møbler;SKU-1006;USB-C Dock;Accessories;6;1 796,13;direct
00004930;2024-10-06;C1035;Mäkinen Toimisto;SKU-1003;Monitor Arm Dual;Accessories;4;866,83;online
00004931;2025-04-28;C1023;Bergström & Söner;SKU-1007;Noise Cancelling Headset;Peripherals;5;1 901,48;online
00004932;2024-05-04;C1008;Rødvig Møbler;SKU-1008;Laptop Stand Aluminium;Accessories;3;651,44;partner
00004933;2025-09-12;C1078;Kjærstad Utstyr;SKU-1003;Monitor Arm Dual;Accessories;5;935,70;partner
00004934;2024-11-08;C1290;Dansk Kontormiljø;SKU-1001;Ergonomic Desk Chair;Furniture;2;2 525,07;online
00004935;2025-11-14;C1302;Väisänen Kaluste;SKU-1009;Webcam 1080p;Peripherals;-2;821,39;online
00004936;2024-08-05;C1337;Mäkinen Toimisto;SKU-1010;Desk Lamp LED;Furniture;1;514,98;direct
00004937;2025-03-24;C1258;Møller Innredning;SKU-1007;Noise Cancelling Headset;Peripherals;8;1 800,15;partner
00004938;2025-09-14;C1158;Søndergaard A/S;SKU-1005;27in 4K Monitor;Displays;7;4 160,85;direct
00004939;2024-08-03;C1265;Jyllands Inventar;SKU-1001;Ergonomic Desk Chair;Furniture;11;2 496,32;online
00004940;2024-07-04;C1171;Jyllands Inventar;SKU-1006;USB-C Dock;Accessories;-2;1 663,58;online
00004941;2025-08-02;C1384;Møller Innredning;SKU-1010;Desk Lamp LED;Furniture;8;500,81;online
00004942;2025-05-14;C1125;Mäkinen Toimisto;SKU-1003;Monitor Arm Dual;Accessories;6;974,00;direct
00004943;2024-02-26;C1372;Kärkkäinen Oy;SKU-1009;Webcam 1080p;Peripherals;12;701,76;direct
00004944;2024-09-16;C1326;Kärkkäinen Oy;SKU-1003;Monitor Arm Dual;Accessories;4;938,04;direct
00004945;2024-11-01;C1306;Dansk Kontormiljø;SKU-1007;Noise Cancelling Headset;Peripherals;7;2 007,67;retail
00004946;2025-02-09;C1086;Dansk Kontormiljø;SKU-1009;Webcam 1080p;Peripherals;1;866,60;direct
00004947;2024-09-17;C1009;Søndergaard A/S;SKU-1010;Desk Lamp LED;Furniture;3;481,09;partner
00004948;2024-11-27;C1213;Bergström & Söner;SKU-1002;Standing Desk 140cm;Furniture;9;5 389,67;online
00004949;2025-07-07;C1116;Søndergaard A/S;SKU-1005;27in 4K Monitor;Displays;5;4 379,27;retail
00004950;2025-08-16;C1379;Rødvig Møbler;SKU-1009;Webcam 1080p;Peripherals;4;691,39;partner
00004951;2025-10-22;C1104;Trondheim Utstyr;SKU-1008;Laptop Stand Aluminium;Accessories;7;698,46;direct
00004952;2024-01-03;C1046;Kjærstad Utstyr;SKU-1010;Desk Lamp LED;Furniture;4;537,15;online
00004953;2025-01-10;C1092;Lindqvist AB;SKU-1001;Ergonomic Desk Chair;Furniture;2;2 108,98;retail
00004954;2024-08-09;C1037;Rødvig Møbler;SKU-1003;Monitor Arm Dual;Accessories;4;853,64;online
00004955;2024-03-09;C1149;Lindqvist AB;SKU-1007;Noise Cancelling Headset;Peripherals;11;1 921,62;online
00004956;2024-05-05;C1281;Jyllands Inventar;SKU-1002;Standing Desk 140cm;Furniture;3;4 706,40;direct
00004957;2024-12-22;C1309;Lindqvist AB;SKU-1003;Monitor Arm Dual;Accessories;1;805,34;online
00004958;2024-11-23;C1204;Lindqvist AB;SKU-1002;Standing Desk 140cm;Furniture;11;5 178,09;retail
00004959;2024-03-22;C1237;Dansk Kontormiljø;SKU-1001;Ergonomic Desk Chair;Furniture;12;2 458,92;partner
00004960;2025-06-26;C1122;Kärkkäinen Oy;SKU-1004;Mechanical Keyboard;Peripherals;3;1 270,73;online
00004961;2024-11-16;C1145;Trondheim Utstyr;SKU-1009;Webcam 1080p;Peripherals;8;876,68;partner
00004962;2025-10-03;C1029;Uppsala Interiör;SKU-1007;Noise Cancelling Headset;Peripherals;10;2 078,07;retail
00004963;2024-02-03;C1130;Nordström Handel;SKU-1003;Monitor Arm Dual;Accessories;8;1 014,79;retail
00004964;2025-06-16;C1004;Rødvig Møbler;SKU-1010;Desk Lamp LED;Furniture;4;556,31;partner
00004965;2024-06-20;C1057;Dansk Kontormiljø;SKU-1010;Desk Lamp LED;Furniture;11;572,63;retail
00004966;2024-08-07;C1091;Kärkkäinen Oy;SKU-1001;Ergonomic Desk Chair;Furniture;6;2 666,71;retail
00004967;2024-12-24;C1095;Uppsala Interiör;SKU-1009;Webcam 1080p;Peripherals;4;835,23;direct
00004968;2024-06-16;C1045;Søndergaard A/S;SKU-1003;Monitor Arm Dual;Accessories;6;988,51;retail
00004969;2024-10-24;C1084;Rødvig Møbler;SKU-1002;Standing Desk 140cm;Furniture;7;4 960,26;online
00004970;2024-03-26;C1205;Uppsala Interiör;SKU-1007;Noise Cancelling Headset;Peripherals;8;1 848,95;retail
00004971;2025-07-03;C1210;Møller Innredning;SKU-1002;Standing Desk 140cm;Furniture;7;5 150,52;retail
00004972;2025-02-10;C1131;Kjærstad Utstyr;SKU-1003;Monitor Arm Dual;Accessories;6;806,91;direct
00004973;2024-02-11;C1314;Mäkinen Toimisto;SKU-1008;Laptop Stand Aluminium;Accessories;4;576,76;retail
00004974;2024-08-01;C1328;Lindqvist AB;SKU-1008;Laptop Stand Aluminium;Accessories;11;725,02;partner
00004975;2025-06-18;C1143;Bergström & Söner;SKU-1001;Ergonomic Desk Chair;Furniture;6;2 095,87;retail
00004976;2024-01-03;C1270;Kärkkäinen Oy;SKU-1006;USB-C Dock;Accessories;1;1 905,07;partner
00004977;2025-04-02;C1031;Søndergaard A/S;SKU-1003;Monitor Arm Dual;Accessories;9;1 004,57;direct
00004978;2024-02-20;C1375;Lindqvist AB;SKU-1009;Webcam 1080p;Peripherals;5;805,73;online
00004979;2024-10-28;C1020;Väisänen Kaluste;SKU-1001;Ergonomic Desk Chair;Furniture;11;2 236,27;online
00004980;2025-05-24;C1083;Uppsala Interiör;SKU-1006;USB-C Dock;Accessories;6;1 491,58;online
00004981;2024-05-20;C1280;Kjærstad Utstyr;SKU-1008;Laptop Stand Aluminium;Accessories;11;629,00;retail
00004982;2024-01-12;C1184;Ålesund Kontor;SKU-1002;Standing Desk 140cm;Furniture;12;4 788,56;retail
00004983;2025-03-13;C1100;Dansk Kontormiljø;SKU-1003;Monitor Arm Dual;Accessories;2;824,75;retail
00004984;2024-07-02;C1155;Nordström Handel;SKU-1002;Standing Desk 140cm;Furniture;10;4 987,65;direct
00004985;2025-12-31;C1139;Trondheim Utstyr;SKU-1006;USB-C Dock;Accessories;2;1 733,76;retail
00004986;2025-07-07;C1180;Uppsala Interiör;SKU-1002;Standing Desk 140cm;Furniture;8;5 032,89;
00004987;2025-11-04;C1045;Kjærstad Utstyr;SKU-1009;Webcam 1080p;Peripherals;9;708,69;partner
00004988;2024-11-11;C1324;Mäkinen Toimisto;SKU-1001;Ergonomic Desk Chair;Furniture;8;2 475,00;retail
00004989;2025-08-14;C1031;Ålesund Kontor;SKU-1004;Mechanical Keyboard;Peripherals;9;1 157,32;retail
00004990;2025-12-12;C1205;Uppsala Interiör;SKU-1005;27in 4K Monitor;Displays;6;4 299,80;direct
00004991;2024-10-01;C1289;Dansk Kontormiljø;SKU-1007;Noise Cancelling Headset;Peripherals;2;1 998,15;retail
00004992;2024-04-06;C1230;Jyllands Inventar;SKU-1002;Standing Desk 140cm;Furniture;8;4 659,11;partner
00004993;2025-04-22;C1388;Nordström Handel;SKU-1006;USB-C Dock;Accessories;2;1 741,16;online
00004994;2025-12-21;C1179;Søndergaard A/S;SKU-1003;Monitor Arm Dual;Accessories;11;757,62;partner
00004995;2025-11-03;C1069;Väisänen Kaluste;SKU-1008;Laptop Stand Aluminium;Accessories;9;628,56;online
00004996;2025-08-25;C1329;Kjærstad Utstyr;SKU-1003;Monitor Arm Dual;Accessories;1;850,83;partner
00004997;2025-01-04;C1362;Trondheim Utstyr;SKU-1009;Webcam 1080p;Peripherals;10;846,42;online
00004998;2024-07-13;C1110;Väisänen Kaluste;SKU-1008;Laptop Stand Aluminium;Accessories;3;712,27;direct
00004999;2025-09-19;C1124;Dansk Kontormiljø;SKU-1001;Ergonomic Desk Chair;Furniture;3;2 223,55;direct
00005000;2025-01-28;C1146;Mäkinen Toimisto;SKU-1004;Mechanical Keyboard;Peripherals;12;1 159,84;partner
00001109;2024-07-20;C1345;Väisänen Kaluste;SKU-1002;Standing Desk 140cm;Furniture;6;4 732,48;partner
00003727;2024-09-30;C1286;Väisänen Kaluste;SKU-1001;Ergonomic Desk Chair;Furniture;1;2 515,93;direct
00002036;2025-04-25;C1132;Väisänen Kaluste;SKU-1008;Laptop Stand Aluminium;Accessories;6;732,06;partner
00004797;2024-09-30;C1079;Uppsala Interiör;SKU-1010;Desk Lamp LED;Furniture;9;482,35;partner
00004565;2024-01-03;C1340;Søndergaard A/S;SKU-1004;Mechanical Keyboard;Peripherals;8;1 041,30;direct
00001905;2025-03-20;C1330;Väisänen Kaluste;SKU-1006;USB-C Dock;Accessories;12;1 500,87;direct
00002615;2024-12-26;C1012;Hämäläinen Oy;SKU-1003;Monitor Arm Dual;Accessories;1;912,99;direct
00003219;2025-03-14;C1161;Kärkkäinen Oy;SKU-1010;Desk Lamp LED;Furniture;1;568,76;direct
00002842;2025-06-25;C1393;Rødvig Møbler;SKU-1005;27in 4K Monitor;Displays;1;4 391,95;direct
00001073;2025-10-03;C1320;Ålesund Kontor;SKU-1004;Mechanical Keyboard;Peripherals;4;1 084,73;retail
00001965;2025-11-03;C1094;Jyllands Inventar;SKU-1009;Webcam 1080p;Peripherals;5;890,18;retail
00004939;2024-08-03;C1265;Jyllands Inventar;SKU-1001;Ergonomic Desk Chair;Furniture;11;2 496,32;online
00000635;2024-01-08;C1280;Hämäläinen Oy;SKU-1001;Ergonomic Desk Chair;Furniture;7;2 469,84;online
00004531;2025-04-04;C1111;Hämäläinen Oy;SKU-1001;Ergonomic Desk Chair;Furniture;6;2 247,28;direct
00004530;2025-06-25;C1063;Nordström Handel;SKU-1009;Webcam 1080p;Peripherals;3;675,98;online
00003411;2025-07-02;C1365;Kärkkäinen Oy;SKU-1007;Noise Cancelling Headset;Peripherals;10;2 396,67;retail
00003719;2025-09-24;C1375;Ålesund Kontor;SKU-1001;Ergonomic Desk Chair;Furniture;7;2 099,06;retail
00003320;2024-01-27;C1210;Søndergaard A/S;SKU-1002;Standing Desk 140cm;Furniture;10;5 963,74;online
00001361;2024-04-05;C1013;Jyllands Inventar;SKU-1009;Webcam 1080p;Peripherals;3;710,68;retail
00001275;2025-08-08;C1111;Lindqvist AB;SKU-1010;Desk Lamp LED;Furniture;5;442,56;direct
00003878;2024-07-18;C1389;Kjærstad Utstyr;SKU-1005;27in 4K Monitor;Displays;5;3 665,76;retail
00002040;2025-12-15;C1277;Hämäläinen Oy;SKU-1004;Mechanical Keyboard;Peripherals;8;1 296,99;direct
00002732;2025-11-26;C1176;Dansk Kontormiljø;SKU-1006;USB-C Dock;Accessories;1;1 599,25;direct
00001850;2025-09-30;C1161;Uppsala Interiör;SKU-1003;Monitor Arm Dual;Accessories;4;774,13;direct
00001923;2025-11-14;C1127;Bergström & Söner;SKU-1008;Laptop Stand Aluminium;Accessories;9;696,64;retail
00002554;2025-02-21;C1075;Søndergaard A/S;SKU-1010;Desk Lamp LED;Furniture;11;557,43;partner
00000025;2025-08-07;C1295;Trondheim Utstyr;SKU-1005;27in 4K Monitor;Displays;11;4 350,61;online
00003199;2025-03-19;C1326;Bergström & Söner;SKU-1004;Mechanical Keyboard;Peripherals;5;981,68;direct
00001295;2024-10-15;C1182;Bergström & Söner;SKU-1008;Laptop Stand Aluminium;Accessories;3;587,11;partner
00000464;2025-04-30;C1300;Hämäläinen Oy;SKU-1006;USB-C Dock;Accessories;8;1 580,73;partner
00000855;2024-08-25;C1266;Väisänen Kaluste;SKU-1005;27in 4K Monitor;Displays;4;4 779,61;direct
00003368;2025-08-12;C1007;Väisänen Kaluste;SKU-1005;27in 4K Monitor;Displays;4;4 174,22;partner
00003475;2024-04-01;C1307;Kjærstad Utstyr;SKU-1009;Webcam 1080p;Peripherals;9;746,81;retail
00001593;2024-06-25;C1227;Nordström Handel;SKU-1004;Mechanical Keyboard;Peripherals;9;1 069,49;partner
00002014;2025-08-10;C1400;Kärkkäinen Oy;SKU-1003;Monitor Arm Dual;Accessories;4;979,25;direct
00002214;2024-07-13;C1270;Väisänen Kaluste;SKU-1002;Standing Desk 140cm;Furniture;11;5 796,37;partner
00000485;2024-12-18;C1159;Møller Innredning;SKU-1001;Ergonomic Desk Chair;Furniture;11;2 202,91;retail
00000956;2024-10-16;C1372;Rødvig Møbler;SKU-1003;Monitor Arm Dual;Accessories;7;916,72;direct
00002145;2024-03-16;C1123;Bergström & Söner;SKU-1004;Mechanical Keyboard;Peripherals;1;1 186,88;partner
00001092;2024-07-18;C1323;Hämäläinen Oy;SKU-1001;Ergonomic Desk Chair;Furniture;9;2 249,21;retail
00000753;2025-11-17;C1273;Bergström & Söner;SKU-1005;27in 4K Monitor;Displays;6;4 574,64;direct
00003068;2025-02-13;C1359;Kärkkäinen Oy;SKU-1006;USB-C Dock;Accessories;5;1 997,22;online
00003264;2025-09-24;C1379;Lindqvist AB;SKU-1009;Webcam 1080p;Peripherals;4;777,24;retail
00001608;2025-09-23;C1233;Jyllands Inventar;SKU-1009;Webcam 1080p;Peripherals;3;765,73;direct
00002093;2024-04-12;C1185;Ålesund Kontor;SKU-1002;Standing Desk 140cm;Furniture;3;5 360,53;retail
00002813;2025-07-18;C1329;Bergström & Söner;SKU-1005;27in 4K Monitor;Displays;6;3 964,86;retail
00001451;2025-07-30;C1173;Uppsala Interiör;SKU-1003;Monitor Arm Dual;Accessories;11;931,63;online
00003405;2024-07-28;C1171;Søndergaard A/S;SKU-1007;Noise Cancelling Headset;Peripherals;11;2 183,54;online
00001735;2025-10-14;C1000;Mäkinen Toimisto;SKU-1007;Noise Cancelling Headset;Peripherals;9;2 324,86;direct
00003287;2024-06-06;C1013;Dansk Kontormiljø;SKU-1003;Monitor Arm Dual;Accessories;5;782,09;direct