OrdreNr,Dato,KundeNr,KundeNavn,VareNr,Produkt,Kategori,Antall,Pris,Kanal
00000001,26.10.2024,C1263,Mäkinen Toimisto,SKU-1001,Ergonomic Desk Chair,Furniture,-2,2272.28,online
00000002,10.10.2024,C1220,Nordström Handel,SKU-1010,Desk Lamp LED,Furniture,4,560.01,online
00000003,30.06.2025,C1311,Trondheim Utstyr,SKU-1006,USB-C Dock,Accessories,11,1488.19,retail
00000004,07.09.2024,C1240,Hämäläinen Oy,SKU-1007,Noise Cancelling Headset,Peripherals,5,2319.95,retail
00000005,22.02.2024,C1325,Väisänen Kaluste,SKU-1005,27in 4K Monitor,Displays,5,4442.68,online
00000006,01.11.2025,C1271,Lindqvist AB,SKU-1001,Ergonomic Desk Chair,Furniture,5,2131.07,online
00000007,11.07.2024,C1002,Nordström Handel,SKU-1008,Laptop Stand Aluminium,Accessories,7,565.81,partner
00000008,01.12.2024,C1251,Väisänen Kaluste,SKU-1001,Ergonomic Desk Chair,Furniture,2,2432.70,NULL
00000009,01.01.2024,C1277,Mäkinen Toimisto,SKU-1008,Laptop Stand Aluminium,Accessories,4,641.53,online
00000010,28.05.2025,C1166,Lindqvist AB,SKU-1008,Laptop Stand Aluminium,Accessories,-1,642.02,direct
00000011,14.01.2025,C1355,Møller Innredning,SKU-1003,Monitor Arm Dual,Accessories,6,805.57,partner
00000012,29.04.2024,C1096,Väisänen Kaluste,SKU-1002,Standing Desk 140cm,Furniture,6,5821.45,online
00000013,20.07.2025,C1261,Trondheim Utstyr,SKU-1005,27in 4K Monitor,Displays,8,4688.26,partner
00000014,29.09.2025,C1382,Ålesund Kontor,SKU-1001,Ergonomic Desk Chair,Furniture,12,2189.95,partner
00000015,23.10.2024,C1052,Møller Innredning,SKU-1002,Standing Desk 140cm,Furniture,-3,4564.44,retail
00000016,08.10.2024,C1376,Hämäläinen Oy,SKU-1001,Ergonomic Desk Chair,Furniture,8,2706.02,retail
00000017,05.08.2024,C1110,Møller Innredning,SKU-1006,USB-C Dock,Accessories,7,1967.45,direct
00000018,26.01.2025,C1287,Kärkkäinen Oy,SKU-1007,Noise Cancelling Headset,Peripherals,12,2279.29,direct
00000019,13.02.2024,C1290,Møller Innredning,SKU-1004,Mechanical Keyboard,Peripherals,9,1188.55,partner
00000020,22.02.2024,C1187,Jyllands Inventar,SKU-1003,Monitor Arm Dual,Accessories,4,856.75,online
00000021,06.05.2024,C1104,Trondheim Utstyr,SKU-1007,Noise Cancelling Headset,Peripherals,1,1878.69,online
00000022,16.11.2024,C1274,Bergström & Söner,SKU-1010,Desk Lamp LED,Furniture,5,463.36,online
00000023,17.03.2025,C1152,Rødvig Møbler,SKU-1007,Noise Cancelling Headset,Peripherals,7,2332.87,direct
00000024,09.11.2024,C1378,Väisänen Kaluste,SKU-1006,USB-C Dock,Accessories,11,1531.62,partner
00000025,02.02.2024,C1386,Väisänen Kaluste,SKU-1006,USB-C Dock,Accessories,7,1549.10,retail
00000026,20.04.2024,C1273,Uppsala Interiör,SKU-1005,27in 4K Monitor,Displays,7,4673.81,direct
00000027,17.02.2024,C1065,Rødvig Møbler,SKU-1007,Noise Cancelling Headset,Peripherals,4,2209.49,retail
00000028,15.08.2024,C1354,Søndergaard A/S,SKU-1005,27in 4K Monitor,Displays,3,3926.15,retail
00000029,17.09.2025,C1371,Møller Innredning,SKU-1010,Desk Lamp LED,Furniture,-1,492.61,direct
00000030,13.07.2025,C1222,Dansk Kontormiljø,SKU-1001,Ergonomic Desk Chair,Furniture,-2,2216.51,direct
00000031,29.10.2025,C1078,Dansk Kontormiljø,SKU-1009,Webcam 1080p,Peripherals,5,852.96,retail
00000032,12.09.2025,C1214,Jyllands Inventar,SKU-1003,Monitor Arm Dual,Accessories,8,952.40,online
00000033,12.05.2025,C1099,Nordström Handel,SKU-1007,Noise Cancelling Headset,Peripherals,-1,2396.71,online
00000034,16.04.2025,C1015,Bergström & Söner,SKU-1004,Mechanical Keyboard,Peripherals,4,992.39,online
00000035,22.04.2025,C1185,Ålesund Kontor,SKU-1005,27in 4K Monitor,Displays,8,4468.87,direct
00000036,02.11.2025,C1211,Rødvig Møbler,SKU-1003,Monitor Arm Dual,Accessories,-3,932.78,direct
00000037,01.06.2025,C1332,Bergström & Söner,SKU-1008,Laptop Stand Aluminium,Accessories,9,675.63,direct
00000038,12.02.2025,C1258,Bergström & Söner,SKU-1009,Webcam 1080p,Peripherals,10,666.22,online
00000039,16.06.2024,C1189,Kjærstad Utstyr,SKU-1008,Laptop Stand Aluminium,Accessories,10,683.57,partner
00000040,13.07.2025,C1397,Bergström & Söner,SKU-1007,Noise Cancelling Headset,Peripherals,6,1799.64,direct
00000041,12.11.2025,C1312,Uppsala Interiör,SKU-1010,Desk Lamp LED,Furniture,3,486.54,direct
00000042,27.06.2025,C1108,Kärkkäinen Oy,SKU-1001,Ergonomic Desk Chair,Furniture,4,2441.48,retail
00000043,21.09.2024,C1131,Uppsala Interiör,SKU-1010,Desk Lamp LED,Furniture,9,495.94,retail
00000044,21.11.2024,C1276,Dansk Kontormiljø,SKU-1005,27in 4K Monitor,Displays,9,3983.92,direct
00000045,12.03.2024,C1343,Lindqvist AB,SKU-1003,Monitor Arm Dual,Accessories,7,783.19,direct
00000046,23.11.2024,C1327,Trondheim Utstyr,SKU-1007,Noise Cancelling Headset,Peripherals,12,1972.52,partner
00000047,09.01.2024,C1359,Rødvig Møbler,SKU-1004,Mechanical Keyboard,Peripherals,-2,1227.56,direct
00000048,08.12.2024,C1361,Søndergaard A/S,SKU-1009,Webcam 1080p,Peripherals,3,813.33,direct
00000049,22.06.2025,C1270,Trondheim Utstyr,SKU-1002,Standing Desk 140cm,Furniture,3,5787.90,retail
00000050,13.05.2025,C1276,Ålesund Kontor,SKU-1005,27in 4K Monitor,Displays,2,4886.54,online
00000051,20.06.2024,C1061,Trondheim Utstyr,SKU-1008,Laptop Stand Aluminium,Accessories,4,598.47,partner
00000052,09.10.2024,C1369,Kärkkäinen Oy,SKU-1007,Noise Cancelling Headset,Peripherals,3,2159.35,online
00000053,05.04.2025,C1115,Nordström Handel,SKU-1004,Mechanical Keyboard,Peripherals,2,1165.39,partner
00000054,24.06.2025,C1158,Lindqvist AB,SKU-1010,Desk Lamp LED,Furniture,8,463.04,direct
00000055,14.01.2024,C1391,Ålesund Kontor,SKU-1009,Webcam 1080p,Peripherals,5,756.83,partner
00000056,22.05.2024,C1059,Trondheim Utstyr,SKU-1008,Laptop Stand Aluminium,Accessories,8,730.34,partner
00000057,17.12.2024,C1339,Mäkinen Toimisto,SKU-1007,Noise Cancelling Headset,Peripherals,6,1984.14,online
00000058,10.04.2025,C1089,Kjærstad Utstyr,SKU-1005,27in 4K Monitor,Displays,6,4199.27,retail
00000059,28.04.2025,C1315,Kärkkäinen Oy,SKU-1008,Laptop Stand Aluminium,Accessories,3,681.97,retail
00000060,23.09.2024,C1053,Søndergaard A/S,SKU-1007,Noise Cancelling Headset,Peripherals,-2,2408.11,online
00000061,20.02.2025,C1343,Rødvig Møbler,SKU-1008,Laptop Stand Aluminium,Accessories,12,588.81,online
00000062,13.11.2025,C1384,Dansk Kontormiljø,SKU-1010,Desk Lamp LED,Furniture,3,572.15,online
00000063,26.10.2025,C1256,Jyllands Inventar,SKU-1003,Monitor Arm Dual,Accessories,6,824.02,online
00000064,02.03.2024,C1116,Hämäläinen Oy,SKU-1010,Desk Lamp LED,Furniture,7,595.34,direct
00000065,26.07.2025,C1159,Rødvig Møbler,SKU-1006,USB-C Dock,Accessories,8,1778.69,direct
00000066,13.06.2024,C1210,Møller Innredning,SKU-1002,Standing Desk 140cm,Furniture,12,5624.36,direct
00000067,02.02.2024,C1026,Bergström & Söner,SKU-1004,Mechanical Keyboard,Peripherals,11,1200.90,online
00000068,13.10.2025,C1018,Jyllands Inventar,SKU-1007,Noise Cancelling Headset,Peripherals,7,2323.87,retail
00000069,26.03.2024,C1003,Nordström Handel,SKU-1005,27in 4K Monitor,Displays,10,4385.87,retail
00000070,26.11.2024,C1158,Väisänen Kaluste,SKU-1007,Noise Cancelling Headset,Peripherals,7,2204.58,partner
00000071,15.06.2025,C1137,Dansk Kontormiljø,SKU-1004,Mechanical Keyboard,Peripherals,1,1141.23,online
00000072,08.12.2025,C1080,Lindqvist AB,SKU-1008,Laptop Stand Aluminium,Accessories,12,689.83,partner
00000073,17.07.2025,C1292,Uppsala Interiör,SKU-1003,Monitor Arm Dual,Accessories,12,934.11,online
00000074,21.04.2024,C1210,Dansk Kontormiljø,SKU-1001,Ergonomic Desk Chair,Furniture,8,2182.77,partner
00000075,03.04.2025,C1030,Dansk Kontormiljø,SKU-1007,Noise Cancelling Headset,Peripherals,10,1813.88,retail
00000076,15.09.2024,C1000,Møller Innredning,SKU-1002,Standing Desk 140cm,Furniture,8,5463.56,partner
00000077,14.04.2025,C1215,Kärkkäinen Oy,SKU-1001,Ergonomic Desk Chair,Furniture,1,2166.82,online
00000078,27.02.2025,C1173,Møller Innredning,SKU-1005,27in 4K Monitor,Displays,10,4638.99,direct
00000079,18.10.2024,C1255,Trondheim Utstyr,SKU-1006,USB-C Dock,Accessories,1,1998.41,partner
00000080,04.06.2025,C1191,Hämäläinen Oy,SKU-1002,Standing Desk 140cm,Furniture,2,4443.20,online
00000081,05.09.2025,C1327,Trondheim Utstyr,SKU-1009,Webcam 1080p,Peripherals,9,743.35,partner
00000082,12.03.2024,C1344,Hämäläinen Oy,SKU-1010,Desk Lamp LED,Furniture,12,482.61,partner
00000083,17.06.2024,C1390,Søndergaard A/S,SKU-1003,Monitor Arm Dual,Accessories,9,980.92,retail
00000084,24.08.2024,C1010,Søndergaard A/S,SKU-1002,Standing Desk 140cm,Furniture,7,4847.10,online
00000085,20.10.2025,C1396,Mäkinen Toimisto,SKU-1010,Desk Lamp LED,Furniture,8,485.56,online
00000086,12.11.2024,C1176,Uppsala Interiör,SKU-1004,Mechanical Keyboard,Peripherals,12,1182.13,direct
00000087,25.12.2025,C1027,Mäkinen Toimisto,SKU-1008,Laptop Stand Aluminium,Accessories,12,598.21,direct
00000088,06.02.2025,C1368,Kärkkäinen Oy,SKU-1008,Laptop Stand Aluminium,Accessories,3,666.20,direct
00000089,29.10.2024,C1052,Lindqvist AB,SKU-1003,Monitor Arm Dual,Accessories,12,812.86,direct
00000090,17.03.2024,C1011,Nordström Handel,SKU-1008,Laptop Stand Aluminium,Accessories,11,670.55,direct
00000091,04.06.2025,C1084,Søndergaard A/S,SKU-1009,Webcam 1080p,Peripherals,5,703.66,retail
00000092,29.05.2025,C1064,Jyllands Inventar,SKU-1007,Noise Cancelling Headset,Peripherals,11,1861.29,partner
00000093,21.02.2024,C1392,Kjærstad Utstyr,SKU-1009,Webcam 1080p,Peripherals,6,772.94,partner
00000094,07.01.2025,C1240,Bergström & Söner,SKU-1009,Webcam 1080p,Peripherals,10,743.12,partner
00000095,25.12.2024,C1193,Hämäläinen Oy,SKU-1009,Webcam 1080p,Peripherals,12,724.89,retail
00000096,08.10.2024,C1028,Uppsala Interiör,SKU-1003,Monitor Arm Dual,Accessories,4,1001.91,retail
00000097,13.03.2024,C1375,Søndergaard A/S,SKU-1009,Webcam 1080p,Peripherals,1,815.64,partner
00000098,05.04.2025,C1276,Kärkkäinen Oy,SKU-1010,Desk Lamp LED,Furniture,11,492.34,partner
00000099,08.12.2025,C1372,Ålesund Kontor,SKU-1010,Desk Lamp LED,Furniture,1,474.65,online
00000100,14.03.2024,C1093,Dansk Kontormiljø,SKU-1009,Webcam 1080p,Peripherals,3,686.58,partner
00000101,23.11.2024,C1131,Kärkkäinen Oy,SKU-1003,Monitor Arm Dual,Accessories,2,892.90,direct
00000102,12.10.2025,C1233,Nordström Handel,SKU-1009,Webcam 1080p,Peripherals,9,842.53,direct
00000103,28.09.2025,C1189,Lindqvist AB,SKU-1001,Ergonomic Desk Chair,Furniture,6,2359.64,direct
00000104,18.02.2025,C1091,Kärkkäinen Oy,SKU-1003,Monitor Arm Dual,Accessories,7,806.03,online
00000105,22.05.2025,C1310,Nordström Handel,SKU-1003,Monitor Arm Dual,Accessories,7,797.33,partner
00000106,18.10.2025,C1123,Uppsala Interiör,SKU-1008,Laptop Stand Aluminium,Accessories,1,663.33,direct
00000107,29.10.2025,C1097,Jyllands Inventar,SKU-1008,Laptop Stand Aluminium,Accessories,11,678.47,online
00000108,03.11.2024,C1185,Kärkkäinen Oy,SKU-1007,Noise Cancelling Headset,Peripherals,10,2295.78,partner
00000109,17.08.2024,C1259,Hämäläinen Oy,SKU-1002,Standing Desk 140cm,Furniture,11,5270.74,direct
00000110,30.05.2024,C1380,Lindqvist AB,SKU-1010,Desk Lamp LED,Furniture,3,504.36,retail
00000111,14.08.2025,C1160,Kjærstad Utstyr,SKU-1007,Noise Cancelling Headset,Peripherals,6,2165.06,direct
00000112,20.05.2025,C1050,Hämäläinen Oy,SKU-1005,27in 4K Monitor,Displays,8,4355.98,partner
00000113,25.10.2025,C1228,Søndergaard A/S,SKU-1004,Mechanical Keyboard,Peripherals,4,1001.88,retail
00000114,27.01.2025,C1032,Jyllands Inventar,SKU-1004,Mechanical Keyboard,Peripherals,11,1148.31,retail
00000115,25.04.2024,C1010,Lindqvist AB,SKU-1008,Laptop Stand Aluminium,Accessories,7,553.71,retail
00000116,17.09.2025,C1394,Hämäläinen Oy,SKU-1003,Monitor Arm Dual,Accessories,8,838.65,direct
00000117,29.11.2024,C1116,Nordström Handel,SKU-1001,Ergonomic Desk Chair,Furniture,1,2498.28,direct
00000118,08.08.2024,C1253,Dansk Kontormiljø,SKU-1004,Mechanical Keyboard,Peripherals,2,978.46,online
00000119,01.12.2025,C1085,Trondheim Utstyr,SKU-1003,Monitor Arm Dual,Accessories,12,925.70,partner
00000120,23.11.2025,C1312,Trondheim Utstyr,SKU-1007,Noise Cancelling Headset,Peripherals,3,2358.82,partner
00000121,16.06.2024,C1342,Kärkkäinen Oy,SKU-1004,Mechanical Keyboard,Peripherals,2,1281.71,NULL
00000122,31.03.2025,C1166,Uppsala Interiör,SKU-1009,Webcam 1080p,Peripherals,8,816.58,online
00000123,31.10.2025,C1311,Kärkkäinen Oy,SKU-1002,Standing Desk 140cm,Furniture,5,4887.67,retail
00000124,19.11.2024,C1347,Dansk Kontormiljø,SKU-1010,Desk Lamp LED,Furniture,12,544.92,online
00000125,11.08.2025,C1366,Møller Innredning,SKU-1005,27in 4K Monitor,Displays,11,4013.56,direct
00000126,22.08.2024,C1340,Jyllands Inventar,SKU-1008,Laptop Stand Aluminium,Accessories,11,612.11,partner
00000127,22.04.2024,C1277,Møller Innredning,SKU-1001,Ergonomic Desk Chair,Furniture,11,2270.76,NULL
00000128,15.07.2024,C1045,Jyllands Inventar,SKU-1002,Standing Desk 140cm,Furniture,11,5652.88,direct
00000129,07.10.2024,C1142,Hämäläinen Oy,SKU-1003,Monitor Arm Dual,Accessories,1,911.11,direct
00000130,15.04.2025,C1351,Dansk Kontormiljø,SKU-1007,Noise Cancelling Headset,Peripherals,2,2292.79,retail
00000131,28.08.2024,C1139,Lindqvist AB,SKU-1002,Standing Desk 140cm,Furniture,12,5537.55,retail
00000132,09.04.2025,C1193,Mäkinen Toimisto,SKU-1001,Ergonomic Desk Chair,Furniture,3,2307.87,direct
00000133,08.02.2025,C1185,Uppsala Interiör,SKU-1006,USB-C Dock,Accessories,7,1931.65,online
00000134,04.11.2024,C1042,Nordström Handel,SKU-1003,Monitor Arm Dual,Accessories,10,884.58,partner
00000135,04.06.2024,C1123,Søndergaard A/S,SKU-1001,Ergonomic Desk Chair,Furniture,7,2482.30,retail
00000136,20.12.2025,C1095,Ålesund Kontor,SKU-1010,Desk Lamp LED,Furniture,5,508.49,partner
00000137,19.01.2025,C1171,Søndergaard A/S,SKU-1008,Laptop Stand Aluminium,Accessories,-2,704.87,direct
00000138,30.10.2024,C1084,Lindqvist AB,SKU-1004,Mechanical Keyboard,Peripherals,1,1245.23,direct
00000139,01.06.2024,C1296,Rødvig Møbler,SKU-1009,Webcam 1080p,Peripherals,2,857.72,retail
00000140,27.02.2024,C1245,Ålesund Kontor,SKU-1010,Desk Lamp LED,Furniture,11,496.85,retail
00000141,13.08.2024,C1221,Uppsala Interiör,SKU-1007,Noise Cancelling Headset,Peripherals,7,2165.46,retail
00000142,16.04.2025,C1336,Trondheim Utstyr,SKU-1006,USB-C Dock,Accessories,10,1549.67,direct
00000143,12.08.2025,C1145,Jyllands Inventar,SKU-1010,Desk Lamp LED,Furniture,7,458.21,direct
00000144,19.02.2024,C1281,Uppsala Interiör,SKU-1001,Ergonomic Desk Chair,Furniture,10,2318.81,partner
00000145,02.06.2024,C1309,Søndergaard A/S,SKU-1010,Desk Lamp LED,Furniture,7,576.63,retail
00000146,14.11.2024,C1364,Trondheim Utstyr,SKU-1009,Webcam 1080p,Peripherals,11,789.61,direct
00000147,19.09.2024,C1398,Rødvig Møbler,SKU-1010,Desk Lamp LED,Furniture,9,520.74,direct
00000148,05.02.2025,C1275,Jyllands Inventar,SKU-1006,USB-C Dock,Accessories,10,1766.29,online
00000149,13.12.2025,C1119,Lindqvist AB,SKU-1008,Laptop Stand Aluminium,Accessories,5,579.98,retail
00000150,20.09.2024,C1249,Väisänen Kaluste,SKU-1010,Desk Lamp LED,Furniture,12,582.30,partner
00000151,09.08.2024,C1196,Uppsala Interiör,SKU-1001,Ergonomic Desk Chair,Furniture,2,2179.97,online
00000152,18.06.2025,C1033,Kärkkäinen Oy,SKU-1002,Standing Desk 140cm,Furniture,2,5015.70,retail
00000153,27.10.2024,C1385,Dansk Kontormiljø,SKU-1009,Webcam 1080p,Peripherals,3,705.71,partner
00000154,01.05.2024,C1328,Søndergaard A/S,SKU-1010,Desk Lamp LED,Furniture,11,566.15,direct
00000155,12.10.2024,C1343,Kjærstad Utstyr,SKU-1002,Standing Desk 140cm,Furniture,7,4507.26,online
00000156,29.08.2024,C1240,Bergström & Söner,SKU-1002,Standing Desk 140cm,Furniture,6,5056.97,online
00000157,18.04.2024,C1262,Bergström & Söner,SKU-1002,Standing Desk 140cm,Furniture,11,4517.87,online
00000158,26.03.2025,C1304,Nordström Handel,SKU-1007,Noise Cancelling Headset,Peripherals,10,1801.59,partner
00000159,02.03.2024,C1394,Hämäläinen Oy,SKU-1007,Noise Cancelling Headset,Peripherals,12,2162.01,retail
00000160,18.09.2024,C1079,Trondheim Utstyr,SKU-1006,USB-C Dock,Accessories,2,1604.44,NULL
00000161,01.07.2025,C1305,Nordström Handel,SKU-1002,Standing Desk 140cm,Furniture,10,4670.43,retail
00000162,25.11.2025,C1025,Jyllands Inventar,SKU-1010,Desk Lamp LED,Furniture,9,508.45,retail
00000163,16.10.2025,C1218,Dansk Kontormiljø,SKU-1005,27in 4K Monitor,Displays,5,4208.28,retail
00000164,15.09.2025,C1142,Kjærstad Utstyr,SKU-1002,Standing Desk 140cm,Furniture,8,5488.34,retail
00000165,16.12.2024,C1379,Hämäläinen Oy,SKU-1007,Noise Cancelling Headset,Peripherals,8,2395.51,online
00000166,11.05.2025,C1364,Väisänen Kaluste,SKU-1005,27in 4K Monitor,Displays,-3,4490.32,direct
00000167,01.03.2024,C1101,Bergström & Söner,SKU-1003,Monitor Arm Dual,Accessories,5,765.44,partner
00000168,04.04.2024,C1229,Hämäläinen Oy,SKU-1002,Standing Desk 140cm,Furniture,12,5769.16,direct
00000169,10.10.2025,C1239,Jyllands Inventar,SKU-1003,Monitor Arm Dual,Accessories,3,919.58,partner
00000170,20.12.2024,C1259,Rødvig Møbler,SKU-1002,Standing Desk 140cm,Furniture,10,5925.81,online
00000171,11.01.2024,C1069,Dansk Kontormiljø,SKU-1006,USB-C Dock,Accessories,2,1507.40,online
00000172,28.05.2024,C1226,Trondheim Utstyr,SKU-1004,Mechanical Keyboard,Peripherals,5,1265.60,direct
00000173,26.11.2025,C1084,Jyllands Inventar,SKU-1001,Ergonomic Desk Chair,Furniture,9,2260.28,online
00000174,14.01.2025,C1135,Rødvig Møbler,SKU-1004,Mechanical Keyboard,Peripherals,10,1101.84,partner
00000175,19.06.2025,C1324,Lindqvist AB,SKU-1005,27in 4K Monitor,Displays,9,3772.91,retail
00000176,19.02.2025,C1308,Kärkkäinen Oy,SKU-1002,Standing Desk 140cm,Furniture,6,4948.64,retail
00000177,06.01.2025,C1188,Søndergaard A/S,SKU-1006,USB-C Dock,Accessories,2,1773.98,online
00000178,08.08.2024,C1312,Trondheim Utstyr,SKU-1004,Mechanical Keyboard,Peripherals,8,1151.46,online
00000179,23.11.2024,C1076,Søndergaard A/S,SKU-1002,Standing Desk 140cm,Furniture,8,4680.26,online
00000180,28.07.2024,C1291,Hämäläinen Oy,SKU-1005,27in 4K Monitor,Displays,4,3841.72,direct
00000181,18.07.2025,C1003,Trondheim Utstyr,SKU-1010,Desk Lamp LED,Furniture,7,510.20,online
00000182,08.12.2025,C1166,Väisänen Kaluste,SKU-1004,Mechanical Keyboard,Peripherals,-2,1222.26,retail
00000183,12.02.2024,C1243,Kjærstad Utstyr,SKU-1005,27in 4K Monitor,Displays,9,4806.09,direct
00000184,03.07.2024,C1295,Rødvig Møbler,SKU-1003,Monitor Arm Dual,Accessories,6,895.76,direct
00000185,17.10.2025,C1184,Uppsala Interiör,SKU-1001,Ergonomic Desk Chair,Furniture,7,2153.20,online
00000186,05.07.2025,C1068,Møller Innredning,SKU-1007,Noise Cancelling Headset,Peripherals,1,2016.33,direct
00000187,22.02.2025,C1235,Hämäläinen Oy,SKU-1003,Monitor Arm Dual,Accessories,4,933.89,NULL
00000188,13.10.2025,C1230,Lindqvist AB,SKU-1002,Standing Desk 140cm,Furniture,2,5746.18,online
00000189,30.03.2025,C1244,Väisänen Kaluste,SKU-1005,27in 4K Monitor,Displays,2,4782.99,direct
00000190,14.05.2025,C1045,Søndergaard A/S,SKU-1009,Webcam 1080p,Peripherals,9,761.61,direct
00000191,01.02.2024,C1353,Väisänen Kaluste,SKU-1010,Desk Lamp LED,Furniture,10,443.23,online
00000192,18.03.2024,C1090,Møller Innredning,SKU-1009,Webcam 1080p,Peripherals,3,799.50,online
00000193,05.12.2025,C1382,Hämäläinen Oy,SKU-1010,Desk Lamp LED,Furniture,7,493.49,online
00000194,26.04.2024,C1081,Väisänen Kaluste,SKU-1008,Laptop Stand Aluminium,Accessories,7,599.32,direct
00000195,03.11.2025,C1105,Kärkkäinen Oy,SKU-1003,Monitor Arm Dual,Accessories,3,901.12,direct
00000196,25.08.2025,C1289,Dansk Kontormiljø,SKU-1005,27in 4K Monitor,Displays,11,4922.52,retail
00000197,25.11.2025,C1192,Nordström Handel,SKU-1004,Mechanical Keyboard,Peripherals,9,1003.43,direct
00000198,05.09.2025,C1134,Väisänen Kaluste,SKU-1010,Desk Lamp LED,Furniture,10,473.58,retail
00000199,15.06.2025,C1368,Møller Innredning,SKU-1001,Ergonomic Desk Chair,Furniture,7,2421.08,online
00000200,21.01.2025,C1007,Mäkinen Toimisto,SKU-1002,Standing Desk 140cm,Furniture,7,5328.25,online
00000201,18.04.2024,C1384,Nordström Handel,SKU-1008,Laptop Stand Aluminium,Accessories,9,639.11,online
00000202,20.01.2025,C1306,Väisänen Kaluste,SKU-1007,Noise Cancelling Headset,Peripherals,11,1792.85,direct
00000203,27.01.2025,C1314,Mäkinen Toimisto,SKU-1003,Monitor Arm Dual,Accessories,6,939.82,retail
00000204,13.07.2025,C1314,Lindqvist AB,SKU-1003,Monitor Arm Dual,Accessories,4,902.58,direct
00000205,04.01.2024,C1235,Ålesund Kontor,SKU-1001,Ergonomic Desk Chair,Furniture,9,2676.76,partner
00000206,21.12.2025,C1204,Lindqvist AB,SKU-1010,Desk Lamp LED,Furniture,12,591.58,online
00000207,25.07.2025,C1339,Mäkinen Toimisto,SKU-1007,Noise Cancelling Headset,Peripherals,-3,1995.23,partner
00000208,25.04.2024,C1101,Kjærstad Utstyr,SKU-1005,27in 4K Monitor,Displays,4,4284.49,direct
00000209,26.07.2025,C1400,Søndergaard A/S,SKU-1008,Laptop Stand Aluminium,Accessories,8,584.78,retail
00000210,07.11.2024,C1119,Mäkinen Toimisto,SKU-1010,Desk Lamp LED,Furniture,2,520.67,online
00000211,14.05.2025,C1168,Dansk Kontormiljø,SKU-1001,Ergonomic Desk Chair,Furniture,10,2450.40,partner
00000212,03.02.2024,C1033,Trondheim Utstyr,SKU-1003,Monitor Arm Dual,Accessories,2,904.99,partner
00000213,10.12.2025,C1116,Ålesund Kontor,SKU-1008,Laptop Stand Aluminium,Accessories,3,680.97,retail
00000214,12.11.2024,C1198,Lindqvist AB,SKU-1003,Monitor Arm Dual,Accessories,7,941.20,online
00000215,14.03.2024,C1250,Ålesund Kontor,SKU-1001,Ergonomic Desk Chair,Furniture,3,2116.96,direct
00000216,23.05.2024,C1252,Väisänen Kaluste,SKU-1001,Ergonomic Desk Chair,Furniture,5,2216.04,retail
00000217,25.01.2024,C1212,Rødvig Møbler,SKU-1002,Standing Desk 140cm,Furniture,9,5686.58,retail
00000218,09.04.2025,C1085,Dansk Kontormiljø,SKU-1005,27in 4K Monitor,Displays,2,3823.07,retail
00000219,18.08.2024,C1049,Nordström Handel,SKU-1009,Webcam 1080p,Peripherals,10,797.50,retail
00000220,27.11.2024,C1032,Søndergaard A/S,SKU-1002,Standing Desk 140cm,Furniture,8,5728.70,direct
00000221,17.03.2024,C1110,Uppsala Interiör,SKU-1003,Monitor Arm Dual,Accessories,3,930.68,retail
00000222,27.07.2025,C1046,Mäkinen Toimisto,SKU-1003,Monitor Arm Dual,Accessories,1,930.76,retail
00000223,22.12.2025,C1120,Dansk Kontormiljø,SKU-1002,Standing Desk 140cm,Furniture,5,5024.52,retail
00000224,07.02.2024,C1323,Mäkinen Toimisto,SKU-1008,Laptop Stand Aluminium,Accessories,8,638.26,partner
00000225,08.01.2024,C1222,Rødvig Møbler,SKU-1001,Ergonomic Desk Chair,Furniture,12,2728.27,partner
00000226,24.04.2024,C1205,Kjærstad Utstyr,SKU-1004,Mechanical Keyboard,Peripherals,4,1102.53,direct
00000227,13.08.2025,C1139,Dansk Kontormiljø,SKU-1003,Monitor Arm Dual,Accessories,6,766.02,retail
00000228,12.11.2025,C1038,Väisänen Kaluste,SKU-1008,Laptop Stand Aluminium,Accessories,4,715.72,retail
00000229,09.02.2025,C1226,Rødvig Møbler,SKU-1004,Mechanical Keyboard,Peripherals,4,987.61,retail
00000230,12.11.2024,C1047,Rødvig Møbler,SKU-1010,Desk Lamp LED,Furniture,3,442.02,partner
00000231,01.09.2024,C1121,Nordström Handel,SKU-1010,Desk Lamp LED,Furniture,11,506.72,online
00000232,05.01.2025,C1246,Kärkkäinen Oy,SKU-1007,Noise Cancelling Headset,Peripherals,4,2111.01,online
00000233,31.05.2025,C1009,Lindqvist AB,SKU-1004,Mechanical Keyboard,Peripherals,10,1087.93,retail
00000234,21.01.2025,C1249,Hämäläinen Oy,SKU-1009,Webcam 1080p,Peripherals,5,696.14,retail
00000235,25.10.2025,C1062,Kärkkäinen Oy,SKU-1002,Standing Desk 140cm,Furniture,12,5230.44,direct
00000236,18.08.2024,C1295,Kärkkäinen Oy,SKU-1006,USB-C Dock,Accessories,1,1897.83,partner
00000237,24.10.2024,C1198,Mäkinen Toimisto,SKU-1006,USB-C Dock,Accessories,9,1868.81,online
00000238,04.09.2025,C1010,Møller Innredning,SKU-1001,Ergonomic Desk Chair,Furniture,2,2589.20,online
00000239,17.04.2024,C1307,Lindqvist AB,SKU-1003,Monitor Arm Dual,Accessories,1,1017.50,direct
00000240,23.12.2024,C1016,Uppsala Interiör,SKU-1001,Ergonomic Desk Chair,Furniture,10,2390.35,partner
00000241,17.04.2025,C1242,Hämäläinen Oy,SKU-1002,Standing Desk 140cm,Furniture,12,4671.97,retail
00000242,12.06.2024,C1338,Møller Innredning,SKU-1005,27in 4K Monitor,Displays,7,4159.97,partner
00000243,11.03.2025,C1275,Trondheim Utstyr,SKU-1004,Mechanical Keyboard,Peripherals,12,1126.29,online
00000244,23.07.2025,C1248,Bergström & Söner,SKU-1001,Ergonomic Desk Chair,Furniture,3,2225.11,retail
00000245,18.10.2024,C1249,Dansk Kontormiljø,SKU-1004,Mechanical Keyboard,Peripherals,7,1094.58,partner
00000246,28.12.2025,C1382,Trondheim Utstyr,SKU-1002,Standing Desk 140cm,Furniture,5,4642.54,retail
00000247,06.03.2024,C1151,Hämäläinen Oy,SKU-1010,Desk Lamp LED,Furniture,8,494.59,partner
00000248,20.02.2024,C1074,Lindqvist AB,SKU-1006,USB-C Dock,Accessories,1,1991.99,direct
00000249,18.11.2024,C1217,Kärkkäinen Oy,SKU-1010,Desk Lamp LED,Furniture,6,472.54,online
00000250,26.02.2025,C1322,Bergström & Söner,SKU-1008,Laptop Stand Aluminium,Accessories,12,592.81,NULL
00000251,24.09.2024,C1165,Nordström Handel,SKU-1010,Desk Lamp LED,Furniture,1,588.70,retail
00000252,12.02.2024,C1077,Rødvig Møbler,SKU-1005,27in 4K Monitor,Displays,12,4038.29,direct
00000253,14.03.2025,C1006,Kjærstad Utstyr,SKU-1001,Ergonomic Desk Chair,Furniture,8,2394.23,online
00000254,26.07.2024,C1338,Bergström & Söner,SKU-1006,USB-C Dock,Accessories,3,1964.23,online
00000255,10.07.2024,C1279,Lindqvist AB,SKU-1005,27in 4K Monitor,Displays,12,4198.43,partner
00000256,02.02.2024,C1049,Dansk Kontormiljø,SKU-1005,27in 4K Monitor,Displays,2,3998.02,online
00000257,01.10.2024,C1283,Kjærstad Utstyr,SKU-1008,Laptop Stand Aluminium,Accessories,10,692.10,retail
00000258,17.09.2025,C1380,Dansk Kontormiljø,SKU-1008,Laptop Stand Aluminium,Accessories,4,584.57,retail
00000259,29.10.2025,C1338,Hämäläinen Oy,SKU-1001,Ergonomic Desk Chair,Furniture,9,2461.23,direct
00000260,26.01.2025,C1145,Dansk Kontormiljø,SKU-1002,Standing Desk 140cm,Furniture,3,5639.05,partner
00000261,30.12.2024,C1195,Kjærstad Utstyr,SKU-1007,Noise Cancelling Headset,Peripherals,8,2077.03,partner
00000262,27.11.2025,C1039,Mäkinen Toimisto,SKU-1001,Ergonomic Desk Chair,Furniture,9,2294.15,online
00000263,16.01.2024,C1297,Kjærstad Utstyr,SKU-1010,Desk Lamp LED,Furniture,10,497.56,direct
00000264,08.12.2024,C1391,Ålesund Kontor,SKU-1002,Standing Desk 140cm,Furniture,1,4957.19,partner
00000265,30.11.2025,C1170,Møller Innredning,SKU-1004,Mechanical Keyboard,Peripherals,9,1030.33,retail
00000266,08.07.2025,C1389,Jyllands Inventar,SKU-1004,Mechanical Keyboard,Peripherals,3,1209.54,partner
00000267,30.07.2025,C1270,Nordström Handel,SKU-1010,Desk Lamp LED,Furniture,2,592.47,partner
00000268,13.02.2024,C1173,Rødvig Møbler,SKU-1003,Monitor Arm Dual,Accessories,9,972.59,retail
00000269,17.11.2025,C1277,Søndergaard A/S,SKU-1007,Noise Cancelling Headset,Peripherals,8,1794.43,retail
00000270,17.04.2024,C1377,Jyllands Inventar,SKU-1004,Mechanical Keyboard,Peripherals,9,1077.38,direct
00000271,07.03.2024,C1297,Ålesund Kontor,SKU-1008,Laptop Stand Aluminium,Accessories,7,677.64,retail
00000272,15.08.2025,C1234,Nordström Handel,SKU-1006,USB-C Dock,Accessories,1,1950.10,partner
00000273,22.12.2024,C1361,Kärkkäinen Oy,SKU-1008,Laptop Stand Aluminium,Accessories,5,689.83,retail
00000274,12.11.2024,C1126,Uppsala Interiör,SKU-1007,Noise Cancelling Headset,Peripherals,10,2411.45,direct
00000275,29.04.2024,C1395,Väisänen Kaluste,SKU-1008,Laptop Stand Aluminium,Accessories,4,602.60,partner
00000276,17.04.2025,C1319,Kjærstad Utstyr,SKU-1007,Noise Cancelling Headset,Peripherals,8,1983.11,direct
00000277,02.05.2025,C1111,Kjærstad Utstyr,SKU-1003,Monitor Arm Dual,Accessories,12,800.31,partner
00000278,11.10.2025,C1315,Bergström & Söner,SKU-1004,Mechanical Keyboard,Peripherals,8,1043.28,retail
00000279,21.04.2024,C1135,Bergström & Söner,SKU-1006,USB-C Dock,Accessories,7,1656.10,online
00000280,29.10.2025,C1118,Møller Innredning,SKU-1005,27in 4K Monitor,Displays,-2,4167.36,direct
00000281,17.03.2025,C1017,Hämäläinen Oy,SKU-1007,Noise Cancelling Headset,Peripherals,12,2188.79,retail
00000282,28.11.2025,C1137,Kjærstad Utstyr,SKU-1010,Desk Lamp LED,Furniture,2,443.16,online
00000283,08.11.2025,C1110,Uppsala Interiör,SKU-1007,Noise Cancelling Headset,Peripherals,12,1942.72,online
00000284,22.06.2025,C1134,Rødvig Møbler,SKU-1009,Webcam 1080p,Peripherals,1,889.98,partner
00000285,02.05.2024,C1223,Møller Innredning,SKU-1002,Standing Desk 140cm,Furniture,4,5471.39,direct
00000286,17.04.2025,C1195,Kjærstad Utstyr,SKU-1002,Standing Desk 140cm,Furniture,2,5978.14,retail
00000287,22.08.2024,C1375,Hämäläinen Oy,SKU-1008,Laptop Stand Aluminium,Accessories,4,647.43,partner
00000288,23.12.2024,C1213,Mäkinen Toimisto,SKU-1002,Standing Desk 140cm,Furniture,5,4924.85,direct
00000289,08.06.2025,C1273,Väisänen Kaluste,SKU-1004,Mechanical Keyboard,Peripherals,2,1246.06,online
00000290,20.01.2024,C1007,Kärkkäinen Oy,SKU-1007,Noise Cancelling Headset,Peripherals,7,2186.37,online
00000291,14.11.2025,C1187,Trondheim Utstyr,SKU-1009,Webcam 1080p,Peripherals,4,732.78,retail
00000292,26.06.2025,C1024,Kärkkäinen Oy,SKU-1007,Noise Cancelling Headset,Peripherals,6,1791.16,retail
00000293,18.11.2025,C1066,Mäkinen Toimisto,SKU-1009,Webcam 1080p,Peripherals,11,838.75,partner
00000294,23.06.2024,C1221,Bergström & Söner,SKU-1007,Noise Cancelling Headset,Peripherals,12,2116.92,direct
00000295,12.07.2025,C1234,Rødvig Møbler,SKU-1004,Mechanical Keyboard,Peripherals,5,989.22,NULL
00000296,05.04.2024,C1264,Bergström & Söner,SKU-1004,Mechanical Keyboard,Peripherals,2,1044.83,online
00000297,25.07.2024,C1266,Lindqvist AB,SKU-1008,Laptop Stand Aluminium,Accessories,3,657.18,partner
00000298,19.10.2025,C1268,Søndergaard A/S,SKU-1006,USB-C Dock,Accessories,1,1489.22,partner
00000299,16.05.2025,C1211,Kärkkäinen Oy,SKU-1010,Desk Lamp LED,Furniture,2,504.69,online
00000300,22.07.2025,C1049,Rødvig Møbler,SKU-1008,Laptop Stand Aluminium,Accessories,4,730.98,online
00000301,12.10.2025,C1249,Ålesund Kontor,SKU-1008,Laptop Stand Aluminium,Accessories,11,678.14,retail
00000302,08.07.2024,C1186,Søndergaard A/S,SKU-1006,USB-C Dock,Accessories,6,1833.56,retail
00000303,21.02.2025,C1026,Søndergaard A/S,SKU-1003,Monitor Arm Dual,Accessories,2,886.44,online
00000304,17.06.2025,C1232,Dansk Kontormiljø,SKU-1009,Webcam 1080p,Peripherals,5,832.88,retail
00000305,15.01.2024,C1241,Kjærstad Utstyr,SKU-1003,Monitor Arm Dual,Accessories,9,916.13,direct
00000306,12.12.2025,C1015,Søndergaard A/S,SKU-1005,27in 4K Monitor,Displays,9,3659.90,retail
00000307,06.06.2025,C1342,Søndergaard A/S,SKU-1007,Noise Cancelling Headset,Peripherals,8,1894.39,direct
00000308,02.12.2024,C1324,Søndergaard A/S,SKU-1010,Desk Lamp LED,Furniture,11,543.11,retail
00000309,03.04.2025,C1330,Ålesund Kontor,SKU-1009,Webcam 1080p,Peripherals,3,848.51,partner
00000310,07.09.2024,C1396,Jyllands Inventar,SKU-1007,Noise Cancelling Headset,Peripherals,10,2158.95,online
00000311,03.11.2024,C1261,Jyllands Inventar,SKU-1004,Mechanical Keyboard,Peripherals,3,1035.25,retail
00000312,12.06.2024,C1118,Nordström Handel,SKU-1002,Standing Desk 140cm,Furniture,6,5807.45,direct
00000313,29.01.2025,C1251,Nordström Handel,SKU-1008,Laptop Stand Aluminium,Accessories,-3,654.59,retail
00000314,28.07.2025,C1000,Kärkkäinen Oy,SKU-1005,27in 4K Monitor,Displays,12,4749.90,partner
00000315,11.06.2024,C1019,Rødvig Møbler,SKU-1008,Laptop Stand Aluminium,Accessories,2,714.30,direct
00000316,03.12.2024,C1206,Kjærstad Utstyr,SKU-1003,Monitor Arm Dual,Accessories,5,838.62,online
00000317,20.12.2025,C1035,Trondheim Utstyr,SKU-1008,Laptop Stand Aluminium,Accessories,9,650.78,online
00000318,21.12.2025,C1212,Rødvig Møbler,SKU-1003,Monitor Arm Dual,Accessories,8,865.23,partner
00000319,19.08.2025,C1025,Jyllands Inventar,SKU-1002,Standing Desk 140cm,Furniture,12,5289.44,partner
00000320,15.07.2025,C1128,Søndergaard A/S,SKU-1008,Laptop Stand Aluminium,Accessories,5,623.27,direct
00000321,15.01.2025,C1213,Bergström & Söner,SKU-1007,Noise Cancelling Headset,Peripherals,12,1940.35,partner
00000322,22.05.2025,C1268,Hämäläinen Oy,SKU-1006,USB-C Dock,Accessories,4,1725.27,online
00000323,27.02.2025,C1037,Rødvig Møbler,SKU-1010,Desk Lamp LED,Furniture,5,520.80,direct
00000324,19.06.2024,C1097,Dansk Kontormiljø,SKU-1005,27in 4K Monitor,Displays,5,4384.59,retail
00000325,05.07.2024,C1179,Dansk Kontormiljø,SKU-1005,27in 4K Monitor,Displays,3,4073.47,direct
00000326,13.06.2025,C1088,Väisänen Kaluste,SKU-1001,Ergonomic Desk Chair,Furniture,3,2385.16,retail
00000327,24.03.2025,C1369,Jyllands Inventar,SKU-1007,Noise Cancelling Headset,Peripherals,2,2391.40,online
00000328,04.06.2025,C1371,Lindqvist AB,SKU-1003,Monitor Arm Dual,Accessories,10,815.99,partner
00000329,23.03.2025,C1312,Lindqvist AB,SKU-1004,Mechanical Keyboard,Peripherals,8,1193.17,direct
00000330,27.02.2025,C1397,Ålesund Kontor,SKU-1006,USB-C Dock,Accessories,6,1495.47,direct
00000331,30.07.2024,C1319,Rødvig Møbler,SKU-1001,Ergonomic Desk Chair,Furniture,8,2577.33,retail
00000332,23.11.2025,C1241,Hämäläinen Oy,SKU-1004,Mechanical Keyboard,Peripherals,3,988.64,partner
00000333,17.02.2025,C1191,Uppsala Interiör,SKU-1003,Monitor Arm Dual,Accessories,6,774.11,partner
00000334,05.08.2024,C1324,Møller Innredning,SKU-1006,USB-C Dock,Accessories,6,1761.25,retail
00000335,04.01.2024,C1174,Dansk Kontormiljø,SKU-1001,Ergonomic Desk Chair,Furniture,11,2396.70,retail
00000336,02.10.2025,C1390,Mäkinen Toimisto,SKU-1006,USB-C Dock,Accessories,6,1762.27,retail
00000337,17.03.2025,C1194,Ålesund Kontor,SKU-1001,Ergonomic Desk Chair,Furniture,10,2600.74,direct
00000338,27.03.2025,C1193,Dansk Kontormiljø,SKU-1002,Standing Desk 140cm,Furniture,11,5954.14,retail
00000339,07.09.2025,C1237,Bergström & Söner,SKU-1003,Monitor Arm Dual,Accessories,5,856.50,retail
00000340,31.01.2025,C1317,Uppsala Interiör,SKU-1005,27in 4K Monitor,Displays,4,4545.71,partner
00000341,06.02.2025,C1008,Dansk Kontormiljø,SKU-1008,Laptop Stand Aluminium,Accessories,6,613.49,online
00000342,29.08.2024,C1268,Kjærstad Utstyr,SKU-1005,27in 4K Monitor,Displays,3,4135.81,partner
00000343,13.02.2025,C1193,Nordström Handel,SKU-1010,Desk Lamp LED,Furniture,12,509.90,retail
00000344,07.02.2024,C1147,Ålesund Kontor,SKU-1009,Webcam 1080p,Peripherals,8,784.10,partner
00000345,09.11.2024,C1269,Uppsala Interiör,SKU-1001,Ergonomic Desk Chair,Furniture,4,2200.60,NULL
00000346,03.05.2024,C1288,Søndergaard A/S,SKU-1006,USB-C Dock,Accessories,2,1877.65,direct
00000347,13.09.2025,C1106,Lindqvist AB,SKU-1010,Desk Lamp LED,Furniture,1,466.67,partner
00000348,16.06.2024,C1043,Rødvig Møbler,SKU-1005,27in 4K Monitor,Displays,4,3745.50,partner
00000349,02.09.2025,C1015,Nordström Handel,SKU-1006,USB-C Dock,Accessories,6,1806.00,direct
00000350,24.07.2025,C1248,Møller Innredning,SKU-1003,Monitor Arm Dual,Accessories,6,965.20,online
00000351,22.12.2024,C1228,Rødvig Møbler,SKU-1001,Ergonomic Desk Chair,Furniture,7,2717.63,direct
00000352,23.02.2024,C1145,Ålesund Kontor,SKU-1002,Standing Desk 140cm,Furniture,11,4590.29,online
00000353,13.05.2025,C1310,Hämäläinen Oy,SKU-1007,Noise Cancelling Headset,Peripherals,8,2386.27,online
00000354,07.09.2025,C1196,Trondheim Utstyr,SKU-1003,Monitor Arm Dual,Accessories,12,828.94,online
00000355,02.12.2024,C1399,Uppsala Interiör,SKU-1008,Laptop Stand Aluminium,Accessories,2,634.56,retail
00000356,27.09.2024,C1343,Lindqvist AB,SKU-1003,Monitor Arm Dual,Accessories,1,838.13,online
00000357,01.11.2024,C1104,Møller Innredning,SKU-1009,Webcam 1080p,Peripherals,12,823.93,direct
00000358,03.05.2024,C1120,Dansk Kontormiljø,SKU-1010,Desk Lamp LED,Furniture,8,485.50,direct
00000359,02.06.2025,C1309,Dansk Kontormiljø,SKU-1008,Laptop Stand Aluminium,Accessories,5,644.01,retail
00000360,21.03.2024,C1152,Ålesund Kontor,SKU-1009,Webcam 1080p,Peripherals,8,717.28,online
00000361,30.09.2025,C1146,Nordström Handel,SKU-1006,USB-C Dock,Accessories,10,1868.04,partner
00000362,24.02.2024,C1231,Møller Innredning,SKU-1005,27in 4K Monitor,Displays,5,3895.27,partner
00000363,28.07.2025,C1210,Bergström & Söner,SKU-1005,27in 4K Monitor,Displays,5,3849.22,retail
00000364,16.06.2024,C1281,Trondheim Utstyr,SKU-1010,Desk Lamp LED,Furniture,6,571.05,partner
00000365,20.09.2025,C1125,Ålesund Kontor,SKU-1001,Ergonomic Desk Chair,Furniture,8,2105.06,partner
00000366,26.07.2025,C1015,Søndergaard A/S,SKU-1007,Noise Cancelling Headset,Peripherals,1,2129.07,partner
00000367,27.04.2024,C1346,Lindqvist AB,SKU-1007,Noise Cancelling Headset,Peripherals,9,2168.87,partner
00000368,25.04.2025,C1183,Lindqvist AB,SKU-1009,Webcam 1080p,Peripherals,8,663.10,retail
00000369,07.09.2025,C1321,Kjærstad Utstyr,SKU-1004,Mechanical Keyboard,Peripherals,10,1192.81,partner
00000370,04.05.2025,C1354,Mäkinen Toimisto,SKU-1007,Noise Cancelling Headset,Peripherals,8,2371.11,direct
00000371,08.05.2025,C1034,Dansk Kontormiljø,SKU-1004,Mechanical Keyboard,Peripherals,2,1142.82,online
00000372,24.06.2025,C1210,Bergström & Söner,SKU-1007,Noise Cancelling Headset,Peripherals,7,2247.94,direct
00000373,30.06.2025,C1061,Søndergaard A/S,SKU-1004,Mechanical Keyboard,Peripherals,4,1112.85,retail
00000374,06.11.2024,C1350,Jyllands Inventar,SKU-1004,Mechanical Keyboard,Peripherals,3,1118.98,partner
00000375,10.10.2024,C1290,Trondheim Utstyr,SKU-1001,Ergonomic Desk Chair,Furniture,10,2325.48,direct
00000376,11.09.2024,C1131,Väisänen Kaluste,SKU-1001,Ergonomic Desk Chair,Furniture,6,2253.80,partner
00000377,23.06.2024,C1024,Nordström Handel,SKU-1002,Standing Desk 140cm,Furniture,3,5145.52,retail
00000378,03.06.2025,C1083,Lindqvist AB,SKU-1003,Monitor Arm Dual,Accessories,9,995.93,retail
00000379,29.01.2025,C1164,Lindqvist AB,SKU-1010,Desk Lamp LED,Furniture,3,497.43,partner
00000380,05.09.2025,C1020,Nordström Handel,SKU-1006,USB-C Dock,Accessories,7,1812.47,retail
00000381,19.11.2024,C1068,Mäkinen Toimisto,SKU-1010,Desk Lamp LED,Furniture,3,471.35,retail
00000382,30.11.2024,C1263,Kärkkäinen Oy,SKU-1005,27in 4K Monitor,Displays,2,4477.07,online
00000383,05.04.2024,C1333,Kjærstad Utstyr,SKU-1008,Laptop Stand Aluminium,Accessories,7,731.40,direct
00000384,21.07.2024,C1123,Søndergaard A/S,SKU-1008,Laptop Stand Aluminium,Accessories,12,653.56,online
00000385,07.06.2024,C1010,Bergström & Söner,SKU-1006,USB-C Dock,Accessories,7,1810.66,partner
00000386,26.03.2024,C1212,Kjærstad Utstyr,SKU-1005,27in 4K Monitor,Displays,6,4897.47,partner
00000387,06.08.2024,C1039,Mäkinen Toimisto,SKU-1001,Ergonomic Desk Chair,Furniture,12,2087.04,retail
00000388,12.01.2025,C1071,Rødvig Møbler,SKU-1008,Laptop Stand Aluminium,Accessories,4,666.58,partner
00000389,15.10.2024,C1219,Bergström & Söner,SKU-1007,Noise Cancelling Headset,Peripherals,6,2350.42,online
00000390,25.02.2025,C1232,Kjærstad Utstyr,SKU-1001,Ergonomic Desk Chair,Furniture,4,2429.98,direct
00000391,08.09.2025,C1385,Kjærstad Utstyr,SKU-1005,27in 4K Monitor,Displays,5,3753.20,retail
00000392,05.08.2024,C1173,Kärkkäinen Oy,SKU-1005,27in 4K Monitor,Displays,11,4085.79,online
00000393,08.05.2024,C1272,Jyllands Inventar,SKU-1006,USB-C Dock,Accessories,11,1917.21,retail
00000394,11.09.2024,C1400,Mäkinen Toimisto,SKU-1008,Laptop Stand Aluminium,Accessories,12,560.25,direct
00000395,14.02.2024,C1237,Kärkkäinen Oy,SKU-1006,USB-C Dock,Accessories,2,1888.97,retail
00000396,02.07.2025,C1070,Kärkkäinen Oy,SKU-1009,Webcam 1080p,Peripherals,12,750.59,retail
00000397,03.03.2025,C1364,Hämäläinen Oy,SKU-1006,USB-C Dock,Accessories,11,1891.14,retail
00000398,04.10.2025,C1330,Jyllands Inventar,SKU-1003,Monitor Arm Dual,Accessories,1,762.66,retail
00000399,29.08.2025,C1232,Rødvig Møbler,SKU-1002,Standing Desk 140cm,Furniture,10,5546.35,direct
00000400,01.05.2024,C1161,Kärkkäinen Oy,SKU-1003,Monitor Arm Dual,Accessories,6,756.78,direct
00000401,13.09.2024,C1138,Møller Innredning,SKU-1005,27in 4K Monitor,Displays,4,4423.75,retail
00000402,17.06.2024,C1399,Rødvig Møbler,SKU-1006,USB-C Dock,Accessories,5,1519.62,retail
00000403,28.04.2025,C1286,Trondheim Utstyr,SKU-1010,Desk Lamp LED,Furniture,6,449.46,online
00000404,08.02.2024,C1122,Kärkkäinen Oy,SKU-1001,Ergonomic Desk Chair,Furniture,6,2458.92,online
00000405,25.05.2024,C1012,Väisänen Kaluste,SKU-1003,Monitor Arm Dual,Accessories,12,991.44,partner
00000406,26.01.2025,C1075,Mäkinen Toimisto,SKU-1006,USB-C Dock,Accessories,12,1974.94,direct
00000407,29.03.2025,C1279,Søndergaard A/S,SKU-1006,USB-C Dock,Accessories,7,1872.45,online
00000408,31.07.2024,C1036,Lindqvist AB,SKU-1010,Desk Lamp LED,Furniture,4,562.57,partner
00000409,31.03.2025,C1280,Uppsala Interiör,SKU-1002,Standing Desk 140cm,Furniture,9,4971.44,online
00000410,08.05.2025,C1092,Søndergaard A/S,SKU-1009,Webcam 1080p,Peripherals,1,795.41,direct
00000411,29.07.2025,C1221,Hämäläinen Oy,SKU-1009,Webcam 1080p,Peripherals,-1,794.24,partner
00000412,06.04.2025,C1385,Mäkinen Toimisto,SKU-1007,Noise Cancelling Headset,Peripherals,11,1796.17,partner
00000413,21.01.2025,C1327,Uppsala Interiör,SKU-1007,Noise Cancelling Headset,Peripherals,3,2212.72,retail
00000414,16.10.2025,C1259,Uppsala Interiör,SKU-1004,Mechanical Keyboard,Peripherals,3,1301.56,partner
00000415,16.08.2025,C1282,Nordström Handel,SKU-1009,Webcam 1080p,Peripherals,8,675.51,online
00000416,09.05.2024,C1023,Kärkkäinen Oy,SKU-1001,Ergonomic Desk Chair,Furniture,8,2746.69,direct
00000417,01.08.2024,C1297,Lindqvist AB,SKU-1010,Desk Lamp LED,Furniture,1,595.02,direct
00000418,13.07.2024,C1314,Kjærstad Utstyr,SKU-1005,27in 4K Monitor,Displays,9,4939.34,NULL
00000419,02.10.2024,C1006,Trondheim Utstyr,SKU-1003,Monitor Arm Dual,Accessories,5,824.69,online
00000420,30.10.2025,C1319,Lindqvist AB,SKU-1002,Standing Desk 140cm,Furniture,10,5837.92,retail
00000421,11.02.2025,C1250,Kjærstad Utstyr,SKU-1002,Standing Desk 140cm,Furniture,3,4725.54,retail
00000422,08.05.2024,C1221,Bergström & Söner,SKU-1007,Noise Cancelling Headset,Peripherals,10,1944.19,direct
00000423,30.01.2024,C1250,Søndergaard A/S,SKU-1007,Noise Cancelling Headset,Peripherals,11,2089.55,partner
00000424,18.12.2025,C1362,Lindqvist AB,SKU-1003,Monitor Arm Dual,Accessories,8,854.40,online
00000425,16.07.2024,C1005,Lindqvist AB,SKU-1002,Standing Desk 140cm,Furniture,11,5608.53,retail
00000426,01.07.2024,C1046,Väisänen Kaluste,SKU-1007,Noise Cancelling Headset,Peripherals,2,2115.68,online
00000427,29.10.2024,C1035,Dansk Kontormiljø,SKU-1010,Desk Lamp LED,Furniture,1,590.94,direct
00000428,25.01.2024,C1151,Møller Innredning,SKU-1005,27in 4K Monitor,Displays,4,4364.29,online
00000429,03.11.2024,C1195,Kärkkäinen Oy,SKU-1002,Standing Desk 140cm,Furniture,7,4751.13,partner
00000430,06.02.2025,C1031,Jyllands Inventar,SKU-1008,Laptop Stand Aluminium,Accessories,2,553.26,direct
00000431,25.09.2025,C1084,Bergström & Söner,SKU-1004,Mechanical Keyboard,Peripherals,8,1159.79,partner
00000432,13.06.2024,C1311,Lindqvist AB,SKU-1002,Standing Desk 140cm,Furniture,9,4513.54,partner
00000433,17.02.2024,C1371,Ålesund Kontor,SKU-1008,Laptop Stand Aluminium,Accessories,10,703.69,retail
00000434,04.10.2024,C1238,Jyllands Inventar,SKU-1008,Laptop Stand Aluminium,Accessories,1,691.34,partner
00000435,05.04.2025,C1303,Lindqvist AB,SKU-1009,Webcam 1080p,Peripherals,11,839.98,online
00000436,23.11.2024,C1324,Kärkkäinen Oy,SKU-1004,Mechanical Keyboard,Peripherals,7,1277.89,direct
00000437,20.08.2025,C1389,Rødvig Møbler,SKU-1010,Desk Lamp LED,Furniture,2,445.23,direct
00000438,18.11.2024,C1083,Rødvig Møbler,SKU-1009,Webcam 1080p,Peripherals,5,862.63,retail
00000439,17.07.2024,C1135,Rødvig Møbler,SKU-1009,Webcam 1080p,Peripherals,1,859.42,retail
00000440,19.04.2025,C1016,Lindqvist AB,SKU-1005,27in 4K Monitor,Displays,10,3879.59,retail
00000441,11.12.2024,C1134,Uppsala Interiör,SKU-1003,Monitor Arm Dual,Accessories,7,881.62,NULL
00000442,24.10.2024,C1364,Bergström & Söner,SKU-1004,Mechanical Keyboard,Peripherals,12,1127.29,direct
00000443,27.04.2025,C1072,Rødvig Møbler,SKU-1004,Mechanical Keyboard,Peripherals,9,1005.33,retail
00000444,28.06.2024,C1198,Søndergaard A/S,SKU-1004,Mechanical Keyboard,Peripherals,6,1008.46,online
00000445,21.09.2024,C1283,Lindqvist AB,SKU-1001,Ergonomic Desk Chair,Furniture,9,2078.11,direct
00000446,22.01.2024,C1154,Mäkinen Toimisto,SKU-1002,Standing Desk 140cm,Furniture,2,4993.04,online
00000447,20.04.2025,C1247,Møller Innredning,SKU-1001,Ergonomic Desk Chair,Furniture,7,2530.62,retail
00000448,12.06.2025,C1054,Lindqvist AB,SKU-1002,Standing Desk 140cm,Furniture,3,5515.69,retail
00000449,11.01.2025,C1065,Bergström & Söner,SKU-1008,Laptop Stand Aluminium,Accessories,7,731.04,partner
00000450,07.04.2025,C1058,Bergström & Söner,SKU-1003,Monitor Arm Dual,Accessories,7,977.61,retail
00000451,22.06.2025,C1330,Jyllands Inventar,SKU-1008,Laptop Stand Aluminium,Accessories,1,646.55,partner
00000452,29.04.2025,C1120,Hämäläinen Oy,SKU-1007,Noise Cancelling Headset,Peripherals,12,1848.54,partner
00000453,22.04.2025,C1149,Kjærstad Utstyr,SKU-1007,Noise Cancelling Headset,Peripherals,9,1905.60,partner
00000454,05.07.2025,C1298,Trondheim Utstyr,SKU-1003,Monitor Arm Dual,Accessories,6,1003.58,direct
00000455,01.02.2025,C1320,Dansk Kontormiljø,SKU-1004,Mechanical Keyboard,Peripherals,11,1106.50,retail
00000456,12.09.2024,C1336,Trondheim Utstyr,SKU-1004,Mechanical Keyboard,Peripherals,12,1207.98,retail
00000457,21.09.2025,C1180,Nordström Handel,SKU-1002,Standing Desk 140cm,Furniture,5,4446.47,direct
00000458,27.09.2025,C1312,Dansk Kontormiljø,SKU-1002,Standing Desk 140cm,Furniture,6,5617.51,NULL
00000459,18.05.2025,C1077,Väisänen Kaluste,SKU-1003,Monitor Arm Dual,Accessories,4,838.46,direct
00000460,19.10.2025,C1311,Hämäläinen Oy,SKU-1002,Standing Desk 140cm,Furniture,12,5416.27,online
00000461,08.05.2024,C1387,Lindqvist AB,SKU-1004,Mechanical Keyboard,Peripherals,9,1009.11,direct
00000462,24.11.2024,C1368,Jyllands Inventar,SKU-1003,Monitor Arm Dual,Accessories,9,892.36,direct
00000463,28.01.2024,C1294,Nordström Handel,SKU-1001,Ergonomic Desk Chair,Furniture,11,2694.17,partner
00000464,23.07.2024,C1140,Rødvig Møbler,SKU-1002,Standing Desk 140cm,Furniture,11,4830.37,direct
00000465,18.06.2025,C1255,Uppsala Interiör,SKU-1004,Mechanical Keyboard,Peripherals,6,998.63,online
00000466,23.09.2024,C1048,Jyllands Inventar,SKU-1005,27in 4K Monitor,Displays,8,4818.72,direct
00000467,24.10.2024,C1123,Lindqvist AB,SKU-1007,Noise Cancelling Headset,Peripherals,3,2123.17,direct
00000468,24.07.2024,C1071,Dansk Kontormiljø,SKU-1005,27in 4K Monitor,Displays,8,4432.49,online
00000469,15.10.2025,C1088,Väisänen Kaluste,SKU-1005,27in 4K Monitor,Displays,9,4434.21,retail
00000470,11.02.2024,C1284,Mäkinen Toimisto,SKU-1007,Noise Cancelling Headset,Peripherals,11,2232.02,partner
00000471,24.03.2025,C1244,Rødvig Møbler,SKU-1005,27in 4K Monitor,Displays,9,4142.14,online
00000472,17.11.2025,C1393,Uppsala Interiör,SKU-1002,Standing Desk 140cm,Furniture,3,4570.04,direct
00000473,16.04.2024,C1318,Uppsala Interiör,SKU-1007,Noise Cancelling Headset,Peripherals,4,1946.35,partner
00000474,12.05.2024,C1155,Dansk Kontormiljø,SKU-1005,27in 4K Monitor,Displays,8,4577.38,direct
00000475,29.08.2025,C1091,Bergström & Söner,SKU-1009,Webcam 1080p,Peripherals,6,689.87,direct
00000476,05.12.2025,C1336,Møller Innredning,SKU-1006,USB-C Dock,Accessories,2,1617.46,partner
00000477,03.10.2025,C1167,Lindqvist AB,SKU-1006,USB-C Dock,Accessories,5,1502.81,retail
00000478,23.06.2025,C1022,Trondheim Utstyr,SKU-1006,USB-C Dock,Accessories,8,1662.08,direct
00000479,27.04.2024,C1115,Søndergaard A/S,SKU-1007,Noise Cancelling Headset,Peripherals,5,2111.12,retail
00000480,28.08.2024,C1100,Hämäläinen Oy,SKU-1003,Monitor Arm Dual,Accessories,8,888.77,partner
00000481,10.05.2024,C1131,Hämäläinen Oy,SKU-1009,Webcam 1080p,Peripherals,3,867.44,online
00000482,16.01.2024,C1339,Rødvig Møbler,SKU-1005,27in 4K Monitor,Displays,9,4154.10,partner
00000483,27.12.2024,C1159,Jyllands Inventar,SKU-1004,Mechanical Keyboard,Peripherals,5,1123.75,retail
00000484,02.11.2025,C1055,Nordström Handel,SKU-1005,27in 4K Monitor,Displays,2,4642.67,NULL
00000485,04.08.2025,C1328,Bergström & Söner,SKU-1005,27in 4K Monitor,Displays,11,4770.04,online
00000486,16.11.2024,C1266,Kärkkäinen Oy,SKU-1010,Desk Lamp LED,Furniture,9,478.71,partner
00000487,01.05.2025,C1037,Møller Innredning,SKU-1009,Webcam 1080p,Peripherals,-1,694.51,direct
00000488,24.10.2025,C1256,Väisänen Kaluste,SKU-1008,Laptop Stand Aluminium,Accessories,12,605.76,NULL
00000489,06.04.2025,C1144,Kärkkäinen Oy,SKU-1010,Desk Lamp LED,Furniture,1,456.99,direct
00000490,15.07.2024,C1014,Kjærstad Utstyr,SKU-1010,Desk Lamp LED,Furniture,-3,442.31,online
00000491,09.04.2024,C1309,Dansk Kontormiljø,SKU-1010,Desk Lamp LED,Furniture,11,504.77,partner
00000492,01.08.2025,C1125,Uppsala Interiör,SKU-1009,Webcam 1080p,Peripherals,12,699.17,direct
00000493,22.11.2024,C1284,Uppsala Interiör,SKU-1005,27in 4K Monitor,Displays,6,4191.60,online
00000494,29.01.2025,C1163,Jyllands Inventar,SKU-1009,Webcam 1080p,Peripherals,1,718.69,online
00000495,08.01.2025,C1296,Lindqvist AB,SKU-1007,Noise Cancelling Headset,Peripherals,1,2134.29,retail
00000496,10.09.2024,C1000,Lindqvist AB,SKU-1009,Webcam 1080p,Peripherals,9,664.62,partner
00000497,10.02.2025,C1268,Trondheim Utstyr,SKU-1004,Mechanical Keyboard,Peripherals,8,1165.92,online
00000498,11.01.2024,C1232,Bergström & Söner,SKU-1003,Monitor Arm Dual,Accessories,1,1023.12,retail
00000499,23.06.2024,C1085,Rødvig Møbler,SKU-1009,Webcam 1080p,Peripherals,2,762.24,direct
00000500,02.10.2024,C1035,Hämäläinen Oy,SKU-1007,Noise Cancelling Headset,Peripherals,11,1856.09,retail
00000501,26.11.2025,C1064,Uppsala Interiör,SKU-1010,Desk Lamp LED,Furniture,9,442.41,online
00000502,31.08.2025,C1157,Møller Innredning,SKU-1010,Desk Lamp LED,Furniture,11,570.15,direct
00000503,09.11.2024,C1298,Kjærstad Utstyr,SKU-1004,Mechanical Keyboard,Peripherals,6,1271.43,direct
00000504,07.07.2025,C1249,Kärkkäinen Oy,SKU-1004,Mechanical Keyboard,Peripherals,9,1286.50,partner
00000505,23.08.2024,C1122,Hämäläinen Oy,SKU-1006,USB-C Dock,Accessories,10,1807.42,partner
00000506,01.06.2024,C1263,Søndergaard A/S,SKU-1009,Webcam 1080p,Peripherals,9,860.78,partner
00000507,15.09.2025,C1049,Jyllands Inventar,SKU-1007,Noise Cancelling Headset,Peripherals,11,2109.85,retail
00000508,22.07.2025,C1249,Hämäläinen Oy,SKU-1010,Desk Lamp LED,Furniture,1,591.76,online
00000509,29.03.2024,C1139,Nordström Handel,SKU-1001,Ergonomic Desk Chair,Furniture,12,2462.65,partner
00000510,05.11.2025,C1080,Nordström Handel,SKU-1002,Standing Desk 140cm,Furniture,7,4931.28,online
00000511,29.11.2025,C1374,Ålesund Kontor,SKU-1008,Laptop Stand Aluminium,Accessories,10,641.54,NULL
00000512,13.03.2024,C1287,Ålesund Kontor,SKU-1006,USB-C Dock,Accessories,5,1529.96,direct
00000513,04.11.2024,C1274,Trondheim Utstyr,SKU-1003,Monitor Arm Dual,Accessories,9,965.61,partner
00000514,27.06.2024,C1215,Kjærstad Utstyr,SKU-1010,Desk Lamp LED,Furniture,5,448.88,direct
00000515,20.05.2025,C1336,Kjærstad Utstyr,SKU-1006,USB-C Dock,Accessories,12,1499.11,retail
00000516,12.04.2025,C1010,Bergström & Söner,SKU-1001,Ergonomic Desk Chair,Furniture,9,2056.20,direct
00000517,25.11.2024,C1228,Väisänen Kaluste,SKU-1005,27in 4K Monitor,Displays,4,4503.30,online
00000518,15.12.2025,C1388,Hämäläinen Oy,SKU-1010,Desk Lamp LED,Furniture,3,597.14,direct
00000519,10.03.2025,C1307,Lindqvist AB,SKU-1009,Webcam 1080p,Peripherals,1,791.05,retail
00000520,10.05.2024,C1399,Rødvig Møbler,SKU-1002,Standing Desk 140cm,Furniture,6,5296.92,direct
00000521,23.10.2025,C1349,Mäkinen Toimisto,SKU-1003,Monitor Arm Dual,Accessories,5,834.84,direct
00000522,28.04.2024,C1292,Nordström Handel,SKU-1001,Ergonomic Desk Chair,Furniture,1,2696.07,direct
00000523,11.03.2025,C1025,Hämäläinen Oy,SKU-1008,Laptop Stand Aluminium,Accessories,3,595.71,direct
00000524,11.05.2025,C1147,Uppsala Interiör,SKU-1008,Laptop Stand Aluminium,Accessories,3,646.27,direct
00000525,07.12.2024,C1225,Møller Innredning,SKU-1004,Mechanical Keyboard,Peripherals,1,1160.84,retail
00000526,07.02.2024,C1366,Jyllands Inventar,SKU-1010,Desk Lamp LED,Furniture,2,547.19,online
00000527,22.11.2025,C1041,Lindqvist AB,SKU-1005,27in 4K Monitor,Displays,11,4464.54,partner
00000528,16.01.2024,C1161,Trondheim Utstyr,SKU-1003,Monitor Arm Dual,Accessories,1,798.39,partner
00000529,19.03.2025,C1284,Kjærstad Utstyr,SKU-1008,Laptop Stand Aluminium,Accessories,4,693.21,direct
00000530,31.12.2024,C1177,Møller Innredning,SKU-1007,Noise Cancelling Headset,Peripherals,6,2011.75,partner
00000531,07.07.2025,C1184,Lindqvist AB,SKU-1009,Webcam 1080p,Peripherals,7,883.13,direct
00000532,21.06.2025,C1085,Dansk Kontormiljø,SKU-1007,Noise Cancelling Headset,Peripherals,5,2100.61,partner
00000533,25.02.2024,C1089,Väisänen Kaluste,SKU-1009,Webcam 1080p,Peripherals,8,673.52,partner
00000534,12.09.2024,C1122,Mäkinen Toimisto,SKU-1005,27in 4K Monitor,Displays,7,4094.34,direct
00000535,12.10.2025,C1320,Mäkinen Toimisto,SKU-1010,Desk Lamp LED,Furniture,9,533.25,NULL
00000536,16.12.2025,C1159,Hämäläinen Oy,SKU-1008,Laptop Stand Aluminium,Accessories,1,566.71,retail
00000537,19.07.2024,C1246,Nordström Handel,SKU-1006,USB-C Dock,Accessories,11,1598.80,direct
00000538,19.06.2025,C1053,Dansk Kontormiljø,SKU-1010,Desk Lamp LED,Furniture,6,575.03,retail
00000539,07.01.2025,C1335,Hämäläinen Oy,SKU-1004,Mechanical Keyboard,Peripherals,9,1272.65,partner
00000540,15.04.2024,C1340,Rødvig Møbler,SKU-1010,Desk Lamp LED,Furniture,5,531.68,online
00000541,16.04.2025,C1236,Bergström & Söner,SKU-1003,Monitor Arm Dual,Accessories,5,934.78,retail
00000542,21.01.2025,C1226,Uppsala Interiör,SKU-1009,Webcam 1080p,Peripherals,1,830.04,partner
00000543,30.09.2025,C1001,Väisänen Kaluste,SKU-1004,Mechanical Keyboard,Peripherals,7,1068.58,online
00000544,01.03.2025,C1293,Kärkkäinen Oy,SKU-1008,Laptop Stand Aluminium,Accessories,2,586.88,direct
00000545,06.05.2025,C1199,Rødvig Møbler,SKU-1005,27in 4K Monitor,Displays,10,4475.27,direct
00000546,23.06.2025,C1340,Trondheim Utstyr,SKU-1002,Standing Desk 140cm,Furniture,7,4561.46,direct
00000547,21.11.2025,C1028,Mäkinen Toimisto,SKU-1007,Noise Cancelling Headset,Peripherals,5,1984.33,online
00000548,09.03.2024,C1355,Uppsala Interiör,SKU-1002,Standing Desk 140cm,Furniture,10,4916.18,retail
00000549,05.03.2025,C1010,Hämäläinen Oy,SKU-1001,Ergonomic Desk Chair,Furniture,6,2086.65,partner
00000550,28.06.2025,C1385,Mäkinen Toimisto,SKU-1008,Laptop Stand Aluminium,Accessories,5,718.08,partner
00000551,28.03.2025,C1216,Väisänen Kaluste,SKU-1010,Desk Lamp LED,Furniture,6,593.09,partner
00000552,02.04.2024,C1116,Nordström Handel,SKU-1010,Desk Lamp LED,Furniture,2,506.86,direct
00000553,16.06.2025,C1355,Søndergaard A/S,SKU-1009,Webcam 1080p,Peripherals,4,712.07,partner
00000554,24.09.2024,C1167,Kjærstad Utstyr,SKU-1010,Desk Lamp LED,Furniture,5,556.91,online
00000555,04.07.2024,C1147,Hämäläinen Oy,SKU-1003,Monitor Arm Dual,Accessories,6,771.40,partner
00000556,02.07.2024,C1358,Uppsala Interiör,SKU-1008,Laptop Stand Aluminium,Accessories,2,691.04,partner
00000557,03.09.2025,C1064,Jyllands Inventar,SKU-1004,Mechanical Keyboard,Peripherals,6,1247.74,online
00000558,12.04.2024,C1237,Kärkkäinen Oy,SKU-1003,Monitor Arm Dual,Accessories,8,797.58,retail
00000559,24.01.2025,C1001,Trondheim Utstyr,SKU-1003,Monitor Arm Dual,Accessories,9,768.37,direct
00000560,27.11.2025,C1212,Lindqvist AB,SKU-1004,Mechanical Keyboard,Peripherals,5,1049.13,online
00000561,11.10.2024,C1037,Dansk Kontormiljø,SKU-1007,Noise Cancelling Headset,Peripherals,4,2015.98,online
00000562,24.06.2024,C1169,Møller Innredning,SKU-1010,Desk Lamp LED,Furniture,9,519.27,retail
00000563,25.11.2025,C1327,Søndergaard A/S,SKU-1006,USB-C Dock,Accessories,12,1533.77,partner
00000564,25.01.2025,C1259,Hämäläinen Oy,SKU-1002,Standing Desk 140cm,Furniture,8,4728.87,retail
00000565,02.07.2025,C1186,Kjærstad Utstyr,SKU-1005,27in 4K Monitor,Displays,12,4505.25,direct
00000566,08.09.2024,C1170,Mäkinen Toimisto,SKU-1001,Ergonomic Desk Chair,Furniture,11,2142.03,direct
00000567,03.01.2025,C1121,Nordström Handel,SKU-1003,Monitor Arm Dual,Accessories,3,994.55,direct
00000568,05.01.2024,C1136,Hämäläinen Oy,SKU-1002,Standing Desk 140cm,Furniture,2,5375.98,online
00000569,01.10.2024,C1026,Trondheim Utstyr,SKU-1008,Laptop Stand Aluminium,Accessories,6,575.71,retail
00000570,11.11.2025,C1115,Søndergaard A/S,SKU-1006,USB-C Dock,Accessories,7,1961.35,partner
00000571,27.08.2025,C1284,Bergström & Söner,SKU-1006,USB-C Dock,Accessories,6,1754.79,online
00000572,25.03.2025,C1152,Dansk Kontormiljø,SKU-1009,Webcam 1080p,Peripherals,5,806.33,retail
00000573,01.08.2024,C1103,Lindqvist AB,SKU-1001,Ergonomic Desk Chair,Furniture,6,2391.60,direct
00000574,01.02.2025,C1000,Mäkinen Toimisto,SKU-1010,Desk Lamp LED,Furniture,12,505.34,retail
00000575,27.01.2024,C1052,Uppsala Interiör,SKU-1005,27in 4K Monitor,Displays,5,4827.64,partner
00000576,21.12.2024,C1400,Väisänen Kaluste,SKU-1001,Ergonomic Desk Chair,Furniture,6,2643.92,retail
00000577,27.08.2025,C1254,Møller Innredning,SKU-1007,Noise Cancelling Headset,Peripherals,6,2035.05,online
00000578,02.09.2024,C1009,Nordström Handel,SKU-1004,Mechanical Keyboard,Peripherals,3,992.04,direct
00000579,08.02.2024,C1219,Trondheim Utstyr,SKU-1004,Mechanical Keyboard,Peripherals,12,1013.74,retail
00000580,21.03.2024,C1390,Bergström & Söner,SKU-1004,Mechanical Keyboard,Peripherals,7,1094.76,partner
00000581,11.02.2025,C1055,Møller Innredning,SKU-1003,Monitor Arm Dual,Accessories,1,797.61,online
00000582,03.05.2024,C1138,Lindqvist AB,SKU-1004,Mechanical Keyboard,Peripherals,3,1211.87,online
00000583,31.08.2025,C1079,Kjærstad Utstyr,SKU-1005,27in 4K Monitor,Displays,6,3842.88,partner
00000584,20.12.2025,C1028,Lindqvist AB,SKU-1004,Mechanical Keyboard,Peripherals,1,1216.01,retail
00000585,10.09.2025,C1087,Kjærstad Utstyr,SKU-1002,Standing Desk 140cm,Furniture,4,5241.23,partner
00000586,15.05.2025,C1290,Ålesund Kontor,SKU-1004,Mechanical Keyboard,Peripherals,6,1179.69,online
00000587,24.01.2025,C1059,Trondheim Utstyr,SKU-1006,USB-C Dock,Accessories,4,1804.69,direct
00000588,15.06.2025,C1140,Jyllands Inventar,SKU-1003,Monitor Arm Dual,Accessories,10,953.15,NULL
00000589,02.09.2025,C1232,Uppsala Interiör,SKU-1007,Noise Cancelling Headset,Peripherals,5,2268.60,partner
00000590,19.07.2025,C1096,Lindqvist AB,SKU-1004,Mechanical Keyboard,Peripherals,7,1072.40,direct
00000591,31.08.2024,C1192,Nordström Handel,SKU-1001,Ergonomic Desk Chair,Furniture,10,2217.11,online
00000592,08.12.2024,C1216,Trondheim Utstyr,SKU-1008,Laptop Stand Aluminium,Accessories,4,682.49,online
00000593,21.07.2024,C1219,Kjærstad Utstyr,SKU-1007,Noise Cancelling Headset,Peripherals,2,2372.49,online
00000594,08.08.2025,C1240,Uppsala Interiör,SKU-1005,27in 4K Monitor,Displays,6,4517.38,direct
00000595,03.11.2024,C1099,Møller Innredning,SKU-1004,Mechanical Keyboard,Peripherals,9,1040.40,retail
00000596,09.07.2024,C1082,Søndergaard A/S,SKU-1005,27in 4K Monitor,Displays,7,3861.37,online
00000597,29.11.2024,C1090,Kjærstad Utstyr,SKU-1009,Webcam 1080p,Peripherals,12,709.06,online
00000598,11.05.2025,C1348,Lindqvist AB,SKU-1006,USB-C Dock,Accessories,10,1689.51,partner
00000599,02.11.2024,C1038,Kjærstad Utstyr,SKU-1001,Ergonomic Desk Chair,Furniture,12,2759.04,partner
00000600,14.09.2024,C1189,Dansk Kontormiljø,SKU-1006,USB-C Dock,Accessories,3,2005.86,direct
00000601,13.08.2024,C1294,Søndergaard A/S,SKU-1001,Ergonomic Desk Chair,Furniture,9,2504.42,partner
00000602,20.09.2025,C1354,Rødvig Møbler,SKU-1001,Ergonomic Desk Chair,Furniture,5,2152.51,online
00000603,16.12.2024,C1283,Søndergaard A/S,SKU-1008,Laptop Stand Aluminium,Accessories,5,721.24,online
00000604,08.01.2025,C1319,Bergström & Söner,SKU-1009,Webcam 1080p,Peripherals,8,883.73,retail
00000605,01.10.2024,C1174,Trondheim Utstyr,SKU-1006,USB-C Dock,Accessories,4,1791.64,partner
00000606,08.07.2024,C1176,Trondheim Utstyr,SKU-1010,Desk Lamp LED,Furniture,6,551.09,online
00000607,15.01.2024,C1002,Trondheim Utstyr,SKU-1004,Mechanical Keyboard,Peripherals,3,1212.41,retail
00000608,22.03.2025,C1308,Mäkinen Toimisto,SKU-1009,Webcam 1080p,Peripherals,7,679.39,partner
00000609,07.10.2025,C1385,Hämäläinen Oy,SKU-1007,Noise Cancelling Headset,Peripherals,11,2078.82,online
00000610,10.01.2025,C1330,Dansk Kontormiljø,SKU-1010,Desk Lamp LED,Furniture,2,480.94,partner
00000611,19.05.2024,C1340,Møller Innredning,SKU-1001,Ergonomic Desk Chair,Furniture,9,2314.31,direct
00000612,24.11.2025,C1349,Hämäläinen Oy,SKU-1001,Ergonomic Desk Chair,Furniture,12,2629.51,partner
00000613,11.01.2025,C1181,Jyllands Inventar,SKU-1002,Standing Desk 140cm,Furniture,2,4516.88,online
00000614,01.04.2025,C1215,Lindqvist AB,SKU-1005,27in 4K Monitor,Displays,2,4506.03,partner
00000615,10.05.2025,C1018,Søndergaard A/S,SKU-1001,Ergonomic Desk Chair,Furniture,12,2329.65,online
00000616,28.11.2024,C1388,Rødvig Møbler,SKU-1007,Noise Cancelling Headset,Peripherals,5,1967.11,online
00000617,18.08.2024,C1071,Jyllands Inventar,SKU-1001,Ergonomic Desk Chair,Furniture,7,2652.25,retail
00000618,12.11.2025,C1392,Rødvig Møbler,SKU-1005,27in 4K Monitor,Displays,4,3730.67,direct
00000619,29.09.2024,C1097,Ålesund Kontor,SKU-1002,Standing Desk 140cm,Furniture,6,5733.33,retail
00000620,25.02.2025,C1273,Søndergaard A/S,SKU-1010,Desk Lamp LED,Furniture,2,573.56,retail
00000621,20.03.2024,C1382,Kjærstad Utstyr,SKU-1010,Desk Lamp LED,Furniture,12,555.35,online
00000622,09.10.2024,C1300,Uppsala Interiör,SKU-1006,USB-C Dock,Accessories,3,1892.45,partner
00000623,28.10.2025,C1320,Dansk Kontormiljø,SKU-1008,Laptop Stand Aluminium,Accessories,9,627.49,partner
00000624,26.08.2024,C1018,Uppsala Interiör,SKU-1005,27in 4K Monitor,Displays,3,4464.16,retail
00000625,11.03.2024,C1375,Nordström Handel,SKU-1008,Laptop Stand Aluminium,Accessories,9,551.64,retail
00000626,20.06.2025,C1394,Lindqvist AB,SKU-1003,Monitor Arm Dual,Accessories,5,1015.47,partner
00000627,17.04.2024,C1057,Trondheim Utstyr,SKU-1007,Noise Cancelling Headset,Peripherals,10,2378.74,partner
00000628,12.03.2024,C1027,Nordström Handel,SKU-1010,Desk Lamp LED,Furniture,-2,481.96,direct
00000629,27.10.2024,C1291,Kjærstad Utstyr,SKU-1003,Monitor Arm Dual,Accessories,12,775.56,retail
00000630,28.02.2025,C1148,Nordström Handel,SKU-1005,27in 4K Monitor,Displays,10,3676.00,partner
00000631,18.11.2025,C1140,Rødvig Møbler,SKU-1002,Standing Desk 140cm,Furniture,3,5135.14,retail
00000632,31.03.2024,C1186,Uppsala Interiör,SKU-1001,Ergonomic Desk Chair,Furniture,6,2046.72,partner
00000633,31.03.2025,C1183,Ålesund Kontor,SKU-1001,Ergonomic Desk Chair,Furniture,7,2594.95,partner
00000634,14.03.2024,C1170,Dansk Kontormiljø,SKU-1002,Standing Desk 140cm,Furniture,5,4959.08,retail
00000635,13.04.2025,C1242,Nordström Handel,SKU-1010,Desk Lamp LED,Furniture,6,554.22,online
00000636,27.04.2024,C1053,Väisänen Kaluste,SKU-1002,Standing Desk 140cm,Furniture,6,5262.22,retail
00000637,27.04.2025,C1049,Kärkkäinen Oy,SKU-1002,Standing Desk 140cm,Furniture,2,5097.70,online
00000638,06.02.2025,C1053,Jyllands Inventar,SKU-1006,USB-C Dock,Accessories,10,1546.23,NULL
00000639,25.05.2025,C1095,Väisänen Kaluste,SKU-1001,Ergonomic Desk Chair,Furniture,11,2542.21,partner
00000640,23.07.2024,C1255,Bergström & Söner,SKU-1004,Mechanical Keyboard,Peripherals,2,989.93,online
00000641,02.02.2024,C1279,Mäkinen Toimisto,SKU-1003,Monitor Arm Dual,Accessories,1,842.45,partner
00000642,23.03.2025,C1368,Nordström Handel,SKU-1003,Monitor Arm Dual,Accessories,5,903.03,direct
00000643,28.08.2024,C1208,Nordström Handel,SKU-1010,Desk Lamp LED,Furniture,3,589.46,retail
00000644,31.08.2024,C1400,Bergström & Söner,SKU-1001,Ergonomic Desk Chair,Furniture,10,2481.43,retail
00000645,01.06.2025,C1058,Kjærstad Utstyr,SKU-1005,27in 4K Monitor,Displays,-3,4443.39,direct
00000646,20.10.2025,C1094,Uppsala Interiör,SKU-1002,Standing Desk 140cm,Furniture,10,5513.26,partner
00000647,20.09.2024,C1318,Møller Innredning,SKU-1002,Standing Desk 140cm,Furniture,6,5767.16,NULL
00000648,15.02.2024,C1076,Dansk Kontormiljø,SKU-1005,27in 4K Monitor,Displays,11,4567.92,direct
00000649,27.12.2025,C1221,Dansk Kontormiljø,SKU-1005,27in 4K Monitor,Displays,11,3968.28,direct
00000650,08.12.2024,C1035,Kjærstad Utstyr,SKU-1005,27in 4K Monitor,Displays,9,3762.08,online
00000651,12.03.2025,C1252,Trondheim Utstyr,SKU-1008,Laptop Stand Aluminium,Accessories,3,580.29,direct
00000652,14.04.2025,C1259,Bergström & Söner,SKU-1010,Desk Lamp LED,Furniture,9,502.12,retail
00000653,14.09.2024,C1027,Søndergaard A/S,SKU-1008,Laptop Stand Aluminium,Accessories,1,715.03,partner
00000654,14.07.2024,C1380,Ålesund Kontor,SKU-1002,Standing Desk 140cm,Furniture,12,5802.80,partner
00000655,18.11.2025,C1127,Jyllands Inventar,SKU-1008,Laptop Stand Aluminium,Accessories,10,651.89,direct
00000656,25.03.2024,C1228,Møller Innredning,SKU-1002,Standing Desk 140cm,Furniture,12,4675.80,partner
00000657,14.02.2025,C1029,Jyllands Inventar,SKU-1002,Standing Desk 140cm,Furniture,11,5425.28,direct
00000658,04.10.2024,C1000,Søndergaard A/S,SKU-1002,Standing Desk 140cm,Furniture,2,4451.05,retail
00000659,03.05.2025,C1200,Trondheim Utstyr,SKU-1010,Desk Lamp LED,Furniture,3,546.77,online
00000660,30.07.2024,C1111,Hämäläinen Oy,SKU-1007,Noise Cancelling Headset,Peripherals,1,2047.97,retail
00000661,20.05.2025,C1219,Lindqvist AB,SKU-1007,Noise Cancelling Headset,Peripherals,7,2189.94,partner
00000662,07.02.2024,C1173,Nordström Handel,SKU-1006,USB-C Dock,Accessories,1,1501.42,retail
00000663,10.07.2024,C1184,Nordström Handel,SKU-1009,Webcam 1080p,Peripherals,4,809.42,retail
00000664,15.11.2024,C1039,Mäkinen Toimisto,SKU-1006,USB-C Dock,Accessories,6,1974.77,retail
00000665,19.02.2024,C1190,Lindqvist AB,SKU-1003,Monitor Arm Dual,Accessories,5,774.08,online
00000666,13.02.2024,C1225,Dansk Kontormiljø,SKU-1010,Desk Lamp LED,Furniture,11,533.16,retail
00000667,13.11.2024,C1312,Rødvig Møbler,SKU-1010,Desk Lamp LED,Furniture,2,520.74,direct
00000668,17.05.2024,C1047,Uppsala Interiör,SKU-1008,Laptop Stand Aluminium,Accessories,9,546.75,direct
00000669,01.05.2024,C1392,Trondheim Utstyr,SKU-1005,27in 4K Monitor,Displays,10,4552.24,direct
00000670,14.11.2025,C1020,Kärkkäinen Oy,SKU-1008,Laptop Stand Aluminium,Accessories,6,730.06,online
00000671,17.04.2024,C1170,Uppsala Interiör,SKU-1008,Laptop Stand Aluminium,Accessories,6,582.22,partner
00000672,05.07.2025,C1126,Dansk Kontormiljø,SKU-1003,Monitor Arm Dual,Accessories,3,770.50,retail
00000673,25.10.2024,C1284,Jyllands Inventar,SKU-1004,Mechanical Keyboard,Peripherals,10,1123.95,direct
00000674,27.07.2024,C1395,Väisänen Kaluste,SKU-1006,USB-C Dock,Accessories,7,1680.29,retail
00000675,20.05.2025,C1145,Rødvig Møbler,SKU-1006,USB-C Dock,Accessories,4,1854.33,NULL
00000676,14.04.2025,C1279,Nordström Handel,SKU-1008,Laptop Stand Aluminium,Accessories,1,576.79,retail
00000677,28.04.2024,C1001,Søndergaard A/S,SKU-1004,Mechanical Keyboard,Peripherals,8,1272.91,online
00000678,09.04.2024,C1393,Dansk Kontormiljø,SKU-1001,Ergonomic Desk Chair,Furniture,9,2212.32,retail
00000679,21.12.2024,C1250,Hämäläinen Oy,SKU-1010,Desk Lamp LED,Furniture,11,531.98,retail
00000680,09.02.2025,C1133,Mäkinen Toimisto,SKU-1007,Noise Cancelling Headset,Peripherals,7,1796.64,partner
00000681,22.10.2024,C1381,Dansk Kontormiljø,SKU-1010,Desk Lamp LED,Furniture,1,564.32,retail
00000682,22.04.2025,C1353,Uppsala Interiör,SKU-1007,Noise Cancelling Headset,Peripherals,11,2219.36,online
00000683,08.02.2024,C1086,Dansk Kontormiljø,SKU-1007,Noise Cancelling Headset,Peripherals,-2,2276.73,retail
00000684,26.02.2025,C1182,Väisänen Kaluste,SKU-1003,Monitor Arm Dual,Accessories,9,983.83,online
00000685,07.07.2025,C1259,Dansk Kontormiljø,SKU-1002,Standing Desk 140cm,Furniture,12,4914.62,partner
00000686,15.11.2025,C1299,Uppsala Interiör,SKU-1010,Desk Lamp LED,Furniture,10,574.57,partner
00000687,29.06.2025,C1021,Kjærstad Utstyr,SKU-1006,USB-C Dock,Accessories,4,1993.28,online
00000688,16.10.2025,C1155,Mäkinen Toimisto,SKU-1009,Webcam 1080p,Peripherals,5,759.08,partner
00000689,23.11.2025,C1393,Uppsala Interiör,SKU-1004,Mechanical Keyboard,Peripherals,12,1054.98,online
00000690,04.03.2024,C1262,Väisänen Kaluste,SKU-1007,Noise Cancelling Headset,Peripherals,11,2175.90,direct
00000691,09.11.2024,C1226,Dansk Kontormiljø,SKU-1006,USB-C Dock,Accessories,4,1733.12,online
00000692,03.07.2024,C1363,Lindqvist AB,SKU-1002,Standing Desk 140cm,Furniture,9,5440.12,retail
00000693,13.05.2025,C1275,Väisänen Kaluste,SKU-1003,Monitor Arm Dual,Accessories,5,800.81,online
00000694,21.03.2024,C1162,Bergström & Söner,SKU-1004,Mechanical Keyboard,Peripherals,5,1305.42,online
00000695,19.06.2025,C1311,Jyllands Inventar,SKU-1002,Standing Desk 140cm,Furniture,7,5566.83,retail
00000696,20.11.2024,C1258,Uppsala Interiör,SKU-1002,Standing Desk 140cm,Furniture,1,5811.77,online
00000697,04.01.2025,C1282,Møller Innredning,SKU-1005,27in 4K Monitor,Displays,3,4748.32,online
00000698,12.02.2024,C1321,Mäkinen Toimisto,SKU-1009,Webcam 1080p,Peripherals,6,812.44,partner
00000699,17.07.2025,C1204,Rødvig Møbler,SKU-1006,USB-C Dock,Accessories,1,1950.17,online
00000700,09.09.2025,C1386,Lindqvist AB,SKU-1005,27in 4K Monitor,Displays,7,4932.25,retail
00000701,14.02.2024,C1070,Dansk Kontormiljø,SKU-1005,27in 4K Monitor,Displays,5,4159.78,partner
00000702,16.08.2024,C1039,Hämäläinen Oy,SKU-1004,Mechanical Keyboard,Peripherals,3,1222.34,online
00000703,16.04.2024,C1316,Nordström Handel,SKU-1001,Ergonomic Desk Chair,Furniture,-3,2614.49,partner
00000704,24.01.2024,C1038,Hämäläinen Oy,SKU-1009,Webcam 1080p,Peripherals,12,762.41,NULL
00000705,01.09.2024,C1141,Väisänen Kaluste,SKU-1009,Webcam 1080p,Peripherals,12,850.60,retail
00000706,23.10.2025,C1380,Kärkkäinen Oy,SKU-1003,Monitor Arm Dual,Accessories,10,917.47,partner
00000707,23.05.2025,C1286,Ålesund Kontor,SKU-1005,27in 4K Monitor,Displays,2,3912.10,partner
00000708,25.01.2024,C1234,Mäkinen Toimisto,SKU-1008,Laptop Stand Aluminium,Accessories,12,713.64,online
00000709,30.12.2024,C1344,Nordström Handel,SKU-1009,Webcam 1080p,Peripherals,3,709.80,retail
00000710,06.12.2024,C1171,Lindqvist AB,SKU-1008,Laptop Stand Aluminium,Accessories,9,629.72,retail
00000711,14.10.2025,C1323,Dansk Kontormiljø,SKU-1006,USB-C Dock,Accessories,4,1654.81,retail
00000712,02.02.2025,C1034,Kärkkäinen Oy,SKU-1004,Mechanical Keyboard,Peripherals,7,1049.60,online
00000713,05.04.2024,C1222,Søndergaard A/S,SKU-1005,27in 4K Monitor,Displays,8,4938.67,online
00000714,18.10.2025,C1140,Kjærstad Utstyr,SKU-1010,Desk Lamp LED,Furniture,6,552.57,partner
00000715,30.03.2025,C1270,Kjærstad Utstyr,SKU-1004,Mechanical Keyboard,Peripherals,7,1095.50,direct
00000716,31.01.2025,C1034,Kärkkäinen Oy,SKU-1006,USB-C Dock,Accessories,12,1594.06,direct
00000717,29.03.2024,C1304,Dansk Kontormiljø,SKU-1001,Ergonomic Desk Chair,Furniture,2,2223.54,partner
00000718,25.08.2025,C1079,Väisänen Kaluste,SKU-1001,Ergonomic Desk Chair,Furniture,12,2634.15,direct
00000719,06.09.2025,C1335,Jyllands Inventar,SKU-1009,Webcam 1080p,Peripherals,4,821.38,online
00000720,24.07.2025,C1242,Trondheim Utstyr,SKU-1008,Laptop Stand Aluminium,Accessories,9,698.98,direct
00000721,31.10.2024,C1241,Ålesund Kontor,SKU-1007,Noise Cancelling Headset,Peripherals,6,1869.46,partner
00000722,05.11.2025,C1003,Møller Innredning,SKU-1006,USB-C Dock,Accessories,2,1724.64,online
00000723,17.03.2025,C1175,Kjærstad Utstyr,SKU-1007,Noise Cancelling Headset,Peripherals,6,2191.27,online
00000724,13.01.2025,C1389,Kärkkäinen Oy,SKU-1007,Noise Cancelling Headset,Peripherals,8,1897.61,partner
00000725,11.10.2025,C1261,Søndergaard A/S,SKU-1005,27in 4K Monitor,Displays,1,4048.39,direct
00000726,03.11.2025,C1152,Kjærstad Utstyr,SKU-1006,USB-C Dock,Accessories,10,1611.85,online
00000727,20.09.2024,C1133,Trondheim Utstyr,SKU-1001,Ergonomic Desk Chair,Furniture,10,2064.21,direct
00000728,16.09.2025,C1338,Lindqvist AB,SKU-1006,USB-C Dock,Accessories,9,1854.11,retail
00000729,08.12.2025,C1310,Kjærstad Utstyr,SKU-1009,Webcam 1080p,Peripherals,12,753.11,direct
00000730,05.12.2024,C1370,Møller Innredning,SKU-1001,Ergonomic Desk Chair,Furniture,5,2408.24,direct
00000731,04.10.2024,C1333,Kärkkäinen Oy,SKU-1002,Standing Desk 140cm,Furniture,6,5227.62,online
00000732,09.11.2025,C1238,Søndergaard A/S,SKU-1001,Ergonomic Desk Chair,Furniture,3,2486.31,partner
00000733,14.10.2024,C1031,Møller Innredning,SKU-1005,27in 4K Monitor,Displays,5,3882.99,partner
00000734,21.06.2025,C1197,Nordström Handel,SKU-1009,Webcam 1080p,Peripherals,1,762.29,direct
00000735,03.11.2025,C1089,Trondheim Utstyr,SKU-1007,Noise Cancelling Headset,Peripherals,4,2314.64,online
00000736,25.12.2024,C1228,Uppsala Interiör,SKU-1005,27in 4K Monitor,Displays,8,3788.64,online
00000737,05.05.2024,C1206,Kjærstad Utstyr,SKU-1008,Laptop Stand Aluminium,Accessories,9,714.73,retail
00000738,28.03.2024,C1120,Trondheim Utstyr,SKU-1008,Laptop Stand Aluminium,Accessories,4,634.95,online
00000739,18.03.2024,C1291,Ålesund Kontor,SKU-1002,Standing Desk 140cm,Furniture,-3,5950.92,direct
00000740,10.03.2025,C1086,Mäkinen Toimisto,SKU-1007,Noise Cancelling Headset,Peripherals,7,2237.55,direct
00000741,20.10.2025,C1374,Jyllands Inventar,SKU-1010,Desk Lamp LED,Furniture,12,554.78,direct
00000742,21.05.2024,C1092,Mäkinen Toimisto,SKU-1007,Noise Cancelling Headset,Peripherals,3,1832.88,direct
00000743,20.05.2025,C1207,Jyllands Inventar,SKU-1010,Desk Lamp LED,Furniture,11,461.65,direct
00000744,29.03.2025,C1047,Kärkkäinen Oy,SKU-1001,Ergonomic Desk Chair,Furniture,11,2322.54,partner
00000745,14.01.2025,C1354,Kjærstad Utstyr,SKU-1008,Laptop Stand Aluminium,Accessories,10,631.57,online
00000746,27.01.2024,C1317,Rødvig Møbler,SKU-1006,USB-C Dock,Accessories,3,1516.46,partner
00000747,15.12.2024,C1137,Møller Innredning,SKU-1002,Standing Desk 140cm,Furniture,4,4793.12,partner
00000748,18.11.2024,C1265,Kjærstad Utstyr,SKU-1008,Laptop Stand Aluminium,Accessories,2,610.41,online
00000749,27.03.2024,C1227,Bergström & Söner,SKU-1002,Standing Desk 140cm,Furniture,9,5302.63,retail
00000750,13.03.2025,C1341,Rødvig Møbler,SKU-1008,Laptop Stand Aluminium,Accessories,1,634.65,retail
00000751,31.10.2024,C1160,Søndergaard A/S,SKU-1004,Mechanical Keyboard,Peripherals,2,1112.46,online
00000752,26.11.2024,C1004,Søndergaard A/S,SKU-1004,Mechanical Keyboard,Peripherals,7,1033.17,partner
00000753,28.06.2024,C1375,Bergström & Söner,SKU-1004,Mechanical Keyboard,Peripherals,4,1232.02,retail
00000754,17.02.2025,C1230,Väisänen Kaluste,SKU-1002,Standing Desk 140cm,Furniture,3,4887.86,retail
00000755,07.08.2025,C1390,Uppsala Interiör,SKU-1005,27in 4K Monitor,Displays,10,4435.84,direct
00000756,02.01.2024,C1184,Jyllands Inventar,SKU-1001,Ergonomic Desk Chair,Furniture,4,2619.38,online
00000757,29.09.2024,C1110,Väisänen Kaluste,SKU-1006,USB-C Dock,Accessories,9,1509.08,partner
00000758,09.02.2025,C1241,Søndergaard A/S,SKU-1006,USB-C Dock,Accessories,7,1941.22,direct
00000759,03.11.2024,C1342,Mäkinen Toimisto,SKU-1009,Webcam 1080p,Peripherals,7,811.05,partner
00000760,17.02.2025,C1099,Møller Innredning,SKU-1010,Desk Lamp LED,Furniture,9,446.74,direct
00000761,21.01.2025,C1363,Lindqvist AB,SKU-1008,Laptop Stand Aluminium,Accessories,4,665.68,partner
00000762,23.05.2024,C1387,Bergström & Söner,SKU-1003,Monitor Arm Dual,Accessories,10,920.97,retail
00000763,05.08.2024,C1328,Väisänen Kaluste,SKU-1010,Desk Lamp LED,Furniture,3,482.97,retail
00000764,22.06.2024,C1030,Rødvig Møbler,SKU-1007,Noise Cancelling Headset,Peripherals,10,2126.14,direct
00000765,08.08.2024,C1261,Møller Innredning,SKU-1003,Monitor Arm Dual,Accessories,2,1005.09,online
00000766,17.04.2024,C1188,Lindqvist AB,SKU-1010,Desk Lamp LED,Furniture,10,585.02,partner
00000767,12.03.2025,C1040,Jyllands Inventar,SKU-1010,Desk Lamp LED,Furniture,6,518.45,NULL
00000768,13.11.2024,C1372,Lindqvist AB,SKU-1007,Noise Cancelling Headset,Peripherals,9,1934.61,retail
00000769,06.03.2025,C1266,Lindqvist AB,SKU-1006,USB-C Dock,Accessories,11,1629.30,retail
00000770,04.08.2024,C1123,Jyllands Inventar,SKU-1004,Mechanical Keyboard,Peripherals,2,1288.94,retail
00000771,20.04.2024,C1061,Hämäläinen Oy,SKU-1006,USB-C Dock,Accessories,8,1585.03,partner
00000772,24.10.2025,C1319,Møller Innredning,SKU-1010,Desk Lamp LED,Furniture,6,557.31,retail
00000773,23.01.2025,C1318,Nordström Handel,SKU-1008,Laptop Stand Aluminium,Accessories,10,564.69,retail
00000774,02.03.2025,C1162,Møller Innredning,SKU-1004,Mechanical Keyboard,Peripherals,7,1146.59,retail
00000775,11.02.2025,C1012,Lindqvist AB,SKU-1006,USB-C Dock,Accessories,10,1820.60,retail
00000776,08.11.2025,C1110,Jyllands Inventar,SKU-1007,Noise Cancelling Headset,Peripherals,-1,1999.41,retail
00000777,07.01.2025,C1323,Rødvig Møbler,SKU-1010,Desk Lamp LED,Furniture,7,536.92,partner
00000778,20.08.2025,C1211,Nordström Handel,SKU-1010,Desk Lamp LED,Furniture,8,451.18,retail
00000779,30.01.2024,C1183,Søndergaard A/S,SKU-1006,USB-C Dock,Accessories,4,1909.65,online
00000780,24.11.2025,C1287,Lindqvist AB,SKU-1006,USB-C Dock,Accessories,7,1974.21,partner
00000781,18.07.2025,C1358,Väisänen Kaluste,SKU-1010,Desk Lamp LED,Furniture,8,506.24,partner
00000782,03.08.2024,C1083,Mäkinen Toimisto,SKU-1006,USB-C Dock,Accessories,2,1786.84,retail
00000783,19.11.2025,C1400,Mäkinen Toimisto,SKU-1006,USB-C Dock,Accessories,11,1884.78,retail
00000784,03.08.2025,C1050,Lindqvist AB,SKU-1002,Standing Desk 140cm,Furniture,11,4996.58,online
00000785,09.02.2025,C1393,Dansk Kontormiljø,SKU-1009,Webcam 1080p,Peripherals,11,680.22,direct
00000786,07.06.2024,C1037,Väisänen Kaluste,SKU-1008,Laptop Stand Aluminium,Accessories,-3,732.92,direct
00000787,12.07.2024,C1310,Kärkkäinen Oy,SKU-1009,Webcam 1080p,Peripherals,12,825.64,NULL
00000788,24.11.2025,C1338,Møller Innredning,SKU-1010,Desk Lamp LED,Furniture,1,565.69,partner
00000789,23.07.2024,C1311,Nordström Handel,SKU-1009,Webcam 1080p,Peripherals,11,783.26,online
00000790,25.03.2024,C1078,Nordström Handel,SKU-1008,Laptop Stand Aluminium,Accessories,1,634.53,partner
00000791,09.11.2024,C1265,Hämäläinen Oy,SKU-1009,Webcam 1080p,Peripherals,9,813.34,online
00000792,18.07.2025,C1039,Rødvig Møbler,SKU-1001,Ergonomic Desk Chair,Furniture,8,2370.30,partner
00000793,30.04.2024,C1140,Lindqvist AB,SKU-1001,Ergonomic Desk Chair,Furniture,12,2537.78,partner
00000794,28.12.2025,C1363,Dansk Kontormiljø,SKU-1001,Ergonomic Desk Chair,Furniture,12,2112.70,retail
00000795,01.01.2025,C1155,Ålesund Kontor,SKU-1008,Laptop Stand Aluminium,Accessories,-2,642.82,online
00000796,09.01.2024,C1371,Mäkinen Toimisto,SKU-1004,Mechanical Keyboard,Peripherals,11,1296.71,partner
00000797,08.08.2025,C1197,Møller Innredning,SKU-1003,Monitor Arm Dual,Accessories,6,822.98,partner
00000798,08.06.2024,C1339,Uppsala Interiör,SKU-1006,USB-C Dock,Accessories,7,1628.69,retail
00000799,04.05.2024,C1170,Møller Innredning,SKU-1002,Standing Desk 140cm,Furniture,1,5451.69,partner
00000800,08.04.2024,C1157,Søndergaard A/S,SKU-1002,Standing Desk 140cm,Furniture,8,4590.96,online
00000801,17.12.2024,C1387,Møller Innredning,SKU-1005,27in 4K Monitor,Displays,12,4179.03,direct
00000802,26.02.2025,C1365,Mäkinen Toimisto,SKU-1002,Standing Desk 140cm,Furniture,3,5695.78,retail
00000803,31.07.2024,C1112,Lindqvist AB,SKU-1001,Ergonomic Desk Chair,Furniture,1,2158.58,retail
00000804,12.01.2025,C1320,Dansk Kontormiljø,SKU-1007,Noise Cancelling Headset,Peripherals,8,2025.37,NULL
00000805,15.07.2024,C1198,Mäkinen Toimisto,SKU-1004,Mechanical Keyboard,Peripherals,3,1228.31,retail
00000806,22.06.2024,C1089,Lindqvist AB,SKU-1005,27in 4K Monitor,Displays,4,4162.08,direct
00000807,23.07.2024,C1262,Lindqvist AB,SKU-1005,27in 4K Monitor,Displays,11,3726.96,partner
00000808,14.06.2024,C1268,Bergström & Söner,SKU-1010,Desk Lamp LED,Furniture,-3,593.34,direct
00000809,01.04.2025,C1251,Kjærstad Utstyr,SKU-1009,Webcam 1080p,Peripherals,4,740.54,retail
00000810,20.10.2024,C1062,Nordström Handel,SKU-1001,Ergonomic Desk Chair,Furniture,12,2173.22,partner
00000811,16.04.2025,C1293,Bergström & Söner,SKU-1010,Desk Lamp LED,Furniture,2,584.47,partner
00000812,31.12.2024,C1367,Hämäläinen Oy,SKU-1006,USB-C Dock,Accessories,6,1651.29,online
00000813,23.05.2024,C1070,Ålesund Kontor,SKU-1010,Desk Lamp LED,Furniture,7,539.80,direct
00000814,21.06.2025,C1245,Kjærstad Utstyr,SKU-1004,Mechanical Keyboard,Peripherals,3,1026.34,retail
00000815,20.10.2025,C1234,Kjærstad Utstyr,SKU-1003,Monitor Arm Dual,Accessories,1,921.30,direct
00000816,26.09.2024,C1074,Nordström Handel,SKU-1006,USB-C Dock,Accessories,2,1615.58,partner
00000817,07.09.2024,C1054,Mäkinen Toimisto,SKU-1006,USB-C Dock,Accessories,8,1545.89,partner
00000818,11.08.2024,C1030,Møller Innredning,SKU-1007,Noise Cancelling Headset,Peripherals,3,1928.10,partner
00000819,08.03.2024,C1144,Jyllands Inventar,SKU-1002,Standing Desk 140cm,Furniture,-1,4596.47,partner
00000820,19.10.2025,C1244,Lindqvist AB,SKU-1005,27in 4K Monitor,Displays,3,3975.35,partner
00000821,16.05.2024,C1244,Trondheim Utstyr,SKU-1006,USB-C Dock,Accessories,11,1560.00,retail
00000822,22.04.2025,C1204,Trondheim Utstyr,SKU-1003,Monitor Arm Dual,Accessories,7,838.14,direct
00000823,25.10.2025,C1399,Mäkinen Toimisto,SKU-1003,Monitor Arm Dual,Accessories,6,914.47,retail
00000824,08.12.2025,C1222,Mäkinen Toimisto,SKU-1002,Standing Desk 140cm,Furniture,4,5752.32,direct
00000825,13.07.2024,C1111,Jyllands Inventar,SKU-1008,Laptop Stand Aluminium,Accessories,3,679.66,retail
00000826,16.10.2024,C1255,Väisänen Kaluste,SKU-1001,Ergonomic Desk Chair,Furniture,8,2116.29,retail
00000827,08.03.2024,C1073,Trondheim Utstyr,SKU-1006,USB-C Dock,Accessories,11,1511.38,retail
00000828,06.08.2025,C1371,Søndergaard A/S,SKU-1005,27in 4K Monitor,Displays,3,4557.60,online
00000829,07.11.2024,C1118,Rødvig Møbler,SKU-1003,Monitor Arm Dual,Accessories,4,779.39,retail
00000830,28.09.2025,C1340,Trondheim Utstyr,SKU-1007,Noise Cancelling Headset,Peripherals,2,2040.85,partner
00000831,27.04.2024,C1057,Väisänen Kaluste,SKU-1005,27in 4K Monitor,Displays,7,3706.17,retail
00000832,09.04.2025,C1065,Søndergaard A/S,SKU-1002,Standing Desk 140cm,Furniture,2,5270.44,retail
00000833,12.06.2025,C1205,Lindqvist AB,SKU-1004,Mechanical Keyboard,Peripherals,8,1200.78,online
00000834,01.07.2024,C1370,Mäkinen Toimisto,SKU-1007,Noise Cancelling Headset,Peripherals,5,2039.02,partner
00000835,20.01.2025,C1379,Rødvig Møbler,SKU-1009,Webcam 1080p,Peripherals,9,729.83,direct
00000836,20.12.2024,C1013,Lindqvist AB,SKU-1002,Standing Desk 140cm,Furniture,5,5280.22,partner
00000837,24.05.2025,C1270,Kärkkäinen Oy,SKU-1008,Laptop Stand Aluminium,Accessories,11,714.68,partner
00000838,23.09.2024,C1396,Kärkkäinen Oy,SKU-1005,27in 4K Monitor,Displays,1,4600.95,online
00000839,28.07.2024,C1207,Dansk Kontormiljø,SKU-1005,27in 4K Monitor,Displays,5,4224.61,direct
00000840,14.04.2025,C1059,Ålesund Kontor,SKU-1001,Ergonomic Desk Chair,Furniture,5,2584.16,retail
00000841,27.03.2025,C1330,Søndergaard A/S,SKU-1007,Noise Cancelling Headset,Peripherals,2,2251.09,partner
00000842,14.06.2025,C1379,Mäkinen Toimisto,SKU-1008,Laptop Stand Aluminium,Accessories,8,624.18,partner
00000843,05.09.2024,C1328,Ålesund Kontor,SKU-1003,Monitor Arm Dual,Accessories,8,941.16,retail
00000844,03.05.2024,C1109,Väisänen Kaluste,SKU-1006,USB-C Dock,Accessories,7,1936.36,partner
00000845,14.10.2025,C1015,Uppsala Interiör,SKU-1006,USB-C Dock,Accessories,6,1801.02,retail
00000846,08.10.2025,C1327,Hämäläinen Oy,SKU-1008,Laptop Stand Aluminium,Accessories,8,703.83,partner
00000847,19.07.2024,C1053,Kärkkäinen Oy,SKU-1004,Mechanical Keyboard,Peripherals,1,1002.08,retail
00000848,28.06.2024,C1055,Kjærstad Utstyr,SKU-1003,Monitor Arm Dual,Accessories,8,850.33,partner
00000849,10.01.2025,C1187,Väisänen Kaluste,SKU-1007,Noise Cancelling Headset,Peripherals,8,1947.75,online
00000850,28.06.2025,C1181,Jyllands Inventar,SKU-1006,USB-C Dock,Accessories,2,1639.08,partner
00000851,03.10.2024,C1110,Uppsala Interiör,SKU-1003,Monitor Arm Dual,Accessories,11,1000.15,partner
00000852,25.01.2024,C1094,Møller Innredning,SKU-1003,Monitor Arm Dual,Accessories,9,965.32,retail
00000853,19.02.2025,C1021,Uppsala Interiör,SKU-1005,27in 4K Monitor,Displays,-2,4821.83,online
00000854,04.12.2025,C1054,Kärkkäinen Oy,SKU-1007,Noise Cancelling Headset,Peripherals,6,1823.87,direct
00000855,25.08.2024,C1224,Kjærstad Utstyr,SKU-1007,Noise Cancelling Headset,Peripherals,1,2069.39,partner
00000856,30.04.2024,C1376,Väisänen Kaluste,SKU-1001,Ergonomic Desk Chair,Furniture,1,2753.75,direct
00000857,02.01.2024,C1216,Hämäläinen Oy,SKU-1010,Desk Lamp LED,Furniture,4,451.24,retail
00000858,20.11.2025,C1369,Väisänen Kaluste,SKU-1007,Noise Cancelling Headset,Peripherals,10,2180.87,partner
00000859,13.09.2024,C1297,Kärkkäinen Oy,SKU-1005,27in 4K Monitor,Displays,11,3935.47,retail
00000860,24.11.2025,C1087,Nordström Handel,SKU-1002,Standing Desk 140cm,Furniture,-1,5659.83,direct
00000861,25.02.2025,C1073,Søndergaard A/S,SKU-1008,Laptop Stand Aluminium,Accessories,7,601.12,online
00000862,22.04.2025,C1161,Ålesund Kontor,SKU-1002,Standing Desk 140cm,Furniture,6,5922.66,direct
00000863,21.02.2025,C1014,Väisänen Kaluste,SKU-1008,Laptop Stand Aluminium,Accessories,10,714.99,direct
00000864,04.08.2024,C1138,Kjærstad Utstyr,SKU-1006,USB-C Dock,Accessories,4,1629.57,online
00000865,10.08.2024,C1040,Nordström Handel,SKU-1001,Ergonomic Desk Chair,Furniture,8,2689.50,direct
00000866,16.09.2024,C1316,Väisänen Kaluste,SKU-1008,Laptop Stand Aluminium,Accessories,3,651.78,online
00000867,11.02.2025,C1016,Bergström & Söner,SKU-1007,Noise Cancelling Headset,Peripherals,8,1888.57,direct
00000868,26.06.2025,C1230,Rødvig Møbler,SKU-1007,Noise Cancelling Headset,Peripherals,12,2205.64,retail
00000869,30.10.2025,C1179,Kjærstad Utstyr,SKU-1002,Standing Desk 140cm,Furniture,2,4742.32,online
00000870,17.06.2024,C1075,Rødvig Møbler,SKU-1004,Mechanical Keyboard,Peripherals,9,1296.22,direct
00000871,20.06.2025,C1015,Dansk Kontormiljø,SKU-1008,Laptop Stand Aluminium,Accessories,6,599.01,online
00000872,12.02.2025,C1281,Kärkkäinen Oy,SKU-1003,Monitor Arm Dual,Accessories,5,938.40,direct
00000873,31.12.2025,C1086,Jyllands Inventar,SKU-1001,Ergonomic Desk Chair,Furniture,5,2706.91,retail
00000874,14.11.2024,C1066,Uppsala Interiör,SKU-1007,Noise Cancelling Headset,Peripherals,12,1989.68,online
00000875,15.05.2024,C1061,Mäkinen Toimisto,SKU-1004,Mechanical Keyboard,Peripherals,11,1139.25,direct
00000876,05.02.2024,C1159,Trondheim Utstyr,SKU-1002,Standing Desk 140cm,Furniture,12,5713.65,direct
00000877,13.03.2025,C1338,Hämäläinen Oy,SKU-1002,Standing Desk 140cm,Furniture,1,5372.72,partner
00000878,28.09.2024,C1101,Trondheim Utstyr,SKU-1005,27in 4K Monitor,Displays,2,3712.40,direct
00000879,03.02.2024,C1169,Lindqvist AB,SKU-1001,Ergonomic Desk Chair,Furniture,3,2338.39,online
00000880,31.08.2024,C1230,Kjærstad Utstyr,SKU-1006,USB-C Dock,Accessories,7,1924.31,partner
00000881,10.02.2025,C1004,Mäkinen Toimisto,SKU-1007,Noise Cancelling Headset,Peripherals,11,1990.06,partner
00000882,18.02.2025,C1163,Dansk Kontormiljø,SKU-1002,Standing Desk 140cm,Furniture,2,4468.94,online
00000883,13.03.2024,C1389,Ålesund Kontor,SKU-1003,Monitor Arm Dual,Accessories,3,886.05,retail
00000884,09.09.2025,C1364,Kjærstad Utstyr,SKU-1008,Laptop Stand Aluminium,Accessories,9,578.50,direct
00000885,22.05.2024,C1390,Møller Innredning,SKU-1003,Monitor Arm Dual,Accessories,10,915.86,online
00000886,20.09.2024,C1036,Uppsala Interiör,SKU-1010,Desk Lamp LED,Furniture,3,480.49,partner
00000887,26.11.2025,C1248,Kjærstad Utstyr,SKU-1008,Laptop Stand Aluminium,Accessories,7,621.80,online
00000888,16.06.2025,C1120,Jyllands Inventar,SKU-1005,27in 4K Monitor,Displays,6,4813.60,direct
00000889,09.11.2025,C1144,Nordström Handel,SKU-1001,Ergonomic Desk Chair,Furniture,8,2195.73,online
00000890,12.10.2025,C1057,Hämäläinen Oy,SKU-1004,Mechanical Keyboard,Peripherals,8,1112.87,online
00000891,14.06.2025,C1012,Lindqvist AB,SKU-1007,Noise Cancelling Headset,Peripherals,7,2026.00,direct
00000892,26.01.2024,C1025,Kjærstad Utstyr,SKU-1010,Desk Lamp LED,Furniture,6,479.22,online
00000893,05.11.2025,C1008,Kärkkäinen Oy,SKU-1008,Laptop Stand Aluminium,Accessories,-1,676.85,direct
00000894,15.08.2024,C1231,Bergström & Söner,SKU-1001,Ergonomic Desk Chair,Furniture,10,2065.67,partner
00000895,22.10.2024,C1230,Kjærstad Utstyr,SKU-1003,Monitor Arm Dual,Accessories,11,971.30,direct
00000896,02.12.2025,C1208,Kärkkäinen Oy,SKU-1010,Desk Lamp LED,Furniture,4,540.41,partner
00000897,08.05.2024,C1312,Søndergaard A/S,SKU-1005,27in 4K Monitor,Displays,3,4192.40,online
00000898,07.08.2024,C1072,Mäkinen Toimisto,SKU-1007,Noise Cancelling Headset,Peripherals,12,2393.57,retail
00000899,23.09.2025,C1176,Ålesund Kontor,SKU-1008,Laptop Stand Aluminium,Accessories,3,642.89,direct
00000900,02.06.2025,C1384,Lindqvist AB,SKU-1002,Standing Desk 140cm,Furniture,11,5339.66,retail
00000901,30.06.2024,C1224,Møller Innredning,SKU-1005,27in 4K Monitor,Displays,1,3953.15,partner
00000902,03.01.2025,C1308,Kärkkäinen Oy,SKU-1005,27in 4K Monitor,Displays,6,3894.53,online
00000903,21.12.2025,C1363,Trondheim Utstyr,SKU-1007,Noise Cancelling Headset,Peripherals,8,1869.33,online
00000904,22.12.2024,C1121,Møller Innredning,SKU-1003,Monitor Arm Dual,Accessories,3,840.70,partner
00000905,11.07.2024,C1397,Kjærstad Utstyr,SKU-1001,Ergonomic Desk Chair,Furniture,2,2662.87,direct
00000906,08.02.2025,C1173,Bergström & Söner,SKU-1005,27in 4K Monitor,Displays,6,4563.96,direct
00000907,30.10.2024,C1303,Väisänen Kaluste,SKU-1001,Ergonomic Desk Chair,Furniture,9,2597.94,retail
00000908,05.01.2024,C1376,Väisänen Kaluste,SKU-1004,Mechanical Keyboard,Peripherals,4,1124.50,direct
00000909,08.11.2024,C1245,Bergström & Söner,SKU-1006,USB-C Dock,Accessories,3,1700.70,retail
00000910,05.11.2025,C1001,Uppsala Interiör,SKU-1009,Webcam 1080p,Peripherals,2,872.78,online
00000911,30.03.2024,C1275,Kärkkäinen Oy,SKU-1004,Mechanical Keyboard,Peripherals,12,1178.62,direct
00000912,10.08.2024,C1221,Väisänen Kaluste,SKU-1006,USB-C Dock,Accessories,6,1894.52,retail
00000913,26.10.2025,C1184,Hämäläinen Oy,SKU-1007,Noise Cancelling Headset,Peripherals,8,2333.17,retail
00000914,29.03.2025,C1207,Nordström Handel,SKU-1010,Desk Lamp LED,Furniture,7,506.34,online
00000915,08.08.2025,C1363,Hämäläinen Oy,SKU-1003,Monitor Arm Dual,Accessories,4,1019.08,retail
00000916,02.10.2024,C1100,Kärkkäinen Oy,SKU-1005,27in 4K Monitor,Displays,4,3660.84,online
00000917,16.03.2025,C1101,Ålesund Kontor,SKU-1005,27in 4K Monitor,Displays,10,4194.34,direct
00000918,06.10.2024,C1075,Kjærstad Utstyr,SKU-1008,Laptop Stand Aluminium,Accessories,8,679.97,online
00000919,23.10.2025,C1055,Trondheim Utstyr,SKU-1002,Standing Desk 140cm,Furniture,3,4624.66,online
00000920,29.11.2025,C1295,Lindqvist AB,SKU-1009,Webcam 1080p,Peripherals,2,867.49,online
00000921,13.04.2024,C1016,Kjærstad Utstyr,SKU-1005,27in 4K Monitor,Displays,8,4240.27,partner
00000922,02.06.2025,C1376,Rødvig Møbler,SKU-1009,Webcam 1080p,Peripherals,4,739.50,online
00000923,31.07.2024,C1376,Väisänen Kaluste,SKU-1003,Monitor Arm Dual,Accessories,8,836.18,retail
00000924,19.11.2025,C1362,Mäkinen Toimisto,SKU-1004,Mechanical Keyboard,Peripherals,6,1229.99,online
00000925,20.11.2025,C1323,Bergström & Söner,SKU-1002,Standing Desk 140cm,Furniture,12,4541.44,direct
00000926,05.10.2025,C1043,Hämäläinen Oy,SKU-1004,Mechanical Keyboard,Peripherals,4,1067.61,partner
00000927,19.06.2024,C1165,Mäkinen Toimisto,SKU-1004,Mechanical Keyboard,Peripherals,4,1196.15,retail
00000928,06.12.2025,C1345,Møller Innredning,SKU-1008,Laptop Stand Aluminium,Accessories,7,729.07,retail
00000929,29.08.2025,C1371,Kärkkäinen Oy,SKU-1007,Noise Cancelling Headset,Peripherals,9,2381.35,partner
00000930,06.11.2024,C1177,Uppsala Interiör,SKU-1009,Webcam 1080p,Peripherals,12,880.44,retail
00000931,12.04.2024,C1387,Bergström & Söner,SKU-1009,Webcam 1080p,Peripherals,7,823.69,direct
00000932,19.07.2024,C1054,Mäkinen Toimisto,SKU-1003,Monitor Arm Dual,Accessories,6,915.88,partner
00000933,10.08.2024,C1264,Jyllands Inventar,SKU-1004,Mechanical Keyboard,Peripherals,12,1011.94,retail
00000934,30.01.2025,C1041,Jyllands Inventar,SKU-1004,Mechanical Keyboard,Peripherals,7,1077.82,retail
00000935,08.04.2025,C1349,Lindqvist AB,SKU-1007,Noise Cancelling Headset,Peripherals,1,1936.83,direct
00000936,18.12.2025,C1132,Trondheim Utstyr,SKU-1004,Mechanical Keyboard,Peripherals,7,1021.33,retail
00000937,02.09.2024,C1039,Kjærstad Utstyr,SKU-1007,Noise Cancelling Headset,Peripherals,10,2323.29,retail
00000938,01.01.2024,C1339,Dansk Kontormiljø,SKU-1008,Laptop Stand Aluminium,Accessories,9,658.20,direct
00000939,23.02.2024,C1139,Bergström & Söner,SKU-1003,Monitor Arm Dual,Accessories,10,1019.75,direct
00000940,18.04.2024,C1330,Dansk Kontormiljø,SKU-1003,Monitor Arm Dual,Accessories,10,920.93,direct
00000941,25.07.2025,C1197,Kärkkäinen Oy,SKU-1009,Webcam 1080p,Peripherals,11,836.95,direct
00000942,14.09.2025,C1073,Hämäläinen Oy,SKU-1005,27in 4K Monitor,Displays,1,4794.73,partner
00000943,02.01.2024,C1133,Dansk Kontormiljø,SKU-1004,Mechanical Keyboard,Peripherals,2,1093.03,retail
00000944,05.10.2024,C1025,Søndergaard A/S,SKU-1007,Noise Cancelling Headset,Peripherals,2,1932.40,direct
00000945,26.03.2025,C1214,Nordström Handel,SKU-1003,Monitor Arm Dual,Accessories,7,831.62,partner
00000946,04.03.2024,C1315,Hämäläinen Oy,SKU-1002,Standing Desk 140cm,Furniture,5,5876.65,direct
00000947,05.06.2025,C1169,Väisänen Kaluste,SKU-1004,Mechanical Keyboard,Peripherals,7,996.90,online
00000948,03.08.2024,C1076,Jyllands Inventar,SKU-1009,Webcam 1080p,Peripherals,9,690.12,direct
00000949,26.07.2024,C1183,Hämäläinen Oy,SKU-1009,Webcam 1080p,Peripherals,4,864.15,retail
00000950,10.09.2024,C1262,Hämäläinen Oy,SKU-1010,Desk Lamp LED,Furniture,8,514.72,NULL
00000951,15.12.2025,C1138,Søndergaard A/S,SKU-1010,Desk Lamp LED,Furniture,3,553.17,direct
00000952,24.05.2025,C1049,Bergström & Söner,SKU-1007,Noise Cancelling Headset,Peripherals,4,1896.28,direct
00000953,14.10.2025,C1175,Väisänen Kaluste,SKU-1002,Standing Desk 140cm,Furniture,7,4751.00,partner
00000954,18.02.2024,C1217,Väisänen Kaluste,SKU-1004,Mechanical Keyboard,Peripherals,10,1104.91,online
00000955,03.03.2024,C1310,Uppsala Interiör,SKU-1010,Desk Lamp LED,Furniture,5,478.73,online
00000956,04.05.2024,C1228,Rødvig Møbler,SKU-1009,Webcam 1080p,Peripherals,6,809.92,partner
00000957,01.05.2024,C1134,Kjærstad Utstyr,SKU-1004,Mechanical Keyboard,Peripherals,2,1172.76,retail
00000958,03.02.2024,C1296,Dansk Kontormiljø,SKU-1006,USB-C Dock,Accessories,5,1945.93,direct
00000959,04.01.2025,C1253,Kärkkäinen Oy,SKU-1007,Noise Cancelling Headset,Peripherals,3,1874.84,retail
00000960,16.11.2025,C1354,Trondheim Utstyr,SKU-1005,27in 4K Monitor,Displays,1,4132.37,direct
00000961,17.03.2025,C1194,Søndergaard A/S,SKU-1001,Ergonomic Desk Chair,Furniture,4,2703.05,retail
00000962,14.09.2025,C1250,Väisänen Kaluste,SKU-1008,Laptop Stand Aluminium,Accessories,11,653.51,retail
00000963,10.04.2024,C1318,Mäkinen Toimisto,SKU-1001,Ergonomic Desk Chair,Furniture,-3,2512.03,retail
00000964,14.10.2024,C1208,Ålesund Kontor,SKU-1008,Laptop Stand Aluminium,Accessories,3,729.53,partner
00000965,26.05.2025,C1025,Møller Innredning,SKU-1001,Ergonomic Desk Chair,Furniture,5,2573.11,online
00000966,31.03.2024,C1387,Rødvig Møbler,SKU-1003,Monitor Arm Dual,Accessories,1,976.22,retail
00000967,06.03.2024,C1400,Bergström & Söner,SKU-1001,Ergonomic Desk Chair,Furniture,3,2296.25,partner
00000968,01.04.2025,C1090,Nordström Handel,SKU-1008,Laptop Stand Aluminium,Accessories,5,703.16,partner
00000969,11.07.2024,C1355,Lindqvist AB,SKU-1006,USB-C Dock,Accessories,6,1740.33,partner
00000970,26.10.2024,C1160,Dansk Kontormiljø,SKU-1010,Desk Lamp LED,Furniture,8,551.55,partner
00000971,03.08.2024,C1125,Mäkinen Toimisto,SKU-1005,27in 4K Monitor,Displays,3,3954.14,direct
00000972,31.12.2025,C1148,Rødvig Møbler,SKU-1006,USB-C Dock,Accessories,2,1509.57,retail
00000973,30.04.2024,C1216,Nordström Handel,SKU-1009,Webcam 1080p,Peripherals,3,711.78,direct
00000974,18.08.2025,C1021,Rødvig Møbler,SKU-1005,27in 4K Monitor,Displays,11,3994.20,partner
00000975,01.05.2024,C1248,Trondheim Utstyr,SKU-1010,Desk Lamp LED,Furniture,4,487.34,online
00000976,26.12.2025,C1322,Nordström Handel,SKU-1004,Mechanical Keyboard,Peripherals,5,1202.24,direct
00000977,12.04.2024,C1320,Kjærstad Utstyr,SKU-1002,Standing Desk 140cm,Furniture,9,4656.90,retail
00000978,05.08.2025,C1084,Søndergaard A/S,SKU-1007,Noise Cancelling Headset,Peripherals,-2,2204.05,retail
00000979,17.06.2025,C1058,Bergström & Söner,SKU-1009,Webcam 1080p,Peripherals,7,811.54,retail
00000980,08.07.2025,C1285,Søndergaard A/S,SKU-1009,Webcam 1080p,Peripherals,1,866.61,direct
00000981,22.11.2025,C1071,Hämäläinen Oy,SKU-1010,Desk Lamp LED,Furniture,11,442.98,direct
00000982,13.11.2024,C1138,Bergström & Söner,SKU-1010,Desk Lamp LED,Furniture,6,497.80,retail
00000983,07.04.2025,C1355,Kjærstad Utstyr,SKU-1010,Desk Lamp LED,Furniture,11,496.39,direct
00000984,15.06.2024,C1156,Lindqvist AB,SKU-1004,Mechanical Keyboard,Peripherals,10,1219.49,online
00000985,27.05.2024,C1029,Søndergaard A/S,SKU-1004,Mechanical Keyboard,Peripherals,9,1311.41,retail
00000986,24.11.2024,C1005,Nordström Handel,SKU-1008,Laptop Stand Aluminium,Accessories,11,558.46,retail
00000987,21.05.2024,C1266,Dansk Kontormiljø,SKU-1004,Mechanical Keyboard,Peripherals,10,1242.15,online
00000988,01.04.2024,C1012,Dansk Kontormiljø,SKU-1010,Desk Lamp LED,Furniture,6,590.32,direct
00000989,31.03.2025,C1196,Väisänen Kaluste,SKU-1004,Mechanical Keyboard,Peripherals,4,1156.80,online
00000990,09.12.2025,C1153,Dansk Kontormiljø,SKU-1005,27in 4K Monitor,Displays,9,4763.24,direct
00000991,24.07.2025,C1185,Hämäläinen Oy,SKU-1009,Webcam 1080p,Peripherals,10,703.08,partner
00000992,24.04.2024,C1324,Hämäläinen Oy,SKU-1003,Monitor Arm Dual,Accessories,1,938.09,partner
00000993,31.08.2025,C1072,Lindqvist AB,SKU-1005,27in 4K Monitor,Displays,5,4054.96,direct
00000994,08.12.2025,C1281,Uppsala Interiör,SKU-1005,27in 4K Monitor,Displays,1,4685.11,retail
00000995,29.10.2025,C1231,Uppsala Interiör,SKU-1004,Mechanical Keyboard,Peripherals,11,1012.92,partner
00000996,14.09.2024,C1383,Søndergaard A/S,SKU-1010,Desk Lamp LED,Furniture,10,495.73,retail
00000997,18.04.2024,C1370,Nordström Handel,SKU-1001,Ergonomic Desk Chair,Furniture,4,2537.62,online
00000998,02.06.2024,C1385,Uppsala Interiör,SKU-1008,Laptop Stand Aluminium,Accessories,3,556.97,online
00000999,31.12.2024,C1058,Møller Innredning,SKU-1010,Desk Lamp LED,Furniture,6,511.90,direct
00001000,13.09.2025,C1218,Rødvig Møbler,SKU-1004,Mechanical Keyboard,Peripherals,8,996.74,online
00001001,31.01.2025,C1219,Jyllands Inventar,SKU-1001,Ergonomic Desk Chair,Furniture,3,2114.50,online
00001002,11.04.2024,C1106,Rødvig Møbler,SKU-1002,Standing Desk 140cm,Furniture,3,5071.91,partner
00001003,30.06.2024,C1327,Hämäläinen Oy,SKU-1006,USB-C Dock,Accessories,10,1670.00,direct
00001004,24.06.2024,C1306,Väisänen Kaluste,SKU-1006,USB-C Dock,Accessories,7,1792.03,retail
00001005,17.03.2024,C1384,Mäkinen Toimisto,SKU-1010,Desk Lamp LED,Furniture,12,578.47,direct
00001006,19.07.2024,C1386,Uppsala Interiör,SKU-1006,USB-C Dock,Accessories,4,1711.99,online
00001007,28.12.2024,C1278,Jyllands Inventar,SKU-1006,USB-C Dock,Accessories,7,1891.57,partner
00001008,10.11.2025,C1165,Trondheim Utstyr,SKU-1008,Laptop Stand Aluminium,Accessories,7,612.76,direct
00001009,09.01.2025,C1026,Dansk Kontormiljø,SKU-1001,Ergonomic Desk Chair,Furniture,6,2332.92,direct
00001010,13.10.2024,C1172,Bergström & Söner,SKU-1010,Desk Lamp LED,Furniture,12,506.52,retail
00001011,20.05.2024,C1169,Jyllands Inventar,SKU-1006,USB-C Dock,Accessories,10,1651.83,direct
00001012,21.01.2025,C1312,Trondheim Utstyr,SKU-1001,Ergonomic Desk Chair,Furniture,5,2345.82,partner
00001013,02.11.2024,C1352,Dansk Kontormiljø,SKU-1001,Ergonomic Desk Chair,Furniture,12,2605.31,direct
00001014,03.06.2025,C1360,Kjærstad Utstyr,SKU-1001,Ergonomic Desk Chair,Furniture,12,2320.61,partner
00001015,20.04.2025,C1169,Lindqvist AB,SKU-1001,Ergonomic Desk Chair,Furniture,12,2340.62,online
00001016,27.06.2024,C1056,Kjærstad Utstyr,SKU-1001,Ergonomic Desk Chair,Furniture,11,2169.97,online
00001017,15.10.2024,C1135,Dansk Kontormiljø,SKU-1009,Webcam 1080p,Peripherals,1,854.18,online
00001018,08.04.2024,C1150,Uppsala Interiör,SKU-1008,Laptop Stand Aluminium,Accessories,7,727.62,partner
00001019,09.04.2024,C1067,Väisänen Kaluste,SKU-1010,Desk Lamp LED,Furniture,8,491.16,partner
00001020,13.07.2025,C1160,Søndergaard A/S,SKU-1006,USB-C Dock,Accessories,9,1870.82,online
00001021,15.09.2025,C1321,Bergström & Söner,SKU-1006,USB-C Dock,Accessories,9,1641.48,direct
00001022,22.10.2025,C1331,Väisänen Kaluste,SKU-1010,Desk Lamp LED,Furniture,6,496.32,online
00001023,25.11.2024,C1040,Møller Innredning,SKU-1003,Monitor Arm Dual,Accessories,9,930.66,retail
00001024,23.05.2025,C1341,Mäkinen Toimisto,SKU-1010,Desk Lamp LED,Furniture,12,527.52,direct
00001025,13.09.2025,C1216,Søndergaard A/S,SKU-1004,Mechanical Keyboard,Peripherals,2,1076.56,online
00001026,08.04.2024,C1027,Väisänen Kaluste,SKU-1007,Noise Cancelling Headset,Peripherals,1,2169.40,retail
00001027,02.02.2025,C1325,Ålesund Kontor,SKU-1005,27in 4K Monitor,Displays,11,4070.67,direct
00001028,17.05.2025,C1187,Rødvig Møbler,SKU-1005,27in 4K Monitor,Displays,-3,4122.17,partner
00001029,01.04.2024,C1008,Mäkinen Toimisto,SKU-1005,27in 4K Monitor,Displays,6,4006.59,online
00001030,01.04.2024,C1263,Kjærstad Utstyr,SKU-1001,Ergonomic Desk Chair,Furniture,11,2251.97,direct
00001031,14.07.2025,C1226,Kjærstad Utstyr,SKU-1006,USB-C Dock,Accessories,5,1924.91,partner
00001032,08.12.2024,C1061,Nordström Handel,SKU-1006,USB-C Dock,Accessories,1,1650.69,online
00001033,03.01.2024,C1226,Dansk Kontormiljø,SKU-1008,Laptop Stand Aluminium,Accessories,6,689.75,retail
00001034,09.10.2024,C1057,Rødvig Møbler,SKU-1007,Noise Cancelling Headset,Peripherals,2,2051.97,partner
00001035,23.07.2025,C1104,Dansk Kontormiljø,SKU-1002,Standing Desk 140cm,Furniture,3,4829.58,partner
00001036,12.06.2024,C1248,Uppsala Interiör,SKU-1006,USB-C Dock,Accessories,10,1770.00,retail
00001037,19.05.2024,C1212,Ålesund Kontor,SKU-1007,Noise Cancelling Headset,Peripherals,10,1867.78,partner
00001038,04.09.2025,C1014,Jyllands Inventar,SKU-1007,Noise Cancelling Headset,Peripherals,10,2346.43,retail
00001039,20.01.2024,C1005,Kjærstad Utstyr,SKU-1009,Webcam 1080p,Peripherals,11,762.38,online
00001040,30.09.2025,C1390,Kärkkäinen Oy,SKU-1006,USB-C Dock,Accessories,2,1501.74,partner
00001041,08.12.2024,C1399,Trondheim Utstyr,SKU-1010,Desk Lamp LED,Furniture,12,533.03,online
00001042,20.12.2024,C1325,Jyllands Inventar,SKU-1005,27in 4K Monitor,Displays,10,3906.13,online
00001043,12.12.2025,C1369,Kärkkäinen Oy,SKU-1004,Mechanical Keyboard,Peripherals,8,1276.47,retail
00001044,24.12.2025,C1270,Trondheim Utstyr,SKU-1004,Mechanical Keyboard,Peripherals,12,1140.88,retail
00001045,09.11.2025,C1352,Bergström & Söner,SKU-1002,Standing Desk 140cm,Furniture,9,5402.61,retail
00001046,15.11.2025,C1081,Rødvig Møbler,SKU-1004,Mechanical Keyboard,Peripherals,4,1187.99,online
00001047,06.10.2025,C1226,Lindqvist AB,SKU-1002,Standing Desk 140cm,Furniture,5,4849.76,NULL
00001048,08.09.2025,C1213,Søndergaard A/S,SKU-1002,Standing Desk 140cm,Furniture,3,5176.85,online
00001049,11.02.2024,C1262,Bergström & Söner,SKU-1009,Webcam 1080p,Peripherals,8,807.21,online
00001050,25.05.2024,C1092,Nordström Handel,SKU-1003,Monitor Arm Dual,Accessories,3,978.25,partner
00001051,01.09.2024,C1162,Ålesund Kontor,SKU-1005,27in 4K Monitor,Displays,9,4705.22,direct
00001052,23.08.2025,C1180,Trondheim Utstyr,SKU-1009,Webcam 1080p,Peripherals,9,869.09,retail
00001053,14.12.2024,C1318,Lindqvist AB,SKU-1001,Ergonomic Desk Chair,Furniture,5,2521.40,retail
00001054,09.04.2024,C1255,Nordström Handel,SKU-1003,Monitor Arm Dual,Accessories,9,792.04,retail
00001055,03.10.2025,C1048,Søndergaard A/S,SKU-1009,Webcam 1080p,Peripherals,11,893.38,direct
00001056,17.08.2024,C1030,Väisänen Kaluste,SKU-1008,Laptop Stand Aluminium,Accessories,11,593.43,direct
00001057,03.04.2024,C1254,Søndergaard A/S,SKU-1010,Desk Lamp LED,Furniture,3,567.87,online
00001058,27.05.2025,C1083,Kjærstad Utstyr,SKU-1004,Mechanical Keyboard,Peripherals,6,1057.76,retail
00001059,19.09.2025,C1352,Trondheim Utstyr,SKU-1002,Standing Desk 140cm,Furniture,11,5756.40,direct
00001060,24.03.2024,C1047,Dansk Kontormiljø,SKU-1009,Webcam 1080p,Peripherals,6,757.55,direct
00001061,10.06.2025,C1070,Ålesund Kontor,SKU-1001,Ergonomic Desk Chair,Furniture,11,2158.17,online
00001062,21.01.2025,C1221,Mäkinen Toimisto,SKU-1005,27in 4K Monitor,Displays,1,4654.80,partner
00001063,29.04.2024,C1387,Søndergaard A/S,SKU-1004,Mechanical Keyboard,Peripherals,7,1175.89,partner
00001064,04.10.2024,C1131,Dansk Kontormiljø,SKU-1001,Ergonomic Desk Chair,Furniture,11,2115.51,partner
00001065,23.06.2025,C1146,Kärkkäinen Oy,SKU-1001,Ergonomic Desk Chair,Furniture,10,2445.66,partner
00001066,31.08.2025,C1224,Møller Innredning,SKU-1005,27in 4K Monitor,Displays,11,4408.30,partner
00001067,26.02.2024,C1147,Trondheim Utstyr,SKU-1005,27in 4K Monitor,Displays,8,4504.74,partner
00001068,04.01.2025,C1210,Søndergaard A/S,SKU-1005,27in 4K Monitor,Displays,3,4232.62,partner
00001069,29.11.2024,C1051,Mäkinen Toimisto,SKU-1010,Desk Lamp LED,Furniture,1,568.88,partner
00001070,11.05.2025,C1158,Bergström & Söner,SKU-1005,27in 4K Monitor,Displays,5,4688.24,partner
00001071,07.06.2025,C1387,Dansk Kontormiljø,SKU-1006,USB-C Dock,Accessories,3,1856.74,partner
00001072,17.09.2025,C1117,Lindqvist AB,SKU-1007,Noise Cancelling Headset,Peripherals,6,2342.41,partner
00001073,07.06.2024,C1039,Søndergaard A/S,SKU-1004,Mechanical Keyboard,Peripherals,2,1170.05,retail
00001074,26.05.2025,C1174,Kärkkäinen Oy,SKU-1004,Mechanical Keyboard,Peripherals,7,1190.52,online
00001075,15.05.2024,C1383,Uppsala Interiör,SKU-1010,Desk Lamp LED,Furniture,4,517.46,retail
00001076,28.04.2024,C1084,Väisänen Kaluste,SKU-1006,USB-C Dock,Accessories,5,1573.20,retail
00001077,10.04.2024,C1095,Mäkinen Toimisto,SKU-1004,Mechanical Keyboard,Peripherals,9,1072.39,direct
00001078,11.04.2025,C1074,Nordström Handel,SKU-1003,Monitor Arm Dual,Accessories,3,987.44,direct
00001079,03.05.2025,C1025,Nordström Handel,SKU-1005,27in 4K Monitor,Displays,2,4100.74,direct
00001080,10.09.2025,C1285,Trondheim Utstyr,SKU-1004,Mechanical Keyboard,Peripherals,3,1293.88,direct
00001081,01.01.2024,C1271,Väisänen Kaluste,SKU-1004,Mechanical Keyboard,Peripherals,4,1032.46,online
00001082,02.07.2024,C1212,Søndergaard A/S,SKU-1008,Laptop Stand Aluminium,Accessories,6,722.34,online
00001083,13.01.2025,C1051,Nordström Handel,SKU-1002,Standing Desk 140cm,Furniture,9,5668.15,partner
00001084,28.12.2025,C1342,Bergström & Söner,SKU-1009,Webcam 1080p,Peripherals,10,798.35,retail
00001085,02.05.2024,C1254,Søndergaard A/S,SKU-1002,Standing Desk 140cm,Furniture,10,4702.90,partner
00001086,04.11.2025,C1301,Väisänen Kaluste,SKU-1003,Monitor Arm Dual,Accessories,-2,807.15,partner
00001087,24.11.2025,C1232,Ålesund Kontor,SKU-1004,Mechanical Keyboard,Peripherals,5,1075.41,direct
00001088,01.08.2025,C1345,Rødvig Møbler,SKU-1003,Monitor Arm Dual,Accessories,-1,977.75,online
00001089,03.10.2025,C1395,Nordström Handel,SKU-1005,27in 4K Monitor,Displays,3,3907.81,retail
00001090,15.04.2025,C1115,Ålesund Kontor,SKU-1010,Desk Lamp LED,Furniture,11,557.51,direct
00001091,04.01.2024,C1336,Trondheim Utstyr,SKU-1004,Mechanical Keyboard,Peripherals,4,1201.04,NULL
00001092,09.08.2025,C1377,Lindqvist AB,SKU-1005,27in 4K Monitor,Displays,5,3963.46,direct
00001093,09.01.2025,C1253,Jyllands Inventar,SKU-1002,Standing Desk 140cm,Furniture,3,5831.66,retail
00001094,30.05.2025,C1337,Kjærstad Utstyr,SKU-1001,Ergonomic Desk Chair,Furniture,3,2120.27,direct
00001095,29.06.2024,C1019,Uppsala Interiör,SKU-1003,Monitor Arm Dual,Accessories,5,922.97,direct
00001096,26.05.2024,C1276,Rødvig Møbler,SKU-1010,Desk Lamp LED,Furniture,10,454.03,retail
00001097,31.12.2024,C1054,Jyllands Inventar,SKU-1002,Standing Desk 140cm,Furniture,10,5210.50,direct
00001098,19.02.2024,C1026,Hämäläinen Oy,SKU-1006,USB-C Dock,Accessories,1,1949.09,partner
00001099,03.02.2025,C1030,Ålesund Kontor,SKU-1005,27in 4K Monitor,Displays,1,4257.13,online
00001100,27.04.2025,C1188,Bergström & Söner,SKU-1004,Mechanical Keyboard,Peripherals,2,1094.63,retail
00001101,04.07.2025,C1178,Trondheim Utstyr,SKU-1001,Ergonomic Desk Chair,Furniture,1,2659.40,partner
00001102,20.10.2025,C1121,Kärkkäinen Oy,SKU-1004,Mechanical Keyboard,Peripherals,10,1317.61,direct
00001103,09.01.2025,C1257,Bergström & Söner,SKU-1002,Standing Desk 140cm,Furniture,12,4840.39,direct
00001104,29.08.2025,C1039,Kjærstad Utstyr,SKU-1004,Mechanical Keyboard,Peripherals,1,1014.47,online
00001105,17.05.2024,C1169,Ålesund Kontor,SKU-1007,Noise Cancelling Headset,Peripherals,4,2083.98,retail
00001106,29.07.2024,C1386,Bergström & Söner,SKU-1003,Monitor Arm Dual,Accessories,10,1005.94,NULL
00001107,06.01.2025,C1018,Dansk Kontormiljø,SKU-1003,Monitor Arm Dual,Accessories,7,874.16,direct
00001108,24.12.2024,C1081,Møller Innredning,SKU-1005,27in 4K Monitor,Displays,9,3879.99,online
00001109,10.12.2024,C1386,Kärkkäinen Oy,SKU-1006,USB-C Dock,Accessories,5,1908.30,direct
00001110,04.04.2024,C1152,Hämäläinen Oy,SKU-1007,Noise Cancelling Headset,Peripherals,4,2057.47,partner
00001111,29.12.2024,C1382,Mäkinen Toimisto,SKU-1010,Desk Lamp LED,Furniture,1,494.78,online
00001112,23.03.2025,C1217,Uppsala Interiör,SKU-1004,Mechanical Keyboard,Peripherals,8,1314.74,direct
00001113,03.02.2025,C1037,Trondheim Utstyr,SKU-1003,Monitor Arm Dual,Accessories,3,942.85,partner
00001114,09.12.2024,C1085,Møller Innredning,SKU-1008,Laptop Stand Aluminium,Accessories,-2,735.05,partner
00001115,13.03.2025,C1133,Møller Innredning,SKU-1003,Monitor Arm Dual,Accessories,12,916.00,partner
00001116,05.10.2024,C1117,Trondheim Utstyr,SKU-1005,27in 4K Monitor,Displays,10,3722.85,retail
00001117,24.10.2025,C1096,Mäkinen Toimisto,SKU-1010,Desk Lamp LED,Furniture,11,448.24,direct
00001118,22.12.2024,C1194,Väisänen Kaluste,SKU-1004,Mechanical Keyboard,Peripherals,2,993.50,online
00001119,08.04.2024,C1395,Väisänen Kaluste,SKU-1010,Desk Lamp LED,Furniture,10,586.61,partner
00001120,24.09.2024,C1109,Uppsala Interiör,SKU-1003,Monitor Arm Dual,Accessories,-2,762.62,retail
00001121,08.06.2025,C1123,Väisänen Kaluste,SKU-1009,Webcam 1080p,Peripherals,7,669.26,partner
00001122,13.03.2025,C1133,Väisänen Kaluste,SKU-1006,USB-C Dock,Accessories,9,1986.03,partner
00001123,11.08.2025,C1289,Trondheim Utstyr,SKU-1009,Webcam 1080p,Peripherals,8,806.43,partner
00001124,09.10.2025,C1297,Nordström Handel,SKU-1003,Monitor Arm Dual,Accessories,6,1002.67,partner
00001125,30.11.2024,C1206,Kärkkäinen Oy,SKU-1004,Mechanical Keyboard,Peripherals,7,1252.56,direct
00001126,08.04.2025,C1267,Jyllands Inventar,SKU-1009,Webcam 1080p,Peripherals,6,825.11,direct
00001127,19.04.2024,C1170,Lindqvist AB,SKU-1003,Monitor Arm Dual,Accessories,6,959.25,direct
00001128,01.09.2025,C1133,Hämäläinen Oy,SKU-1008,Laptop Stand Aluminium,Accessories,9,721.56,retail
00001129,11.06.2024,C1145,Jyllands Inventar,SKU-1002,Standing Desk 140cm,Furniture,10,5479.75,direct
00001130,30.08.2025,C1079,Uppsala Interiör,SKU-1002,Standing Desk 140cm,Furniture,11,5297.79,partner
00001131,09.01.2024,C1370,Møller Innredning,SKU-1003,Monitor Arm Dual,Accessories,4,784.67,partner
00001132,26.07.2025,C1248,Hämäläinen Oy,SKU-1010,Desk Lamp LED,Furniture,11,491.63,direct
00001133,30.07.2025,C1367,Søndergaard A/S,SKU-1001,Ergonomic Desk Chair,Furniture,6,2170.42,direct
00001134,22.10.2024,C1159,Jyllands Inventar,SKU-1002,Standing Desk 140cm,Furniture,4,4451.41,partner
00001135,31.07.2025,C1336,Mäkinen Toimisto,SKU-1002,Standing Desk 140cm,Furniture,10,4666.03,retail
00001136,15.01.2024,C1198,Søndergaard A/S,SKU-1001,Ergonomic Desk Chair,Furniture,4,2276.24,online
00001137,03.04.2024,C1233,Bergström & Söner,SKU-1009,Webcam 1080p,Peripherals,10,679.58,online
00001138,25.09.2025,C1235,Ålesund Kontor,SKU-1001,Ergonomic Desk Chair,Furniture,4,2388.87,partner
00001139,02.05.2025,C1357,Søndergaard A/S,SKU-1007,Noise Cancelling Headset,Peripherals,8,2132.69,direct
00001140,07.08.2025,C1073,Uppsala Interiör,SKU-1004,Mechanical Keyboard,Peripherals,11,1121.07,partner
00001141,18.02.2024,C1043,Nordström Handel,SKU-1010,Desk Lamp LED,Furniture,3,506.55,retail
00001142,29.03.2025,C1240,Mäkinen Toimisto,SKU-1007,Noise Cancelling Headset,Peripherals,11,2195.64,retail
00001143,09.06.2025,C1110,Møller Innredning,SKU-1001,Ergonomic Desk Chair,Furniture,10,2079.63,partner
00001144,09.01.2024,C1193,Ålesund Kontor,SKU-1007,Noise Cancelling Headset,Peripherals,7,1829.95,retail
00001145,11.02.2024,C1003,Trondheim Utstyr,SKU-1009,Webcam 1080p,Peripherals,6,852.72,retail
00001146,15.05.2024,C1371,Ålesund Kontor,SKU-1001,Ergonomic Desk Chair,Furniture,-1,2580.21,online
00001147,20.09.2025,C1021,Väisänen Kaluste,SKU-1007,Noise Cancelling Headset,Peripherals,9,2335.60,retail
00001148,13.07.2025,C1034,Dansk Kontormiljø,SKU-1001,Ergonomic Desk Chair,Furniture,2,2639.21,online
00001149,26.01.2025,C1237,Jyllands Inventar,SKU-1005,27in 4K Monitor,Displays,12,3661.70,direct
00001150,20.09.2025,C1156,Bergström & Söner,SKU-1002,Standing Desk 140cm,Furniture,1,4591.42,retail
00001151,04.06.2024,C1185,Ålesund Kontor,SKU-1007,Noise Cancelling Headset,Peripherals,4,2136.94,direct
00001152,03.12.2024,C1259,Dansk Kontormiljø,SKU-1005,27in 4K Monitor,Displays,3,4838.04,retail
00001153,11.05.2025,C1010,Møller Innredning,SKU-1007,Noise Cancelling Headset,Peripherals,8,1824.64,partner
00001154,19.11.2024,C1167,Nordström Handel,SKU-1005,27in 4K Monitor,Displays,5,4422.64,online
00001155,14.06.2025,C1339,Møller Innredning,SKU-1005,27in 4K Monitor,Displays,12,4578.64,partner
00001156,22.04.2025,C1176,Väisänen Kaluste,SKU-1005,27in 4K Monitor,Displays,11,4082.42,retail
00001157,21.05.2024,C1214,Rødvig Møbler,SKU-1003,Monitor Arm Dual,Accessories,5,823.74,online
00001158,06.10.2025,C1164,Mäkinen Toimisto,SKU-1006,USB-C Dock,Accessories,3,1833.72,direct
00001159,06.06.2024,C1001,Møller Innredning,SKU-1008,Laptop Stand Aluminium,Accessories,2,728.64,retail
00001160,14.10.2025,C1066,Lindqvist AB,SKU-1007,Noise Cancelling Headset,Peripherals,2,2172.84,online
00001161,18.04.2025,C1143,Mäkinen Toimisto,SKU-1002,Standing Desk 140cm,Furniture,9,5083.49,online
00001162,25.05.2025,C1099,Nordström Handel,SKU-1003,Monitor Arm Dual,Accessories,9,904.59,retail
00001163,15.08.2025,C1197,Jyllands Inventar,SKU-1005,27in 4K Monitor,Displays,10,3695.36,direct
00001164,09.10.2025,C1080,Jyllands Inventar,SKU-1008,Laptop Stand Aluminium,Accessories,7,616.64,partner
00001165,12.02.2024,C1131,Trondheim Utstyr,SKU-1010,Desk Lamp LED,Furniture,10,595.00,retail
00001166,20.09.2024,C1164,Kärkkäinen Oy,SKU-1007,Noise Cancelling Headset,Peripherals,5,2160.07,partner
00001167,30.04.2024,C1125,Uppsala Interiör,SKU-1007,Noise Cancelling Headset,Peripherals,6,2236.69,retail
00001168,18.08.2025,C1108,Kjærstad Utstyr,SKU-1006,USB-C Dock,Accessories,4,1731.93,direct
00001169,24.04.2025,C1392,Dansk Kontormiljø,SKU-1004,Mechanical Keyboard,Peripherals,3,1245.51,direct
00001170,23.10.2024,C1065,Trondheim Utstyr,SKU-1006,USB-C Dock,Accessories,5,1768.00,partner
00001171,16.12.2024,C1321,Kärkkäinen Oy,SKU-1010,Desk Lamp LED,Furniture,5,549.42,retail
00001172,20.10.2025,C1051,Mäkinen Toimisto,SKU-1004,Mechanical Keyboard,Peripherals,12,987.13,online
00001173,30.07.2025,C1150,Hämäläinen Oy,SKU-1007,Noise Cancelling Headset,Peripherals,7,2321.22,online
00001174,19.05.2024,C1127,Mäkinen Toimisto,SKU-1009,Webcam 1080p,Peripherals,9,891.97,partner
00001175,14.06.2024,C1067,Jyllands Inventar,SKU-1004,Mechanical Keyboard,Peripherals,4,1121.45,partner
00001176,11.10.2025,C1076,Lindqvist AB,SKU-1008,Laptop Stand Aluminium,Accessories,11,660.12,online
00001177,12.10.2025,C1238,Dansk Kontormiljø,SKU-1010,Desk Lamp LED,Furniture,-1,478.31,retail
00001178,08.05.2025,C1004,Ålesund Kontor,SKU-1010,Desk Lamp LED,Furniture,2,546.83,partner
00001179,25.06.2025,C1055,Dansk Kontormiljø,SKU-1002,Standing Desk 140cm,Furniture,2,4975.57,online
00001180,13.06.2024,C1280,Bergström & Söner,SKU-1004,Mechanical Keyboard,Peripherals,2,1187.80,retail
00001181,18.02.2025,C1172,Nordström Handel,SKU-1006,USB-C Dock,Accessories,9,1866.77,retail
00001182,14.10.2025,C1186,Lindqvist AB,SKU-1007,Noise Cancelling Headset,Peripherals,4,2067.55,partner
00001183,20.05.2024,C1061,Hämäläinen Oy,SKU-1008,Laptop Stand Aluminium,Accessories,12,694.83,retail
00001184,04.04.2024,C1031,Lindqvist AB,SKU-1001,Ergonomic Desk Chair,Furniture,11,2440.80,partner
00001185,18.08.2024,C1070,Lindqvist AB,SKU-1005,27in 4K Monitor,Displays,-1,4247.66,direct
00001186,20.10.2025,C1211,Rødvig Møbler,SKU-1006,USB-C Dock,Accessories,7,1564.17,retail
00001187,17.06.2024,C1201,Uppsala Interiör,SKU-1009,Webcam 1080p,Peripherals,3,709.26,direct
00001188,09.09.2024,C1040,Nordström Handel,SKU-1004,Mechanical Keyboard,Peripherals,12,1007.76,NULL
00001189,02.05.2025,C1040,Kärkkäinen Oy,SKU-1006,USB-C Dock,Accessories,4,1751.54,retail
00001190,17.05.2024,C1303,Søndergaard A/S,SKU-1005,27in 4K Monitor,Displays,3,4809.77,retail
00001191,25.01.2025,C1057,Mäkinen Toimisto,SKU-1007,Noise Cancelling Headset,Peripherals,11,1947.08,online
00001192,02.06.2025,C1381,Bergström & Söner,SKU-1009,Webcam 1080p,Peripherals,12,874.81,direct
00001193,07.07.2025,C1371,Väisänen Kaluste,SKU-1008,Laptop Stand Aluminium,Accessories,5,569.80,partner
00001194,22.09.2024,C1126,Mäkinen Toimisto,SKU-1001,Ergonomic Desk Chair,Furniture,6,2512.78,direct
00001195,10.05.2025,C1082,Mäkinen Toimisto,SKU-1006,USB-C Dock,Accessories,3,1985.54,partner
00001196,26.08.2025,C1278,Kjærstad Utstyr,SKU-1010,Desk Lamp LED,Furniture,8,528.71,online
00001197,28.10.2025,C1143,Møller Innredning,SKU-1005,27in 4K Monitor,Displays,6,4035.68,retail
00001198,17.09.2025,C1204,Ålesund Kontor,SKU-1001,Ergonomic Desk Chair,Furniture,1,2498.05,retail
00001199,15.01.2025,C1106,Nordström Handel,SKU-1008,Laptop Stand Aluminium,Accessories,8,697.64,partner
00001200,11.05.2024,C1380,Jyllands Inventar,SKU-1008,Laptop Stand Aluminium,Accessories,12,617.01,online
00001201,09.01.2024,C1016,Møller Innredning,SKU-1004,Mechanical Keyboard,Peripherals,4,1253.92,partner
00001202,06.07.2024,C1327,Hämäläinen Oy,SKU-1006,USB-C Dock,Accessories,4,1939.34,direct
00001203,11.08.2024,C1054,Kjærstad Utstyr,SKU-1004,Mechanical Keyboard,Peripherals,8,1145.68,partner
00001204,16.05.2025,C1016,Ålesund Kontor,SKU-1003,Monitor Arm Dual,Accessories,5,948.58,online
00001205,25.12.2024,C1062,Trondheim Utstyr,SKU-1002,Standing Desk 140cm,Furniture,12,4517.52,online
00001206,28.10.2024,C1288,Kjærstad Utstyr,SKU-1004,Mechanical Keyboard,Peripherals,6,1119.38,retail
00001207,14.11.2024,C1112,Trondheim Utstyr,SKU-1006,USB-C Dock,Accessories,2,1791.55,direct
00001208,01.12.2025,C1311,Rødvig Møbler,SKU-1002,Standing Desk 140cm,Furniture,8,4780.33,partner
00001209,24.12.2024,C1142,Kjærstad Utstyr,SKU-1009,Webcam 1080p,Peripherals,11,876.64,partner
00001210,17.09.2025,C1217,Kärkkäinen Oy,SKU-1007,Noise Cancelling Headset,Peripherals,3,2089.86,online
00001211,01.01.2024,C1329,Møller Innredning,SKU-1004,Mechanical Keyboard,Peripherals,2,1242.20,direct
00001212,27.10.2024,C1078,Trondheim Utstyr,SKU-1009,Webcam 1080p,Peripherals,11,774.30,direct
00001213,26.03.2025,C1070,Nordström Handel,SKU-1006,USB-C Dock,Accessories,2,1695.93,direct
00001214,30.08.2025,C1053,Møller Innredning,SKU-1006,USB-C Dock,Accessories,1,1684.64,partner
00001215,25.10.2024,C1040,Jyllands Inventar,SKU-1007,Noise Cancelling Headset,Peripherals,9,2327.57,partner
00001216,26.03.2024,C1044,Väisänen Kaluste,SKU-1010,Desk Lamp LED,Furniture,4,561.47,direct
00001217,31.01.2025,C1383,Møller Innredning,SKU-1009,Webcam 1080p,Peripherals,6,669.67,retail
00001218,11.01.2024,C1366,Søndergaard A/S,SKU-1009,Webcam 1080p,Peripherals,1,825.21,direct
00001219,05.05.2024,C1281,Väisänen Kaluste,SKU-1004,Mechanical Keyboard,Peripherals,3,1104.92,online
00001220,28.12.2024,C1204,Bergström & Söner,SKU-1003,Monitor Arm Dual,Accessories,10,870.65,online
00001221,27.09.2025,C1263,Uppsala Interiör,SKU-1001,Ergonomic Desk Chair,Furniture,8,2213.13,retail
00001222,04.10.2024,C1157,Rødvig Møbler,SKU-1005,27in 4K Monitor,Displays,9,4069.49,retail
00001223,22.11.2025,C1390,Uppsala Interiör,SKU-1001,Ergonomic Desk Chair,Furniture,8,2603.45,direct
00001224,06.03.2025,C1383,Hämäläinen Oy,SKU-1008,Laptop Stand Aluminium,Accessories,5,714.62,retail
00001225,28.06.2024,C1187,Søndergaard A/S,SKU-1009,Webcam 1080p,Peripherals,4,720.21,online
00001226,27.12.2024,C1237,Dansk Kontormiljø,SKU-1007,Noise Cancelling Headset,Peripherals,4,2072.76,direct
00001227,10.12.2024,C1011,Uppsala Interiör,SKU-1001,Ergonomic Desk Chair,Furniture,8,2174.52,NULL
00001228,18.10.2025,C1344,Hämäläinen Oy,SKU-1007,Noise Cancelling Headset,Peripherals,7,2028.53,retail
00001229,18.02.2024,C1215,Jyllands Inventar,SKU-1009,Webcam 1080p,Peripherals,6,762.81,partner
00001230,17.09.2024,C1254,Kärkkäinen Oy,SKU-1006,USB-C Dock,Accessories,12,1689.88,retail
00001231,21.11.2025,C1385,Kärkkäinen Oy,SKU-1005,27in 4K Monitor,Displays,2,4005.91,online
00001232,03.08.2024,C1162,Dansk Kontormiljø,SKU-1010,Desk Lamp LED,Furniture,7,522.31,retail
00001233,03.12.2025,C1079,Lindqvist AB,SKU-1001,Ergonomic Desk Chair,Furniture,1,2437.56,direct
00001234,18.07.2025,C1062,Rødvig Møbler,SKU-1002,Standing Desk 140cm,Furniture,7,5248.61,online
00001235,12.08.2025,C1112,Ålesund Kontor,SKU-1008,Laptop Stand Aluminium,Accessories,2,641.14,NULL
00001236,09.04.2024,C1268,Bergström & Söner,SKU-1010,Desk Lamp LED,Furniture,3,493.87,direct
00001237,07.06.2025,C1016,Jyllands Inventar,SKU-1006,USB-C Dock,Accessories,8,1491.68,direct
00001238,09.11.2024,C1305,Bergström & Söner,SKU-1006,USB-C Dock,Accessories,12,1703.54,partner
00001239,06.06.2025,C1054,Dansk Kontormiljø,SKU-1003,Monitor Arm Dual,Accessories,11,816.53,direct
00001240,24.07.2024,C1039,Rødvig Møbler,SKU-1006,USB-C Dock,Accessories,12,1985.26,retail
00001241,28.04.2024,C1122,Väisänen Kaluste,SKU-1010,Desk Lamp LED,Furniture,8,530.82,online
00001242,18.12.2024,C1175,Søndergaard A/S,SKU-1008,Laptop Stand Aluminium,Accessories,11,697.62,direct
00001243,15.06.2025,C1065,Väisänen Kaluste,SKU-1007,Noise Cancelling Headset,Peripherals,11,1843.48,direct
00001244,07.08.2024,C1305,Ålesund Kontor,SKU-1007,Noise Cancelling Headset,Peripherals,11,1854.46,direct
00001245,01.07.2025,C1354,Rødvig Møbler,SKU-1003,Monitor Arm Dual,Accessories,8,844.53,direct
00001246,18.07.2024,C1147,Ålesund Kontor,SKU-1003,Monitor Arm Dual,Accessories,9,953.56,online
00001247,13.01.2024,C1365,Trondheim Utstyr,SKU-1006,USB-C Dock,Accessories,1,1636.21,partner
00001248,27.03.2025,C1166,Uppsala Interiör,SKU-1010,Desk Lamp LED,Furniture,7,591.95,partner
00001249,16.09.2024,C1275,Møller Innredning,SKU-1005,27in 4K Monitor,Displays,7,4047.89,retail
00001250,06.11.2025,C1090,Ålesund Kontor,SKU-1009,Webcam 1080p,Peripherals,8,892.46,online
00001251,27.04.2025,C1143,Nordström Handel,SKU-1006,USB-C Dock,Accessories,6,1980.70,partner
00001252,31.07.2024,C1158,Dansk Kontormiljø,SKU-1001,Ergonomic Desk Chair,Furniture,4,2285.12,partner
00001253,10.12.2025,C1214,Jyllands Inventar,SKU-1001,Ergonomic Desk Chair,Furniture,9,2339.37,online
00001254,18.05.2025,C1040,Søndergaard A/S,SKU-1009,Webcam 1080p,Peripherals,8,731.60,partner
00001255,15.06.2025,C1356,Søndergaard A/S,SKU-1002,Standing Desk 140cm,Furniture,3,4791.83,partner
00001256,18.05.2024,C1312,Uppsala Interiör,SKU-1002,Standing Desk 140cm,Furniture,1,5631.40,direct
00001257,31.12.2025,C1395,Nordström Handel,SKU-1007,Noise Cancelling Headset,Peripherals,6,1883.91,direct
00001258,13.09.2025,C1119,Rødvig Møbler,SKU-1008,Laptop Stand Aluminium,Accessories,11,589.37,direct
00001259,07.04.2024,C1017,Kärkkäinen Oy,SKU-1008,Laptop Stand Aluminium,Accessories,11,593.14,online
00001260,24.04.2024,C1266,Kjærstad Utstyr,SKU-1010,Desk Lamp LED,Furniture,8,558.90,retail
00001261,06.02.2024,C1318,Søndergaard A/S,SKU-1001,Ergonomic Desk Chair,Furniture,4,2698.50,partner
00001262,12.05.2025,C1101,Møller Innredning,SKU-1009,Webcam 1080p,Peripherals,3,823.10,retail
00001263,08.02.2025,C1144,Jyllands Inventar,SKU-1004,Mechanical Keyboard,Peripherals,2,1128.31,partner
00001264,04.06.2025,C1255,Uppsala Interiör,SKU-1002,Standing Desk 140cm,Furniture,9,5160.83,partner
00001265,26.09.2025,C1375,Hämäläinen Oy,SKU-1006,USB-C Dock,Accessories,9,1868.30,direct
00001266,05.09.2025,C1044,Uppsala Interiör,SKU-1010,Desk Lamp LED,Furniture,8,487.59,partner
00001267,19.01.2025,C1301,Kjærstad Utstyr,SKU-1007,Noise Cancelling Headset,Peripherals,2,2170.65,online
00001268,26.10.2025,C1370,Rødvig Møbler,SKU-1010,Desk Lamp LED,Furniture,6,526.07,online
00001269,16.06.2025,C1217,Mäkinen Toimisto,SKU-1008,Laptop Stand Aluminium,Accessories,11,620.36,online
00001270,04.12.2024,C1030,Søndergaard A/S,SKU-1001,Ergonomic Desk Chair,Furniture,1,2718.29,retail
00001271,21.06.2024,C1020,Uppsala Interiör,SKU-1006,USB-C Dock,Accessories,3,1538.24,direct
00001272,11.12.2024,C1091,Mäkinen Toimisto,SKU-1006,USB-C Dock,Accessories,2,1604.55,partner
00001273,07.10.2025,C1385,Jyllands Inventar,SKU-1008,Laptop Stand Aluminium,Accessories,7,680.70,retail
00001274,09.10.2025,C1348,Kjærstad Utstyr,SKU-1001,Ergonomic Desk Chair,Furniture,9,2741.71,direct
00001275,10.03.2025,C1277,Uppsala Interiör,SKU-1001,Ergonomic Desk Chair,Furniture,5,2188.33,direct
00001276,25.02.2025,C1251,Dansk Kontormiljø,SKU-1002,Standing Desk 140cm,Furniture,3,5305.77,online
00001277,03.11.2024,C1323,Väisänen Kaluste,SKU-1002,Standing Desk 140cm,Furniture,11,4726.01,direct
00001278,03.05.2024,C1176,Rødvig Møbler,SKU-1002,Standing Desk 140cm,Furniture,5,5959.94,online
00001279,23.08.2025,C1365,Hämäläinen Oy,SKU-1005,27in 4K Monitor,Displays,9,4481.58,online
00001280,02.02.2024,C1266,Väisänen Kaluste,SKU-1002,Standing Desk 140cm,Furniture,3,5843.11,retail
00001281,28.06.2024,C1143,Ålesund Kontor,SKU-1005,27in 4K Monitor,Displays,1,3693.10,direct
00001282,06.09.2024,C1251,Søndergaard A/S,SKU-1001,Ergonomic Desk Chair,Furniture,4,2221.10,online
00001283,14.11.2024,C1032,Mäkinen Toimisto,SKU-1002,Standing Desk 140cm,Furniture,4,5408.26,direct
00001284,06.02.2025,C1083,Bergström & Söner,SKU-1002,Standing Desk 140cm,Furniture,9,5172.46,direct
00001285,28.10.2024,C1372,Møller Innredning,SKU-1008,Laptop Stand Aluminium,Accessories,10,670.59,online
00001286,22.05.2025,C1136,Møller Innredning,SKU-1002,Standing Desk 140cm,Furniture,1,5192.22,retail
00001287,21.01.2024,C1374,Trondheim Utstyr,SKU-1006,USB-C Dock,Accessories,2,1889.98,direct
00001288,02.03.2024,C1339,Kärkkäinen Oy,SKU-1004,Mechanical Keyboard,Peripherals,2,1071.98,direct
00001289,10.10.2025,C1163,Bergström & Söner,SKU-1002,Standing Desk 140cm,Furniture,10,5510.59,direct
00001290,10.05.2025,C1026,Jyllands Inventar,SKU-1007,Noise Cancelling Headset,Peripherals,3,1959.10,partner
00001291,15.06.2024,C1394,Rødvig Møbler,SKU-1009,Webcam 1080p,Peripherals,12,781.74,direct
00001292,08.04.2024,C1346,Uppsala Interiör,SKU-1009,Webcam 1080p,Peripherals,6,767.96,retail
00001293,18.07.2024,C1355,Bergström & Söner,SKU-1003,Monitor Arm Dual,Accessories,2,908.89,direct
00001294,16.05.2025,C1326,Lindqvist AB,SKU-1007,Noise Cancelling Headset,Peripherals,12,1785.66,retail
00001295,10.03.2025,C1396,Kjærstad Utstyr,SKU-1003,Monitor Arm Dual,Accessories,3,910.67,partner
00001296,24.10.2024,C1100,Lindqvist AB,SKU-1005,27in 4K Monitor,Displays,6,4307.45,retail
00001297,10.02.2024,C1215,Mäkinen Toimisto,SKU-1004,Mechanical Keyboard,Peripherals,10,1150.25,direct
00001298,05.11.2025,C1390,Jyllands Inventar,SKU-1006,USB-C Dock,Accessories,10,1800.82,partner
00001299,08.09.2025,C1363,Rødvig Møbler,SKU-1010,Desk Lamp LED,Furniture,11,550.72,online
00001300,22.01.2025,C1283,Dansk Kontormiljø,SKU-1001,Ergonomic Desk Chair,Furniture,4,2141.68,direct
00001301,16.01.2025,C1377,Trondheim Utstyr,SKU-1001,Ergonomic Desk Chair,Furniture,11,2378.72,partner
00001302,30.01.2025,C1166,Rødvig Møbler,SKU-1005,27in 4K Monitor,Displays,6,4549.81,retail
00001303,21.10.2024,C1105,Lindqvist AB,SKU-1010,Desk Lamp LED,Furniture,3,590.72,retail
00001304,16.04.2025,C1189,Lindqvist AB,SKU-1004,Mechanical Keyboard,Peripherals,3,1096.87,partner
00001305,01.09.2024,C1354,Hämäläinen Oy,SKU-1002,Standing Desk 140cm,Furniture,3,5033.45,retail
00001306,24.10.2025,C1329,Uppsala Interiör,SKU-1010,Desk Lamp LED,Furniture,5,491.17,online
00001307,10.03.2025,C1216,Kjærstad Utstyr,SKU-1002,Standing Desk 140cm,Furniture,5,4655.08,online
00001308,22.07.2025,C1077,Nordström Handel,SKU-1005,27in 4K Monitor,Displays,8,3658.15,direct
00001309,22.06.2025,C1395,Jyllands Inventar,SKU-1002,Standing Desk 140cm,Furniture,1,4817.91,partner
00001310,04.09.2025,C1308,Dansk Kontormiljø,SKU-1002,Standing Desk 140cm,Furniture,11,5336.56,direct
00001311,17.10.2025,C1114,Rødvig Møbler,SKU-1010,Desk Lamp LED,Furniture,4,560.07,online
00001312,15.03.2025,C1283,Rødvig Møbler,SKU-1009,Webcam 1080p,Peripherals,4,786.31,direct
00001313,09.06.2025,C1062,Uppsala Interiör,SKU-1009,Webcam 1080p,Peripherals,10,698.02,online
00001314,22.01.2025,C1178,Kjærstad Utstyr,SKU-1009,Webcam 1080p,Peripherals,12,789.01,online
00001315,12.10.2025,C1308,Søndergaard A/S,SKU-1004,Mechanical Keyboard,Peripherals,6,1256.35,direct
00001316,16.05.2024,C1058,Lindqvist AB,SKU-1009,Webcam 1080p,Peripherals,8,810.84,direct
00001317,01.02.2024,C1341,Rødvig Møbler,SKU-1009,Webcam 1080p,Peripherals,5,802.66,online
00001318,23.09.2025,C1371,Hämäläinen Oy,SKU-1005,27in 4K Monitor,Displays,3,4735.66,retail
00001319,06.06.2024,C1209,Jyllands Inventar,SKU-1009,Webcam 1080p,Peripherals,7,896.44,online
00001320,26.03.2025,C1233,Uppsala Interiör,SKU-1009,Webcam 1080p,Peripherals,2,768.19,direct
00001321,08.05.2025,C1038,Bergström & Söner,SKU-1008,Laptop Stand Aluminium,Accessories,11,678.64,retail
00001322,16.03.2025,C1256,Søndergaard A/S,SKU-1006,USB-C Dock,Accessories,11,1626.50,online
00001323,13.02.2024,C1342,Jyllands Inventar,SKU-1001,Ergonomic Desk Chair,Furniture,6,2389.85,online
00001324,29.08.2024,C1123,Møller Innredning,SKU-1005,27in 4K Monitor,Displays,3,3726.38,partner
00001325,24.12.2024,C1055,Kärkkäinen Oy,SKU-1009,Webcam 1080p,Peripherals,12,706.95,retail
00001326,24.03.2024,C1108,Møller Innredning,SKU-1010,Desk Lamp LED,Furniture,9,559.67,partner
00001327,28.04.2025,C1093,Kärkkäinen Oy,SKU-1001,Ergonomic Desk Chair,Furniture,7,2302.32,direct
00001328,30.05.2024,C1203,Väisänen Kaluste,SKU-1007,Noise Cancelling Headset,Peripherals,4,2004.39,retail
00001329,24.12.2025,C1153,Søndergaard A/S,SKU-1001,Ergonomic Desk Chair,Furniture,8,2708.70,partner
00001330,07.06.2025,C1219,Jyllands Inventar,SKU-1009,Webcam 1080p,Peripherals,-3,852.96,online
00001331,07.12.2025,C1008,Väisänen Kaluste,SKU-1005,27in 4K Monitor,Displays,11,4930.71,retail
00001332,16.08.2024,C1176,Trondheim Utstyr,SKU-1005,27in 4K Monitor,Displays,-3,4629.64,partner
00001333,25.11.2024,C1120,Dansk Kontormiljø,SKU-1005,27in 4K Monitor,Displays,4,4882.19,partner
00001334,14.05.2025,C1255,Uppsala Interiör,SKU-1010,Desk Lamp LED,Furniture,10,553.67,direct
00001335,10.11.2024,C1193,Bergström & Söner,SKU-1003,Monitor Arm Dual,Accessories,3,942.77,partner
00001336,23.05.2025,C1005,Møller Innredning,SKU-1004,Mechanical Keyboard,Peripherals,4,981.11,direct
00001337,05.03.2025,C1313,Trondheim Utstyr,SKU-1006,USB-C Dock,Accessories,12,1932.08,direct
00001338,22.11.2024,C1055,Kärkkäinen Oy,SKU-1010,Desk Lamp LED,Furniture,4,549.93,partner
00001339,11.01.2024,C1059,Jyllands Inventar,SKU-1004,Mechanical Keyboard,Peripherals,9,1182.55,retail
00001340,25.02.2024,C1012,Dansk Kontormiljø,SKU-1003,Monitor Arm Dual,Accessories,1,989.42,retail
00001341,05.08.2025,C1112,Kjærstad Utstyr,SKU-1006,USB-C Dock,Accessories,6,1974.35,online
00001342,12.12.2024,C1093,Rødvig Møbler,SKU-1005,27in 4K Monitor,Displays,5,4872.57,online
00001343,21.09.2025,C1158,Kärkkäinen Oy,SKU-1003,Monitor Arm Dual,Accessories,2,1016.18,retail
00001344,17.01.2025,C1335,Bergström & Söner,SKU-1004,Mechanical Keyboard,Peripherals,10,1174.77,direct
00001345,23.02.2024,C1122,Bergström & Söner,SKU-1007,Noise Cancelling Headset,Peripherals,10,1916.42,partner
00001346,08.05.2025,C1006,Hämäläinen Oy,SKU-1007,Noise Cancelling Headset,Peripherals,10,2359.66,direct
00001347,17.03.2025,C1106,Jyllands Inventar,SKU-1010,Desk Lamp LED,Furniture,6,444.03,retail
00001348,12.02.2024,C1360,Ålesund Kontor,SKU-1002,Standing Desk 140cm,Furniture,3,5176.10,retail
00001349,14.08.2025,C1307,Søndergaard A/S,SKU-1008,Laptop Stand Aluminium,Accessories,4,675.87,online
00001350,15.06.2025,C1298,Dansk Kontormiljø,SKU-1002,Standing Desk 140cm,Furniture,5,5270.55,online
00001351,19.10.2025,C1095,Mäkinen Toimisto,SKU-1009,Webcam 1080p,Peripherals,10,717.89,retail
00001352,24.11.2024,C1196,Nordström Handel,SKU-1006,USB-C Dock,Accessories,3,1676.07,online
00001353,24.02.2024,C1134,Hämäläinen Oy,SKU-1002,Standing Desk 140cm,Furniture,10,5438.07,direct
00001354,15.07.2025,C1139,Kärkkäinen Oy,SKU-1006,USB-C Dock,Accessories,5,1777.10,retail
00001355,14.03.2025,C1180,Mäkinen Toimisto,SKU-1010,Desk Lamp LED,Furniture,4,588.71,direct
00001356,18.10.2025,C1026,Hämäläinen Oy,SKU-1002,Standing Desk 140cm,Furniture,10,5830.98,partner
00001357,10.12.2024,C1204,Dansk Kontormiljø,SKU-1009,Webcam 1080p,Peripherals,8,773.43,online
00001358,18.02.2024,C1190,Dansk Kontormiljø,SKU-1004,Mechanical Keyboard,Peripherals,1,1297.18,retail
00001359,04.02.2025,C1055,Hämäläinen Oy,SKU-1010,Desk Lamp LED,Furniture,11,484.47,retail
00001360,19.11.2025,C1398,Søndergaard A/S,SKU-1002,Standing Desk 140cm,Furniture,3,5836.25,partner
00001361,20.01.2025,C1221,Nordström Handel,SKU-1001,Ergonomic Desk Chair,Furniture,7,2309.98,partner
00001362,04.01.2025,C1329,Hämäläinen Oy,SKU-1001,Ergonomic Desk Chair,Furniture,6,2640.79,direct
00001363,05.08.2024,C1243,Søndergaard A/S,SKU-1007,Noise Cancelling Headset,Peripherals,6,2346.53,retail
00001364,04.06.2024,C1290,Nordström Handel,SKU-1010,Desk Lamp LED,Furniture,5,477.22,online
00001365,03.08.2025,C1374,Dansk Kontormiljø,SKU-1006,USB-C Dock,Accessories,3,1902.64,retail
00001366,05.10.2024,C1254,Bergström & Söner,SKU-1010,Desk Lamp LED,Furniture,-2,507.92,partner
00001367,23.03.2024,C1051,Bergström & Söner,SKU-1003,Monitor Arm Dual,Accessories,5,817.34,retail
00001368,16.05.2024,C1120,Trondheim Utstyr,SKU-1003,Monitor Arm Dual,Accessories,7,959.93,direct
00001369,12.08.2024,C1127,Lindqvist AB,SKU-1004,Mechanical Keyboard,Peripherals,11,1015.13,online
00001370,17.05.2025,C1273,Lindqvist AB,SKU-1002,Standing Desk 140cm,Furniture,5,4673.47,online
00001371,04.07.2024,C1263,Uppsala Interiör,SKU-1005,27in 4K Monitor,Displays,7,3907.95,partner
00001372,19.07.2025,C1201,Jyllands Inventar,SKU-1003,Monitor Arm Dual,Accessories,6,864.21,retail
00001373,03.01.2025,C1284,Hämäläinen Oy,SKU-1006,USB-C Dock,Accessories,9,1513.55,online
00001374,24.02.2024,C1047,Väisänen Kaluste,SKU-1009,Webcam 1080p,Peripherals,2,857.73,partner
00001375,07.12.2024,C1232,Ålesund Kontor,SKU-1004,Mechanical Keyboard,Peripherals,11,1214.96,retail
00001376,07.10.2024,C1317,Ålesund Kontor,SKU-1008,Laptop Stand Aluminium,Accessories,8,718.88,partner
00001377,16.11.2025,C1387,Ålesund Kontor,SKU-1009,Webcam 1080p,Peripherals,9,689.78,partner
00001378,04.11.2025,C1304,Väisänen Kaluste,SKU-1005,27in 4K Monitor,Displays,7,4801.30,partner
00001379,20.02.2025,C1186,Jyllands Inventar,SKU-1002,Standing Desk 140cm,Furniture,8,4425.82,online
00001380,24.10.2024,C1160,Väisänen Kaluste,SKU-1007,Noise Cancelling Headset,Peripherals,7,2133.57,online
00001381,11.03.2025,C1221,Hämäläinen Oy,SKU-1007,Noise Cancelling Headset,Peripherals,4,2290.68,partner
00001382,09.10.2024,C1144,Møller Innredning,SKU-1010,Desk Lamp LED,Furniture,10,545.38,online
00001383,25.01.2025,C1219,Kärkkäinen Oy,SKU-1009,Webcam 1080p,Peripherals,2,705.36,NULL
00001384,09.04.2024,C1159,Dansk Kontormiljø,SKU-1010,Desk Lamp LED,Furniture,11,543.11,online
00001385,09.12.2024,C1275,Nordström Handel,SKU-1009,Webcam 1080p,Peripherals,9,713.99,partner
00001386,07.10.2025,C1102,Bergström & Söner,SKU-1004,Mechanical Keyboard,Peripherals,4,1101.96,online
00001387,30.03.2025,C1002,Kjærstad Utstyr,SKU-1006,USB-C Dock,Accessories,7,1544.87,direct
00001388,12.04.2025,C1295,Rødvig Møbler,SKU-1009,Webcam 1080p,Peripherals,5,732.52,direct
00001389,22.04.2024,C1247,Dansk Kontormiljø,SKU-1003,Monitor Arm Dual,Accessories,12,962.04,retail
00001390,13.06.2024,C1087,Hämäläinen Oy,SKU-1010,Desk Lamp LED,Furniture,12,505.54,partner
00001391,11.10.2025,C1361,Väisänen Kaluste,SKU-1009,Webcam 1080p,Peripherals,5,691.11,direct
00001392,07.10.2024,C1014,Uppsala Interiör,SKU-1005,27in 4K Monitor,Displays,1,4051.60,online
00001393,16.04.2024,C1381,Trondheim Utstyr,SKU-1010,Desk Lamp LED,Furniture,8,540.04,partner
00001394,26.02.2024,C1197,Ålesund Kontor,SKU-1007,Noise Cancelling Headset,Peripherals,6,2156.56,online
00001395,02.06.2025,C1019,Väisänen Kaluste,SKU-1005,27in 4K Monitor,Displays,5,3815.38,partner
00001396,09.11.2025,C1064,Mäkinen Toimisto,SKU-1006,USB-C Dock,Accessories,6,1958.90,retail
00001397,14.11.2024,C1280,Kärkkäinen Oy,SKU-1006,USB-C Dock,Accessories,3,1714.30,retail
00001398,07.04.2025,C1024,Dansk Kontormiljø,SKU-1002,Standing Desk 140cm,Furniture,7,4555.92,partner
00001399,08.09.2024,C1252,Hämäläinen Oy,SKU-1010,Desk Lamp LED,Furniture,2,492.77,online
00001400,07.04.2024,C1141,Jyllands Inventar,SKU-1001,Ergonomic Desk Chair,Furniture,2,2314.44,retail
00001401,25.12.2024,C1242,Søndergaard A/S,SKU-1007,Noise Cancelling Headset,Peripherals,11,2411.05,online
00001402,08.01.2024,C1370,Bergström & Söner,SKU-1008,Laptop Stand Aluminium,Accessories,7,643.40,online
00001403,16.01.2024,C1316,Lindqvist AB,SKU-1005,27in 4K Monitor,Displays,2,4308.81,direct
00001404,03.11.2025,C1153,Hämäläinen Oy,SKU-1002,Standing Desk 140cm,Furniture,10,5422.07,retail
00001405,08.12.2025,C1333,Hämäläinen Oy,SKU-1005,27in 4K Monitor,Displays,10,4015.91,partner
00001406,27.01.2025,C1281,Nordström Handel,SKU-1009,Webcam 1080p,Peripherals,4,863.65,direct
00001407,13.06.2025,C1025,Kärkkäinen Oy,SKU-1003,Monitor Arm Dual,Accessories,10,950.47,online
00001408,07.07.2025,C1159,Møller Innredning,SKU-1009,Webcam 1080p,Peripherals,9,752.53,direct
00001409,31.08.2025,C1309,Nordström Handel,SKU-1003,Monitor Arm Dual,Accessories,4,762.69,direct
00001410,13.09.2024,C1174,Lindqvist AB,SKU-1001,Ergonomic Desk Chair,Furniture,5,2317.32,online
00001411,01.01.2025,C1365,Ålesund Kontor,SKU-1001,Ergonomic Desk Chair,Furniture,-3,2041.86,retail
00001412,04.08.2024,C1027,Lindqvist AB,SKU-1009,Webcam 1080p,Peripherals,2,775.18,online
00001413,22.05.2024,C1233,Kjærstad Utstyr,SKU-1008,Laptop Stand Aluminium,Accessories,11,589.92,online
00001414,27.11.2024,C1030,Kärkkäinen Oy,SKU-1004,Mechanical Keyboard,Peripherals,8,1124.72,online
00001415,22.08.2025,C1024,Kärkkäinen Oy,SKU-1003,Monitor Arm Dual,Accessories,11,768.47,direct
00001416,17.06.2024,C1214,Hämäläinen Oy,SKU-1004,Mechanical Keyboard,Peripherals,6,1268.46,partner
00001417,18.12.2024,C1107,Uppsala Interiör,SKU-1010,Desk Lamp LED,Furniture,4,565.83,online
00001418,21.12.2024,C1314,Jyllands Inventar,SKU-1005,27in 4K Monitor,Displays,6,4528.39,partner
00001419,04.03.2024,C1366,Lindqvist AB,SKU-1003,Monitor Arm Dual,Accessories,7,857.92,direct
00001420,17.11.2024,C1045,Kärkkäinen Oy,SKU-1003,Monitor Arm Dual,Accessories,8,759.46,online
00001421,14.09.2025,C1314,Bergström & Söner,SKU-1002,Standing Desk 140cm,Furniture,7,5654.16,online
00001422,18.10.2025,C1389,Kjærstad Utstyr,SKU-1007,Noise Cancelling Headset,Peripherals,6,2236.83,partner
00001423,10.05.2024,C1276,Kjærstad Utstyr,SKU-1005,27in 4K Monitor,Displays,3,3709.37,online
00001424,18.04.2025,C1311,Rødvig Møbler,SKU-1004,Mechanical Keyboard,Peripherals,9,1101.70,partner
00001425,01.08.2025,C1085,Møller Innredning,SKU-1010,Desk Lamp LED,Furniture,5,583.13,partner
00001426,25.11.2024,C1090,Kärkkäinen Oy,SKU-1002,Standing Desk 140cm,Furniture,11,5772.82,direct
00001427,15.06.2024,C1263,Väisänen Kaluste,SKU-1008,Laptop Stand Aluminium,Accessories,6,604.42,direct
00001428,09.03.2025,C1177,Uppsala Interiör,SKU-1004,Mechanical Keyboard,Peripherals,9,1146.71,retail
00001429,10.05.2024,C1321,Bergström & Söner,SKU-1004,Mechanical Keyboard,Peripherals,2,1004.51,online
00001430,12.06.2025,C1252,Hämäläinen Oy,SKU-1004,Mechanical Keyboard,Peripherals,11,1218.94,online
00001431,07.06.2025,C1109,Väisänen Kaluste,SKU-1005,27in 4K Monitor,Displays,3,4025.54,partner
00001432,30.12.2025,C1321,Søndergaard A/S,SKU-1006,USB-C Dock,Accessories,8,1753.40,direct
00001433,03.06.2024,C1190,Mäkinen Toimisto,SKU-1009,Webcam 1080p,Peripherals,4,692.76,online
00001434,06.12.2025,C1127,Väisänen Kaluste,SKU-1001,Ergonomic Desk Chair,Furniture,10,2715.53,online
00001435,20.10.2024,C1194,Jyllands Inventar,SKU-1002,Standing Desk 140cm,Furniture,6,4725.28,retail
00001436,30.12.2025,C1376,Møller Innredning,SKU-1007,Noise Cancelling Headset,Peripherals,9,2188.40,partner
00001437,24.11.2024,C1212,Ålesund Kontor,SKU-1008,Laptop Stand Aluminium,Accessories,2,635.36,retail
00001438,06.08.2024,C1010,Kjærstad Utstyr,SKU-1009,Webcam 1080p,Peripherals,1,680.98,online
00001439,07.01.2025,C1054,Kjærstad Utstyr,SKU-1002,Standing Desk 140cm,Furniture,12,5328.12,NULL
00001440,05.06.2024,C1284,Hämäläinen Oy,SKU-1007,Noise Cancelling Headset,Peripherals,10,1870.93,partner
00001441,23.02.2025,C1118,Møller Innredning,SKU-1002,Standing Desk 140cm,Furniture,5,5879.35,direct
00001442,01.05.2025,C1054,Väisänen Kaluste,SKU-1003,Monitor Arm Dual,Accessories,2,841.79,retail
00001443,15.05.2025,C1278,Uppsala Interiör,SKU-1005,27in 4K Monitor,Displays,6,4452.05,direct
00001444,21.03.2024,C1347,Ålesund Kontor,SKU-1009,Webcam 1080p,Peripherals,9,842.19,partner
00001445,01.11.2024,C1095,Rødvig Møbler,SKU-1010,Desk Lamp LED,Furniture,2,507.94,online
00001446,28.02.2025,C1312,Nordström Handel,SKU-1007,Noise Cancelling Headset,Peripherals,4,2284.65,online
00001447,23.12.2025,C1096,Bergström & Söner,SKU-1004,Mechanical Keyboard,Peripherals,12,1231.45,retail
00001448,29.06.2024,C1102,Ålesund Kontor,SKU-1006,USB-C Dock,Accessories,8,1726.37,partner
00001449,26.07.2025,C1373,Trondheim Utstyr,SKU-1005,27in 4K Monitor,Displays,6,4240.75,direct
00001450,08.08.2024,C1168,Jyllands Inventar,SKU-1003,Monitor Arm Dual,Accessories,11,991.32,partner
00001451,18.09.2025,C1389,Jyllands Inventar,SKU-1001,Ergonomic Desk Chair,Furniture,11,2050.47,retail
00001452,28.07.2025,C1223,Trondheim Utstyr,SKU-1010,Desk Lamp LED,Furniture,12,517.15,direct
00001453,21.06.2025,C1055,Ålesund Kontor,SKU-1010,Desk Lamp LED,Furniture,10,475.90,partner
00001454,26.06.2024,C1120,Bergström & Söner,SKU-1009,Webcam 1080p,Peripherals,11,753.97,retail
00001455,25.04.2024,C1253,Väisänen Kaluste,SKU-1001,Ergonomic Desk Chair,Furniture,3,2300.85,direct
00001456,18.06.2024,C1242,Nordström Handel,SKU-1004,Mechanical Keyboard,Peripherals,8,1048.01,online
00001457,20.03.2025,C1256,Jyllands Inventar,SKU-1009,Webcam 1080p,Peripherals,10,758.57,partner
00001458,29.01.2025,C1082,Bergström & Söner,SKU-1009,Webcam 1080p,Peripherals,12,679.29,retail
00001459,08.11.2024,C1358,Kärkkäinen Oy,SKU-1007,Noise Cancelling Headset,Peripherals,6,2260.35,direct
00001460,01.12.2025,C1148,Rødvig Møbler,SKU-1004,Mechanical Keyboard,Peripherals,10,1230.75,retail
00001461,09.11.2025,C1023,Rødvig Møbler,SKU-1001,Ergonomic Desk Chair,Furniture,6,2396.59,retail
00001462,24.07.2025,C1322,Väisänen Kaluste,SKU-1003,Monitor Arm Dual,Accessories,8,867.13,direct
00001463,17.06.2025,C1153,Rødvig Møbler,SKU-1010,Desk Lamp LED,Furniture,8,596.23,partner
00001464,07.12.2024,C1085,Ålesund Kontor,SKU-1003,Monitor Arm Dual,Accessories,4,907.99,online
00001465,19.03.2025,C1023,Jyllands Inventar,SKU-1006,USB-C Dock,Accessories,12,1977.39,online
00001466,15.02.2024,C1349,Kärkkäinen Oy,SKU-1001,Ergonomic Desk Chair,Furniture,10,2117.39,retail
00001467,21.08.2025,C1059,Väisänen Kaluste,SKU-1010,Desk Lamp LED,Furniture,12,571.21,retail
00001468,02.03.2024,C1285,Hämäläinen Oy,SKU-1005,27in 4K Monitor,Displays,12,3657.75,retail
00001469,06.10.2025,C1139,Kjærstad Utstyr,SKU-1002,Standing Desk 140cm,Furniture,12,4835.33,direct
00001470,24.06.2024,C1210,Mäkinen Toimisto,SKU-1004,Mechanical Keyboard,Peripherals,7,1284.21,direct
00001471,17.12.2025,C1294,Kjærstad Utstyr,SKU-1003,Monitor Arm Dual,Accessories,6,940.55,partner
00001472,14.01.2024,C1148,Møller Innredning,SKU-1006,USB-C Dock,Accessories,4,1867.55,partner
00001473,25.12.2025,C1322,Kärkkäinen Oy,SKU-1001,Ergonomic Desk Chair,Furniture,9,2366.56,online
00001474,19.12.2025,C1374,Dansk Kontormiljø,SKU-1006,USB-C Dock,Accessories,11,1787.38,partner
00001475,18.03.2025,C1257,Kjærstad Utstyr,SKU-1003,Monitor Arm Dual,Accessories,8,1009.37,retail
00001476,18.06.2024,C1078,Mäkinen Toimisto,SKU-1010,Desk Lamp LED,Furniture,2,527.63,direct
00001477,03.07.2025,C1020,Trondheim Utstyr,SKU-1007,Noise Cancelling Headset,Peripherals,2,2341.74,retail
00001478,24.08.2025,C1361,Lindqvist AB,SKU-1003,Monitor Arm Dual,Accessories,1,981.33,direct
00001479,03.12.2025,C1162,Bergström & Söner,SKU-1004,Mechanical Keyboard,Peripherals,6,1012.52,retail
00001480,26.03.2025,C1028,Møller Innredning,SKU-1008,Laptop Stand Aluminium,Accessories,6,589.26,partner
00001481,28.06.2025,C1199,Nordström Handel,SKU-1004,Mechanical Keyboard,Peripherals,4,1141.02,partner
00001482,17.07.2025,C1235,Kjærstad Utstyr,SKU-1004,Mechanical Keyboard,Peripherals,8,1295.26,partner
00001483,02.12.2025,C1058,Väisänen Kaluste,SKU-1004,Mechanical Keyboard,Peripherals,8,1025.23,online
00001484,09.07.2024,C1172,Dansk Kontormiljø,SKU-1004,Mechanical Keyboard,Peripherals,-1,1296.61,direct
00001485,09.03.2024,C1097,Søndergaard A/S,SKU-1005,27in 4K Monitor,Displays,8,4836.90,retail
00001486,20.08.2024,C1312,Mäkinen Toimisto,SKU-1002,Standing Desk 140cm,Furniture,6,5066.72,partner
00001487,29.03.2024,C1188,Mäkinen Toimisto,SKU-1003,Monitor Arm Dual,Accessories,3,871.94,online
00001488,30.07.2024,C1328,Mäkinen Toimisto,SKU-1001,Ergonomic Desk Chair,Furniture,10,2482.72,retail
00001489,16.12.2024,C1100,Dansk Kontormiljø,SKU-1004,Mechanical Keyboard,Peripherals,2,1108.94,direct
00001490,23.12.2025,C1100,Väisänen Kaluste,SKU-1008,Laptop Stand Aluminium,Accessories,2,602.78,retail
00001491,16.10.2025,C1069,Rødvig Møbler,SKU-1005,27in 4K Monitor,Displays,6,4319.40,online
00001492,06.11.2025,C1164,Kjærstad Utstyr,SKU-1006,USB-C Dock,Accessories,11,1649.62,direct
00001493,20.02.2025,C1181,Uppsala Interiör,SKU-1010,Desk Lamp LED,Furniture,10,481.88,direct
00001494,20.12.2024,C1090,Ålesund Kontor,SKU-1006,USB-C Dock,Accessories,9,1824.18,direct
00001495,19.03.2025,C1147,Bergström & Söner,SKU-1001,Ergonomic Desk Chair,Furniture,11,2044.69,online
00001496,19.03.2024,C1165,Kärkkäinen Oy,SKU-1004,Mechanical Keyboard,Peripherals,12,1232.14,retail
00001497,28.07.2024,C1004,Uppsala Interiör,SKU-1003,Monitor Arm Dual,Accessories,5,879.38,partner
00001498,11.10.2025,C1010,Rødvig Møbler,SKU-1001,Ergonomic Desk Chair,Furniture,2,2142.05,partner
00001499,22.11.2025,C1177,Møller Innredning,SKU-1010,Desk Lamp LED,Furniture,2,577.04,direct
00001500,27.02.2025,C1152,Kjærstad Utstyr,SKU-1010,Desk Lamp LED,Furniture,11,570.10,direct
00001501,19.02.2025,C1133,Väisänen Kaluste,SKU-1003,Monitor Arm Dual,Accessories,12,999.79,partner
00001502,07.05.2025,C1312,Jyllands Inventar,SKU-1004,Mechanical Keyboard,Peripherals,7,1153.34,direct
00001503,09.07.2024,C1197,Jyllands Inventar,SKU-1005,27in 4K Monitor,Displays,7,4758.61,online
00001504,15.05.2024,C1249,Møller Innredning,SKU-1001,Ergonomic Desk Chair,Furniture,2,2188.41,retail
00001505,13.11.2025,C1247,Ålesund Kontor,SKU-1008,Laptop Stand Aluminium,Accessories,1,726.40,direct
00001506,06.04.2024,C1276,Hämäläinen Oy,SKU-1002,Standing Desk 140cm,Furniture,5,4861.66,retail
00001507,06.05.2024,C1212,Nordström Handel,SKU-1005,27in 4K Monitor,Displays,12,4199.99,online
00001508,08.12.2025,C1076,Dansk Kontormiljø,SKU-1009,Webcam 1080p,Peripherals,5,739.35,retail
00001509,28.05.2025,C1234,Väisänen Kaluste,SKU-1007,Noise Cancelling Headset,Peripherals,9,2314.63,direct
00001510,02.08.2025,C1194,Dansk Kontormiljø,SKU-1002,Standing Desk 140cm,Furniture,5,5595.19,retail
00001511,10.06.2024,C1374,Väisänen Kaluste,SKU-1006,USB-C Dock,Accessories,10,1949.68,direct
00001512,09.12.2024,C1022,Jyllands Inventar,SKU-1009,Webcam 1080p,Peripherals,10,791.04,retail
00001513,15.08.2024,C1146,Trondheim Utstyr,SKU-1004,Mechanical Keyboard,Peripherals,1,1280.57,retail
00001514,26.01.2024,C1332,Møller Innredning,SKU-1002,Standing Desk 140cm,Furniture,3,5151.25,online
00001515,10.08.2025,C1169,Ålesund Kontor,SKU-1009,Webcam 1080p,Peripherals,11,747.86,online
00001516,20.04.2025,C1078,Møller Innredning,SKU-1010,Desk Lamp LED,Furniture,11,590.58,NULL
00001517,02.06.2024,C1113,Søndergaard A/S,SKU-1001,Ergonomic Desk Chair,Furniture,4,2569.90,partner
00001518,03.10.2025,C1391,Trondheim Utstyr,SKU-1002,Standing Desk 140cm,Furniture,2,5913.40,direct
00001519,10.06.2024,C1224,Uppsala Interiör,SKU-1004,Mechanical Keyboard,Peripherals,9,1135.42,direct
00001520,08.01.2024,C1325,Mäkinen Toimisto,SKU-1008,Laptop Stand Aluminium,Accessories,9,591.21,online
00001521,21.02.2025,C1168,Ålesund Kontor,SKU-1003,Monitor Arm Dual,Accessories,10,972.72,partner
00001522,12.12.2024,C1235,Kärkkäinen Oy,SKU-1005,27in 4K Monitor,Displays,11,4311.58,online
00001523,24.06.2025,C1033,Mäkinen Toimisto,SKU-1001,Ergonomic Desk Chair,Furniture,7,2056.72,partner
00001524,20.12.2025,C1224,Møller Innredning,SKU-1010,Desk Lamp LED,Furniture,10,533.67,retail
00001525,11.01.2024,C1388,Lindqvist AB,SKU-1003,Monitor Arm Dual,Accessories,10,773.31,partner
00001526,23.10.2024,C1043,Ålesund Kontor,SKU-1004,Mechanical Keyboard,Peripherals,11,1018.78,retail
00001527,22.01.2024,C1320,Väisänen Kaluste,SKU-1008,Laptop Stand Aluminium,Accessories,10,715.42,retail
00001528,16.10.2024,C1144,Søndergaard A/S,SKU-1008,Laptop Stand Aluminium,Accessories,5,609.24,online
00001529,07.08.2025,C1285,Lindqvist AB,SKU-1008,Laptop Stand Aluminium,Accessories,2,657.39,online
00001530,24.04.2024,C1209,Bergström & Söner,SKU-1009,Webcam 1080p,Peripherals,5,815.07,direct
00001531,02.07.2024,C1139,Nordström Handel,SKU-1010,Desk Lamp LED,Furniture,4,592.00,partner
00001532,03.09.2024,C1259,Ålesund Kontor,SKU-1002,Standing Desk 140cm,Furniture,11,4782.92,online
00001533,09.05.2025,C1364,Mäkinen Toimisto,SKU-1008,Laptop Stand Aluminium,Accessories,1,685.34,retail
00001534,28.06.2024,C1212,Väisänen Kaluste,SKU-1001,Ergonomic Desk Chair,Furniture,4,2707.58,partner
00001535,30.06.2025,C1107,Hämäläinen Oy,SKU-1002,Standing Desk 140cm,Furniture,12,4981.79,retail
00001536,01.05.2024,C1210,Mäkinen Toimisto,SKU-1007,Noise Cancelling Headset,Peripherals,4,2110.72,partner
00001537,05.05.2025,C1054,Rødvig Møbler,SKU-1007,Noise Cancelling Headset,Peripherals,7,1958.06,online
00001538,01.03.2024,C1091,Ålesund Kontor,SKU-1010,Desk Lamp LED,Furniture,1,457.67,partner
00001539,10.04.2024,C1282,Hämäläinen Oy,SKU-1009,Webcam 1080p,Peripherals,11,823.32,retail
00001540,14.05.2024,C1097,Hämäläinen Oy,SKU-1002,Standing Desk 140cm,Furniture,1,5019.01,online
00001541,05.06.2025,C1083,Lindqvist AB,SKU-1006,USB-C Dock,Accessories,11,1997.63,retail
00001542,10.12.2025,C1124,Väisänen Kaluste,SKU-1005,27in 4K Monitor,Displays,1,4750.35,direct
00001543,08.02.2025,C1025,Møller Innredning,SKU-1004,Mechanical Keyboard,Peripherals,2,1259.35,direct
00001544,25.06.2025,C1324,Kärkkäinen Oy,SKU-1002,Standing Desk 140cm,Furniture,7,4700.91,direct
00001545,12.07.2025,C1039,Rødvig Møbler,SKU-1009,Webcam 1080p,Peripherals,11,887.25,online
00001546,16.02.2024,C1178,Bergström & Söner,SKU-1005,27in 4K Monitor,Displays,8,4227.28,retail
00001547,04.10.2025,C1284,Lindqvist AB,SKU-1005,27in 4K Monitor,Displays,8,3657.16,online
00001548,22.12.2025,C1040,Mäkinen Toimisto,SKU-1009,Webcam 1080p,Peripherals,3,713.44,online
00001549,04.11.2024,C1377,Søndergaard A/S,SKU-1005,27in 4K Monitor,Displays,11,3774.14,retail
00001550,29.06.2025,C1320,Mäkinen Toimisto,SKU-1005,27in 4K Monitor,Displays,5,4386.54,NULL
00001551,17.01.2024,C1389,Lindqvist AB,SKU-1006,USB-C Dock,Accessories,10,1645.17,retail
00001552,15.09.2025,C1115,Søndergaard A/S,SKU-1010,Desk Lamp LED,Furniture,8,554.34,partner
00001553,07.01.2025,C1045,Bergström & Söner,SKU-1006,USB-C Dock,Accessories,1,1542.10,online
00001554,13.03.2024,C1244,Lindqvist AB,SKU-1001,Ergonomic Desk Chair,Furniture,-2,2658.43,direct
00001555,01.10.2024,C1211,Mäkinen Toimisto,SKU-1002,Standing Desk 140cm,Furniture,7,5047.02,online
00001556,12.11.2024,C1393,Bergström & Söner,SKU-1001,Ergonomic Desk Chair,Furniture,10,2131.06,NULL
00001557,19.08.2024,C1399,Kärkkäinen Oy,SKU-1009,Webcam 1080p,Peripherals,7,804.42,partner
00001558,12.11.2024,C1255,Uppsala Interiör,SKU-1005,27in 4K Monitor,Displays,1,4222.51,online
00001559,19.07.2024,C1332,Dansk Kontormiljø,SKU-1002,Standing Desk 140cm,Furniture,4,5059.48,online
00001560,08.01.2024,C1338,Kärkkäinen Oy,SKU-1001,Ergonomic Desk Chair,Furniture,12,2093.55,partner
00001561,17.07.2024,C1034,Lindqvist AB,SKU-1002,Standing Desk 140cm,Furniture,8,4665.81,retail
00001562,23.06.2025,C1192,Søndergaard A/S,SKU-1008,Laptop Stand Aluminium,Accessories,1,618.95,direct
00001563,22.07.2025,C1294,Rødvig Møbler,SKU-1003,Monitor Arm Dual,Accessories,2,968.44,partner
00001564,01.11.2025,C1026,Mäkinen Toimisto,SKU-1009,Webcam 1080p,Peripherals,5,878.90,direct
00001565,11.06.2024,C1213,Väisänen Kaluste,SKU-1001,Ergonomic Desk Chair,Furniture,6,2103.61,direct
00001566,13.04.2024,C1348,Jyllands Inventar,SKU-1006,USB-C Dock,Accessories,7,1851.30,partner
00001567,14.04.2025,C1395,Ålesund Kontor,SKU-1007,Noise Cancelling Headset,Peripherals,7,1844.93,retail
00001568,17.04.2024,C1267,Lindqvist AB,SKU-1002,Standing Desk 140cm,Furniture,3,5190.87,partner
00001569,08.03.2025,C1251,Kjærstad Utstyr,SKU-1009,Webcam 1080p,Peripherals,10,748.93,direct
00001570,19.12.2024,C1235,Jyllands Inventar,SKU-1003,Monitor Arm Dual,Accessories,6,847.03,retail
00001571,31.08.2024,C1096,Hämäläinen Oy,SKU-1006,USB-C Dock,Accessories,1,1968.22,partner
00001572,31.05.2025,C1220,Rødvig Møbler,SKU-1009,Webcam 1080p,Peripherals,1,760.76,retail
00001573,29.08.2025,C1308,Trondheim Utstyr,SKU-1005,27in 4K Monitor,Displays,4,3842.13,partner
00001574,07.12.2025,C1001,Bergström & Söner,SKU-1004,Mechanical Keyboard,Peripherals,3,1020.24,online
00001575,10.01.2024,C1289,Lindqvist AB,SKU-1004,Mechanical Keyboard,Peripherals,10,1262.61,partner
00001576,06.03.2025,C1176,Mäkinen Toimisto,SKU-1001,Ergonomic Desk Chair,Furniture,1,2711.26,retail
00001577,06.12.2024,C1376,Lindqvist AB,SKU-1002,Standing Desk 140cm,Furniture,5,4949.06,online
00001578,04.09.2025,C1023,Väisänen Kaluste,SKU-1006,USB-C Dock,Accessories,8,1507.07,retail
00001579,31.07.2025,C1003,Kärkkäinen Oy,SKU-1003,Monitor Arm Dual,Accessories,11,952.87,direct
00001580,01.09.2025,C1390,Ålesund Kontor,SKU-1004,Mechanical Keyboard,Peripherals,7,1000.96,online
00001581,07.07.2025,C1096,Dansk Kontormiljø,SKU-1009,Webcam 1080p,Peripherals,7,787.17,online
00001582,26.02.2025,C1358,Rødvig Møbler,SKU-1007,Noise Cancelling Headset,Peripherals,10,2046.24,direct
00001583,11.04.2025,C1363,Uppsala Interiör,SKU-1008,Laptop Stand Aluminium,Accessories,11,714.01,partner
00001584,07.08.2025,C1361,Mäkinen Toimisto,SKU-1003,Monitor Arm Dual,Accessories,10,1002.92,online
00001585,25.12.2025,C1276,Uppsala Interiör,SKU-1007,Noise Cancelling Headset,Peripherals,10,2323.40,retail
00001586,16.06.2024,C1227,Trondheim Utstyr,SKU-1005,27in 4K Monitor,Displays,2,3987.59,retail
00001587,28.04.2025,C1172,Väisänen Kaluste,SKU-1006,USB-C Dock,Accessories,1,1909.94,retail
00001588,01.07.2025,C1041,Dansk Kontormiljø,SKU-1006,USB-C Dock,Accessories,7,1642.53,direct
00001589,13.04.2024,C1115,Ålesund Kontor,SKU-1009,Webcam 1080p,Peripherals,10,865.16,online
00001590,23.03.2024,C1152,Kjærstad Utstyr,SKU-1009,Webcam 1080p,Peripherals,8,878.50,retail
00001591,03.11.2025,C1275,Mäkinen Toimisto,SKU-1002,Standing Desk 140cm,Furniture,4,5392.53,online
00001592,17.03.2024,C1159,Lindqvist AB,SKU-1009,Webcam 1080p,Peripherals,12,818.32,partner
00001593,04.12.2025,C1372,Rødvig Møbler,SKU-1007,Noise Cancelling Headset,Peripherals,3,2120.76,partner
00001594,08.05.2025,C1116,Søndergaard A/S,SKU-1008,Laptop Stand Aluminium,Accessories,3,671.33,retail
00001595,22.11.2024,C1397,Mäkinen Toimisto,SKU-1009,Webcam 1080p,Peripherals,11,719.60,partner
00001596,11.09.2024,C1389,Kjærstad Utstyr,SKU-1007,Noise Cancelling Headset,Peripherals,11,2291.19,retail
00001597,31.01.2025,C1287,Jyllands Inventar,SKU-1001,Ergonomic Desk Chair,Furniture,10,2729.99,retail
00001598,28.02.2024,C1400,Trondheim Utstyr,SKU-1008,Laptop Stand Aluminium,Accessories,8,671.74,retail
00001599,07.08.2025,C1312,Kärkkäinen Oy,SKU-1010,Desk Lamp LED,Furniture,10,577.78,direct
00001600,11.08.2025,C1190,Ålesund Kontor,SKU-1008,Laptop Stand Aluminium,Accessories,7,547.68,retail
00001601,15.06.2024,C1163,Trondheim Utstyr,SKU-1001,Ergonomic Desk Chair,Furniture,4,2292.79,direct
00001602,02.10.2025,C1304,Nordström Handel,SKU-1003,Monitor Arm Dual,Accessories,2,1022.30,online
00001603,27.08.2025,C1359,Väisänen Kaluste,SKU-1009,Webcam 1080p,Peripherals,1,840.40,partner
00001604,31.10.2024,C1140,Bergström & Söner,SKU-1001,Ergonomic Desk Chair,Furniture,1,2590.91,partner
00001605,18.01.2025,C1372,Uppsala Interiör,SKU-1007,Noise Cancelling Headset,Peripherals,7,1811.00,online
00001606,10.07.2024,C1011,Kjærstad Utstyr,SKU-1008,Laptop Stand Aluminium,Accessories,6,697.97,retail
00001607,28.07.2025,C1108,Lindqvist AB,SKU-1008,Laptop Stand Aluminium,Accessories,6,578.34,partner
00001608,04.05.2025,C1362,Dansk Kontormiljø,SKU-1004,Mechanical Keyboard,Peripherals,-3,1055.76,retail
00001609,12.10.2024,C1265,Rødvig Møbler,SKU-1008,Laptop Stand Aluminium,Accessories,-1,573.31,online
00001610,09.01.2025,C1215,Trondheim Utstyr,SKU-1004,Mechanical Keyboard,Peripherals,11,1296.10,direct
00001611,12.07.2025,C1166,Rødvig Møbler,SKU-1010,Desk Lamp LED,Furniture,5,502.52,online
00001612,16.10.2024,C1079,Jyllands Inventar,SKU-1005,27in 4K Monitor,Displays,2,4033.66,retail
00001613,19.10.2024,C1223,Hämäläinen Oy,SKU-1008,Laptop Stand Aluminium,Accessories,8,710.70,partner
00001614,10.01.2025,C1044,Kjærstad Utstyr,SKU-1008,Laptop Stand Aluminium,Accessories,9,701.74,partner
00001615,05.07.2025,C1348,Møller Innredning,SKU-1003,Monitor Arm Dual,Accessories,8,827.35,partner
00001616,17.06.2025,C1251,Rødvig Møbler,SKU-1002,Standing Desk 140cm,Furniture,7,4706.40,partner
00001617,06.02.2025,C1123,Kärkkäinen Oy,SKU-1002,Standing Desk 140cm,Furniture,2,5169.65,retail
00001618,11.05.2025,C1225,Mäkinen Toimisto,SKU-1005,27in 4K Monitor,Displays,5,4272.19,direct
00001619,20.03.2024,C1009,Rødvig Møbler,SKU-1007,Noise Cancelling Headset,Peripherals,4,2200.13,retail
00001620,02.07.2024,C1254,Trondheim Utstyr,SKU-1009,Webcam 1080p,Peripherals,9,844.60,direct
00001621,18.06.2025,C1342,Dansk Kontormiljø,SKU-1001,Ergonomic Desk Chair,Furniture,7,2403.97,direct
00001622,04.12.2024,C1351,Lindqvist AB,SKU-1005,27in 4K Monitor,Displays,12,4882.61,partner
00001623,27.05.2024,C1035,Dansk Kontormiljø,SKU-1008,Laptop Stand Aluminium,Accessories,9,621.46,online
00001624,18.02.2025,C1162,Ålesund Kontor,SKU-1005,27in 4K Monitor,Displays,7,4340.34,partner
00001625,14.03.2024,C1346,Søndergaard A/S,SKU-1004,Mechanical Keyboard,Peripherals,2,1078.61,online
00001626,18.02.2024,C1272,Jyllands Inventar,SKU-1010,Desk Lamp LED,Furniture,9,517.55,direct
00001627,23.02.2025,C1027,Ålesund Kontor,SKU-1006,USB-C Dock,Accessories,2,1620.57,direct
00001628,28.02.2025,C1237,Nordström Handel,SKU-1001,Ergonomic Desk Chair,Furniture,12,2210.59,retail
00001629,31.01.2025,C1157,Bergström & Söner,SKU-1006,USB-C Dock,Accessories,6,1574.10,online
00001630,06.06.2024,C1352,Hämäläinen Oy,SKU-1005,27in 4K Monitor,Displays,7,4137.53,direct
00001631,19.07.2024,C1162,Ålesund Kontor,SKU-1009,Webcam 1080p,Peripherals,8,889.53,direct
00001632,03.07.2024,C1081,Uppsala Interiör,SKU-1009,Webcam 1080p,Peripherals,4,883.12,retail
00001633,02.03.2024,C1073,Bergström & Söner,SKU-1002,Standing Desk 140cm,Furniture,4,5200.76,partner
00001634,30.06.2025,C1130,Uppsala Interiör,SKU-1010,Desk Lamp LED,Furniture,9,554.29,partner
00001635,24.10.2024,C1351,Rødvig Møbler,SKU-1006,USB-C Dock,Accessories,6,1742.59,online
00001636,11.07.2024,C1065,Bergström & Söner,SKU-1009,Webcam 1080p,Peripherals,3,804.90,online
00001637,25.09.2024,C1319,Søndergaard A/S,SKU-1007,Noise Cancelling Headset,Peripherals,7,2242.63,partner
00001638,03.02.2025,C1307,Trondheim Utstyr,SKU-1010,Desk Lamp LED,Furniture,9,523.80,online
00001639,19.11.2024,C1261,Kärkkäinen Oy,SKU-1003,Monitor Arm Dual,Accessories,10,877.49,partner
00001640,13.07.2024,C1238,Nordström Handel,SKU-1007,Noise Cancelling Headset,Peripherals,3,2352.45,online
00001641,10.10.2024,C1178,Lindqvist AB,SKU-1005,27in 4K Monitor,Displays,5,4442.10,retail
00001642,31.10.2024,C1239,Rødvig Møbler,SKU-1007,Noise Cancelling Headset,Peripherals,7,1802.70,retail
00001643,19.02.2025,C1368,Väisänen Kaluste,SKU-1007,Noise Cancelling Headset,Peripherals,3,2053.18,direct
00001644,05.09.2024,C1042,Møller Innredning,SKU-1003,Monitor Arm Dual,Accessories,5,836.74,NULL
00001645,25.06.2024,C1234,Mäkinen Toimisto,SKU-1003,Monitor Arm Dual,Accessories,11,911.15,online
00001646,22.03.2024,C1073,Møller Innredning,SKU-1010,Desk Lamp LED,Furniture,1,456.36,retail
00001647,21.05.2024,C1330,Hämäläinen Oy,SKU-1003,Monitor Arm Dual,Accessories,2,782.22,retail
00001648,24.10.2024,C1055,Dansk Kontormiljø,SKU-1004,Mechanical Keyboard,Peripherals,7,988.56,partner
00001649,04.07.2025,C1231,Trondheim Utstyr,SKU-1003,Monitor Arm Dual,Accessories,4,756.83,direct
00001650,29.07.2024,C1090,Kjærstad Utstyr,SKU-1006,USB-C Dock,Accessories,2,1881.72,direct
00001651,20.04.2025,C1260,Mäkinen Toimisto,SKU-1001,Ergonomic Desk Chair,Furniture,8,2587.30,online
00001652,28.06.2025,C1158,Jyllands Inventar,SKU-1003,Monitor Arm Dual,Accessories,7,825.01,NULL
00001653,01.08.2024,C1071,Rødvig Møbler,SKU-1004,Mechanical Keyboard,Peripherals,2,1259.38,online
00001654,05.09.2024,C1228,Jyllands Inventar,SKU-1009,Webcam 1080p,Peripherals,11,852.77,direct
00001655,04.07.2025,C1089,Bergström & Söner,SKU-1004,Mechanical Keyboard,Peripherals,1,1166.55,direct
00001656,12.07.2025,C1076,Møller Innredning,SKU-1005,27in 4K Monitor,Displays,6,4445.47,partner
00001657,22.03.2024,C1076,Hämäläinen Oy,SKU-1004,Mechanical Keyboard,Peripherals,2,1212.22,partner
00001658,23.09.2025,C1086,Rødvig Møbler,SKU-1009,Webcam 1080p,Peripherals,9,708.74,retail
00001659,03.12.2024,C1239,Lindqvist AB,SKU-1008,Laptop Stand Aluminium,Accessories,9,565.33,direct
00001660,21.12.2025,C1345,Kjærstad Utstyr,SKU-1008,Laptop Stand Aluminium,Accessories,1,703.67,partner
00001661,25.04.2025,C1166,Uppsala Interiör,SKU-1005,27in 4K Monitor,Displays,12,4042.57,retail
00001662,11.12.2025,C1212,Trondheim Utstyr,SKU-1002,Standing Desk 140cm,Furniture,4,5003.23,online
00001663,31.01.2025,C1151,Väisänen Kaluste,SKU-1002,Standing Desk 140cm,Furniture,11,4885.63,direct
00001664,25.06.2025,C1146,Hämäläinen Oy,SKU-1004,Mechanical Keyboard,Peripherals,10,1310.91,online
00001665,20.12.2024,C1284,Hämäläinen Oy,SKU-1002,Standing Desk 140cm,Furniture,1,4442.72,direct
00001666,29.04.2025,C1179,Nordström Handel,SKU-1003,Monitor Arm Dual,Accessories,7,806.55,online
00001667,09.11.2024,C1094,Ålesund Kontor,SKU-1008,Laptop Stand Aluminium,Accessories,11,573.69,retail
00001668,15.06.2024,C1264,Lindqvist AB,SKU-1003,Monitor Arm Dual,Accessories,4,873.68,direct
00001669,14.10.2025,C1157,Trondheim Utstyr,SKU-1004,Mechanical Keyboard,Peripherals,7,1299.65,retail
00001670,28.12.2025,C1317,Lindqvist AB,SKU-1007,Noise Cancelling Headset,Peripherals,11,1982.12,retail
00001671,13.08.2024,C1381,Søndergaard A/S,SKU-1010,Desk Lamp LED,Furniture,7,569.51,partner
00001672,28.01.2024,C1088,Bergström & Söner,SKU-1007,Noise Cancelling Headset,Peripherals,3,1994.99,retail
00001673,05.01.2024,C1020,Møller Innredning,SKU-1002,Standing Desk 140cm,Furniture,9,5490.90,online
00001674,19.06.2024,C1021,Søndergaard A/S,SKU-1003,Monitor Arm Dual,Accessories,1,791.55,partner
00001675,25.10.2024,C1217,Dansk Kontormiljø,SKU-1007,Noise Cancelling Headset,Peripherals,1,2117.85,retail
00001676,04.04.2024,C1146,Trondheim Utstyr,SKU-1008,Laptop Stand Aluminium,Accessories,2,546.98,online
00001677,20.09.2025,C1369,Ålesund Kontor,SKU-1005,27in 4K Monitor,Displays,8,4812.04,retail
00001678,04.03.2025,C1165,Nordström Handel,SKU-1008,Laptop Stand Aluminium,Accessories,4,695.78,direct
00001679,18.04.2025,C1367,Jyllands Inventar,SKU-1009,Webcam 1080p,Peripherals,9,780.62,retail
00001680,10.03.2025,C1010,Søndergaard A/S,SKU-1003,Monitor Arm Dual,Accessories,8,809.06,partner
00001681,14.12.2024,C1007,Dansk Kontormiljø,SKU-1001,Ergonomic Desk Chair,Furniture,3,2687.79,online
00001682,03.03.2024,C1353,Hämäläinen Oy,SKU-1003,Monitor Arm Dual,Accessories,12,979.52,online
00001683,15.09.2025,C1131,Väisänen Kaluste,SKU-1005,27in 4K Monitor,Displays,2,4872.41,direct
00001684,10.02.2025,C1395,Kärkkäinen Oy,SKU-1005,27in 4K Monitor,Displays,7,4143.78,direct
00001685,08.11.2024,C1004,Lindqvist AB,SKU-1010,Desk Lamp LED,Furniture,2,553.43,retail
00001686,30.03.2025,C1134,Rødvig Møbler,SKU-1001,Ergonomic Desk Chair,Furniture,12,2587.23,direct
00001687,01.05.2025,C1123,Kjærstad Utstyr,SKU-1009,Webcam 1080p,Peripherals,5,685.84,online
00001688,09.11.2025,C1350,Søndergaard A/S,SKU-1003,Monitor Arm Dual,Accessories,3,949.68,online
00001689,19.10.2025,C1373,Møller Innredning,SKU-1008,Laptop Stand Aluminium,Accessories,7,717.48,online
00001690,09.10.2024,C1060,Trondheim Utstyr,SKU-1004,Mechanical Keyboard,Peripherals,5,1017.38,direct
00001691,23.03.2025,C1040,Nordström Handel,SKU-1007,Noise Cancelling Headset,Peripherals,6,2414.51,retail
00001692,05.05.2024,C1271,Dansk Kontormiljø,SKU-1001,Ergonomic Desk Chair,Furniture,1,2470.89,online
00001693,08.08.2024,C1320,Rødvig Møbler,SKU-1005,27in 4K Monitor,Displays,8,3962.97,partner
00001694,11.05.2024,C1202,Dansk Kontormiljø,SKU-1009,Webcam 1080p,Peripherals,11,729.73,online
00001695,25.12.2024,C1346,Nordström Handel,SKU-1002,Standing Desk 140cm,Furniture,6,4962.32,retail
00001696,16.04.2025,C1168,Ålesund Kontor,SKU-1009,Webcam 1080p,Peripherals,8,843.72,online
00001697,18.07.2025,C1069,Rødvig Møbler,SKU-1002,Standing Desk 140cm,Furniture,9,4768.46,direct
00001698,19.09.2024,C1198,Väisänen Kaluste,SKU-1001,Ergonomic Desk Chair,Furniture,11,2242.23,NULL
00001699,07.09.2024,C1259,Hämäläinen Oy,SKU-1002,Standing Desk 140cm,Furniture,11,5265.01,partner
00001700,19.08.2024,C1082,Dansk Kontormiljø,SKU-1002,Standing Desk 140cm,Furniture,9,4696.07,partner
00001701,04.04.2025,C1127,Søndergaard A/S,SKU-1006,USB-C Dock,Accessories,8,1734.22,direct
00001702,15.02.2025,C1022,Hämäläinen Oy,SKU-1001,Ergonomic Desk Chair,Furniture,2,2300.17,partner
00001703,26.08.2024,C1040,Nordström Handel,SKU-1010,Desk Lamp LED,Furniture,8,515.79,online
00001704,17.11.2024,C1214,Lindqvist AB,SKU-1007,Noise Cancelling Headset,Peripherals,3,2087.71,direct
00001705,01.02.2025,C1005,Hämäläinen Oy,SKU-1001,Ergonomic Desk Chair,Furniture,5,2352.23,direct
00001706,23.07.2025,C1095,Møller Innredning,SKU-1007,Noise Cancelling Headset,Peripherals,2,2249.32,retail
00001707,12.08.2024,C1184,Søndergaard A/S,SKU-1001,Ergonomic Desk Chair,Furniture,8,2350.16,retail
00001708,08.12.2025,C1193,Rødvig Møbler,SKU-1010,Desk Lamp LED,Furniture,8,596.23,retail
00001709,28.05.2025,C1322,Jyllands Inventar,SKU-1005,27in 4K Monitor,Displays,10,4873.22,retail
00001710,23.11.2024,C1331,Dansk Kontormiljø,SKU-1009,Webcam 1080p,Peripherals,11,817.27,direct
00001711,28.08.2025,C1195,Kärkkäinen Oy,SKU-1004,Mechanical Keyboard,Peripherals,5,1205.06,online
00001712,04.08.2025,C1389,Møller Innredning,SKU-1003,Monitor Arm Dual,Accessories,1,977.40,partner
00001713,21.07.2024,C1179,Nordström Handel,SKU-1006,USB-C Dock,Accessories,9,1516.10,direct
00001714,17.09.2024,C1381,Mäkinen Toimisto,SKU-1006,USB-C Dock,Accessories,7,1988.34,retail
00001715,24.10.2024,C1285,Søndergaard A/S,SKU-1001,Ergonomic Desk Chair,Furniture,9,2646.83,retail
00001716,08.04.2025,C1226,Rødvig Møbler,SKU-1010,Desk Lamp LED,Furniture,3,596.21,partner
00001717,11.07.2024,C1070,Bergström & Söner,SKU-1001,Ergonomic Desk Chair,Furniture,8,2533.62,retail
00001718,17.05.2025,C1231,Ålesund Kontor,SKU-1007,Noise Cancelling Headset,Peripherals,11,2351.12,retail
00001719,18.05.2025,C1112,Jyllands Inventar,SKU-1001,Ergonomic Desk Chair,Furniture,4,2165.65,retail
00001720,24.09.2024,C1054,Trondheim Utstyr,SKU-1008,Laptop Stand Aluminium,Accessories,5,689.32,retail
00001721,04.03.2024,C1014,Lindqvist AB,SKU-1009,Webcam 1080p,Peripherals,5,664.35,retail
00001722,15.10.2025,C1086,Ålesund Kontor,SKU-1004,Mechanical Keyboard,Peripherals,4,1266.67,partner
00001723,10.09.2024,C1394,Kjærstad Utstyr,SKU-1009,Webcam 1080p,Peripherals,-1,681.65,retail
00001724,20.03.2024,C1297,Møller Innredning,SKU-1006,USB-C Dock,Accessories,11,1941.31,direct
00001725,04.04.2025,C1363,Jyllands Inventar,SKU-1008,Laptop Stand Aluminium,Accessories,3,591.96,NULL
00001726,13.11.2024,C1218,Ålesund Kontor,SKU-1006,USB-C Dock,Accessories,7,1871.50,partner
00001727,10.02.2025,C1168,Uppsala Interiör,SKU-1009,Webcam 1080p,Peripherals,12,711.29,partner
00001728,27.08.2025,C1053,Mäkinen Toimisto,SKU-1008,Laptop Stand Aluminium,Accessories,1,664.87,direct
00001729,16.01.2024,C1261,Søndergaard A/S,SKU-1002,Standing Desk 140cm,Furniture,10,5470.35,online
00001730,08.03.2025,C1062,Trondheim Utstyr,SKU-1009,Webcam 1080p,Peripherals,3,750.95,direct
00001731,30.11.2025,C1315,Ålesund Kontor,SKU-1009,Webcam 1080p,Peripherals,2,757.34,direct
00001732,13.04.2025,C1231,Lindqvist AB,SKU-1010,Desk Lamp LED,Furniture,10,555.68,direct
00001733,30.10.2024,C1275,Jyllands Inventar,SKU-1007,Noise Cancelling Headset,Peripherals,6,2355.22,partner
00001734,06.09.2025,C1237,Trondheim Utstyr,SKU-1010,Desk Lamp LED,Furniture,8,590.75,direct
00001735,03.10.2025,C1259,Lindqvist AB,SKU-1008,Laptop Stand Aluminium,Accessories,4,696.12,retail
00001736,21.06.2025,C1068,Rødvig Møbler,SKU-1008,Laptop Stand Aluminium,Accessories,6,700.47,online
00001737,01.09.2024,C1142,Uppsala Interiör,SKU-1008,Laptop Stand Aluminium,Accessories,4,587.00,partner
00001738,29.07.2025,C1256,Dansk Kontormiljø,SKU-1002,Standing Desk 140cm,Furniture,11,5097.05,partner
00001739,11.07.2025,C1188,Kärkkäinen Oy,SKU-1008,Laptop Stand Aluminium,Accessories,1,667.80,direct
00001740,24.03.2024,C1235,Rødvig Møbler,SKU-1001,Ergonomic Desk Chair,Furniture,12,2298.77,online
00001741,10.06.2025,C1224,Kjærstad Utstyr,SKU-1002,Standing Desk 140cm,Furniture,4,5415.57,retail
00001742,25.08.2025,C1336,Hämäläinen Oy,SKU-1003,Monitor Arm Dual,Accessories,12,1008.13,partner
00001743,08.06.2025,C1267,Rødvig Møbler,SKU-1008,Laptop Stand Aluminium,Accessories,7,585.85,direct
00001744,11.03.2024,C1355,Lindqvist AB,SKU-1001,Ergonomic Desk Chair,Furniture,8,2459.12,direct
00001745,20.12.2024,C1379,Mäkinen Toimisto,SKU-1003,Monitor Arm Dual,Accessories,4,929.84,online
00001746,18.05.2025,C1158,Uppsala Interiör,SKU-1005,27in 4K Monitor,Displays,5,4381.22,retail
00001747,07.05.2024,C1057,Uppsala Interiör,SKU-1009,Webcam 1080p,Peripherals,5,755.90,online
00001748,22.08.2025,C1193,Søndergaard A/S,SKU-1005,27in 4K Monitor,Displays,10,4062.89,partner
00001749,18.02.2024,C1315,Kärkkäinen Oy,SKU-1004,Mechanical Keyboard,Peripherals,7,1249.21,retail
00001750,05.02.2025,C1233,Kjærstad Utstyr,SKU-1007,Noise Cancelling Headset,Peripherals,3,2275.99,partner
00001751,11.11.2025,C1252,Nordström Handel,SKU-1001,Ergonomic Desk Chair,Furniture,9,2158.05,retail
00001752,11.02.2025,C1217,Uppsala Interiör,SKU-1004,Mechanical Keyboard,Peripherals,3,1105.90,retail
00001753,21.04.2025,C1060,Uppsala Interiör,SKU-1002,Standing Desk 140cm,Furniture,11,4539.53,retail
00001754,09.08.2025,C1306,Kjærstad Utstyr,SKU-1001,Ergonomic Desk Chair,Furniture,5,2555.38,retail
00001755,17.07.2025,C1342,Lindqvist AB,SKU-1008,Laptop Stand Aluminium,Accessories,2,710.35,online
00001756,19.08.2025,C1331,Dansk Kontormiljø,SKU-1003,Monitor Arm Dual,Accessories,2,1021.47,retail
00001757,21.04.2024,C1324,Bergström & Söner,SKU-1006,USB-C Dock,Accessories,1,1651.53,direct
00001758,24.12.2025,C1131,Bergström & Söner,SKU-1004,Mechanical Keyboard,Peripherals,5,1314.40,partner
00001759,06.07.2024,C1126,Rødvig Møbler,SKU-1007,Noise Cancelling Headset,Peripherals,6,1991.43,partner
00001760,04.11.2024,C1381,Bergström & Söner,SKU-1006,USB-C Dock,Accessories,10,1904.25,partner
00001761,26.01.2025,C1102,Søndergaard A/S,SKU-1007,Noise Cancelling Headset,Peripherals,7,2219.86,direct
00001762,02.04.2025,C1150,Kärkkäinen Oy,SKU-1005,27in 4K Monitor,Displays,9,3679.61,online
00001763,29.10.2025,C1000,Bergström & Söner,SKU-1006,USB-C Dock,Accessories,3,1653.96,retail
00001764,21.01.2024,C1201,Jyllands Inventar,SKU-1007,Noise Cancelling Headset,Peripherals,6,1948.58,direct
00001765,31.07.2024,C1135,Bergström & Söner,SKU-1008,Laptop Stand Aluminium,Accessories,8,563.02,partner
00001766,14.07.2025,C1221,Kärkkäinen Oy,SKU-1006,USB-C Dock,Accessories,3,1937.06,retail
00001767,18.01.2024,C1342,Kärkkäinen Oy,SKU-1006,USB-C Dock,Accessories,4,1500.37,online
00001768,10.10.2024,C1020,Dansk Kontormiljø,SKU-1006,USB-C Dock,Accessories,12,1925.07,online
00001769,17.02.2025,C1186,Ålesund Kontor,SKU-1010,Desk Lamp LED,Furniture,3,482.17,online
00001770,25.09.2025,C1335,Ålesund Kontor,SKU-1003,Monitor Arm Dual,Accessories,8,765.72,online
00001771,12.06.2025,C1135,Trondheim Utstyr,SKU-1007,Noise Cancelling Headset,Peripherals,5,1933.38,retail
00001772,24.10.2025,C1008,Hämäläinen Oy,SKU-1010,Desk Lamp LED,Furniture,9,566.93,retail
00001773,01.09.2024,C1290,Møller Innredning,SKU-1010,Desk Lamp LED,Furniture,2,575.98,online
00001774,17.05.2024,C1282,Jyllands Inventar,SKU-1007,Noise Cancelling Headset,Peripherals,3,2412.95,partner
00001775,12.12.2025,C1311,Kjærstad Utstyr,SKU-1008,Laptop Stand Aluminium,Accessories,12,565.34,partner
00001776,04.08.2024,C1001,Lindqvist AB,SKU-1010,Desk Lamp LED,Furniture,12,521.69,direct
00001777,04.08.2024,C1335,Kjærstad Utstyr,SKU-1003,Monitor Arm Dual,Accessories,4,786.58,partner
00001778,20.05.2025,C1230,Dansk Kontormiljø,SKU-1006,USB-C Dock,Accessories,2,1787.02,retail
00001779,07.04.2024,C1241,Møller Innredning,SKU-1010,Desk Lamp LED,Furniture,-3,568.32,online
00001780,01.08.2025,C1062,Søndergaard A/S,SKU-1004,Mechanical Keyboard,Peripherals,4,1220.09,online
00001781,26.12.2024,C1221,Kjærstad Utstyr,SKU-1006,USB-C Dock,Accessories,4,1683.50,direct
00001782,10.10.2025,C1011,Kärkkäinen Oy,SKU-1003,Monitor Arm Dual,Accessories,12,851.03,retail
00001783,12.11.2025,C1254,Bergström & Söner,SKU-1010,Desk Lamp LED,Furniture,5,565.77,direct
00001784,26.06.2024,C1039,Møller Innredning,SKU-1009,Webcam 1080p,Peripherals,3,805.71,partner
00001785,09.04.2024,C1204,Rødvig Møbler,SKU-1005,27in 4K Monitor,Displays,7,4703.46,direct
00001786,17.03.2025,C1328,Mäkinen Toimisto,SKU-1003,Monitor Arm Dual,Accessories,10,813.09,direct
00001787,22.05.2024,C1070,Kärkkäinen Oy,SKU-1004,Mechanical Keyboard,Peripherals,3,1033.52,online
00001788,07.08.2024,C1201,Bergström & Söner,SKU-1007,Noise Cancelling Headset,Peripherals,4,2333.55,online
00001789,19.05.2024,C1266,Trondheim Utstyr,SKU-1006,USB-C Dock,Accessories,5,1667.24,partner
00001790,21.04.2025,C1144,Bergström & Söner,SKU-1008,Laptop Stand Aluminium,Accessories,6,597.28,direct
00001791,04.01.2024,C1176,Uppsala Interiör,SKU-1007,Noise Cancelling Headset,Peripherals,5,1954.38,partner
00001792,24.12.2024,C1111,Kjærstad Utstyr,SKU-1001,Ergonomic Desk Chair,Furniture,7,2171.40,online
00001793,04.07.2025,C1386,Søndergaard A/S,SKU-1003,Monitor Arm Dual,Accessories,5,828.22,partner
00001794,22.11.2024,C1002,Uppsala Interiör,SKU-1006,USB-C Dock,Accessories,2,1795.79,direct
00001795,03.05.2024,C1380,Väisänen Kaluste,SKU-1006,USB-C Dock,Accessories,5,1863.92,direct
00001796,31.12.2025,C1000,Ålesund Kontor,SKU-1001,Ergonomic Desk Chair,Furniture,7,2289.32,direct
00001797,04.04.2025,C1227,Ålesund Kontor,SKU-1003,Monitor Arm Dual,Accessories,-1,932.55,partner
00001798,15.10.2024,C1265,Kärkkäinen Oy,SKU-1010,Desk Lamp LED,Furniture,5,516.24,online
00001799,02.12.2025,C1347,Søndergaard A/S,SKU-1007,Noise Cancelling Headset,Peripherals,2,2368.16,retail
00001800,27.07.2025,C1024,Kjærstad Utstyr,SKU-1006,USB-C Dock,Accessories,7,1869.77,retail
00001801,28.05.2025,C1263,Kjærstad Utstyr,SKU-1008,Laptop Stand Aluminium,Accessories,11,544.83,online
00001802,03.10.2025,C1058,Lindqvist AB,SKU-1001,Ergonomic Desk Chair,Furniture,10,2296.62,partner
00001803,17.05.2025,C1289,Bergström & Söner,SKU-1003,Monitor Arm Dual,Accessories,4,937.72,online
00001804,17.08.2025,C1066,Lindqvist AB,SKU-1001,Ergonomic Desk Chair,Furniture,12,2663.03,online
00001805,22.06.2024,C1245,Møller Innredning,SKU-1006,USB-C Dock,Accessories,-3,1967.17,partner
00001806,08.06.2025,C1269,Søndergaard A/S,SKU-1008,Laptop Stand Aluminium,Accessories,10,653.56,partner
00001807,04.08.2024,C1086,Jyllands Inventar,SKU-1010,Desk Lamp LED,Furniture,12,546.12,retail
00001808,18.07.2025,C1002,Uppsala Interiör,SKU-1004,Mechanical Keyboard,Peripherals,3,1080.88,direct
00001809,16.04.2024,C1251,Ålesund Kontor,SKU-1001,Ergonomic Desk Chair,Furniture,1,2595.98,partner
00001810,25.01.2025,C1006,Hämäläinen Oy,SKU-1001,Ergonomic Desk Chair,Furniture,7,2146.86,online
00001811,27.03.2024,C1399,Kjærstad Utstyr,SKU-1001,Ergonomic Desk Chair,Furniture,9,2721.17,online
00001812,23.01.2024,C1293,Uppsala Interiör,SKU-1009,Webcam 1080p,Peripherals,7,888.19,partner
00001813,28.03.2025,C1056,Hämäläinen Oy,SKU-1010,Desk Lamp LED,Furniture,5,458.04,retail
00001814,15.05.2025,C1127,Trondheim Utstyr,SKU-1004,Mechanical Keyboard,Peripherals,7,1295.27,online
00001815,22.01.2024,C1386,Ålesund Kontor,SKU-1006,USB-C Dock,Accessories,10,1835.59,online
00001816,17.06.2025,C1353,Rødvig Møbler,SKU-1006,USB-C Dock,Accessories,10,1753.22,partner
00001817,02.12.2025,C1352,Uppsala Interiör,SKU-1004,Mechanical Keyboard,Peripherals,12,1172.21,direct
00001818,03.11.2025,C1094,Väisänen Kaluste,SKU-1008,Laptop Stand Aluminium,Accessories,2,731.75,partner
00001819,18.11.2025,C1335,Trondheim Utstyr,SKU-1008,Laptop Stand Aluminium,Accessories,2,601.99,retail
00001820,26.03.2024,C1379,Nordström Handel,SKU-1001,Ergonomic Desk Chair,Furniture,8,2472.14,online
00001821,23.12.2024,C1319,Møller Innredning,SKU-1006,USB-C Dock,Accessories,4,1915.25,retail
00001822,12.12.2024,C1385,Bergström & Söner,SKU-1008,Laptop Stand Aluminium,Accessories,3,546.11,partner
00001823,23.10.2025,C1222,Jyllands Inventar,SKU-1006,USB-C Dock,Accessories,9,1976.24,online
00001824,08.07.2025,C1238,Nordström Handel,SKU-1002,Standing Desk 140cm,Furniture,11,5460.07,direct
00001825,28.04.2024,C1057,Väisänen Kaluste,SKU-1002,Standing Desk 140cm,Furniture,2,4647.41,NULL
00001826,28.12.2025,C1197,Väisänen Kaluste,SKU-1010,Desk Lamp LED,Furniture,12,539.34,partner
00001827,03.02.2025,C1216,Mäkinen Toimisto,SKU-1002,Standing Desk 140cm,Furniture,8,5034.51,retail
00001828,27.09.2024,C1011,Lindqvist AB,SKU-1005,27in 4K Monitor,Displays,4,4672.83,retail
00001829,20.04.2024,C1002,Jyllands Inventar,SKU-1010,Desk Lamp LED,Furniture,9,460.26,online
00001830,28.08.2024,C1081,Dansk Kontormiljø,SKU-1009,Webcam 1080p,Peripherals,3,859.03,partner
00001831,13.11.2025,C1263,Ålesund Kontor,SKU-1005,27in 4K Monitor,Displays,10,4060.37,direct
00001832,07.03.2024,C1230,Ålesund Kontor,SKU-1009,Webcam 1080p,Peripherals,11,863.94,partner
00001833,11.02.2024,C1328,Rødvig Møbler,SKU-1005,27in 4K Monitor,Displays,4,4374.88,partner
00001834,31.08.2025,C1104,Lindqvist AB,SKU-1006,USB-C Dock,Accessories,10,1767.77,partner
00001835,12.03.2024,C1017,Lindqvist AB,SKU-1010,Desk Lamp LED,Furniture,5,449.28,direct
00001836,09.09.2025,C1274,Rødvig Møbler,SKU-1010,Desk Lamp LED,Furniture,6,526.39,online
00001837,21.06.2024,C1199,Dansk Kontormiljø,SKU-1004,Mechanical Keyboard,Peripherals,2,1180.74,partner
00001838,21.12.2024,C1001,Väisänen Kaluste,SKU-1001,Ergonomic Desk Chair,Furniture,12,2074.69,retail
00001839,03.04.2025,C1056,Nordström Handel,SKU-1007,Noise Cancelling Headset,Peripherals,-1,1822.92,retail
00001840,29.11.2024,C1309,Kjærstad Utstyr,SKU-1008,Laptop Stand Aluminium,Accessories,10,562.81,retail
00001841,23.10.2024,C1296,Kärkkäinen Oy,SKU-1009,Webcam 1080p,Peripherals,7,832.49,partner
00001842,28.03.2024,C1268,Hämäläinen Oy,SKU-1006,USB-C Dock,Accessories,12,1799.32,direct
00001843,01.08.2025,C1125,Kärkkäinen Oy,SKU-1007,Noise Cancelling Headset,Peripherals,12,1946.33,direct
00001844,24.02.2025,C1264,Ålesund Kontor,SKU-1009,Webcam 1080p,Peripherals,2,842.94,retail
00001845,25.07.2025,C1192,Søndergaard A/S,SKU-1008,Laptop Stand Aluminium,Accessories,11,665.00,online
00001846,11.08.2024,C1011,Trondheim Utstyr,SKU-1001,Ergonomic Desk Chair,Furniture,2,2068.67,retail
00001847,25.06.2024,C1167,Väisänen Kaluste,SKU-1008,Laptop Stand Aluminium,Accessories,12,591.92,retail
00001848,27.10.2025,C1059,Kjærstad Utstyr,SKU-1002,Standing Desk 140cm,Furniture,11,5722.17,direct
00001849,07.04.2024,C1279,Lindqvist AB,SKU-1008,Laptop Stand Aluminium,Accessories,7,613.62,direct
00001850,24.04.2025,C1222,Lindqvist AB,SKU-1009,Webcam 1080p,Peripherals,5,724.60,retail
00001851,19.12.2024,C1311,Uppsala Interiör,SKU-1005,27in 4K Monitor,Displays,11,4692.77,direct
00001852,01.11.2024,C1179,Mäkinen Toimisto,SKU-1006,USB-C Dock,Accessories,8,1665.27,direct
00001853,01.09.2025,C1200,Bergström & Söner,SKU-1010,Desk Lamp LED,Furniture,11,497.05,partner
00001854,06.11.2025,C1360,Kärkkäinen Oy,SKU-1010,Desk Lamp LED,Furniture,-1,595.87,retail
00001855,03.11.2024,C1159,Jyllands Inventar,SKU-1010,Desk Lamp LED,Furniture,1,587.21,online
00001856,09.09.2024,C1282,Uppsala Interiör,SKU-1006,USB-C Dock,Accessories,3,1708.53,online
00001857,03.02.2025,C1380,Dansk Kontormiljø,SKU-1010,Desk Lamp LED,Furniture,11,582.51,direct
00001858,31.10.2024,C1093,Lindqvist AB,SKU-1006,USB-C Dock,Accessories,12,1622.30,online
00001859,10.01.2024,C1207,Hämäläinen Oy,SKU-1002,Standing Desk 140cm,Furniture,6,5346.21,retail
00001860,29.04.2025,C1224,Søndergaard A/S,SKU-1002,Standing Desk 140cm,Furniture,3,5601.08,direct
00001861,07.03.2025,C1376,Nordström Handel,SKU-1004,Mechanical Keyboard,Peripherals,6,1252.61,retail
00001862,04.03.2025,C1212,Kjærstad Utstyr,SKU-1010,Desk Lamp LED,Furniture,3,513.69,online
00001863,05.03.2025,C1000,Bergström & Söner,SKU-1010,Desk Lamp LED,Furniture,11,470.11,direct
00001864,01.06.2025,C1034,Rødvig Møbler,SKU-1008,Laptop Stand Aluminium,Accessories,3,609.92,online
00001865,23.09.2024,C1069,Uppsala Interiör,SKU-1007,Noise Cancelling Headset,Peripherals,2,2198.08,retail
00001866,18.07.2025,C1065,Rødvig Møbler,SKU-1002,Standing Desk 140cm,Furniture,11,5934.42,online
00001867,19.06.2024,C1166,Søndergaard A/S,SKU-1003,Monitor Arm Dual,Accessories,11,771.84,retail
00001868,18.01.2024,C1399,Uppsala Interiör,SKU-1005,27in 4K Monitor,Displays,12,4602.14,retail
00001869,25.04.2024,C1389,Bergström & Söner,SKU-1009,Webcam 1080p,Peripherals,12,714.50,partner
00001870,28.02.2025,C1090,Uppsala Interiör,SKU-1007,Noise Cancelling Headset,Peripherals,5,1923.55,partner
00001871,09.07.2025,C1121,Søndergaard A/S,SKU-1004,Mechanical Keyboard,Peripherals,11,1153.12,direct
00001872,21.12.2025,C1300,Jyllands Inventar,SKU-1005,27in 4K Monitor,Displays,10,4099.56,partner
00001873,28.01.2025,C1099,Rødvig Møbler,SKU-1006,USB-C Dock,Accessories,9,1520.64,retail
00001874,19.07.2025,C1365,Nordström Handel,SKU-1004,Mechanical Keyboard,Peripherals,3,1127.25,direct
00001875,26.03.2024,C1358,Väisänen Kaluste,SKU-1001,Ergonomic Desk Chair,Furniture,2,2665.93,partner
00001876,30.03.2024,C1068,Hämäläinen Oy,SKU-1008,Laptop Stand Aluminium,Accessories,5,702.09,retail
00001877,10.12.2025,C1099,Mäkinen Toimisto,SKU-1003,Monitor Arm Dual,Accessories,2,807.35,retail
00001878,07.11.2024,C1136,Väisänen Kaluste,SKU-1002,Standing Desk 140cm,Furniture,8,4532.92,partner
00001879,29.12.2025,C1192,Møller Innredning,SKU-1008,Laptop Stand Aluminium,Accessories,7,722.16,partner
00001880,12.05.2025,C1062,Møller Innredning,SKU-1004,Mechanical Keyboard,Peripherals,7,1013.13,retail
00001881,06.05.2025,C1354,Kärkkäinen Oy,SKU-1004,Mechanical Keyboard,Peripherals,5,1215.54,retail
00001882,25.09.2025,C1369,Kjærstad Utstyr,SKU-1008,Laptop Stand Aluminium,Accessories,6,732.06,online
00001883,01.07.2024,C1066,Søndergaard A/S,SKU-1001,Ergonomic Desk Chair,Furniture,1,2173.14,direct
00001884,10.08.2024,C1338,Rødvig Møbler,SKU-1002,Standing Desk 140cm,Furniture,7,4905.34,partner
00001885,12.06.2024,C1033,Bergström & Söner,SKU-1002,Standing Desk 140cm,Furniture,10,5124.59,retail
00001886,28.03.2025,C1385,Lindqvist AB,SKU-1006,USB-C Dock,Accessories,3,1809.64,online
00001887,19.09.2024,C1064,Nordström Handel,SKU-1001,Ergonomic Desk Chair,Furniture,7,2348.85,retail
00001888,08.09.2024,C1038,Nordström Handel,SKU-1002,Standing Desk 140cm,Furniture,8,5722.52,retail
00001889,28.11.2025,C1392,Kärkkäinen Oy,SKU-1001,Ergonomic Desk Chair,Furniture,10,2062.24,direct
00001890,17.02.2024,C1159,Väisänen Kaluste,SKU-1001,Ergonomic Desk Chair,Furniture,1,2173.88,direct
00001891,01.04.2024,C1010,Rødvig Møbler,SKU-1007,Noise Cancelling Headset,Peripherals,9,2232.34,partner
00001892,15.04.2025,C1395,Søndergaard A/S,SKU-1004,Mechanical Keyboard,Peripherals,8,1040.15,online
00001893,04.07.2024,C1157,Kärkkäinen Oy,SKU-1010,Desk Lamp LED,Furniture,1,565.12,retail
00001894,22.03.2025,C1182,Uppsala Interiör,SKU-1008,Laptop Stand Aluminium,Accessories,7,683.22,direct
00001895,02.09.2025,C1084,Ålesund Kontor,SKU-1007,Noise Cancelling Headset,Peripherals,6,2145.22,partner
00001896,02.11.2025,C1394,Mäkinen Toimisto,SKU-1007,Noise Cancelling Headset,Peripherals,4,1889.70,partner
00001897,27.11.2025,C1033,Bergström & Söner,SKU-1004,Mechanical Keyboard,Peripherals,5,1178.28,direct
00001898,21.04.2025,C1278,Ålesund Kontor,SKU-1001,Ergonomic Desk Chair,Furniture,12,2528.91,online
00001899,26.11.2025,C1138,Mäkinen Toimisto,SKU-1003,Monitor Arm Dual,Accessories,3,947.05,partner
00001900,21.06.2025,C1181,Dansk Kontormiljø,SKU-1008,Laptop Stand Aluminium,Accessories,11,646.89,partner
00001901,30.04.2024,C1322,Hämäläinen Oy,SKU-1005,27in 4K Monitor,Displays,6,3993.59,direct
00001902,15.05.2024,C1194,Nordström Handel,SKU-1003,Monitor Arm Dual,Accessories,10,781.34,direct
00001903,03.10.2024,C1119,Møller Innredning,SKU-1002,Standing Desk 140cm,Furniture,4,5323.77,direct
00001904,15.05.2024,C1108,Hämäläinen Oy,SKU-1007,Noise Cancelling Headset,Peripherals,5,1857.62,partner
00001905,30.05.2024,C1171,Ålesund Kontor,SKU-1005,27in 4K Monitor,Displays,6,4881.97,NULL
00001906,27.02.2025,C1239,Uppsala Interiör,SKU-1008,Laptop Stand Aluminium,Accessories,3,546.01,online
00001907,28.01.2024,C1123,Rødvig Møbler,SKU-1001,Ergonomic Desk Chair,Furniture,10,2371.82,partner
00001908,05.05.2025,C1175,Rødvig Møbler,SKU-1007,Noise Cancelling Headset,Peripherals,9,1817.05,retail
00001909,19.08.2025,C1097,Kjærstad Utstyr,SKU-1010,Desk Lamp LED,Furniture,2,564.17,retail
00001910,24.11.2024,C1006,Uppsala Interiör,SKU-1009,Webcam 1080p,Peripherals,12,877.85,online
00001911,25.11.2024,C1173,Lindqvist AB,SKU-1010,Desk Lamp LED,Furniture,9,541.62,partner
00001912,02.12.2025,C1044,Kärkkäinen Oy,SKU-1001,Ergonomic Desk Chair,Furniture,7,2288.92,direct
00001913,11.10.2025,C1208,Kjærstad Utstyr,SKU-1003,Monitor Arm Dual,Accessories,8,845.59,retail
00001914,22.11.2025,C1236,Kjærstad Utstyr,SKU-1008,Laptop Stand Aluminium,Accessories,12,721.79,partner
00001915,08.11.2024,C1137,Hämäläinen Oy,SKU-1004,Mechanical Keyboard,Peripherals,9,1308.14,direct
00001916,29.08.2025,C1308,Uppsala Interiör,SKU-1006,USB-C Dock,Accessories,2,1938.53,partner
00001917,29.01.2025,C1383,Rødvig Møbler,SKU-1004,Mechanical Keyboard,Peripherals,11,1079.64,online
00001918,04.01.2024,C1045,Møller Innredning,SKU-1009,Webcam 1080p,Peripherals,5,729.44,online
00001919,17.06.2025,C1331,Mäkinen Toimisto,SKU-1003,Monitor Arm Dual,Accessories,2,1016.59,NULL
00001920,01.01.2025,C1310,Søndergaard A/S,SKU-1004,Mechanical Keyboard,Peripherals,2,996.02,retail
00001921,25.01.2024,C1289,Møller Innredning,SKU-1009,Webcam 1080p,Peripherals,10,829.72,online
00001922,12.11.2024,C1035,Trondheim Utstyr,SKU-1003,Monitor Arm Dual,Accessories,12,948.07,direct
00001923,27.11.2025,C1206,Rødvig Møbler,SKU-1007,Noise Cancelling Headset,Peripherals,10,2301.67,online
00001924,23.10.2024,C1030,Lindqvist AB,SKU-1009,Webcam 1080p,Peripherals,3,758.65,retail
00001925,08.12.2025,C1150,Jyllands Inventar,SKU-1010,Desk Lamp LED,Furniture,11,476.54,online
00001926,19.01.2024,C1374,Ålesund Kontor,SKU-1006,USB-C Dock,Accessories,11,1671.27,online
00001927,23.02.2024,C1060,Kjærstad Utstyr,SKU-1002,Standing Desk 140cm,Furniture,4,5849.93,partner
00001928,21.09.2024,C1199,Jyllands Inventar,SKU-1004,Mechanical Keyboard,Peripherals,5,1046.00,online
00001929,21.03.2025,C1152,Mäkinen Toimisto,SKU-1008,Laptop Stand Aluminium,Accessories,1,665.86,retail
00001930,06.07.2024,C1061,Bergström & Söner,SKU-1004,Mechanical Keyboard,Peripherals,11,1155.18,partner
00001931,21.12.2024,C1191,Väisänen Kaluste,SKU-1006,USB-C Dock,Accessories,12,1497.38,online
00001932,26.10.2025,C1398,Väisänen Kaluste,SKU-1003,Monitor Arm Dual,Accessories,2,1015.25,partner
00001933,02.09.2025,C1145,Hämäläinen Oy,SKU-1006,USB-C Dock,Accessories,1,1919.99,retail
00001934,25.02.2024,C1236,Kjærstad Utstyr,SKU-1006,USB-C Dock,Accessories,9,1869.32,online
00001935,23.07.2024,C1296,Møller Innredning,SKU-1009,Webcam 1080p,Peripherals,9,798.31,direct
00001936,01.02.2024,C1204,Väisänen Kaluste,SKU-1007,Noise Cancelling Headset,Peripherals,9,1794.16,online
00001937,19.07.2024,C1016,Väisänen Kaluste,SKU-1009,Webcam 1080p,Peripherals,6,735.92,online
00001938,17.09.2024,C1391,Ålesund Kontor,SKU-1004,Mechanical Keyboard,Peripherals,12,1013.11,direct
00001939,14.06.2024,C1254,Kärkkäinen Oy,SKU-1004,Mechanical Keyboard,Peripherals,11,1136.37,online
00001940,14.10.2025,C1178,Nordström Handel,SKU-1001,Ergonomic Desk Chair,Furniture,1,2514.33,online
00001941,29.03.2025,C1291,Søndergaard A/S,SKU-1010,Desk Lamp LED,Furniture,5,442.73,direct
00001942,18.02.2024,C1134,Hämäläinen Oy,SKU-1008,Laptop Stand Aluminium,Accessories,12,706.20,retail
00001943,23.06.2024,C1151,Uppsala Interiör,SKU-1006,USB-C Dock,Accessories,-2,1941.25,partner
00001944,16.04.2024,C1133,Lindqvist AB,SKU-1001,Ergonomic Desk Chair,Furniture,5,2261.25,NULL
00001945,20.03.2024,C1165,Dansk Kontormiljø,SKU-1008,Laptop Stand Aluminium,Accessories,10,706.64,online
00001946,12.04.2025,C1323,Nordström Handel,SKU-1003,Monitor Arm Dual,Accessories,10,928.93,retail
00001947,11.11.2024,C1357,Trondheim Utstyr,SKU-1007,Noise Cancelling Headset,Peripherals,9,2209.81,direct
00001948,18.08.2025,C1158,Trondheim Utstyr,SKU-1004,Mechanical Keyboard,Peripherals,-3,1216.10,retail
00001949,13.08.2025,C1095,Mäkinen Toimisto,SKU-1005,27in 4K Monitor,Displays,2,4499.27,online
00001950,11.10.2024,C1052,Jyllands Inventar,SKU-1008,Laptop Stand Aluminium,Accessories,7,705.61,partner
00001951,19.01.2025,C1390,Uppsala Interiör,SKU-1004,Mechanical Keyboard,Peripherals,8,1118.30,partner
00001952,30.10.2024,C1121,Dansk Kontormiljø,SKU-1007,Noise Cancelling Headset,Peripherals,4,1848.84,retail
00001953,12.01.2025,C1300,Hämäläinen Oy,SKU-1002,Standing Desk 140cm,Furniture,2,5675.99,online
00001954,18.06.2025,C1252,Mäkinen Toimisto,SKU-1005,27in 4K Monitor,Displays,2,3806.79,direct
00001955,06.10.2024,C1374,Rødvig Møbler,SKU-1009,Webcam 1080p,Peripherals,3,812.32,online
00001956,04.11.2025,C1285,Rødvig Møbler,SKU-1006,USB-C Dock,Accessories,-1,1501.71,retail
00001957,19.03.2024,C1027,Bergström & Söner,SKU-1005,27in 4K Monitor,Displays,10,3742.23,retail
00001958,08.11.2024,C1239,Kärkkäinen Oy,SKU-1003,Monitor Arm Dual,Accessories,1,929.24,retail
00001959,25.08.2025,C1140,Møller Innredning,SKU-1006,USB-C Dock,Accessories,11,1716.50,online
00001960,20.09.2024,C1164,Møller Innredning,SKU-1009,Webcam 1080p,Peripherals,1,678.85,partner
00001961,14.02.2024,C1299,Kjærstad Utstyr,SKU-1008,Laptop Stand Aluminium,Accessories,-1,687.89,direct
00001962,16.07.2024,C1209,Mäkinen Toimisto,SKU-1009,Webcam 1080p,Peripherals,11,767.98,online
00001963,17.04.2025,C1031,Kjærstad Utstyr,SKU-1006,USB-C Dock,Accessories,5,1650.03,direct
00001964,08.11.2025,C1149,Dansk Kontormiljø,SKU-1010,Desk Lamp LED,Furniture,2,570.53,direct
00001965,02.01.2024,C1247,Kjærstad Utstyr,SKU-1007,Noise Cancelling Headset,Peripherals,10,2365.76,direct
00001966,18.12.2025,C1059,Uppsala Interiör,SKU-1003,Monitor Arm Dual,Accessories,3,963.10,retail
00001967,05.11.2024,C1386,Kärkkäinen Oy,SKU-1009,Webcam 1080p,Peripherals,7,719.35,partner
00001968,17.02.2024,C1281,Kjærstad Utstyr,SKU-1004,Mechanical Keyboard,Peripherals,10,1101.67,retail
00001969,18.12.2025,C1304,Nordström Handel,SKU-1004,Mechanical Keyboard,Peripherals,9,1088.65,online
00001970,06.06.2024,C1230,Rødvig Møbler,SKU-1009,Webcam 1080p,Peripherals,5,881.41,direct
00001971,09.10.2024,C1316,Mäkinen Toimisto,SKU-1003,Monitor Arm Dual,Accessories,11,1015.37,retail
00001972,11.04.2025,C1167,Bergström & Söner,SKU-1005,27in 4K Monitor,Displays,8,3995.53,partner
00001973,15.10.2025,C1009,Jyllands Inventar,SKU-1004,Mechanical Keyboard,Peripherals,8,1035.02,retail
00001974,12.01.2024,C1349,Lindqvist AB,SKU-1009,Webcam 1080p,Peripherals,3,784.11,retail
00001975,15.10.2025,C1246,Møller Innredning,SKU-1003,Monitor Arm Dual,Accessories,10,758.79,partner
00001976,16.09.2025,C1075,Møller Innredning,SKU-1007,Noise Cancelling Headset,Peripherals,6,1912.59,online
00001977,12.02.2025,C1319,Lindqvist AB,SKU-1003,Monitor Arm Dual,Accessories,2,902.71,online
00001978,27.06.2024,C1367,Møller Innredning,SKU-1006,USB-C Dock,Accessories,9,1893.63,online
00001979,21.05.2024,C1137,Bergström & Söner,SKU-1003,Monitor Arm Dual,Accessories,8,837.93,direct
00001980,21.10.2025,C1341,Bergström & Söner,SKU-1001,Ergonomic Desk Chair,Furniture,9,2418.03,partner
00001981,16.11.2025,C1085,Kjærstad Utstyr,SKU-1009,Webcam 1080p,Peripherals,10,726.42,online
00001982,04.11.2024,C1217,Dansk Kontormiljø,SKU-1004,Mechanical Keyboard,Peripherals,3,1301.61,retail
00001983,04.06.2025,C1362,Ålesund Kontor,SKU-1010,Desk Lamp LED,Furniture,10,454.65,direct
00001984,02.09.2024,C1329,Søndergaard A/S,SKU-1004,Mechanical Keyboard,Peripherals,3,1290.42,direct
00001985,23.03.2024,C1398,Kärkkäinen Oy,SKU-1006,USB-C Dock,Accessories,12,1936.61,partner
00001986,04.05.2025,C1014,Nordström Handel,SKU-1006,USB-C Dock,Accessories,5,1556.39,partner
00001987,19.05.2025,C1134,Kärkkäinen Oy,SKU-1009,Webcam 1080p,Peripherals,10,812.06,online
00001988,08.04.2025,C1102,Nordström Handel,SKU-1003,Monitor Arm Dual,Accessories,11,938.83,online
00001989,25.10.2025,C1026,Rødvig Møbler,SKU-1008,Laptop Stand Aluminium,Accessories,5,698.72,NULL
00001990,23.02.2024,C1204,Lindqvist AB,SKU-1005,27in 4K Monitor,Displays,4,3720.01,online
00001991,21.03.2025,C1382,Dansk Kontormiljø,SKU-1001,Ergonomic Desk Chair,Furniture,11,2391.01,direct
00001992,13.05.2025,C1047,Väisänen Kaluste,SKU-1006,USB-C Dock,Accessories,9,1759.88,direct
00001993,28.05.2025,C1108,Trondheim Utstyr,SKU-1004,Mechanical Keyboard,Peripherals,4,1321.06,retail
00001994,29.08.2025,C1149,Nordström Handel,SKU-1003,Monitor Arm Dual,Accessories,4,1004.88,partner
00001995,14.04.2025,C1194,Ålesund Kontor,SKU-1007,Noise Cancelling Headset,Peripherals,10,2212.80,online
00001996,23.11.2025,C1022,Uppsala Interiör,SKU-1008,Laptop Stand Aluminium,Accessories,12,567.00,direct
00001997,20.09.2025,C1180,Kjærstad Utstyr,SKU-1003,Monitor Arm Dual,Accessories,5,991.27,online
00001998,12.03.2025,C1059,Uppsala Interiör,SKU-1005,27in 4K Monitor,Displays,11,4241.37,online
00001999,10.12.2025,C1011,Bergström & Söner,SKU-1008,Laptop Stand Aluminium,Accessories,3,635.37,retail
00002000,04.02.2025,C1232,Uppsala Interiör,SKU-1008,Laptop Stand Aluminium,Accessories,6,607.93,partner
00002001,04.03.2025,C1232,Mäkinen Toimisto,SKU-1008,Laptop Stand Aluminium,Accessories,4,552.28,partner
00002002,04.06.2025,C1288,Nordström Handel,SKU-1005,27in 4K Monitor,Displays,12,4436.09,direct
00002003,15.06.2025,C1378,Nordström Handel,SKU-1002,Standing Desk 140cm,Furniture,12,5399.50,online
00002004,12.08.2025,C1069,Søndergaard A/S,SKU-1001,Ergonomic Desk Chair,Furniture,3,2748.59,retail
00002005,30.06.2025,C1245,Ålesund Kontor,SKU-1001,Ergonomic Desk Chair,Furniture,9,2257.90,partner
00002006,17.07.2024,C1028,Søndergaard A/S,SKU-1006,USB-C Dock,Accessories,-1,1811.44,retail
00002007,12.09.2024,C1225,Søndergaard A/S,SKU-1004,Mechanical Keyboard,Peripherals,6,1013.87,retail
00002008,30.01.2024,C1396,Kärkkäinen Oy,SKU-1003,Monitor Arm Dual,Accessories,12,969.03,retail
00002009,02.08.2025,C1236,Søndergaard A/S,SKU-1010,Desk Lamp LED,Furniture,9,498.94,online
00002010,07.05.2025,C1268,Nordström Handel,SKU-1003,Monitor Arm Dual,Accessories,11,990.06,online
00002011,11.08.2025,C1276,Dansk Kontormiljø,SKU-1009,Webcam 1080p,Peripherals,4,826.93,online
00002012,01.02.2024,C1141,Jyllands Inventar,SKU-1010,Desk Lamp LED,Furniture,2,507.45,direct
00002013,15.08.2024,C1277,Bergström & Söner,SKU-1009,Webcam 1080p,Peripherals,7,875.42,direct
00002014,12.07.2025,C1201,Trondheim Utstyr,SKU-1010,Desk Lamp LED,Furniture,2,559.71,retail
00002015,04.07.2025,C1383,Jyllands Inventar,SKU-1008,Laptop Stand Aluminium,Accessories,11,661.57,partner
00002016,25.12.2024,C1041,Nordström Handel,SKU-1005,27in 4K Monitor,Displays,5,3809.80,retail
00002017,28.06.2024,C1165,Väisänen Kaluste,SKU-1006,USB-C Dock,Accessories,5,1718.68,direct
00002018,17.02.2024,C1269,Trondheim Utstyr,SKU-1004,Mechanical Keyboard,Peripherals,1,1319.70,online
00002019,17.01.2024,C1067,Kjærstad Utstyr,SKU-1006,USB-C Dock,Accessories,9,1935.99,direct
00002020,11.06.2024,C1058,Hämäläinen Oy,SKU-1003,Monitor Arm Dual,Accessories,8,978.48,online
00002021,30.05.2024,C1123,Bergström & Söner,SKU-1008,Laptop Stand Aluminium,Accessories,12,715.01,retail
00002022,27.01.2025,C1119,Kjærstad Utstyr,SKU-1005,27in 4K Monitor,Displays,4,4594.43,direct
00002023,25.03.2025,C1067,Uppsala Interiör,SKU-1008,Laptop Stand Aluminium,Accessories,8,696.57,direct
00002024,08.10.2024,C1208,Lindqvist AB,SKU-1008,Laptop Stand Aluminium,Accessories,2,641.71,partner
00002025,05.12.2024,C1326,Uppsala Interiör,SKU-1004,Mechanical Keyboard,Peripherals,12,1306.16,partner
00002026,22.09.2024,C1353,Jyllands Inventar,SKU-1001,Ergonomic Desk Chair,Furniture,10,2427.53,direct
00002027,14.02.2025,C1081,Møller Innredning,SKU-1002,Standing Desk 140cm,Furniture,7,5600.36,retail
00002028,20.01.2024,C1166,Søndergaard A/S,SKU-1008,Laptop Stand Aluminium,Accessories,8,618.80,retail
00002029,02.02.2024,C1246,Trondheim Utstyr,SKU-1009,Webcam 1080p,Peripherals,2,666.01,online
00002030,22.02.2025,C1104,Trondheim Utstyr,SKU-1002,Standing Desk 140cm,Furniture,9,4664.11,partner
00002031,18.02.2024,C1106,Kjærstad Utstyr,SKU-1002,Standing Desk 140cm,Furniture,10,5479.03,online
00002032,22.07.2024,C1118,Møller Innredning,SKU-1006,USB-C Dock,Accessories,1,1533.94,online
00002033,28.09.2024,C1337,Hämäläinen Oy,SKU-1008,Laptop Stand Aluminium,Accessories,5,711.74,partner
00002034,21.05.2025,C1363,Kjærstad Utstyr,SKU-1005,27in 4K Monitor,Displays,8,4227.36,partner
00002035,15.04.2025,C1038,Uppsala Interiör,SKU-1005,27in 4K Monitor,Displays,8,4595.28,partner
00002036,05.04.2025,C1291,Kärkkäinen Oy,SKU-1001,Ergonomic Desk Chair,Furniture,7,2441.80,online
00002037,28.04.2025,C1219,Kjærstad Utstyr,SKU-1001,Ergonomic Desk Chair,Furniture,11,2126.84,online
00002038,20.11.2024,C1368,Rødvig Møbler,SKU-1008,Laptop Stand Aluminium,Accessories,7,651.67,retail
00002039,31.07.2025,C1014,Bergström & Söner,SKU-1009,Webcam 1080p,Peripherals,8,843.52,online
00002040,14.06.2024,C1207,Rødvig Møbler,SKU-1009,Webcam 1080p,Peripherals,2,682.30,partner
00002041,04.02.2024,C1088,Dansk Kontormiljø,SKU-1009,Webcam 1080p,Peripherals,2,774.91,online
00002042,14.04.2024,C1311,Rødvig Møbler,SKU-1003,Monitor Arm Dual,Accessories,12,980.09,online
00002043,03.06.2025,C1147,Mäkinen Toimisto,SKU-1006,USB-C Dock,Accessories,7,1995.50,online
00002044,27.05.2025,C1130,Lindqvist AB,SKU-1008,Laptop Stand Aluminium,Accessories,11,647.89,retail
00002045,14.02.2024,C1135,Søndergaard A/S,SKU-1003,Monitor Arm Dual,Accessories,6,791.92,online
00002046,27.05.2025,C1390,Ålesund Kontor,SKU-1001,Ergonomic Desk Chair,Furniture,10,2429.42,online
00002047,04.03.2025,C1220,Uppsala Interiör,SKU-1005,27in 4K Monitor,Displays,8,4167.57,online
00002048,03.09.2025,C1381,Kärkkäinen Oy,SKU-1001,Ergonomic Desk Chair,Furniture,4,2392.94,retail
00002049,24.12.2024,C1041,Rødvig Møbler,SKU-1010,Desk Lamp LED,Furniture,10,596.75,direct
00002050,27.06.2025,C1057,Mäkinen Toimisto,SKU-1007,Noise Cancelling Headset,Peripherals,11,2290.53,retail
00002051,12.04.2024,C1284,Mäkinen Toimisto,SKU-1010,Desk Lamp LED,Furniture,12,529.88,partner
00002052,05.10.2024,C1318,Jyllands Inventar,SKU-1002,Standing Desk 140cm,Furniture,10,5213.65,partner
00002053,25.09.2024,C1020,Hämäläinen Oy,SKU-1004,Mechanical Keyboard,Peripherals,9,1290.28,direct
00002054,18.08.2025,C1109,Kärkkäinen Oy,SKU-1009,Webcam 1080p,Peripherals,5,744.19,retail
00002055,27.06.2024,C1280,Uppsala Interiör,SKU-1002,Standing Desk 140cm,Furniture,1,4987.18,direct
00002056,28.04.2025,C1373,Väisänen Kaluste,SKU-1003,Monitor Arm Dual,Accessories,3,993.81,retail
00002057,30.04.2024,C1338,Kjærstad Utstyr,SKU-1003,Monitor Arm Dual,Accessories,3,822.85,online
00002058,24.11.2025,C1398,Hämäläinen Oy,SKU-1008,Laptop Stand Aluminium,Accessories,3,713.01,partner
00002059,20.11.2024,C1279,Møller Innredning,SKU-1001,Ergonomic Desk Chair,Furniture,4,2366.11,partner
00002060,31.08.2024,C1316,Dansk Kontormiljø,SKU-1005,27in 4K Monitor,Displays,7,4223.00,direct
00002061,30.03.2025,C1163,Bergström & Söner,SKU-1008,Laptop Stand Aluminium,Accessories,9,546.10,direct
00002062,09.05.2025,C1318,Mäkinen Toimisto,SKU-1004,Mechanical Keyboard,Peripherals,-2,1039.95,retail
00002063,09.02.2024,C1235,Rødvig Møbler,SKU-1010,Desk Lamp LED,Furniture,12,575.64,direct
00002064,26.05.2025,C1199,Kärkkäinen Oy,SKU-1003,Monitor Arm Dual,Accessories,3,949.81,retail
00002065,30.12.2024,C1155,Kärkkäinen Oy,SKU-1004,Mechanical Keyboard,Peripherals,7,1196.37,retail
00002066,05.01.2025,C1195,Väisänen Kaluste,SKU-1003,Monitor Arm Dual,Accessories,10,1008.53,retail
00002067,13.03.2024,C1327,Kärkkäinen Oy,SKU-1006,USB-C Dock,Accessories,12,1781.71,online
00002068,15.02.2025,C1017,Møller Innredning,SKU-1003,Monitor Arm Dual,Accessories,9,844.08,online
00002069,24.03.2024,C1339,Trondheim Utstyr,SKU-1010,Desk Lamp LED,Furniture,4,582.81,partner
00002070,05.09.2024,C1276,Nordström Handel,SKU-1009,Webcam 1080p,Peripherals,11,760.23,partner
00002071,07.01.2024,C1338,Kärkkäinen Oy,SKU-1009,Webcam 1080p,Peripherals,5,670.79,online
00002072,12.09.2025,C1098,Bergström & Söner,SKU-1006,USB-C Dock,Accessories,11,1743.14,direct
00002073,04.02.2024,C1277,Kärkkäinen Oy,SKU-1003,Monitor Arm Dual,Accessories,7,773.97,partner
00002074,13.09.2024,C1228,Dansk Kontormiljø,SKU-1007,Noise Cancelling Headset,Peripherals,4,1833.13,retail
00002075,29.12.2025,C1311,Trondheim Utstyr,SKU-1003,Monitor Arm Dual,Accessories,7,897.36,partner
00002076,29.04.2025,C1302,Trondheim Utstyr,SKU-1006,USB-C Dock,Accessories,9,1589.62,retail
00002077,30.09.2025,C1207,Väisänen Kaluste,SKU-1007,Noise Cancelling Headset,Peripherals,12,2185.01,retail
00002078,03.06.2025,C1283,Uppsala Interiör,SKU-1002,Standing Desk 140cm,Furniture,10,5591.25,partner
00002079,26.03.2024,C1243,Uppsala Interiör,SKU-1005,27in 4K Monitor,Displays,12,4675.68,partner
00002080,29.11.2025,C1236,Lindqvist AB,SKU-1005,27in 4K Monitor,Displays,6,4810.04,direct
00002081,13.12.2024,C1282,Rødvig Møbler,SKU-1001,Ergonomic Desk Chair,Furniture,9,2612.29,partner
00002082,25.08.2024,C1085,Uppsala Interiör,SKU-1009,Webcam 1080p,Peripherals,6,729.36,partner
00002083,25.11.2024,C1218,Hämäläinen Oy,SKU-1005,27in 4K Monitor,Displays,2,3746.50,online
00002084,19.10.2025,C1176,Dansk Kontormiljø,SKU-1008,Laptop Stand Aluminium,Accessories,8,560.21,online
00002085,04.07.2025,C1041,Nordström Handel,SKU-1007,Noise Cancelling Headset,Peripherals,7,2178.10,partner
00002086,28.01.2024,C1023,Väisänen Kaluste,SKU-1003,Monitor Arm Dual,Accessories,8,913.47,partner
00002087,11.10.2024,C1365,Jyllands Inventar,SKU-1007,Noise Cancelling Headset,Peripherals,4,2051.09,retail
00002088,24.07.2024,C1082,Søndergaard A/S,SKU-1007,Noise Cancelling Headset,Peripherals,11,1979.71,direct
00002089,11.06.2025,C1266,Rødvig Møbler,SKU-1006,USB-C Dock,Accessories,6,1770.33,online
00002090,28.10.2025,C1079,Hämäläinen Oy,SKU-1004,Mechanical Keyboard,Peripherals,11,1178.10,partner
00002091,28.05.2025,C1322,Kjærstad Utstyr,SKU-1009,Webcam 1080p,Peripherals,6,823.47,retail
00002092,26.05.2025,C1312,Uppsala Interiör,SKU-1007,Noise Cancelling Headset,Peripherals,7,1915.81,retail
00002093,25.03.2024,C1000,Nordström Handel,SKU-1001,Ergonomic Desk Chair,Furniture,-1,2647.86,retail
00002094,02.04.2024,C1238,Lindqvist AB,SKU-1004,Mechanical Keyboard,Peripherals,3,1115.22,direct
00002095,17.08.2025,C1035,Dansk Kontormiljø,SKU-1005,27in 4K Monitor,Displays,5,4840.41,online
00002096,04.01.2024,C1075,Mäkinen Toimisto,SKU-1008,Laptop Stand Aluminium,Accessories,12,623.49,online
00002097,10.08.2025,C1059,Hämäläinen Oy,SKU-1006,USB-C Dock,Accessories,1,1568.42,NULL
00002098,09.06.2024,C1246,Bergström & Söner,SKU-1006,USB-C Dock,Accessories,4,2005.54,direct
00002099,20.06.2024,C1147,Møller Innredning,SKU-1007,Noise Cancelling Headset,Peripherals,12,1858.24,online
00002100,30.04.2025,C1349,Nordström Handel,SKU-1004,Mechanical Keyboard,Peripherals,-3,994.22,retail
00002101,11.11.2024,C1202,Lindqvist AB,SKU-1008,Laptop Stand Aluminium,Accessories,8,718.06,online
00002102,29.04.2024,C1249,Väisänen Kaluste,SKU-1005,27in 4K Monitor,Displays,9,3997.28,retail
00002103,07.04.2024,C1067,Rødvig Møbler,SKU-1008,Laptop Stand Aluminium,Accessories,9,720.43,online
00002104,04.09.2025,C1255,Dansk Kontormiljø,SKU-1002,Standing Desk 140cm,Furniture,6,4772.97,online
00002105,14.10.2025,C1113,Uppsala Interiör,SKU-1002,Standing Desk 140cm,Furniture,8,5415.94,partner
00002106,22.02.2025,C1355,Dansk Kontormiljø,SKU-1002,Standing Desk 140cm,Furniture,5,4857.11,online
00002107,16.07.2024,C1331,Møller Innredning,SKU-1004,Mechanical Keyboard,Peripherals,10,1210.02,direct
00002108,23.10.2024,C1356,Jyllands Inventar,SKU-1009,Webcam 1080p,Peripherals,7,853.06,online
00002109,18.01.2024,C1034,Møller Innredning,SKU-1006,USB-C Dock,Accessories,6,1831.65,retail
00002110,25.09.2024,C1346,Hämäläinen Oy,SKU-1010,Desk Lamp LED,Furniture,11,568.21,online
00002111,09.01.2025,C1121,Lindqvist AB,SKU-1006,USB-C Dock,Accessories,4,1664.36,retail
00002112,14.05.2025,C1029,Väisänen Kaluste,SKU-1010,Desk Lamp LED,Furniture,7,530.81,partner
00002113,12.04.2024,C1133,Väisänen Kaluste,SKU-1005,27in 4K Monitor,Displays,6,4412.75,online
00002114,28.07.2024,C1258,Trondheim Utstyr,SKU-1002,Standing Desk 140cm,Furniture,1,5418.24,retail
00002115,15.03.2025,C1011,Mäkinen Toimisto,SKU-1008,Laptop Stand Aluminium,Accessories,2,687.18,online
00002116,07.01.2024,C1017,Mäkinen Toimisto,SKU-1002,Standing Desk 140cm,Furniture,3,4574.94,direct
00002117,23.03.2024,C1020,Nordström Handel,SKU-1009,Webcam 1080p,Peripherals,8,745.76,partner
00002118,24.11.2025,C1169,Jyllands Inventar,SKU-1009,Webcam 1080p,Peripherals,7,704.02,direct
00002119,20.10.2025,C1164,Kärkkäinen Oy,SKU-1003,Monitor Arm Dual,Accessories,3,771.23,partner
00002120,26.01.2025,C1254,Rødvig Møbler,SKU-1002,Standing Desk 140cm,Furniture,8,4961.62,online
00002121,25.02.2025,C1386,Nordström Handel,SKU-1010,Desk Lamp LED,Furniture,4,568.10,direct
00002122,19.05.2025,C1072,Søndergaard A/S,SKU-1001,Ergonomic Desk Chair,Furniture,7,2411.77,partner
00002123,12.08.2025,C1341,Väisänen Kaluste,SKU-1009,Webcam 1080p,Peripherals,12,794.40,retail
00002124,20.04.2025,C1247,Lindqvist AB,SKU-1008,Laptop Stand Aluminium,Accessories,6,554.44,retail
00002125,02.04.2025,C1200,Møller Innredning,SKU-1005,27in 4K Monitor,Displays,9,3664.40,direct
00002126,10.06.2024,C1235,Mäkinen Toimisto,SKU-1004,Mechanical Keyboard,Peripherals,3,1051.08,online
00002127,14.06.2024,C1065,Väisänen Kaluste,SKU-1009,Webcam 1080p,Peripherals,4,854.65,retail
00002128,29.08.2024,C1382,Møller Innredning,SKU-1007,Noise Cancelling Headset,Peripherals,4,1917.87,online
00002129,19.09.2024,C1217,Trondheim Utstyr,SKU-1001,Ergonomic Desk Chair,Furniture,2,2723.20,partner
00002130,30.11.2024,C1378,Mäkinen Toimisto,SKU-1001,Ergonomic Desk Chair,Furniture,4,2611.65,retail
00002131,21.08.2025,C1253,Ålesund Kontor,SKU-1009,Webcam 1080p,Peripherals,6,677.44,retail
00002132,03.10.2024,C1110,Rødvig Møbler,SKU-1002,Standing Desk 140cm,Furniture,12,4850.95,retail
00002133,17.08.2025,C1300,Søndergaard A/S,SKU-1006,USB-C Dock,Accessories,1,1515.54,partner
00002134,21.01.2024,C1028,Trondheim Utstyr,SKU-1001,Ergonomic Desk Chair,Furniture,11,2334.39,direct
00002135,01.12.2024,C1266,Mäkinen Toimisto,SKU-1009,Webcam 1080p,Peripherals,5,754.80,online
00002136,03.02.2025,C1267,Hämäläinen Oy,SKU-1003,Monitor Arm Dual,Accessories,6,880.49,direct
00002137,27.10.2024,C1159,Møller Innredning,SKU-1006,USB-C Dock,Accessories,6,1929.27,online
00002138,03.08.2024,C1074,Hämäläinen Oy,SKU-1008,Laptop Stand Aluminium,Accessories,8,560.59,online
00002139,10.07.2024,C1390,Kjærstad Utstyr,SKU-1007,Noise Cancelling Headset,Peripherals,8,1960.97,retail
00002140,29.12.2024,C1089,Rødvig Møbler,SKU-1007,Noise Cancelling Headset,Peripherals,7,2390.38,retail
00002141,21.10.2024,C1092,Lindqvist AB,SKU-1005,27in 4K Monitor,Displays,10,3752.67,online
00002142,13.08.2024,C1061,Kjærstad Utstyr,SKU-1006,USB-C Dock,Accessories,8,1723.44,partner
00002143,29.12.2025,C1109,Dansk Kontormiljø,SKU-1001,Ergonomic Desk Chair,Furniture,5,2412.48,online
00002144,25.12.2024,C1104,Rødvig Møbler,SKU-1004,Mechanical Keyboard,Peripherals,2,1094.09,direct
00002145,24.04.2025,C1332,Jyllands Inventar,SKU-1004,Mechanical Keyboard,Peripherals,11,1144.18,online
00002146,03.07.2025,C1182,Møller Innredning,SKU-1001,Ergonomic Desk Chair,Furniture,12,2270.60,direct
00002147,01.02.2025,C1318,Bergström & Söner,SKU-1007,Noise Cancelling Headset,Peripherals,6,2295.69,partner
00002148,17.10.2025,C1125,Trondheim Utstyr,SKU-1009,Webcam 1080p,Peripherals,10,811.68,partner
00002149,23.11.2025,C1355,Mäkinen Toimisto,SKU-1009,Webcam 1080p,Peripherals,2,819.63,online
00002150,28.06.2025,C1239,Jyllands Inventar,SKU-1010,Desk Lamp LED,Furniture,9,473.11,retail
00002151,09.02.2025,C1040,Ålesund Kontor,SKU-1010,Desk Lamp LED,Furniture,1,445.68,partner
00002152,02.11.2024,C1304,Ålesund Kontor,SKU-1006,USB-C Dock,Accessories,6,1510.27,direct
00002153,22.07.2025,C1270,Lindqvist AB,SKU-1010,Desk Lamp LED,Furniture,7,455.48,retail
00002154,09.05.2024,C1303,Uppsala Interiör,SKU-1008,Laptop Stand Aluminium,Accessories,2,628.17,retail
00002155,06.08.2024,C1328,Ålesund Kontor,SKU-1002,Standing Desk 140cm,Furniture,12,5066.84,partner
00002156,02.03.2024,C1199,Nordström Handel,SKU-1007,Noise Cancelling Headset,Peripherals,3,1949.31,partner
00002157,08.05.2025,C1213,Lindqvist AB,SKU-1002,Standing Desk 140cm,Furniture,2,5618.47,partner
00002158,19.02.2025,C1282,Møller Innredning,SKU-1005,27in 4K Monitor,Displays,4,3851.30,retail
00002159,02.01.2024,C1354,Møller Innredning,SKU-1010,Desk Lamp LED,Furniture,5,455.04,online
00002160,14.12.2025,C1242,Søndergaard A/S,SKU-1003,Monitor Arm Dual,Accessories,8,765.09,online
00002161,03.05.2024,C1092,Søndergaard A/S,SKU-1006,USB-C Dock,Accessories,8,1924.19,retail
00002162,13.10.2025,C1031,Väisänen Kaluste,SKU-1004,Mechanical Keyboard,Peripherals,5,1171.97,direct
00002163,29.03.2025,C1070,Bergström & Söner,SKU-1005,27in 4K Monitor,Displays,4,4784.11,retail
00002164,13.03.2024,C1268,Dansk Kontormiljø,SKU-1005,27in 4K Monitor,Displays,7,4703.79,direct
00002165,01.07.2025,C1107,Hämäläinen Oy,SKU-1001,Ergonomic Desk Chair,Furniture,11,2426.90,retail
00002166,13.07.2024,C1055,Ålesund Kontor,SKU-1006,USB-C Dock,Accessories,5,1677.35,online
00002167,04.01.2024,C1295,Trondheim Utstyr,SKU-1002,Standing Desk 140cm,Furniture,3,5827.25,online
00002168,22.01.2024,C1175,Kärkkäinen Oy,SKU-1005,27in 4K Monitor,Displays,2,4495.16,retail
00002169,22.04.2024,C1332,Dansk Kontormiljø,SKU-1008,Laptop Stand Aluminium,Accessories,7,713.93,online
00002170,23.04.2024,C1097,Bergström & Söner,SKU-1010,Desk Lamp LED,Furniture,5,527.54,partner
00002171,27.10.2025,C1004,Uppsala Interiör,SKU-1006,USB-C Dock,Accessories,4,1635.26,online
00002172,21.12.2024,C1341,Kärkkäinen Oy,SKU-1001,Ergonomic Desk Chair,Furniture,8,2652.16,partner
00002173,30.03.2025,C1368,Trondheim Utstyr,SKU-1009,Webcam 1080p,Peripherals,5,693.93,direct
00002174,09.03.2025,C1387,Jyllands Inventar,SKU-1001,Ergonomic Desk Chair,Furniture,3,2748.14,direct
00002175,17.10.2024,C1130,Kärkkäinen Oy,SKU-1003,Monitor Arm Dual,Accessories,6,914.20,partner
00002176,26.03.2025,C1250,Mäkinen Toimisto,SKU-1002,Standing Desk 140cm,Furniture,12,4479.65,online
00002177,24.07.2025,C1098,Lindqvist AB,SKU-1002,Standing Desk 140cm,Furniture,12,5747.14,direct
00002178,16.05.2025,C1052,Lindqvist AB,SKU-1004,Mechanical Keyboard,Peripherals,12,1046.47,partner
00002179,20.12.2024,C1138,Kjærstad Utstyr,SKU-1003,Monitor Arm Dual,Accessories,6,950.59,online
00002180,02.08.2025,C1233,Møller Innredning,SKU-1008,Laptop Stand Aluminium,Accessories,4,676.16,partner
00002181,28.10.2025,C1332,Rødvig Møbler,SKU-1009,Webcam 1080p,Peripherals,7,889.09,online
00002182,14.08.2024,C1172,Lindqvist AB,SKU-1003,Monitor Arm Dual,Accessories,6,988.32,online
00002183,09.02.2025,C1327,Lindqvist AB,SKU-1003,Monitor Arm Dual,Accessories,8,826.34,online
00002184,12.08.2024,C1244,Lindqvist AB,SKU-1004,Mechanical Keyboard,Peripherals,9,1279.15,partner
00002185,09.12.2024,C1071,Kjærstad Utstyr,SKU-1009,Webcam 1080p,Peripherals,8,829.66,online
00002186,16.02.2024,C1017,Mäkinen Toimisto,SKU-1002,Standing Desk 140cm,Furniture,11,5461.71,retail
00002187,18.02.2024,C1096,Søndergaard A/S,SKU-1003,Monitor Arm Dual,Accessories,4,831.59,direct
00002188,03.08.2024,C1183,Nordström Handel,SKU-1004,Mechanical Keyboard,Peripherals,9,1294.67,retail
00002189,02.09.2024,C1278,Rødvig Møbler,SKU-1003,Monitor Arm Dual,Accessories,2,950.76,direct
00002190,12.07.2024,C1208,Väisänen Kaluste,SKU-1007,Noise Cancelling Headset,Peripherals,7,2188.15,direct
00002191,06.05.2025,C1277,Väisänen Kaluste,SKU-1010,Desk Lamp LED,Furniture,5,536.50,retail
00002192,18.11.2024,C1371,Väisänen Kaluste,SKU-1004,Mechanical Keyboard,Peripherals,12,1084.31,online
00002193,18.05.2025,C1161,Mäkinen Toimisto,SKU-1003,Monitor Arm Dual,Accessories,10,889.29,online
00002194,21.06.2025,C1336,Dansk Kontormiljø,SKU-1009,Webcam 1080p,Peripherals,4,814.47,retail
00002195,02.11.2024,C1094,Nordström Handel,SKU-1007,Noise Cancelling Headset,Peripherals,7,1938.63,retail
00002196,06.06.2025,C1088,Mäkinen Toimisto,SKU-1002,Standing Desk 140cm,Furniture,6,4595.36,direct
00002197,22.09.2024,C1341,Ålesund Kontor,SKU-1008,Laptop Stand Aluminium,Accessories,1,674.05,retail
00002198,20.10.2025,C1138,Trondheim Utstyr,SKU-1005,27in 4K Monitor,Displays,1,4207.92,direct
00002199,10.03.2025,C1247,Kärkkäinen Oy,SKU-1006,USB-C Dock,Accessories,2,1974.82,retail
00002200,24.07.2024,C1262,Søndergaard A/S,SKU-1008,Laptop Stand Aluminium,Accessories,6,610.90,partner
00002201,14.08.2024,C1154,Väisänen Kaluste,SKU-1006,USB-C Dock,Accessories,7,1784.27,direct
00002202,07.06.2024,C1360,Rødvig Møbler,SKU-1006,USB-C Dock,Accessories,2,1766.74,retail
00002203,04.08.2025,C1218,Uppsala Interiör,SKU-1010,Desk Lamp LED,Furniture,5,447.67,direct
00002204,06.10.2024,C1289,Rødvig Møbler,SKU-1006,USB-C Dock,Accessories,11,1531.47,online
00002205,16.08.2025,C1196,Rødvig Møbler,SKU-1005,27in 4K Monitor,Displays,5,4147.64,online
00002206,20.10.2024,C1329,Søndergaard A/S,SKU-1006,USB-C Dock,Accessories,11,1810.44,direct
00002207,19.09.2025,C1024,Søndergaard A/S,SKU-1004,Mechanical Keyboard,Peripherals,6,1204.45,retail
00002208,07.03.2025,C1229,Kärkkäinen Oy,SKU-1002,Standing Desk 140cm,Furniture,12,5448.51,partner
00002209,06.04.2025,C1102,Møller Innredning,SKU-1008,Laptop Stand Aluminium,Accessories,9,704.08,retail
00002210,17.02.2025,C1315,Kärkkäinen Oy,SKU-1008,Laptop Stand Aluminium,Accessories,2,731.33,partner
00002211,09.09.2025,C1255,Bergström & Söner,SKU-1002,Standing Desk 140cm,Furniture,11,4643.21,direct
00002212,08.08.2025,C1284,Uppsala Interiör,SKU-1001,Ergonomic Desk Chair,Furniture,12,2204.36,partner
00002213,07.03.2024,C1298,Mäkinen Toimisto,SKU-1001,Ergonomic Desk Chair,Furniture,6,2095.62,partner
00002214,03.02.2025,C1040,Mäkinen Toimisto,SKU-1002,Standing Desk 140cm,Furniture,2,4870.31,online
00002215,24.03.2024,C1085,Kjærstad Utstyr,SKU-1003,Monitor Arm Dual,Accessories,8,835.70,partner
00002216,27.10.2025,C1235,Lindqvist AB,SKU-1009,Webcam 1080p,Peripherals,10,875.70,retail
00002217,09.10.2024,C1114,Bergström & Söner,SKU-1001,Ergonomic Desk Chair,Furniture,12,2366.08,retail
00002218,02.07.2024,C1130,Dansk Kontormiljø,SKU-1001,Ergonomic Desk Chair,Furniture,1,2665.18,retail
00002219,14.11.2025,C1335,Uppsala Interiör,SKU-1002,Standing Desk 140cm,Furniture,3,4979.68,online
00002220,08.06.2025,C1036,Lindqvist AB,SKU-1007,Noise Cancelling Headset,Peripherals,4,1996.02,direct
00002221,23.11.2025,C1396,Møller Innredning,SKU-1007,Noise Cancelling Headset,Peripherals,8,1954.19,partner
00002222,17.11.2025,C1023,Dansk Kontormiljø,SKU-1008,Laptop Stand Aluminium,Accessories,-1,605.86,NULL
00002223,03.01.2025,C1291,Kärkkäinen Oy,SKU-1003,Monitor Arm Dual,Accessories,12,798.89,direct
00002224,04.03.2025,C1144,Mäkinen Toimisto,SKU-1007,Noise Cancelling Headset,Peripherals,10,2123.76,retail
00002225,23.01.2025,C1017,Hämäläinen Oy,SKU-1003,Monitor Arm Dual,Accessories,2,831.72,online
00002226,26.05.2024,C1115,Väisänen Kaluste,SKU-1008,Laptop Stand Aluminium,Accessories,1,572.07,online
00002227,25.01.2025,C1045,Ålesund Kontor,SKU-1007,Noise Cancelling Headset,Peripherals,5,2283.17,online
00002228,25.04.2025,C1052,Jyllands Inventar,SKU-1009,Webcam 1080p,Peripherals,9,828.54,online
00002229,05.11.2024,C1257,Trondheim Utstyr,SKU-1010,Desk Lamp LED,Furniture,9,556.32,retail
00002230,30.09.2024,C1192,Kärkkäinen Oy,SKU-1001,Ergonomic Desk Chair,Furniture,10,2336.54,online
00002231,05.05.2024,C1222,Jyllands Inventar,SKU-1009,Webcam 1080p,Peripherals,11,832.06,partner
00002232,23.06.2025,C1308,Väisänen Kaluste,SKU-1009,Webcam 1080p,Peripherals,7,846.71,online
00002233,08.08.2024,C1313,Rødvig Møbler,SKU-1003,Monitor Arm Dual,Accessories,5,961.08,retail
00002234,18.09.2025,C1292,Rødvig Møbler,SKU-1004,Mechanical Keyboard,Peripherals,11,1003.66,online
00002235,05.12.2025,C1378,Dansk Kontormiljø,SKU-1007,Noise Cancelling Headset,Peripherals,-3,2368.04,retail
00002236,19.10.2024,C1067,Rødvig Møbler,SKU-1006,USB-C Dock,Accessories,12,1824.60,direct
00002237,21.11.2025,C1111,Uppsala Interiör,SKU-1009,Webcam 1080p,Peripherals,4,785.73,retail
00002238,11.07.2025,C1010,Uppsala Interiör,SKU-1008,Laptop Stand Aluminium,Accessories,2,605.81,partner
00002239,27.02.2025,C1172,Mäkinen Toimisto,SKU-1007,Noise Cancelling Headset,Peripherals,2,1809.77,partner
00002240,29.01.2025,C1383,Rødvig Møbler,SKU-1007,Noise Cancelling Headset,Peripherals,6,1924.28,direct
00002241,01.08.2024,C1316,Møller Innredning,SKU-1004,Mechanical Keyboard,Peripherals,12,1238.09,online
00002242,06.07.2024,C1049,Nordström Handel,SKU-1003,Monitor Arm Dual,Accessories,4,998.22,online
00002243,16.07.2025,C1095,Lindqvist AB,SKU-1008,Laptop Stand Aluminium,Accessories,10,729.75,partner
00002244,08.08.2024,C1255,Nordström Handel,SKU-1009,Webcam 1080p,Peripherals,8,830.65,retail
00002245,19.12.2025,C1291,Rødvig Møbler,SKU-1003,Monitor Arm Dual,Accessories,4,962.65,NULL
00002246,23.03.2024,C1091,Møller Innredning,SKU-1008,Laptop Stand Aluminium,Accessories,12,658.63,online
00002247,02.08.2024,C1227,Lindqvist AB,SKU-1010,Desk Lamp LED,Furniture,3,452.60,NULL
00002248,08.11.2025,C1282,Väisänen Kaluste,SKU-1006,USB-C Dock,Accessories,8,1862.07,NULL
00002249,23.03.2024,C1115,Møller Innredning,SKU-1008,Laptop Stand Aluminium,Accessories,12,666.59,online
00002250,30.09.2025,C1122,Møller Innredning,SKU-1004,Mechanical Keyboard,Peripherals,7,1235.78,direct
00002251,05.12.2025,C1009,Rødvig Møbler,SKU-1009,Webcam 1080p,Peripherals,4,791.42,online
00002252,11.04.2025,C1382,Rødvig Møbler,SKU-1009,Webcam 1080p,Peripherals,4,877.77,direct
00002253,25.05.2025,C1344,Jyllands Inventar,SKU-1002,Standing Desk 140cm,Furniture,5,4517.44,retail
00002254,06.03.2025,C1044,Väisänen Kaluste,SKU-1010,Desk Lamp LED,Furniture,5,580.65,retail
00002255,17.12.2025,C1312,Mäkinen Toimisto,SKU-1009,Webcam 1080p,Peripherals,2,665.73,online
00002256,27.09.2025,C1251,Väisänen Kaluste,SKU-1010,Desk Lamp LED,Furniture,3,478.81,online
00002257,27.11.2025,C1286,Bergström & Söner,SKU-1003,Monitor Arm Dual,Accessories,1,968.64,retail
00002258,25.05.2024,C1334,Trondheim Utstyr,SKU-1008,Laptop Stand Aluminium,Accessories,3,683.65,partner
00002259,01.10.2025,C1389,Mäkinen Toimisto,SKU-1008,Laptop Stand Aluminium,Accessories,9,550.65,partner
00002260,10.11.2024,C1389,Kärkkäinen Oy,SKU-1002,Standing Desk 140cm,Furniture,1,5256.14,partner
00002261,30.09.2024,C1306,Mäkinen Toimisto,SKU-1003,Monitor Arm Dual,Accessories,6,834.36,retail
00002262,26.05.2025,C1022,Møller Innredning,SKU-1008,Laptop Stand Aluminium,Accessories,9,594.48,online
00002263,24.03.2024,C1028,Bergström & Söner,SKU-1010,Desk Lamp LED,Furniture,3,541.87,partner
00002264,26.10.2024,C1328,Søndergaard A/S,SKU-1008,Laptop Stand Aluminium,Accessories,2,561.99,direct
00002265,02.09.2024,C1158,Bergström & Söner,SKU-1010,Desk Lamp LED,Furniture,12,586.88,retail
00002266,13.09.2025,C1351,Dansk Kontormiljø,SKU-1003,Monitor Arm Dual,Accessories,5,768.80,NULL
00002267,09.03.2025,C1286,Mäkinen Toimisto,SKU-1002,Standing Desk 140cm,Furniture,1,5609.63,partner
00002268,18.03.2025,C1344,Jyllands Inventar,SKU-1002,Standing Desk 140cm,Furniture,9,5643.18,retail
00002269,10.07.2024,C1288,Jyllands Inventar,SKU-1008,Laptop Stand Aluminium,Accessories,7,628.08,online
00002270,10.01.2025,C1363,Bergström & Söner,SKU-1001,Ergonomic Desk Chair,Furniture,5,2462.43,retail
00002271,18.02.2024,C1369,Lindqvist AB,SKU-1002,Standing Desk 140cm,Furniture,12,4901.41,online
00002272,31.01.2025,C1176,Ålesund Kontor,SKU-1006,USB-C Dock,Accessories,10,1598.59,retail
00002273,28.11.2024,C1060,Väisänen Kaluste,SKU-1008,Laptop Stand Aluminium,Accessories,7,706.23,online
00002274,02.03.2025,C1012,Hämäläinen Oy,SKU-1009,Webcam 1080p,Peripherals,-1,735.54,partner
00002275,20.10.2025,C1329,Väisänen Kaluste,SKU-1007,Noise Cancelling Headset,Peripherals,-1,2103.77,retail
00002276,08.05.2024,C1025,Mäkinen Toimisto,SKU-1008,Laptop Stand Aluminium,Accessories,12,719.56,direct
00002277,26.07.2025,C1278,Uppsala Interiör,SKU-1004,Mechanical Keyboard,Peripherals,1,1263.43,partner
00002278,18.06.2025,C1130,Mäkinen Toimisto,SKU-1003,Monitor Arm Dual,Accessories,7,800.66,retail
00002279,29.10.2025,C1027,Kjærstad Utstyr,SKU-1004,Mechanical Keyboard,Peripherals,4,1088.45,retail
00002280,29.01.2024,C1072,Søndergaard A/S,SKU-1001,Ergonomic Desk Chair,Furniture,4,2383.16,online
00002281,25.01.2024,C1223,Kjærstad Utstyr,SKU-1006,USB-C Dock,Accessories,9,1661.09,direct
00002282,13.01.2025,C1242,Nordström Handel,SKU-1005,27in 4K Monitor,Displays,11,4701.65,online
00002283,27.09.2024,C1049,Dansk Kontormiljø,SKU-1003,Monitor Arm Dual,Accessories,9,984.22,retail
00002284,31.12.2025,C1155,Ålesund Kontor,SKU-1005,27in 4K Monitor,Displays,4,4015.74,online
00002285,20.10.2024,C1333,Jyllands Inventar,SKU-1005,27in 4K Monitor,Displays,6,4238.87,partner
00002286,17.01.2024,C1111,Nordström Handel,SKU-1004,Mechanical Keyboard,Peripherals,4,996.98,partner
00002287,09.06.2025,C1179,Søndergaard A/S,SKU-1009,Webcam 1080p,Peripherals,2,747.32,partner
00002288,02.07.2025,C1339,Nordström Handel,SKU-1001,Ergonomic Desk Chair,Furniture,7,2149.44,partner
00002289,14.09.2024,C1396,Søndergaard A/S,SKU-1010,Desk Lamp LED,Furniture,2,544.14,direct
00002290,21.09.2025,C1104,Dansk Kontormiljø,SKU-1004,Mechanical Keyboard,Peripherals,4,1038.28,partner
00002291,04.11.2025,C1030,Kjærstad Utstyr,SKU-1006,USB-C Dock,Accessories,7,1666.53,online
00002292,11.07.2025,C1361,Mäkinen Toimisto,SKU-1001,Ergonomic Desk Chair,Furniture,11,2309.43,direct
00002293,07.03.2024,C1108,Kjærstad Utstyr,SKU-1010,Desk Lamp LED,Furniture,12,534.67,partner
00002294,13.01.2025,C1304,Ålesund Kontor,SKU-1007,Noise Cancelling Headset,Peripherals,6,1903.99,partner
00002295,28.09.2024,C1020,Uppsala Interiör,SKU-1007,Noise Cancelling Headset,Peripherals,2,1813.09,online
00002296,04.12.2025,C1333,Jyllands Inventar,SKU-1005,27in 4K Monitor,Displays,-2,4671.80,retail
00002297,13.08.2024,C1397,Ålesund Kontor,SKU-1002,Standing Desk 140cm,Furniture,12,5551.27,direct
00002298,16.03.2025,C1103,Kjærstad Utstyr,SKU-1004,Mechanical Keyboard,Peripherals,5,1228.05,retail
00002299,23.09.2025,C1237,Väisänen Kaluste,SKU-1006,USB-C Dock,Accessories,6,1887.12,online
00002300,13.07.2025,C1192,Ålesund Kontor,SKU-1002,Standing Desk 140cm,Furniture,8,4624.79,online
00002301,18.10.2025,C1343,Nordström Handel,SKU-1003,Monitor Arm Dual,Accessories,5,996.17,retail
00002302,26.12.2025,C1171,Bergström & Söner,SKU-1003,Monitor Arm Dual,Accessories,6,888.40,online
00002303,28.07.2025,C1242,Kärkkäinen Oy,SKU-1006,USB-C Dock,Accessories,1,1584.65,retail
00002304,14.05.2025,C1360,Kärkkäinen Oy,SKU-1009,Webcam 1080p,Peripherals,10,892.53,online
00002305,20.11.2025,C1019,Kjærstad Utstyr,SKU-1004,Mechanical Keyboard,Peripherals,6,1171.12,direct
00002306,22.05.2024,C1272,Mäkinen Toimisto,SKU-1005,27in 4K Monitor,Displays,3,4044.03,retail
00002307,12.10.2024,C1146,Trondheim Utstyr,SKU-1007,Noise Cancelling Headset,Peripherals,12,2346.64,direct
00002308,18.09.2025,C1380,Rødvig Møbler,SKU-1010,Desk Lamp LED,Furniture,3,538.96,online
00002309,10.01.2025,C1379,Uppsala Interiör,SKU-1001,Ergonomic Desk Chair,Furniture,6,2097.97,retail
00002310,24.08.2024,C1005,Mäkinen Toimisto,SKU-1005,27in 4K Monitor,Displays,6,3898.48,online
00002311,03.08.2025,C1287,Møller Innredning,SKU-1005,27in 4K Monitor,Displays,10,3798.99,direct
00002312,20.11.2025,C1252,Rødvig Møbler,SKU-1009,Webcam 1080p,Peripherals,8,714.59,retail
00002313,22.01.2024,C1116,Lindqvist AB,SKU-1005,27in 4K Monitor,Displays,11,3839.19,retail
00002314,15.08.2024,C1310,Bergström & Söner,SKU-1009,Webcam 1080p,Peripherals,2,849.32,retail
00002315,17.01.2025,C1292,Uppsala Interiör,SKU-1002,Standing Desk 140cm,Furniture,11,5186.86,direct
00002316,15.09.2024,C1259,Mäkinen Toimisto,SKU-1003,Monitor Arm Dual,Accessories,2,998.48,partner
00002317,24.09.2024,C1385,Trondheim Utstyr,SKU-1004,Mechanical Keyboard,Peripherals,1,1081.40,partner
00002318,22.08.2024,C1283,Møller Innredning,SKU-1006,USB-C Dock,Accessories,1,1565.11,retail
00002319,28.03.2024,C1297,Väisänen Kaluste,SKU-1007,Noise Cancelling Headset,Peripherals,2,2073.02,retail
00002320,11.05.2025,C1062,Mäkinen Toimisto,SKU-1008,Laptop Stand Aluminium,Accessories,4,701.14,direct
00002321,08.11.2024,C1222,Jyllands Inventar,SKU-1004,Mechanical Keyboard,Peripherals,6,1026.66,online
00002322,19.06.2024,C1102,Søndergaard A/S,SKU-1009,Webcam 1080p,Peripherals,8,711.97,online
00002323,01.09.2024,C1071,Trondheim Utstyr,SKU-1003,Monitor Arm Dual,Accessories,8,919.26,partner
00002324,27.11.2024,C1315,Kjærstad Utstyr,SKU-1001,Ergonomic Desk Chair,Furniture,3,2286.85,partner
00002325,10.09.2024,C1061,Lindqvist AB,SKU-1006,USB-C Dock,Accessories,9,1574.39,retail
00002326,25.01.2024,C1166,Bergström & Söner,SKU-1009,Webcam 1080p,Peripherals,6,831.66,partner
00002327,30.04.2025,C1115,Trondheim Utstyr,SKU-1004,Mechanical Keyboard,Peripherals,11,1222.58,partner
00002328,13.10.2024,C1254,Bergström & Söner,SKU-1010,Desk Lamp LED,Furniture,1,482.44,retail
00002329,02.06.2024,C1036,Mäkinen Toimisto,SKU-1004,Mechanical Keyboard,Peripherals,3,990.68,direct
00002330,12.07.2024,C1370,Søndergaard A/S,SKU-1002,Standing Desk 140cm,Furniture,4,4826.59,direct
00002331,21.12.2024,C1386,Dansk Kontormiljø,SKU-1001,Ergonomic Desk Chair,Furniture,3,2271.56,online
00002332,27.04.2024,C1331,Hämäläinen Oy,SKU-1005,27in 4K Monitor,Displays,11,4817.77,direct
00002333,05.04.2025,C1128,Møller Innredning,SKU-1008,Laptop Stand Aluminium,Accessories,11,651.19,online
00002334,19.05.2024,C1272,Hämäläinen Oy,SKU-1004,Mechanical Keyboard,Peripherals,10,1120.36,retail
00002335,03.07.2024,C1392,Uppsala Interiör,SKU-1005,27in 4K Monitor,Displays,2,4316.12,partner
00002336,23.12.2024,C1297,Møller Innredning,SKU-1006,USB-C Dock,Accessories,11,1683.40,partner
00002337,20.08.2024,C1243,Søndergaard A/S,SKU-1001,Ergonomic Desk Chair,Furniture,8,2177.02,direct
00002338,22.05.2025,C1057,Kjærstad Utstyr,SKU-1005,27in 4K Monitor,Displays,4,4877.81,retail
00002339,26.10.2025,C1029,Väisänen Kaluste,SKU-1005,27in 4K Monitor,Displays,7,4298.77,online
00002340,06.07.2025,C1200,Rødvig Møbler,SKU-1001,Ergonomic Desk Chair,Furniture,5,2580.75,online
00002341,05.12.2025,C1163,Trondheim Utstyr,SKU-1004,Mechanical Keyboard,Peripherals,2,1116.74,partner
00002342,09.02.2025,C1201,Trondheim Utstyr,SKU-1008,Laptop Stand Aluminium,Accessories,5,659.81,online
00002343,10.09.2024,C1152,Nordström Handel,SKU-1006,USB-C Dock,Accessories,3,1495.96,online
00002344,04.01.2024,C1316,Rødvig Møbler,SKU-1009,Webcam 1080p,Peripherals,10,728.37,online
00002345,13.10.2024,C1243,Rødvig Møbler,SKU-1005,27in 4K Monitor,Displays,10,4542.71,partner
00002346,02.02.2025,C1083,Ålesund Kontor,SKU-1004,Mechanical Keyboard,Peripherals,10,1276.66,partner
00002347,27.02.2025,C1232,Bergström & Söner,SKU-1005,27in 4K Monitor,Displays,3,4192.61,online
00002348,17.03.2025,C1033,Bergström & Söner,SKU-1007,Noise Cancelling Headset,Peripherals,12,1841.59,direct
00002349,03.05.2024,C1359,Uppsala Interiör,SKU-1007,Noise Cancelling Headset,Peripherals,8,2283.96,direct
00002350,28.09.2024,C1249,Trondheim Utstyr,SKU-1006,USB-C Dock,Accessories,10,1522.68,online
00002351,29.03.2025,C1374,Dansk Kontormiljø,SKU-1001,Ergonomic Desk Chair,Furniture,5,2682.14,direct
00002352,12.02.2025,C1076,Kärkkäinen Oy,SKU-1010,Desk Lamp LED,Furniture,2,463.47,online
00002353,14.02.2025,C1113,Nordström Handel,SKU-1010,Desk Lamp LED,Furniture,7,449.80,retail
00002354,31.07.2024,C1362,Rødvig Møbler,SKU-1008,Laptop Stand Aluminium,Accessories,10,726.13,retail
00002355,04.10.2025,C1186,Jyllands Inventar,SKU-1008,Laptop Stand Aluminium,Accessories,9,583.27,online
00002356,09.04.2025,C1283,Ålesund Kontor,SKU-1010,Desk Lamp LED,Furniture,3,520.56,direct
00002357,22.06.2025,C1244,Uppsala Interiör,SKU-1003,Monitor Arm Dual,Accessories,7,986.32,online
00002358,27.12.2024,C1351,Uppsala Interiör,SKU-1006,USB-C Dock,Accessories,12,1975.05,online
00002359,17.12.2024,C1001,Nordström Handel,SKU-1005,27in 4K Monitor,Displays,5,4186.38,partner
00002360,12.11.2025,C1390,Kjærstad Utstyr,SKU-1008,Laptop Stand Aluminium,Accessories,10,631.67,online
00002361,06.06.2024,C1374,Nordström Handel,SKU-1007,Noise Cancelling Headset,Peripherals,11,2323.70,direct
00002362,27.01.2025,C1118,Jyllands Inventar,SKU-1010,Desk Lamp LED,Furniture,3,526.19,direct
00002363,23.08.2024,C1190,Møller Innredning,SKU-1008,Laptop Stand Aluminium,Accessories,7,616.03,direct
00002364,12.01.2024,C1131,Lindqvist AB,SKU-1004,Mechanical Keyboard,Peripherals,-2,1102.13,partner
00002365,27.05.2025,C1293,Nordström Handel,SKU-1002,Standing Desk 140cm,Furniture,12,5216.17,retail
00002366,11.07.2025,C1330,Møller Innredning,SKU-1002,Standing Desk 140cm,Furniture,8,4652.74,retail
00002367,18.10.2025,C1297,Dansk Kontormiljø,SKU-1008,Laptop Stand Aluminium,Accessories,-2,636.81,retail
00002368,28.02.2025,C1218,Kärkkäinen Oy,SKU-1009,Webcam 1080p,Peripherals,3,828.25,retail
00002369,28.07.2025,C1013,Møller Innredning,SKU-1003,Monitor Arm Dual,Accessories,9,791.50,online
00002370,19.03.2025,C1042,Jyllands Inventar,SKU-1003,Monitor Arm Dual,Accessories,11,981.03,partner
00002371,19.03.2025,C1203,Jyllands Inventar,SKU-1002,Standing Desk 140cm,Furniture,8,4980.67,online
00002372,01.11.2024,C1111,Rødvig Møbler,SKU-1007,Noise Cancelling Headset,Peripherals,6,2298.05,online
00002373,18.06.2025,C1135,Lindqvist AB,SKU-1010,Desk Lamp LED,Furniture,3,593.16,retail
00002374,18.02.2025,C1392,Kärkkäinen Oy,SKU-1003,Monitor Arm Dual,Accessories,7,777.24,partner
00002375,30.03.2025,C1107,Väisänen Kaluste,SKU-1008,Laptop Stand Aluminium,Accessories,8,600.93,NULL
00002376,12.04.2025,C1013,Väisänen Kaluste,SKU-1001,Ergonomic Desk Chair,Furniture,11,2680.51,partner
00002377,19.03.2025,C1137,Dansk Kontormiljø,SKU-1008,Laptop Stand Aluminium,Accessories,3,663.10,partner
00002378,31.08.2025,C1128,Trondheim Utstyr,SKU-1003,Monitor Arm Dual,Accessories,10,879.14,retail
00002379,15.03.2025,C1209,Nordström Handel,SKU-1009,Webcam 1080p,Peripherals,10,681.20,direct
00002380,30.01.2024,C1040,Uppsala Interiör,SKU-1004,Mechanical Keyboard,Peripherals,12,1303.31,direct
00002381,23.02.2024,C1091,Kjærstad Utstyr,SKU-1008,Laptop Stand Aluminium,Accessories,7,672.36,retail
00002382,16.03.2025,C1157,Møller Innredning,SKU-1001,Ergonomic Desk Chair,Furniture,11,2536.03,online
00002383,04.07.2024,C1072,Lindqvist AB,SKU-1009,Webcam 1080p,Peripherals,3,743.42,partner
00002384,01.11.2025,C1360,Dansk Kontormiljø,SKU-1002,Standing Desk 140cm,Furniture,3,5935.99,online
00002385,22.06.2024,C1184,Kärkkäinen Oy,SKU-1002,Standing Desk 140cm,Furniture,3,5815.10,retail
00002386,05.08.2025,C1206,Väisänen Kaluste,SKU-1010,Desk Lamp LED,Furniture,5,579.91,partner
00002387,31.03.2025,C1397,Dansk Kontormiljø,SKU-1006,USB-C Dock,Accessories,3,1651.90,partner
00002388,06.11.2024,C1308,Väisänen Kaluste,SKU-1007,Noise Cancelling Headset,Peripherals,12,1923.78,retail
00002389,07.06.2025,C1315,Trondheim Utstyr,SKU-1010,Desk Lamp LED,Furniture,11,505.59,partner
00002390,15.07.2024,C1364,Ålesund Kontor,SKU-1008,Laptop Stand Aluminium,Accessories,3,684.03,partner
00002391,30.06.2024,C1261,Hämäläinen Oy,SKU-1004,Mechanical Keyboard,Peripherals,1,1080.79,partner
00002392,22.01.2024,C1212,Ålesund Kontor,SKU-1008,Laptop Stand Aluminium,Accessories,1,655.93,online
00002393,15.08.2025,C1030,Trondheim Utstyr,SKU-1004,Mechanical Keyboard,Peripherals,8,1066.46,NULL
00002394,07.07.2025,C1314,Nordström Handel,SKU-1002,Standing Desk 140cm,Furniture,4,4816.09,direct
00002395,27.01.2024,C1096,Ålesund Kontor,SKU-1009,Webcam 1080p,Peripherals,9,736.50,online
00002396,14.07.2024,C1343,Trondheim Utstyr,SKU-1008,Laptop Stand Aluminium,Accessories,8,551.14,partner
00002397,30.09.2025,C1174,Rødvig Møbler,SKU-1002,Standing Desk 140cm,Furniture,12,5503.29,partner
00002398,23.08.2024,C1291,Uppsala Interiör,SKU-1003,Monitor Arm Dual,Accessories,10,1010.68,direct
00002399,01.02.2024,C1129,Bergström & Söner,SKU-1004,Mechanical Keyboard,Peripherals,4,978.61,partner
00002400,11.12.2025,C1213,Mäkinen Toimisto,SKU-1004,Mechanical Keyboard,Peripherals,3,1288.31,partner
00002401,29.07.2024,C1072,Lindqvist AB,SKU-1002,Standing Desk 140cm,Furniture,1,5614.40,retail
00002402,14.12.2025,C1355,Rødvig Møbler,SKU-1009,Webcam 1080p,Peripherals,7,750.78,online
00002403,22.08.2024,C1152,Kjærstad Utstyr,SKU-1005,27in 4K Monitor,Displays,9,3741.39,retail
00002404,24.04.2025,C1161,Trondheim Utstyr,SKU-1002,Standing Desk 140cm,Furniture,5,4860.95,online
00002405,13.09.2024,C1055,Väisänen Kaluste,SKU-1003,Monitor Arm Dual,Accessories,12,945.61,direct
00002406,30.06.2024,C1143,Søndergaard A/S,SKU-1002,Standing Desk 140cm,Furniture,8,5768.68,online
00002407,06.06.2024,C1129,Trondheim Utstyr,SKU-1002,Standing Desk 140cm,Furniture,12,5312.99,direct
00002408,13.10.2025,C1364,Rødvig Møbler,SKU-1002,Standing Desk 140cm,Furniture,8,4776.34,retail
00002409,04.10.2024,C1063,Uppsala Interiör,SKU-1001,Ergonomic Desk Chair,Furniture,6,2414.91,online
00002410,17.05.2025,C1168,Kärkkäinen Oy,SKU-1008,Laptop Stand Aluminium,Accessories,4,619.07,retail
00002411,06.01.2024,C1342,Ålesund Kontor,SKU-1004,Mechanical Keyboard,Peripherals,3,1225.35,partner
00002412,14.05.2024,C1067,Rødvig Møbler,SKU-1001,Ergonomic Desk Chair,Furniture,9,2582.65,retail
00002413,30.07.2024,C1237,Lindqvist AB,SKU-1010,Desk Lamp LED,Furniture,3,561.30,partner
00002414,10.06.2025,C1209,Lindqvist AB,SKU-1006,USB-C Dock,Accessories,12,1827.86,direct
00002415,22.05.2024,C1257,Uppsala Interiör,SKU-1003,Monitor Arm Dual,Accessories,10,765.81,online
00002416,29.04.2024,C1314,Uppsala Interiör,SKU-1005,27in 4K Monitor,Displays,6,4394.79,online
00002417,26.05.2025,C1319,Søndergaard A/S,SKU-1009,Webcam 1080p,Peripherals,12,790.01,retail
00002418,09.06.2025,C1217,Rødvig Møbler,SKU-1007,Noise Cancelling Headset,Peripherals,1,1882.29,partner
00002419,05.01.2025,C1368,Dansk Kontormiljø,SKU-1009,Webcam 1080p,Peripherals,8,845.09,retail
00002420,22.02.2025,C1310,Hämäläinen Oy,SKU-1003,Monitor Arm Dual,Accessories,9,1021.42,partner
00002421,03.09.2025,C1388,Väisänen Kaluste,SKU-1003,Monitor Arm Dual,Accessories,2,942.49,online
00002422,04.02.2025,C1241,Väisänen Kaluste,SKU-1002,Standing Desk 140cm,Furniture,7,4941.33,direct
00002423,13.05.2024,C1311,Møller Innredning,SKU-1002,Standing Desk 140cm,Furniture,4,4596.97,retail
00002424,06.10.2025,C1343,Väisänen Kaluste,SKU-1001,Ergonomic Desk Chair,Furniture,5,2192.95,online
00002425,01.01.2025,C1148,Hämäläinen Oy,SKU-1005,27in 4K Monitor,Displays,8,4067.19,retail
00002426,09.12.2024,C1307,Nordström Handel,SKU-1009,Webcam 1080p,Peripherals,6,789.53,direct
00002427,15.07.2025,C1243,Mäkinen Toimisto,SKU-1010,Desk Lamp LED,Furniture,1,532.41,partner
00002428,01.02.2025,C1296,Nordström Handel,SKU-1005,27in 4K Monitor,Displays,1,3843.42,partner
00002429,15.05.2024,C1053,Lindqvist AB,SKU-1010,Desk Lamp LED,Furniture,5,548.01,online
00002430,29.06.2025,C1257,Bergström & Söner,SKU-1001,Ergonomic Desk Chair,Furniture,8,2179.68,partner
00002431,30.07.2024,C1103,Dansk Kontormiljø,SKU-1004,Mechanical Keyboard,Peripherals,1,1177.57,direct
00002432,15.08.2025,C1069,Hämäläinen Oy,SKU-1008,Laptop Stand Aluminium,Accessories,1,652.36,online
00002433,13.12.2025,C1229,Ålesund Kontor,SKU-1009,Webcam 1080p,Peripherals,5,845.12,online
00002434,20.12.2025,C1183,Kärkkäinen Oy,SKU-1003,Monitor Arm Dual,Accessories,6,822.87,retail
00002435,30.06.2024,C1070,Ålesund Kontor,SKU-1005,27in 4K Monitor,Displays,2,4282.23,online
00002436,29.11.2024,C1154,Kärkkäinen Oy,SKU-1002,Standing Desk 140cm,Furniture,2,5610.01,partner
00002437,21.02.2025,C1357,Bergström & Söner,SKU-1009,Webcam 1080p,Peripherals,-3,732.89,retail
00002438,04.01.2024,C1253,Ålesund Kontor,SKU-1002,Standing Desk 140cm,Furniture,7,4566.03,online
00002439,16.05.2025,C1118,Lindqvist AB,SKU-1008,Laptop Stand Aluminium,Accessories,8,706.43,partner
00002440,07.02.2025,C1005,Uppsala Interiör,SKU-1002,Standing Desk 140cm,Furniture,12,5901.81,online
00002441,12.10.2025,C1091,Mäkinen Toimisto,SKU-1008,Laptop Stand Aluminium,Accessories,3,551.63,retail
00002442,18.03.2024,C1227,Väisänen Kaluste,SKU-1005,27in 4K Monitor,Displays,5,3787.35,direct
00002443,12.03.2024,C1140,Väisänen Kaluste,SKU-1004,Mechanical Keyboard,Peripherals,11,1046.49,partner
00002444,01.09.2024,C1042,Kjærstad Utstyr,SKU-1001,Ergonomic Desk Chair,Furniture,2,2051.40,direct
00002445,27.01.2025,C1150,Dansk Kontormiljø,SKU-1009,Webcam 1080p,Peripherals,7,765.64,online
00002446,05.02.2024,C1291,Mäkinen Toimisto,SKU-1007,Noise Cancelling Headset,Peripherals,4,2414.13,retail
00002447,19.08.2025,C1296,Lindqvist AB,SKU-1007,Noise Cancelling Headset,Peripherals,9,1905.08,direct
00002448,11.06.2025,C1240,Nordström Handel,SKU-1001,Ergonomic Desk Chair,Furniture,2,2313.89,online
00002449,12.05.2024,C1136,Dansk Kontormiljø,SKU-1008,Laptop Stand Aluminium,Accessories,12,714.88,direct
00002450,01.02.2025,C1143,Kjærstad Utstyr,SKU-1009,Webcam 1080p,Peripherals,4,889.75,partner
00002451,31.08.2024,C1072,Kärkkäinen Oy,SKU-1001,Ergonomic Desk Chair,Furniture,9,2568.45,online
00002452,03.10.2025,C1369,Mäkinen Toimisto,SKU-1010,Desk Lamp LED,Furniture,7,509.37,direct
00002453,09.06.2024,C1130,Kjærstad Utstyr,SKU-1008,Laptop Stand Aluminium,Accessories,4,591.83,online
00002454,06.01.2024,C1201,Bergström & Söner,SKU-1002,Standing Desk 140cm,Furniture,4,4897.01,direct
00002455,09.02.2025,C1301,Møller Innredning,SKU-1010,Desk Lamp LED,Furniture,11,445.13,direct
00002456,20.02.2025,C1316,Hämäläinen Oy,SKU-1005,27in 4K Monitor,Displays,-2,4585.62,online
00002457,19.08.2025,C1048,Rødvig Møbler,SKU-1007,Noise Cancelling Headset,Peripherals,2,2342.54,partner
00002458,13.03.2024,C1079,Väisänen Kaluste,SKU-1004,Mechanical Keyboard,Peripherals,11,1210.45,retail
00002459,05.09.2025,C1226,Kärkkäinen Oy,SKU-1003,Monitor Arm Dual,Accessories,6,801.68,direct
00002460,31.10.2024,C1075,Kärkkäinen Oy,SKU-1007,Noise Cancelling Headset,Peripherals,1,1972.15,retail
00002461,19.01.2025,C1079,Jyllands Inventar,SKU-1005,27in 4K Monitor,Displays,3,4192.28,retail
00002462,28.01.2024,C1368,Lindqvist AB,SKU-1007,Noise Cancelling Headset,Peripherals,1,1972.04,direct
00002463,31.01.2025,C1353,Lindqvist AB,SKU-1003,Monitor Arm Dual,Accessories,5,861.54,partner
00002464,07.05.2025,C1387,Rødvig Møbler,SKU-1004,Mechanical Keyboard,Peripherals,2,1190.27,direct
00002465,09.09.2025,C1400,Søndergaard A/S,SKU-1005,27in 4K Monitor,Displays,8,4678.27,direct
00002466,08.11.2024,C1395,Kjærstad Utstyr,SKU-1008,Laptop Stand Aluminium,Accessories,12,695.32,partner
00002467,14.03.2024,C1090,Trondheim Utstyr,SKU-1003,Monitor Arm Dual,Accessories,8,965.45,direct
00002468,12.03.2025,C1054,Kjærstad Utstyr,SKU-1002,Standing Desk 140cm,Furniture,3,5207.28,partner
00002469,04.04.2025,C1311,Mäkinen Toimisto,SKU-1010,Desk Lamp LED,Furniture,10,528.38,retail
00002470,24.12.2025,C1282,Ålesund Kontor,SKU-1010,Desk Lamp LED,Furniture,5,447.80,online
00002471,11.01.2024,C1150,Nordström Handel,SKU-1008,Laptop Stand Aluminium,Accessories,6,561.33,direct
00002472,06.02.2025,C1257,Kärkkäinen Oy,SKU-1008,Laptop Stand Aluminium,Accessories,4,695.91,retail
00002473,17.03.2024,C1198,Hämäläinen Oy,SKU-1001,Ergonomic Desk Chair,Furniture,7,2238.65,NULL
00002474,02.07.2025,C1378,Jyllands Inventar,SKU-1010,Desk Lamp LED,Furniture,4,560.03,partner
00002475,11.05.2024,C1257,Lindqvist AB,SKU-1002,Standing Desk 140cm,Furniture,-2,4592.92,direct
00002476,10.05.2025,C1003,Ålesund Kontor,SKU-1009,Webcam 1080p,Peripherals,7,733.06,direct
00002477,03.06.2024,C1339,Søndergaard A/S,SKU-1010,Desk Lamp LED,Furniture,7,585.42,online
00002478,15.01.2025,C1393,Søndergaard A/S,SKU-1007,Noise Cancelling Headset,Peripherals,3,1804.10,retail
00002479,31.01.2025,C1353,Møller Innredning,SKU-1004,Mechanical Keyboard,Peripherals,8,1091.71,online
00002480,10.03.2024,C1083,Lindqvist AB,SKU-1006,USB-C Dock,Accessories,5,1679.35,partner
00002481,12.08.2024,C1362,Hämäläinen Oy,SKU-1006,USB-C Dock,Accessories,9,1913.98,partner
00002482,10.02.2024,C1029,Kärkkäinen Oy,SKU-1003,Monitor Arm Dual,Accessories,5,769.32,partner
00002483,12.02.2025,C1329,Dansk Kontormiljø,SKU-1002,Standing Desk 140cm,Furniture,12,4454.20,direct
00002484,19.11.2024,C1291,Kjærstad Utstyr,SKU-1001,Ergonomic Desk Chair,Furniture,6,2071.88,partner
00002485,28.03.2024,C1172,Søndergaard A/S,SKU-1004,Mechanical Keyboard,Peripherals,10,1202.77,online
00002486,23.04.2024,C1054,Jyllands Inventar,SKU-1003,Monitor Arm Dual,Accessories,6,771.47,direct
00002487,05.07.2025,C1311,Kjærstad Utstyr,SKU-1007,Noise Cancelling Headset,Peripherals,11,1886.25,retail
00002488,24.12.2024,C1222,Ålesund Kontor,SKU-1005,27in 4K Monitor,Displays,10,4163.07,direct
00002489,09.01.2025,C1132,Rødvig Møbler,SKU-1009,Webcam 1080p,Peripherals,2,881.78,direct
00002490,25.07.2025,C1112,Søndergaard A/S,SKU-1002,Standing Desk 140cm,Furniture,12,4912.85,direct
00002491,27.08.2025,C1100,Mäkinen Toimisto,SKU-1007,Noise Cancelling Headset,Peripherals,11,1977.53,direct
00002492,25.05.2024,C1220,Uppsala Interiör,SKU-1005,27in 4K Monitor,Displays,4,4034.84,partner
00002493,07.03.2024,C1055,Väisänen Kaluste,SKU-1006,USB-C Dock,Accessories,7,1995.64,partner
00002494,04.01.2024,C1305,Dansk Kontormiljø,SKU-1007,Noise Cancelling Headset,Peripherals,9,2348.21,partner
00002495,14.03.2025,C1213,Lindqvist AB,SKU-1001,Ergonomic Desk Chair,Furniture,6,2395.24,retail
00002496,25.01.2025,C1049,Mäkinen Toimisto,SKU-1008,Laptop Stand Aluminium,Accessories,9,726.43,direct
00002497,30.01.2024,C1076,Uppsala Interiör,SKU-1004,Mechanical Keyboard,Peripherals,1,1295.23,direct
00002498,24.08.2025,C1314,Jyllands Inventar,SKU-1003,Monitor Arm Dual,Accessories,8,786.36,partner
00002499,18.04.2024,C1243,Mäkinen Toimisto,SKU-1007,Noise Cancelling Headset,Peripherals,6,2292.34,partner
00002500,13.07.2025,C1274,Kärkkäinen Oy,SKU-1007,Noise Cancelling Headset,Peripherals,6,2358.76,online
00002501,19.08.2024,C1352,Lindqvist AB,SKU-1009,Webcam 1080p,Peripherals,7,856.47,direct
00002502,22.04.2025,C1294,Hämäläinen Oy,SKU-1009,Webcam 1080p,Peripherals,5,734.06,partner
00002503,10.10.2025,C1217,Uppsala Interiör,SKU-1008,Laptop Stand Aluminium,Accessories,4,556.60,direct
00002504,26.03.2024,C1096,Lindqvist AB,SKU-1003,Monitor Arm Dual,Accessories,9,1004.75,online
00002505,16.02.2025,C1110,Bergström & Söner,SKU-1004,Mechanical Keyboard,Peripherals,3,1278.58,direct
00002506,14.08.2025,C1230,Dansk Kontormiljø,SKU-1010,Desk Lamp LED,Furniture,5,519.90,direct
00002507,26.05.2025,C1055,Bergström & Söner,SKU-1007,Noise Cancelling Headset,Peripherals,6,2042.37,direct
00002508,20.04.2024,C1324,Uppsala Interiör,SKU-1006,USB-C Dock,Accessories,4,1792.50,partner
00002509,11.08.2024,C1144,Kärkkäinen Oy,SKU-1002,Standing Desk 140cm,Furniture,2,4913.06,retail
00002510,13.04.2024,C1196,Kjærstad Utstyr,SKU-1007,Noise Cancelling Headset,Peripherals,1,1806.95,direct
00002511,06.05.2025,C1083,Uppsala Interiör,SKU-1010,Desk Lamp LED,Furniture,7,507.47,online
00002512,31.07.2024,C1251,Rødvig Møbler,SKU-1004,Mechanical Keyboard,Peripherals,3,1038.82,NULL
00002513,17.07.2024,C1215,Bergström & Söner,SKU-1010,Desk Lamp LED,Furniture,7,469.19,online
00002514,21.09.2025,C1229,Kjærstad Utstyr,SKU-1001,Ergonomic Desk Chair,Furniture,1,2440.56,direct
00002515,21.08.2025,C1044,Mäkinen Toimisto,SKU-1008,Laptop Stand Aluminium,Accessories,2,729.29,direct
00002516,10.07.2025,C1108,Kärkkäinen Oy,SKU-1001,Ergonomic Desk Chair,Furniture,2,2635.16,partner
00002517,30.01.2025,C1013,Trondheim Utstyr,SKU-1005,27in 4K Monitor,Displays,2,4147.60,retail
00002518,06.02.2025,C1177,Kjærstad Utstyr,SKU-1006,USB-C Dock,Accessories,-3,1852.47,partner
00002519,25.04.2025,C1355,Dansk Kontormiljø,SKU-1004,Mechanical Keyboard,Peripherals,1,1090.59,partner
00002520,23.02.2024,C1009,Dansk Kontormiljø,SKU-1010,Desk Lamp LED,Furniture,3,576.52,partner
00002521,28.04.2024,C1152,Kärkkäinen Oy,SKU-1010,Desk Lamp LED,Furniture,8,489.70,online
00002522,03.08.2024,C1146,Møller Innredning,SKU-1001,Ergonomic Desk Chair,Furniture,2,2717.15,retail
00002523,26.06.2024,C1034,Trondheim Utstyr,SKU-1007,Noise Cancelling Headset,Peripherals,12,2079.35,retail
00002524,28.04.2025,C1328,Lindqvist AB,SKU-1005,27in 4K Monitor,Displays,12,4332.16,retail
00002525,20.03.2025,C1247,Ålesund Kontor,SKU-1008,Laptop Stand Aluminium,Accessories,10,567.88,online
00002526,03.06.2025,C1115,Dansk Kontormiljø,SKU-1004,Mechanical Keyboard,Peripherals,1,1217.78,partner
00002527,21.11.2025,C1323,Ålesund Kontor,SKU-1010,Desk Lamp LED,Furniture,10,558.65,direct
00002528,18.08.2024,C1216,Jyllands Inventar,SKU-1007,Noise Cancelling Headset,Peripherals,6,2215.81,online
00002529,09.02.2024,C1278,Dansk Kontormiljø,SKU-1003,Monitor Arm Dual,Accessories,3,986.10,retail
00002530,27.12.2025,C1357,Hämäläinen Oy,SKU-1001,Ergonomic Desk Chair,Furniture,3,2657.60,retail
00002531,23.09.2024,C1248,Rødvig Møbler,SKU-1010,Desk Lamp LED,Furniture,7,535.96,partner
00002532,07.01.2024,C1387,Møller Innredning,SKU-1009,Webcam 1080p,Peripherals,9,725.27,partner
00002533,08.12.2025,C1154,Rødvig Møbler,SKU-1008,Laptop Stand Aluminium,Accessories,-3,633.94,partner
00002534,23.04.2025,C1188,Dansk Kontormiljø,SKU-1005,27in 4K Monitor,Displays,5,4520.11,direct
00002535,09.07.2024,C1044,Søndergaard A/S,SKU-1007,Noise Cancelling Headset,Peripherals,2,2163.25,online
00002536,11.01.2024,C1058,Trondheim Utstyr,SKU-1004,Mechanical Keyboard,Peripherals,10,1191.59,direct
00002537,14.04.2024,C1200,Väisänen Kaluste,SKU-1002,Standing Desk 140cm,Furniture,1,4630.00,retail
00002538,25.11.2025,C1017,Väisänen Kaluste,SKU-1009,Webcam 1080p,Peripherals,8,819.53,retail
00002539,07.08.2024,C1347,Nordström Handel,SKU-1002,Standing Desk 140cm,Furniture,10,5237.70,retail
00002540,12.11.2025,C1240,Kjærstad Utstyr,SKU-1005,27in 4K Monitor,Displays,6,3767.90,retail
00002541,03.02.2024,C1044,Hämäläinen Oy,SKU-1010,Desk Lamp LED,Furniture,-1,563.62,retail
00002542,17.07.2025,C1224,Dansk Kontormiljø,SKU-1006,USB-C Dock,Accessories,3,1545.80,partner
00002543,20.04.2024,C1080,Dansk Kontormiljø,SKU-1007,Noise Cancelling Headset,Peripherals,8,1902.03,partner
00002544,15.11.2024,C1063,Nordström Handel,SKU-1001,Ergonomic Desk Chair,Furniture,12,2649.31,retail
00002545,10.09.2025,C1321,Kjærstad Utstyr,SKU-1010,Desk Lamp LED,Furniture,6,532.63,online
00002546,04.10.2024,C1130,Kärkkäinen Oy,SKU-1003,Monitor Arm Dual,Accessories,5,940.88,retail
00002547,19.12.2024,C1293,Kjærstad Utstyr,SKU-1007,Noise Cancelling Headset,Peripherals,7,2355.28,online
00002548,29.01.2025,C1358,Kärkkäinen Oy,SKU-1003,Monitor Arm Dual,Accessories,1,887.51,direct
00002549,21.06.2024,C1178,Väisänen Kaluste,SKU-1002,Standing Desk 140cm,Furniture,9,5883.27,retail
00002550,27.04.2024,C1362,Trondheim Utstyr,SKU-1005,27in 4K Monitor,Displays,4,3750.94,online
00002551,18.12.2024,C1039,Kjærstad Utstyr,SKU-1005,27in 4K Monitor,Displays,6,3733.19,retail
00002552,07.04.2025,C1262,Lindqvist AB,SKU-1009,Webcam 1080p,Peripherals,11,759.86,direct
00002553,10.11.2024,C1226,Rødvig Møbler,SKU-1002,Standing Desk 140cm,Furniture,4,5919.74,online
00002554,08.12.2025,C1183,Uppsala Interiör,SKU-1005,27in 4K Monitor,Displays,3,4801.42,retail
00002555,17.08.2025,C1095,Väisänen Kaluste,SKU-1004,Mechanical Keyboard,Peripherals,7,1241.92,direct
00002556,05.05.2025,C1334,Kjærstad Utstyr,SKU-1001,Ergonomic Desk Chair,Furniture,8,2608.43,retail
00002557,22.09.2025,C1275,Bergström & Söner,SKU-1005,27in 4K Monitor,Displays,12,4398.15,retail
00002558,21.08.2024,C1245,Nordström Handel,SKU-1008,Laptop Stand Aluminium,Accessories,3,668.69,online
00002559,30.01.2025,C1353,Trondheim Utstyr,SKU-1007,Noise Cancelling Headset,Peripherals,12,2093.17,online
00002560,22.03.2024,C1019,Kjærstad Utstyr,SKU-1008,Laptop Stand Aluminium,Accessories,1,684.28,direct
00002561,30.07.2024,C1095,Lindqvist AB,SKU-1003,Monitor Arm Dual,Accessories,-1,760.04,retail
00002562,14.08.2025,C1121,Kärkkäinen Oy,SKU-1005,27in 4K Monitor,Displays,12,3812.52,retail
00002563,24.12.2025,C1264,Kjærstad Utstyr,SKU-1006,USB-C Dock,Accessories,4,1843.09,online
00002564,25.08.2025,C1236,Møller Innredning,SKU-1001,Ergonomic Desk Chair,Furniture,8,2097.36,direct
00002565,03.08.2024,C1383,Nordström Handel,SKU-1003,Monitor Arm Dual,Accessories,9,879.67,partner
00002566,31.05.2025,C1011,Lindqvist AB,SKU-1003,Monitor Arm Dual,Accessories,4,935.54,retail
00002567,15.10.2024,C1080,Uppsala Interiör,SKU-1008,Laptop Stand Aluminium,Accessories,11,662.39,direct
00002568,12.01.2025,C1076,Hämäläinen Oy,SKU-1001,Ergonomic Desk Chair,Furniture,10,2421.51,online
00002569,20.06.2025,C1165,Mäkinen Toimisto,SKU-1010,Desk Lamp LED,Furniture,10,471.36,retail
00002570,26.10.2025,C1133,Kärkkäinen Oy,SKU-1004,Mechanical Keyboard,Peripherals,2,1136.39,partner
00002571,23.06.2024,C1343,Søndergaard A/S,SKU-1002,Standing Desk 140cm,Furniture,10,4858.67,online
00002572,23.07.2025,C1334,Hämäläinen Oy,SKU-1005,27in 4K Monitor,Displays,5,4136.18,partner
00002573,10.10.2025,C1052,Uppsala Interiör,SKU-1002,Standing Desk 140cm,Furniture,1,5365.86,retail
00002574,28.11.2024,C1124,Bergström & Söner,SKU-1001,Ergonomic Desk Chair,Furniture,9,2236.88,partner
00002575,01.09.2025,C1221,Mäkinen Toimisto,SKU-1010,Desk Lamp LED,Furniture,11,577.27,direct
00002576,12.12.2024,C1128,Trondheim Utstyr,SKU-1001,Ergonomic Desk Chair,Furniture,9,2529.93,direct
00002577,14.07.2025,C1060,Uppsala Interiör,SKU-1008,Laptop Stand Aluminium,Accessories,6,642.19,direct
00002578,27.04.2025,C1268,Bergström & Söner,SKU-1009,Webcam 1080p,Peripherals,4,693.27,retail
00002579,03.06.2024,C1058,Trondheim Utstyr,SKU-1001,Ergonomic Desk Chair,Furniture,11,2611.03,partner
00002580,02.04.2024,C1214,Bergström & Söner,SKU-1005,27in 4K Monitor,Displays,7,4927.31,partner
00002581,21.09.2025,C1009,Trondheim Utstyr,SKU-1002,Standing Desk 140cm,Furniture,7,4599.20,retail
00002582,20.01.2025,C1147,Kjærstad Utstyr,SKU-1005,27in 4K Monitor,Displays,5,4428.08,online
00002583,23.09.2025,C1007,Ålesund Kontor,SKU-1001,Ergonomic Desk Chair,Furniture,7,2346.55,direct
00002584,27.10.2024,C1083,Väisänen Kaluste,SKU-1005,27in 4K Monitor,Displays,9,4773.33,online
00002585,02.05.2024,C1306,Rødvig Møbler,SKU-1005,27in 4K Monitor,Displays,7,4844.85,retail
00002586,30.10.2024,C1249,Rødvig Møbler,SKU-1007,Noise Cancelling Headset,Peripherals,12,2194.94,retail
00002587,31.10.2025,C1288,Rødvig Møbler,SKU-1009,Webcam 1080p,Peripherals,8,742.60,online
00002588,04.01.2025,C1058,Søndergaard A/S,SKU-1005,27in 4K Monitor,Displays,4,4432.18,online
00002589,03.09.2025,C1190,Kärkkäinen Oy,SKU-1004,Mechanical Keyboard,Peripherals,2,1299.38,online
00002590,12.08.2024,C1179,Hämäläinen Oy,SKU-1003,Monitor Arm Dual,Accessories,4,867.38,NULL
00002591,18.07.2024,C1336,Trondheim Utstyr,SKU-1007,Noise Cancelling Headset,Peripherals,10,2110.39,direct
00002592,30.07.2025,C1254,Ålesund Kontor,SKU-1008,Laptop Stand Aluminium,Accessories,3,603.14,partner
00002593,01.10.2025,C1217,Väisänen Kaluste,SKU-1003,Monitor Arm Dual,Accessories,8,953.36,direct
00002594,05.09.2025,C1083,Kärkkäinen Oy,SKU-1005,27in 4K Monitor,Displays,6,3936.17,retail
00002595,15.02.2025,C1153,Hämäläinen Oy,SKU-1004,Mechanical Keyboard,Peripherals,5,1300.25,partner
00002596,31.08.2025,C1302,Mäkinen Toimisto,SKU-1005,27in 4K Monitor,Displays,1,4322.90,online
00002597,18.08.2025,C1118,Lindqvist AB,SKU-1006,USB-C Dock,Accessories,4,1586.63,retail
00002598,16.05.2025,C1089,Ålesund Kontor,SKU-1002,Standing Desk 140cm,Furniture,2,5723.73,online
00002599,17.06.2024,C1018,Lindqvist AB,SKU-1010,Desk Lamp LED,Furniture,9,555.70,partner
00002600,17.06.2024,C1340,Rødvig Møbler,SKU-1007,Noise Cancelling Headset,Peripherals,11,2066.88,direct
00002601,15.03.2025,C1035,Ålesund Kontor,SKU-1002,Standing Desk 140cm,Furniture,7,4538.90,online
00002602,27.02.2025,C1303,Väisänen Kaluste,SKU-1007,Noise Cancelling Headset,Peripherals,11,1822.30,retail
00002603,13.11.2024,C1023,Mäkinen Toimisto,SKU-1006,USB-C Dock,Accessories,12,1756.33,direct
00002604,03.05.2024,C1262,Mäkinen Toimisto,SKU-1008,Laptop Stand Aluminium,Accessories,4,589.23,direct
00002605,23.06.2025,C1160,Hämäläinen Oy,SKU-1005,27in 4K Monitor,Displays,2,3890.48,direct
00002606,10.11.2025,C1002,Kjærstad Utstyr,SKU-1004,Mechanical Keyboard,Peripherals,4,1262.31,online
00002607,04.04.2024,C1254,Møller Innredning,SKU-1006,USB-C Dock,Accessories,3,1869.50,retail
00002608,12.03.2024,C1126,Lindqvist AB,SKU-1002,Standing Desk 140cm,Furniture,9,5253.94,partner
00002609,19.01.2024,C1180,Bergström & Söner,SKU-1002,Standing Desk 140cm,Furniture,1,4553.97,partner
00002610,26.12.2025,C1170,Dansk Kontormiljø,SKU-1008,Laptop Stand Aluminium,Accessories,11,672.21,online
00002611,13.08.2025,C1379,Uppsala Interiör,SKU-1004,Mechanical Keyboard,Peripherals,4,1065.68,direct
00002612,24.09.2024,C1329,Dansk Kontormiljø,SKU-1009,Webcam 1080p,Peripherals,9,725.22,partner
00002613,16.02.2025,C1105,Trondheim Utstyr,SKU-1006,USB-C Dock,Accessories,9,1657.71,online
00002614,08.01.2024,C1139,Uppsala Interiör,SKU-1004,Mechanical Keyboard,Peripherals,4,991.93,retail
00002615,29.08.2024,C1145,Kjærstad Utstyr,SKU-1007,Noise Cancelling Headset,Peripherals,11,2340.34,partner
00002616,03.05.2024,C1064,Bergström & Söner,SKU-1004,Mechanical Keyboard,Peripherals,12,993.62,partner
00002617,18.12.2024,C1068,Nordström Handel,SKU-1001,Ergonomic Desk Chair,Furniture,1,2137.96,direct
00002618,26.10.2024,C1050,Mäkinen Toimisto,SKU-1009,Webcam 1080p,Peripherals,2,834.71,direct
00002619,06.04.2025,C1022,Trondheim Utstyr,SKU-1006,USB-C Dock,Accessories,7,1829.45,retail
00002620,18.07.2024,C1391,Uppsala Interiör,SKU-1005,27in 4K Monitor,Displays,12,4505.90,partner
00002621,24.11.2024,C1179,Kärkkäinen Oy,SKU-1002,Standing Desk 140cm,Furniture,5,5918.45,direct
00002622,27.12.2025,C1153,Uppsala Interiör,SKU-1003,Monitor Arm Dual,Accessories,3,899.46,direct
00002623,14.08.2025,C1000,Bergström & Söner,SKU-1007,Noise Cancelling Headset,Peripherals,1,2091.78,online
00002624,10.04.2024,C1188,Ålesund Kontor,SKU-1007,Noise Cancelling Headset,Peripherals,2,2020.32,partner
00002625,31.10.2024,C1029,Nordström Handel,SKU-1002,Standing Desk 140cm,Furniture,9,4998.50,partner
00002626,08.01.2024,C1282,Kärkkäinen Oy,SKU-1009,Webcam 1080p,Peripherals,10,741.43,direct
00002627,17.11.2024,C1193,Uppsala Interiör,SKU-1010,Desk Lamp LED,Furniture,6,484.45,direct
00002628,09.03.2024,C1082,Søndergaard A/S,SKU-1006,USB-C Dock,Accessories,6,1948.38,partner
00002629,01.12.2024,C1068,Kjærstad Utstyr,SKU-1001,Ergonomic Desk Chair,Furniture,1,2583.45,retail
00002630,09.05.2025,C1220,Kjærstad Utstyr,SKU-1005,27in 4K Monitor,Displays,1,4115.94,partner
00002631,15.04.2025,C1069,Kjærstad Utstyr,SKU-1003,Monitor Arm Dual,Accessories,1,955.54,retail
00002632,26.01.2024,C1265,Møller Innredning,SKU-1010,Desk Lamp LED,Furniture,5,469.15,partner
00002633,19.04.2025,C1233,Trondheim Utstyr,SKU-1002,Standing Desk 140cm,Furniture,11,5440.35,online
00002634,01.04.2025,C1076,Rødvig Møbler,SKU-1005,27in 4K Monitor,Displays,2,3963.89,retail
00002635,05.08.2024,C1199,Bergström & Söner,SKU-1008,Laptop Stand Aluminium,Accessories,4,563.11,direct
00002636,29.08.2025,C1184,Rødvig Møbler,SKU-1008,Laptop Stand Aluminium,Accessories,5,642.69,partner
00002637,22.11.2024,C1165,Väisänen Kaluste,SKU-1003,Monitor Arm Dual,Accessories,6,988.32,retail
00002638,07.03.2025,C1027,Mäkinen Toimisto,SKU-1006,USB-C Dock,Accessories,5,1640.54,online
00002639,03.01.2024,C1276,Mäkinen Toimisto,SKU-1009,Webcam 1080p,Peripherals,8,730.14,direct
00002640,01.11.2024,C1153,Møller Innredning,SKU-1001,Ergonomic Desk Chair,Furniture,7,2508.24,NULL
00002641,15.07.2024,C1127,Trondheim Utstyr,SKU-1001,Ergonomic Desk Chair,Furniture,10,2314.83,partner
00002642,30.12.2024,C1008,Lindqvist AB,SKU-1008,Laptop Stand Aluminium,Accessories,10,563.38,direct
00002643,05.10.2024,C1177,Lindqvist AB,SKU-1004,Mechanical Keyboard,Peripherals,10,1076.96,partner
00002644,17.02.2024,C1130,Trondheim Utstyr,SKU-1003,Monitor Arm Dual,Accessories,10,820.29,direct
00002645,09.02.2025,C1280,Søndergaard A/S,SKU-1009,Webcam 1080p,Peripherals,1,745.86,partner
00002646,10.10.2024,C1157,Lindqvist AB,SKU-1001,Ergonomic Desk Chair,Furniture,6,2418.61,online
00002647,23.11.2025,C1027,Ålesund Kontor,SKU-1008,Laptop Stand Aluminium,Accessories,6,665.82,partner
00002648,25.07.2024,C1219,Søndergaard A/S,SKU-1003,Monitor Arm Dual,Accessories,10,820.66,direct
00002649,15.04.2024,C1063,Lindqvist AB,SKU-1009,Webcam 1080p,Peripherals,4,699.18,partner
00002650,05.10.2025,C1320,Mäkinen Toimisto,SKU-1006,USB-C Dock,Accessories,5,1760.27,direct
00002651,11.10.2025,C1296,Rødvig Møbler,SKU-1001,Ergonomic Desk Chair,Furniture,7,2692.88,retail
00002652,21.07.2024,C1158,Ålesund Kontor,SKU-1010,Desk Lamp LED,Furniture,7,510.18,direct
00002653,05.04.2025,C1097,Nordström Handel,SKU-1007,Noise Cancelling Headset,Peripherals,1,1988.64,partner
00002654,09.07.2024,C1113,Rødvig Møbler,SKU-1006,USB-C Dock,Accessories,6,1588.33,retail
00002655,15.12.2025,C1079,Bergström & Söner,SKU-1010,Desk Lamp LED,Furniture,11,475.01,retail
00002656,11.02.2024,C1111,Trondheim Utstyr,SKU-1009,Webcam 1080p,Peripherals,2,888.63,direct
00002657,27.01.2024,C1017,Uppsala Interiör,SKU-1004,Mechanical Keyboard,Peripherals,12,1293.33,direct
00002658,08.08.2025,C1353,Dansk Kontormiljø,SKU-1009,Webcam 1080p,Peripherals,10,783.87,direct
00002659,16.03.2025,C1260,Mäkinen Toimisto,SKU-1001,Ergonomic Desk Chair,Furniture,12,2660.79,online
00002660,09.07.2025,C1109,Søndergaard A/S,SKU-1004,Mechanical Keyboard,Peripherals,2,988.71,retail
00002661,15.02.2024,C1055,Kärkkäinen Oy,SKU-1003,Monitor Arm Dual,Accessories,8,834.84,retail
00002662,13.10.2024,C1192,Kärkkäinen Oy,SKU-1006,USB-C Dock,Accessories,5,1800.36,direct
00002663,20.11.2024,C1109,Trondheim Utstyr,SKU-1004,Mechanical Keyboard,Peripherals,9,1063.11,online
00002664,10.12.2024,C1394,Søndergaard A/S,SKU-1006,USB-C Dock,Accessories,12,1534.94,partner
00002665,19.01.2024,C1018,Rødvig Møbler,SKU-1009,Webcam 1080p,Peripherals,5,698.75,online
00002666,14.09.2025,C1069,Dansk Kontormiljø,SKU-1004,Mechanical Keyboard,Peripherals,1,1016.02,direct
00002667,27.11.2024,C1353,Hämäläinen Oy,SKU-1001,Ergonomic Desk Chair,Furniture,2,2405.40,partner
00002668,04.04.2024,C1360,Uppsala Interiör,SKU-1006,USB-C Dock,Accessories,1,1816.12,direct
00002669,21.05.2024,C1151,Mäkinen Toimisto,SKU-1002,Standing Desk 140cm,Furniture,5,5654.49,online
00002670,20.09.2024,C1322,Bergström & Söner,SKU-1007,Noise Cancelling Headset,Peripherals,8,2230.03,retail
00002671,01.07.2024,C1329,Dansk Kontormiljø,SKU-1001,Ergonomic Desk Chair,Furniture,9,2494.81,partner
00002672,26.08.2025,C1244,Kärkkäinen Oy,SKU-1010,Desk Lamp LED,Furniture,2,492.17,partner
00002673,12.12.2024,C1381,Rødvig Møbler,SKU-1007,Noise Cancelling Headset,Peripherals,5,1879.55,retail
00002674,07.01.2024,C1185,Søndergaard A/S,SKU-1008,Laptop Stand Aluminium,Accessories,8,723.49,direct
00002675,01.08.2024,C1254,Rødvig Møbler,SKU-1003,Monitor Arm Dual,Accessories,6,859.27,NULL
00002676,24.09.2025,C1030,Lindqvist AB,SKU-1004,Mechanical Keyboard,Peripherals,5,1187.22,retail
00002677,14.03.2024,C1067,Uppsala Interiör,SKU-1001,Ergonomic Desk Chair,Furniture,3,2055.97,direct
00002678,16.05.2024,C1191,Hämäläinen Oy,SKU-1007,Noise Cancelling Headset,Peripherals,1,2035.66,direct
00002679,12.05.2024,C1374,Mäkinen Toimisto,SKU-1009,Webcam 1080p,Peripherals,8,689.02,partner
00002680,12.05.2025,C1129,Møller Innredning,SKU-1003,Monitor Arm Dual,Accessories,2,952.67,retail
00002681,21.10.2024,C1242,Bergström & Söner,SKU-1010,Desk Lamp LED,Furniture,5,557.69,online
00002682,03.03.2025,C1268,Mäkinen Toimisto,SKU-1007,Noise Cancelling Headset,Peripherals,8,1829.16,retail
00002683,05.12.2025,C1064,Uppsala Interiör,SKU-1003,Monitor Arm Dual,Accessories,7,940.72,partner
00002684,18.12.2024,C1001,Uppsala Interiör,SKU-1002,Standing Desk 140cm,Furniture,5,5847.89,online
00002685,17.06.2025,C1244,Nordström Handel,SKU-1004,Mechanical Keyboard,Peripherals,4,1185.68,online
00002686,29.08.2025,C1279,Hämäläinen Oy,SKU-1009,Webcam 1080p,Peripherals,3,859.83,online
00002687,12.11.2025,C1118,Kärkkäinen Oy,SKU-1008,Laptop Stand Aluminium,Accessories,1,629.59,partner
00002688,28.10.2024,C1196,Kärkkäinen Oy,SKU-1005,27in 4K Monitor,Displays,7,4694.67,direct
00002689,04.05.2024,C1127,Ålesund Kontor,SKU-1005,27in 4K Monitor,Displays,10,4091.35,retail
00002690,18.06.2024,C1368,Bergström & Söner,SKU-1001,Ergonomic Desk Chair,Furniture,2,2308.08,retail
00002691,14.03.2024,C1083,Rødvig Møbler,SKU-1006,USB-C Dock,Accessories,10,1771.28,direct
00002692,03.11.2025,C1282,Kjærstad Utstyr,SKU-1009,Webcam 1080p,Peripherals,9,670.74,online
00002693,09.09.2024,C1336,Väisänen Kaluste,SKU-1003,Monitor Arm Dual,Accessories,4,783.50,online
00002694,20.10.2024,C1185,Uppsala Interiör,SKU-1003,Monitor Arm Dual,Accessories,6,910.13,retail
00002695,15.04.2024,C1028,Bergström & Söner,SKU-1004,Mechanical Keyboard,Peripherals,2,1165.82,online
00002696,11.07.2024,C1029,Ålesund Kontor,SKU-1003,Monitor Arm Dual,Accessories,5,983.32,partner
00002697,01.01.2025,C1224,Kärkkäinen Oy,SKU-1002,Standing Desk 140cm,Furniture,5,4767.62,partner
00002698,28.03.2025,C1388,Søndergaard A/S,SKU-1005,27in 4K Monitor,Displays,6,3812.96,online
00002699,25.09.2024,C1259,Uppsala Interiör,SKU-1001,Ergonomic Desk Chair,Furniture,2,2542.48,direct
00002700,15.01.2025,C1377,Bergström & Söner,SKU-1006,USB-C Dock,Accessories,8,1990.66,direct
00002701,05.04.2024,C1224,Møller Innredning,SKU-1007,Noise Cancelling Headset,Peripherals,6,2208.88,direct
00002702,24.02.2024,C1058,Trondheim Utstyr,SKU-1005,27in 4K Monitor,Displays,3,3934.51,retail
00002703,26.06.2024,C1345,Møller Innredning,SKU-1005,27in 4K Monitor,Displays,8,3861.58,partner
00002704,24.12.2025,C1162,Bergström & Söner,SKU-1006,USB-C Dock,Accessories,4,1783.72,direct
00002705,08.11.2025,C1007,Väisänen Kaluste,SKU-1005,27in 4K Monitor,Displays,5,3782.04,partner
00002706,14.06.2025,C1376,Lindqvist AB,SKU-1001,Ergonomic Desk Chair,Furniture,1,2562.97,partner
00002707,22.09.2025,C1203,Ålesund Kontor,SKU-1003,Monitor Arm Dual,Accessories,1,990.32,retail
00002708,12.03.2025,C1168,Bergström & Söner,SKU-1010,Desk Lamp LED,Furniture,8,565.80,online
00002709,10.11.2025,C1267,Uppsala Interiör,SKU-1002,Standing Desk 140cm,Furniture,2,5199.33,retail
00002710,28.11.2025,C1061,Jyllands Inventar,SKU-1006,USB-C Dock,Accessories,8,1851.89,NULL
00002711,20.02.2024,C1345,Jyllands Inventar,SKU-1002,Standing Desk 140cm,Furniture,7,5096.37,direct
00002712,11.03.2025,C1281,Kjærstad Utstyr,SKU-1008,Laptop Stand Aluminium,Accessories,9,566.70,retail
00002713,29.05.2024,C1335,Hämäläinen Oy,SKU-1004,Mechanical Keyboard,Peripherals,9,1263.68,direct
00002714,11.12.2024,C1147,Bergström & Söner,SKU-1010,Desk Lamp LED,Furniture,5,452.29,partner
00002715,14.12.2024,C1045,Ålesund Kontor,SKU-1001,Ergonomic Desk Chair,Furniture,7,2461.31,retail
00002716,16.05.2025,C1273,Trondheim Utstyr,SKU-1002,Standing Desk 140cm,Furniture,7,5619.23,online
00002717,24.11.2024,C1059,Kärkkäinen Oy,SKU-1005,27in 4K Monitor,Displays,9,4376.75,direct
00002718,13.12.2025,C1194,Väisänen Kaluste,SKU-1007,Noise Cancelling Headset,Peripherals,8,2200.08,partner
00002719,24.07.2024,C1389,Mäkinen Toimisto,SKU-1001,Ergonomic Desk Chair,Furniture,3,2751.17,online
00002720,18.11.2025,C1195,Hämäläinen Oy,SKU-1007,Noise Cancelling Headset,Peripherals,9,2197.08,direct
00002721,18.09.2025,C1180,Uppsala Interiör,SKU-1002,Standing Desk 140cm,Furniture,4,5410.72,retail
00002722,21.12.2024,C1033,Møller Innredning,SKU-1001,Ergonomic Desk Chair,Furniture,2,2744.83,online
00002723,15.06.2025,C1389,Uppsala Interiör,SKU-1005,27in 4K Monitor,Displays,11,3879.65,online
00002724,21.04.2025,C1200,Nordström Handel,SKU-1001,Ergonomic Desk Chair,Furniture,4,2689.59,partner
00002725,07.07.2024,C1377,Jyllands Inventar,SKU-1001,Ergonomic Desk Chair,Furniture,10,2543.37,online
00002726,04.08.2025,C1364,Hämäläinen Oy,SKU-1010,Desk Lamp LED,Furniture,3,563.78,online
00002727,01.08.2025,C1281,Hämäläinen Oy,SKU-1008,Laptop Stand Aluminium,Accessories,7,708.60,online
00002728,19.05.2024,C1020,Jyllands Inventar,SKU-1003,Monitor Arm Dual,Accessories,12,873.82,direct
00002729,25.10.2025,C1007,Hämäläinen Oy,SKU-1008,Laptop Stand Aluminium,Accessories,6,713.07,direct
00002730,04.09.2024,C1241,Kärkkäinen Oy,SKU-1004,Mechanical Keyboard,Peripherals,1,1089.16,partner
00002731,05.01.2024,C1367,Dansk Kontormiljø,SKU-1001,Ergonomic Desk Chair,Furniture,9,2411.88,online
00002732,22.02.2024,C1142,Jyllands Inventar,SKU-1010,Desk Lamp LED,Furniture,5,575.43,direct
00002733,26.09.2025,C1391,Bergström & Söner,SKU-1003,Monitor Arm Dual,Accessories,10,875.57,retail
00002734,30.01.2024,C1018,Kärkkäinen Oy,SKU-1007,Noise Cancelling Headset,Peripherals,4,2172.95,direct
00002735,04.07.2025,C1285,Kjærstad Utstyr,SKU-1003,Monitor Arm Dual,Accessories,1,951.21,online
00002736,14.05.2025,C1001,Uppsala Interiör,SKU-1010,Desk Lamp LED,Furniture,8,576.96,direct
00002737,03.11.2024,C1351,Kjærstad Utstyr,SKU-1001,Ergonomic Desk Chair,Furniture,2,2161.10,partner
00002738,09.05.2024,C1317,Rødvig Møbler,SKU-1005,27in 4K Monitor,Displays,4,4846.27,online
00002739,28.04.2025,C1334,Kärkkäinen Oy,SKU-1002,Standing Desk 140cm,Furniture,1,5974.61,retail
00002740,13.11.2025,C1375,Kärkkäinen Oy,SKU-1001,Ergonomic Desk Chair,Furniture,10,2565.60,online
00002741,20.04.2024,C1354,Ålesund Kontor,SKU-1008,Laptop Stand Aluminium,Accessories,1,642.87,retail
00002742,17.04.2024,C1154,Rødvig Møbler,SKU-1004,Mechanical Keyboard,Peripherals,5,1293.06,retail
00002743,16.07.2025,C1067,Trondheim Utstyr,SKU-1006,USB-C Dock,Accessories,12,1668.77,partner
00002744,12.01.2025,C1283,Ålesund Kontor,SKU-1010,Desk Lamp LED,Furniture,9,503.87,direct
00002745,02.11.2024,C1213,Uppsala Interiör,SKU-1005,27in 4K Monitor,Displays,9,4559.54,partner
00002746,04.07.2025,C1204,Kärkkäinen Oy,SKU-1009,Webcam 1080p,Peripherals,3,703.01,online
00002747,17.04.2025,C1047,Trondheim Utstyr,SKU-1006,USB-C Dock,Accessories,1,1633.80,partner
00002748,11.07.2025,C1152,Nordström Handel,SKU-1003,Monitor Arm Dual,Accessories,7,974.96,direct
00002749,27.01.2024,C1042,Bergström & Söner,SKU-1007,Noise Cancelling Headset,Peripherals,2,1955.03,direct
00002750,21.12.2025,C1058,Ålesund Kontor,SKU-1001,Ergonomic Desk Chair,Furniture,2,2498.50,retail
00002751,13.04.2024,C1011,Dansk Kontormiljø,SKU-1007,Noise Cancelling Headset,Peripherals,1,1897.52,online
00002752,04.10.2024,C1240,Kjærstad Utstyr,SKU-1007,Noise Cancelling Headset,Peripherals,12,2022.29,retail
00002753,15.11.2024,C1034,Nordström Handel,SKU-1003,Monitor Arm Dual,Accessories,1,775.04,online
00002754,31.10.2024,C1002,Hämäläinen Oy,SKU-1005,27in 4K Monitor,Displays,5,4409.80,direct
00002755,09.08.2025,C1201,Ålesund Kontor,SKU-1009,Webcam 1080p,Peripherals,12,697.65,direct
00002756,20.05.2024,C1251,Rødvig Møbler,SKU-1003,Monitor Arm Dual,Accessories,5,959.25,retail
00002757,18.02.2024,C1158,Kärkkäinen Oy,SKU-1009,Webcam 1080p,Peripherals,9,671.68,direct
00002758,21.10.2024,C1374,Hämäläinen Oy,SKU-1003,Monitor Arm Dual,Accessories,1,831.70,direct
00002759,27.11.2025,C1244,Rødvig Møbler,SKU-1002,Standing Desk 140cm,Furniture,10,5460.51,partner
00002760,03.04.2024,C1050,Kärkkäinen Oy,SKU-1003,Monitor Arm Dual,Accessories,11,795.11,retail
00002761,24.08.2024,C1223,Dansk Kontormiljø,SKU-1008,Laptop Stand Aluminium,Accessories,11,558.90,partner
00002762,28.02.2024,C1098,Søndergaard A/S,SKU-1010,Desk Lamp LED,Furniture,3,443.56,partner
00002763,28.09.2024,C1073,Mäkinen Toimisto,SKU-1003,Monitor Arm Dual,Accessories,8,955.87,direct
00002764,15.11.2025,C1291,Møller Innredning,SKU-1001,Ergonomic Desk Chair,Furniture,7,2254.07,online
00002765,09.04.2024,C1215,Mäkinen Toimisto,SKU-1003,Monitor Arm Dual,Accessories,6,969.67,retail
00002766,23.12.2025,C1292,Hämäläinen Oy,SKU-1001,Ergonomic Desk Chair,Furniture,5,2692.10,online
00002767,21.12.2025,C1365,Hämäläinen Oy,SKU-1005,27in 4K Monitor,Displays,2,4476.95,direct
00002768,07.05.2025,C1040,Nordström Handel,SKU-1005,27in 4K Monitor,Displays,7,3936.49,retail
00002769,03.09.2024,C1181,Trondheim Utstyr,SKU-1003,Monitor Arm Dual,Accessories,12,859.47,partner
00002770,03.09.2025,C1239,Väisänen Kaluste,SKU-1010,Desk Lamp LED,Furniture,10,538.66,direct
00002771,08.03.2025,C1253,Dansk Kontormiljø,SKU-1008,Laptop Stand Aluminium,Accessories,6,616.71,direct
00002772,13.08.2024,C1154,Ålesund Kontor,SKU-1008,Laptop Stand Aluminium,Accessories,5,681.17,direct
00002773,05.08.2024,C1085,Mäkinen Toimisto,SKU-1010,Desk Lamp LED,Furniture,12,583.89,online
00002774,27.12.2024,C1102,Møller Innredning,SKU-1003,Monitor Arm Dual,Accessories,2,943.84,partner
00002775,12.02.2025,C1048,Lindqvist AB,SKU-1005,27in 4K Monitor,Displays,12,3809.79,retail
00002776,27.09.2025,C1021,Nordström Handel,SKU-1005,27in 4K Monitor,Displays,10,4061.85,partner
00002777,15.07.2024,C1216,Hämäläinen Oy,SKU-1009,Webcam 1080p,Peripherals,2,886.85,retail
00002778,13.11.2025,C1043,Søndergaard A/S,SKU-1005,27in 4K Monitor,Displays,7,4071.26,direct
00002779,03.02.2024,C1018,Väisänen Kaluste,SKU-1007,Noise Cancelling Headset,Peripherals,6,2073.09,direct
00002780,09.07.2025,C1025,Trondheim Utstyr,SKU-1009,Webcam 1080p,Peripherals,4,684.35,partner
00002781,04.08.2024,C1165,Kärkkäinen Oy,SKU-1001,Ergonomic Desk Chair,Furniture,10,2513.67,partner
00002782,08.02.2024,C1064,Mäkinen Toimisto,SKU-1002,Standing Desk 140cm,Furniture,4,5944.30,online
00002783,28.07.2025,C1170,Väisänen Kaluste,SKU-1003,Monitor Arm Dual,Accessories,12,934.13,retail
00002784,09.04.2024,C1184,Väisänen Kaluste,SKU-1004,Mechanical Keyboard,Peripherals,2,1238.76,partner
00002785,07.08.2025,C1396,Kjærstad Utstyr,SKU-1010,Desk Lamp LED,Furniture,10,557.53,partner
00002786,04.02.2025,C1173,Väisänen Kaluste,SKU-1002,Standing Desk 140cm,Furniture,10,4593.49,online
00002787,23.10.2025,C1240,Lindqvist AB,SKU-1007,Noise Cancelling Headset,Peripherals,1,1839.34,online
00002788,11.12.2025,C1181,Rødvig Møbler,SKU-1003,Monitor Arm Dual,Accessories,9,822.95,online
00002789,13.12.2025,C1362,Ålesund Kontor,SKU-1007,Noise Cancelling Headset,Peripherals,2,1953.53,direct
00002790,12.12.2024,C1037,Mäkinen Toimisto,SKU-1010,Desk Lamp LED,Furniture,3,544.07,retail
00002791,22.02.2025,C1283,Trondheim Utstyr,SKU-1002,Standing Desk 140cm,Furniture,2,5760.95,online
00002792,15.01.2024,C1088,Ålesund Kontor,SKU-1007,Noise Cancelling Headset,Peripherals,2,1932.76,partner
00002793,24.12.2024,C1021,Rødvig Møbler,SKU-1004,Mechanical Keyboard,Peripherals,9,1282.84,partner
00002794,17.04.2025,C1114,Bergström & Söner,SKU-1006,USB-C Dock,Accessories,11,1696.07,NULL
00002795,17.03.2024,C1369,Kjærstad Utstyr,SKU-1002,Standing Desk 140cm,Furniture,3,5673.17,partner
00002796,14.12.2025,C1198,Møller Innredning,SKU-1004,Mechanical Keyboard,Peripherals,5,1109.01,retail
00002797,21.03.2024,C1171,Søndergaard A/S,SKU-1004,Mechanical Keyboard,Peripherals,12,1313.15,partner
00002798,25.10.2024,C1214,Ålesund Kontor,SKU-1005,27in 4K Monitor,Displays,1,3657.85,online
00002799,02.09.2025,C1285,Mäkinen Toimisto,SKU-1001,Ergonomic Desk Chair,Furniture,6,2438.31,partner
00002800,04.03.2024,C1014,Trondheim Utstyr,SKU-1008,Laptop Stand Aluminium,Accessories,6,582.42,partner
00002801,12.07.2024,C1189,Søndergaard A/S,SKU-1009,Webcam 1080p,Peripherals,2,861.97,online
00002802,29.03.2025,C1179,Ålesund Kontor,SKU-1004,Mechanical Keyboard,Peripherals,7,1072.48,retail
00002803,02.07.2025,C1072,Väisänen Kaluste,SKU-1001,Ergonomic Desk Chair,Furniture,8,2318.30,partner
00002804,25.07.2025,C1381,Dansk Kontormiljø,SKU-1005,27in 4K Monitor,Displays,9,4308.08,retail
00002805,17.06.2025,C1249,Lindqvist AB,SKU-1003,Monitor Arm Dual,Accessories,4,938.01,partner
00002806,02.09.2025,C1031,Trondheim Utstyr,SKU-1001,Ergonomic Desk Chair,Furniture,8,2070.18,online
00002807,17.11.2024,C1197,Søndergaard A/S,SKU-1010,Desk Lamp LED,Furniture,5,546.96,direct
00002808,06.08.2024,C1387,Dansk Kontormiljø,SKU-1007,Noise Cancelling Headset,Peripherals,7,1846.63,online
00002809,14.04.2025,C1171,Mäkinen Toimisto,SKU-1009,Webcam 1080p,Peripherals,7,790.49,direct
00002810,21.10.2024,C1100,Hämäläinen Oy,SKU-1001,Ergonomic Desk Chair,Furniture,2,2170.74,online
00002811,31.03.2025,C1087,Møller Innredning,SKU-1010,Desk Lamp LED,Furniture,4,467.14,retail
00002812,26.01.2025,C1007,Mäkinen Toimisto,SKU-1006,USB-C Dock,Accessories,7,1815.58,retail
00002813,16.04.2025,C1237,Lindqvist AB,SKU-1003,Monitor Arm Dual,Accessories,9,831.69,direct
00002814,26.05.2025,C1267,Kjærstad Utstyr,SKU-1005,27in 4K Monitor,Displays,9,3964.27,online
00002815,28.11.2024,C1396,Nordström Handel,SKU-1005,27in 4K Monitor,Displays,12,3823.59,direct
00002816,10.09.2024,C1302,Søndergaard A/S,SKU-1009,Webcam 1080p,Peripherals,9,840.30,direct
00002817,20.07.2024,C1277,Møller Innredning,SKU-1001,Ergonomic Desk Chair,Furniture,7,2667.97,online
00002818,26.04.2025,C1357,Trondheim Utstyr,SKU-1010,Desk Lamp LED,Furniture,2,533.30,partner
00002819,27.11.2025,C1363,Lindqvist AB,SKU-1006,USB-C Dock,Accessories,5,1707.80,NULL
00002820,25.02.2025,C1258,Dansk Kontormiljø,SKU-1002,Standing Desk 140cm,Furniture,11,5862.08,partner
00002821,14.11.2024,C1264,Ålesund Kontor,SKU-1010,Desk Lamp LED,Furniture,3,570.90,online
00002822,18.10.2024,C1266,Møller Innredning,SKU-1010,Desk Lamp LED,Furniture,11,492.26,direct
00002823,10.09.2025,C1041,Ålesund Kontor,SKU-1008,Laptop Stand Aluminium,Accessories,2,683.58,partner
00002824,26.11.2025,C1228,Trondheim Utstyr,SKU-1002,Standing Desk 140cm,Furniture,12,4884.09,online
00002825,17.10.2024,C1158,Nordström Handel,SKU-1010,Desk Lamp LED,Furniture,2,520.39,retail
00002826,30.06.2024,C1101,Bergström & Söner,SKU-1005,27in 4K Monitor,Displays,8,3657.49,NULL
00002827,13.07.2025,C1068,Kärkkäinen Oy,SKU-1002,Standing Desk 140cm,Furniture,8,4970.50,partner
00002828,03.06.2025,C1014,Kärkkäinen Oy,SKU-1003,Monitor Arm Dual,Accessories,8,927.15,partner
00002829,09.07.2025,C1311,Hämäläinen Oy,SKU-1006,USB-C Dock,Accessories,10,2000.09,retail
00002830,03.05.2025,C1156,Mäkinen Toimisto,SKU-1003,Monitor Arm Dual,Accessories,2,936.54,direct
00002831,04.02.2025,C1175,Ålesund Kontor,SKU-1006,USB-C Dock,Accessories,7,1877.93,online
00002832,16.06.2024,C1098,Uppsala Interiör,SKU-1008,Laptop Stand Aluminium,Accessories,1,552.11,retail
00002833,20.05.2024,C1003,Søndergaard A/S,SKU-1003,Monitor Arm Dual,Accessories,-3,805.95,partner
00002834,23.09.2025,C1322,Uppsala Interiör,SKU-1009,Webcam 1080p,Peripherals,2,890.76,partner
00002835,29.11.2025,C1221,Kjærstad Utstyr,SKU-1002,Standing Desk 140cm,Furniture,10,5973.27,partner
00002836,02.06.2025,C1289,Uppsala Interiör,SKU-1006,USB-C Dock,Accessories,3,1679.66,online
00002837,04.08.2025,C1341,Väisänen Kaluste,SKU-1004,Mechanical Keyboard,Peripherals,6,1250.08,partner
00002838,09.05.2025,C1017,Kjærstad Utstyr,SKU-1003,Monitor Arm Dual,Accessories,3,919.74,partner
00002839,23.11.2024,C1160,Mäkinen Toimisto,SKU-1010,Desk Lamp LED,Furniture,9,529.41,online
00002840,29.05.2025,C1371,Uppsala Interiör,SKU-1003,Monitor Arm Dual,Accessories,1,951.06,online
00002841,06.12.2025,C1349,Dansk Kontormiljø,SKU-1010,Desk Lamp LED,Furniture,2,520.62,direct
00002842,04.12.2025,C1120,Uppsala Interiör,SKU-1004,Mechanical Keyboard,Peripherals,4,1210.77,retail
00002843,04.01.2024,C1320,Bergström & Söner,SKU-1007,Noise Cancelling Headset,Peripherals,12,1914.84,direct
00002844,30.12.2024,C1244,Jyllands Inventar,SKU-1002,Standing Desk 140cm,Furniture,10,5566.22,online
00002845,02.05.2024,C1201,Jyllands Inventar,SKU-1003,Monitor Arm Dual,Accessories,10,929.82,online
00002846,29.04.2025,C1138,Dansk Kontormiljø,SKU-1002,Standing Desk 140cm,Furniture,6,5411.08,online
00002847,20.10.2025,C1008,Rødvig Møbler,SKU-1008,Laptop Stand Aluminium,Accessories,5,553.77,direct
00002848,14.11.2025,C1361,Nordström Handel,SKU-1007,Noise Cancelling Headset,Peripherals,4,2110.40,online
00002849,28.11.2025,C1233,Väisänen Kaluste,SKU-1007,Noise Cancelling Headset,Peripherals,11,2306.52,partner
00002850,28.06.2025,C1320,Jyllands Inventar,SKU-1001,Ergonomic Desk Chair,Furniture,6,2590.74,partner
00002851,16.10.2025,C1240,Dansk Kontormiljø,SKU-1009,Webcam 1080p,Peripherals,6,781.60,retail
00002852,29.02.2024,C1005,Søndergaard A/S,SKU-1008,Laptop Stand Aluminium,Accessories,3,714.23,partner
00002853,24.07.2025,C1088,Uppsala Interiör,SKU-1002,Standing Desk 140cm,Furniture,1,5770.38,retail
00002854,25.08.2025,C1137,Uppsala Interiör,SKU-1004,Mechanical Keyboard,Peripherals,6,1007.31,partner
00002855,10.09.2025,C1244,Nordström Handel,SKU-1006,USB-C Dock,Accessories,1,2006.41,direct
00002856,09.12.2025,C1242,Bergström & Söner,SKU-1005,27in 4K Monitor,Displays,11,3719.96,online
00002857,18.04.2024,C1049,Väisänen Kaluste,SKU-1006,USB-C Dock,Accessories,4,1995.78,partner
00002858,31.01.2024,C1070,Uppsala Interiör,SKU-1006,USB-C Dock,Accessories,3,1624.12,online
00002859,22.08.2024,C1015,Søndergaard A/S,SKU-1001,Ergonomic Desk Chair,Furniture,2,2085.97,partner
00002860,27.09.2025,C1165,Ålesund Kontor,SKU-1004,Mechanical Keyboard,Peripherals,2,1127.10,partner
00002861,29.07.2024,C1134,Väisänen Kaluste,SKU-1003,Monitor Arm Dual,Accessories,3,1018.16,retail
00002862,06.05.2025,C1038,Rødvig Møbler,SKU-1009,Webcam 1080p,Peripherals,10,823.83,direct
00002863,28.07.2025,C1031,Dansk Kontormiljø,SKU-1007,Noise Cancelling Headset,Peripherals,7,1792.63,retail
00002864,02.03.2024,C1364,Jyllands Inventar,SKU-1007,Noise Cancelling Headset,Peripherals,1,2236.65,partner
00002865,01.07.2024,C1282,Kärkkäinen Oy,SKU-1001,Ergonomic Desk Chair,Furniture,6,2429.08,retail
00002866,10.04.2025,C1317,Lindqvist AB,SKU-1002,Standing Desk 140cm,Furniture,11,4857.50,partner
00002867,15.07.2024,C1164,Søndergaard A/S,SKU-1004,Mechanical Keyboard,Peripherals,9,1283.85,retail
00002868,19.03.2025,C1055,Hämäläinen Oy,SKU-1008,Laptop Stand Aluminium,Accessories,4,709.93,partner
00002869,09.03.2024,C1127,Kärkkäinen Oy,SKU-1003,Monitor Arm Dual,Accessories,3,945.90,retail
00002870,28.02.2025,C1374,Møller Innredning,SKU-1005,27in 4K Monitor,Displays,9,3789.14,direct
00002871,13.10.2025,C1089,Trondheim Utstyr,SKU-1006,USB-C Dock,Accessories,9,1659.67,online
00002872,23.09.2025,C1209,Väisänen Kaluste,SKU-1009,Webcam 1080p,Peripherals,4,832.91,direct
00002873,17.09.2025,C1137,Väisänen Kaluste,SKU-1001,Ergonomic Desk Chair,Furniture,12,2737.88,direct
00002874,13.09.2025,C1110,Bergström & Söner,SKU-1009,Webcam 1080p,Peripherals,11,765.74,partner
00002875,01.08.2025,C1053,Kjærstad Utstyr,SKU-1008,Laptop Stand Aluminium,Accessories,10,626.36,online
00002876,25.10.2025,C1396,Kärkkäinen Oy,SKU-1010,Desk Lamp LED,Furniture,12,482.06,online
00002877,02.12.2024,C1232,Kärkkäinen Oy,SKU-1001,Ergonomic Desk Chair,Furniture,8,2438.16,partner
00002878,21.06.2024,C1384,Søndergaard A/S,SKU-1010,Desk Lamp LED,Furniture,11,556.68,retail
00002879,13.11.2024,C1335,Dansk Kontormiljø,SKU-1008,Laptop Stand Aluminium,Accessories,8,735.26,partner
00002880,23.07.2025,C1216,Lindqvist AB,SKU-1001,Ergonomic Desk Chair,Furniture,11,2709.96,retail
00002881,22.09.2025,C1034,Nordström Handel,SKU-1002,Standing Desk 140cm,Furniture,9,5057.40,retail
00002882,25.10.2025,C1386,Søndergaard A/S,SKU-1009,Webcam 1080p,Peripherals,12,685.77,direct
00002883,15.04.2025,C1001,Kärkkäinen Oy,SKU-1009,Webcam 1080p,Peripherals,1,673.28,partner
00002884,20.11.2025,C1068,Hämäläinen Oy,SKU-1005,27in 4K Monitor,Displays,5,4786.47,direct
00002885,12.12.2025,C1032,Väisänen Kaluste,SKU-1008,Laptop Stand Aluminium,Accessories,3,702.86,retail
00002886,03.12.2025,C1347,Møller Innredning,SKU-1002,Standing Desk 140cm,Furniture,1,4985.13,direct
00002887,20.02.2025,C1174,Hämäläinen Oy,SKU-1006,USB-C Dock,Accessories,9,1557.20,retail
00002888,12.01.2024,C1000,Lindqvist AB,SKU-1005,27in 4K Monitor,Displays,7,4787.55,direct
00002889,02.09.2024,C1234,Uppsala Interiör,SKU-1007,Noise Cancelling Headset,Peripherals,5,1852.29,online
00002890,15.03.2025,C1296,Rødvig Møbler,SKU-1003,Monitor Arm Dual,Accessories,3,843.52,retail
00002891,25.07.2025,C1036,Nordström Handel,SKU-1005,27in 4K Monitor,Displays,10,4025.67,direct
00002892,29.12.2025,C1036,Nordström Handel,SKU-1004,Mechanical Keyboard,Peripherals,3,1274.78,online
00002893,10.01.2024,C1087,Väisänen Kaluste,SKU-1008,Laptop Stand Aluminium,Accessories,8,560.97,online
00002894,12.08.2024,C1106,Väisänen Kaluste,SKU-1008,Laptop Stand Aluminium,Accessories,11,719.28,partner
00002895,02.10.2025,C1151,Kärkkäinen Oy,SKU-1002,Standing Desk 140cm,Furniture,12,5460.82,retail
00002896,29.04.2025,C1068,Søndergaard A/S,SKU-1001,Ergonomic Desk Chair,Furniture,8,2630.47,direct
00002897,21.06.2025,C1258,Møller Innredning,SKU-1010,Desk Lamp LED,Furniture,9,454.71,retail
00002898,29.11.2025,C1016,Väisänen Kaluste,SKU-1001,Ergonomic Desk Chair,Furniture,8,2596.25,partner
00002899,19.04.2025,C1394,Nordström Handel,SKU-1006,USB-C Dock,Accessories,9,1848.12,partner
00002900,24.04.2025,C1208,Jyllands Inventar,SKU-1003,Monitor Arm Dual,Accessories,6,873.44,direct
00002901,24.08.2025,C1200,Dansk Kontormiljø,SKU-1004,Mechanical Keyboard,Peripherals,3,1283.90,retail
00002902,07.08.2024,C1385,Trondheim Utstyr,SKU-1008,Laptop Stand Aluminium,Accessories,1,665.77,online
00002903,08.06.2024,C1059,Dansk Kontormiljø,SKU-1004,Mechanical Keyboard,Peripherals,-2,1017.79,direct
00002904,18.06.2025,C1322,Kjærstad Utstyr,SKU-1003,Monitor Arm Dual,Accessories,10,995.98,direct
00002905,01.03.2024,C1334,Kärkkäinen Oy,SKU-1004,Mechanical Keyboard,Peripherals,5,1172.00,online
00002906,24.10.2024,C1201,Lindqvist AB,SKU-1007,Noise Cancelling Headset,Peripherals,9,2217.32,direct
00002907,11.09.2025,C1311,Søndergaard A/S,SKU-1009,Webcam 1080p,Peripherals,9,882.36,online
00002908,22.08.2024,C1096,Nordström Handel,SKU-1002,Standing Desk 140cm,Furniture,10,5711.34,partner
00002909,03.08.2024,C1153,Hämäläinen Oy,SKU-1005,27in 4K Monitor,Displays,3,4435.45,NULL
00002910,28.02.2025,C1086,Kärkkäinen Oy,SKU-1005,27in 4K Monitor,Displays,6,4020.35,retail
00002911,25.10.2024,C1049,Dansk Kontormiljø,SKU-1005,27in 4K Monitor,Displays,11,4872.20,online
00002912,30.01.2025,C1393,Mäkinen Toimisto,SKU-1002,Standing Desk 140cm,Furniture,7,5537.27,retail
00002913,27.03.2025,C1300,Lindqvist AB,SKU-1008,Laptop Stand Aluminium,Accessories,1,586.38,partner
00002914,10.02.2024,C1217,Dansk Kontormiljø,SKU-1008,Laptop Stand Aluminium,Accessories,5,566.42,retail
00002915,02.07.2025,C1392,Väisänen Kaluste,SKU-1006,USB-C Dock,Accessories,11,1501.23,direct
00002916,13.11.2025,C1297,Ålesund Kontor,SKU-1010,Desk Lamp LED,Furniture,1,555.01,direct
00002917,25.03.2025,C1072,Kärkkäinen Oy,SKU-1001,Ergonomic Desk Chair,Furniture,9,2401.49,online
00002918,28.07.2025,C1354,Uppsala Interiör,SKU-1001,Ergonomic Desk Chair,Furniture,8,2052.83,direct
00002919,04.02.2025,C1227,Søndergaard A/S,SKU-1003,Monitor Arm Dual,Accessories,3,916.32,partner
00002920,22.03.2025,C1031,Bergström & Söner,SKU-1010,Desk Lamp LED,Furniture,6,523.44,partner
00002921,26.11.2024,C1388,Kärkkäinen Oy,SKU-1001,Ergonomic Desk Chair,Furniture,1,2607.81,retail
00002922,23.05.2025,C1299,Kjærstad Utstyr,SKU-1005,27in 4K Monitor,Displays,12,3742.11,retail
00002923,23.11.2024,C1072,Dansk Kontormiljø,SKU-1003,Monitor Arm Dual,Accessories,8,917.45,retail
00002924,12.11.2025,C1299,Jyllands Inventar,SKU-1008,Laptop Stand Aluminium,Accessories,2,634.30,online
00002925,23.03.2025,C1130,Väisänen Kaluste,SKU-1008,Laptop Stand Aluminium,Accessories,3,735.65,partner
00002926,29.11.2024,C1283,Bergström & Söner,SKU-1008,Laptop Stand Aluminium,Accessories,2,569.74,direct
00002927,19.01.2024,C1018,Mäkinen Toimisto,SKU-1004,Mechanical Keyboard,Peripherals,5,1008.57,online
00002928,04.02.2025,C1290,Ålesund Kontor,SKU-1007,Noise Cancelling Headset,Peripherals,3,2189.37,partner
00002929,23.11.2025,C1122,Lindqvist AB,SKU-1004,Mechanical Keyboard,Peripherals,12,1185.33,partner
00002930,24.01.2025,C1084,Mäkinen Toimisto,SKU-1009,Webcam 1080p,Peripherals,2,779.91,retail
00002931,06.03.2024,C1017,Jyllands Inventar,SKU-1005,27in 4K Monitor,Displays,7,3690.76,retail
00002932,19.01.2025,C1046,Rødvig Møbler,SKU-1010,Desk Lamp LED,Furniture,6,575.71,online
00002933,14.03.2025,C1197,Ålesund Kontor,SKU-1010,Desk Lamp LED,Furniture,12,492.58,partner
00002934,28.07.2025,C1245,Hämäläinen Oy,SKU-1006,USB-C Dock,Accessories,1,1778.05,retail
00002935,29.01.2025,C1330,Bergström & Söner,SKU-1004,Mechanical Keyboard,Peripherals,8,1223.57,online
00002936,06.11.2025,C1366,Dansk Kontormiljø,SKU-1006,USB-C Dock,Accessories,2,1885.39,retail
00002937,05.03.2024,C1167,Kjærstad Utstyr,SKU-1009,Webcam 1080p,Peripherals,10,693.52,retail
00002938,01.10.2025,C1122,Rødvig Møbler,SKU-1003,Monitor Arm Dual,Accessories,2,967.48,direct
00002939,28.08.2024,C1332,Kjærstad Utstyr,SKU-1004,Mechanical Keyboard,Peripherals,1,1110.78,direct
00002940,24.04.2025,C1380,Uppsala Interiör,SKU-1010,Desk Lamp LED,Furniture,12,513.93,partner
00002941,30.10.2024,C1329,Ålesund Kontor,SKU-1007,Noise Cancelling Headset,Peripherals,12,2372.21,retail
00002942,02.02.2024,C1245,Møller Innredning,SKU-1009,Webcam 1080p,Peripherals,10,749.57,partner
00002943,29.01.2025,C1134,Mäkinen Toimisto,SKU-1010,Desk Lamp LED,Furniture,5,472.11,retail
00002944,08.06.2025,C1130,Väisänen Kaluste,SKU-1004,Mechanical Keyboard,Peripherals,4,1299.94,partner
00002945,27.11.2024,C1148,Kärkkäinen Oy,SKU-1003,Monitor Arm Dual,Accessories,12,976.19,online
00002946,13.03.2024,C1132,Bergström & Söner,SKU-1003,Monitor Arm Dual,Accessories,9,987.91,online
00002947,18.11.2024,C1270,Jyllands Inventar,SKU-1007,Noise Cancelling Headset,Peripherals,12,2006.21,retail
00002948,06.08.2024,C1005,Hämäläinen Oy,SKU-1004,Mechanical Keyboard,Peripherals,4,1297.57,direct
00002949,06.05.2024,C1343,Søndergaard A/S,SKU-1002,Standing Desk 140cm,Furniture,11,4588.31,direct
00002950,06.03.2025,C1240,Nordström Handel,SKU-1003,Monitor Arm Dual,Accessories,4,988.37,online
00002951,09.10.2025,C1090,Møller Innredning,SKU-1002,Standing Desk 140cm,Furniture,4,4997.87,retail
00002952,09.08.2025,C1281,Rødvig Møbler,SKU-1002,Standing Desk 140cm,Furniture,2,5333.87,retail
00002953,12.08.2024,C1105,Nordström Handel,SKU-1009,Webcam 1080p,Peripherals,8,712.90,retail
00002954,07.10.2025,C1330,Jyllands Inventar,SKU-1004,Mechanical Keyboard,Peripherals,9,1186.13,retail
00002955,06.06.2025,C1078,Jyllands Inventar,SKU-1003,Monitor Arm Dual,Accessories,1,976.17,retail
00002956,21.11.2024,C1329,Jyllands Inventar,SKU-1009,Webcam 1080p,Peripherals,2,710.72,online
00002957,28.07.2025,C1004,Hämäläinen Oy,SKU-1009,Webcam 1080p,Peripherals,4,749.41,direct
00002958,27.05.2025,C1018,Uppsala Interiör,SKU-1008,Laptop Stand Aluminium,Accessories,11,657.85,direct
00002959,17.10.2024,C1214,Kärkkäinen Oy,SKU-1009,Webcam 1080p,Peripherals,8,704.74,partner
00002960,26.06.2025,C1369,Dansk Kontormiljø,SKU-1003,Monitor Arm Dual,Accessories,4,1006.15,partner
00002961,20.08.2025,C1095,Trondheim Utstyr,SKU-1009,Webcam 1080p,Peripherals,-3,884.49,retail
00002962,16.01.2025,C1130,Møller Innredning,SKU-1003,Monitor Arm Dual,Accessories,10,885.88,online
00002963,04.11.2024,C1237,Dansk Kontormiljø,SKU-1005,27in 4K Monitor,Displays,9,3702.70,online
00002964,20.04.2024,C1171,Dansk Kontormiljø,SKU-1007,Noise Cancelling Headset,Peripherals,4,2167.28,partner
00002965,19.04.2024,C1139,Nordström Handel,SKU-1009,Webcam 1080p,Peripherals,7,785.81,online
00002966,10.10.2024,C1166,Søndergaard A/S,SKU-1005,27in 4K Monitor,Displays,9,4799.93,direct
00002967,29.10.2025,C1386,Kjærstad Utstyr,SKU-1008,Laptop Stand Aluminium,Accessories,10,705.82,direct
00002968,29.02.2024,C1259,Bergström & Söner,SKU-1004,Mechanical Keyboard,Peripherals,4,1212.92,retail
00002969,21.01.2025,C1208,Bergström & Söner,SKU-1008,Laptop Stand Aluminium,Accessories,6,713.55,partner
00002970,14.11.2025,C1137,Nordström Handel,SKU-1005,27in 4K Monitor,Displays,11,4136.37,partner
00002971,29.04.2024,C1049,Kärkkäinen Oy,SKU-1008,Laptop Stand Aluminium,Accessories,2,552.30,retail
00002972,13.12.2024,C1301,Jyllands Inventar,SKU-1003,Monitor Arm Dual,Accessories,3,977.11,retail
00002973,26.06.2024,C1091,Hämäläinen Oy,SKU-1007,Noise Cancelling Headset,Peripherals,6,2323.04,retail
00002974,20.01.2024,C1376,Kärkkäinen Oy,SKU-1010,Desk Lamp LED,Furniture,11,475.46,partner
00002975,08.03.2024,C1272,Ålesund Kontor,SKU-1009,Webcam 1080p,Peripherals,11,821.86,direct
00002976,16.02.2025,C1267,Møller Innredning,SKU-1005,27in 4K Monitor,Displays,6,4062.92,direct
00002977,12.10.2025,C1018,Trondheim Utstyr,SKU-1004,Mechanical Keyboard,Peripherals,7,1211.84,online
00002978,17.12.2025,C1390,Nordström Handel,SKU-1001,Ergonomic Desk Chair,Furniture,4,2735.63,direct
00002979,13.09.2024,C1110,Rødvig Møbler,SKU-1008,Laptop Stand Aluminium,Accessories,5,699.43,partner
00002980,24.11.2024,C1173,Väisänen Kaluste,SKU-1001,Ergonomic Desk Chair,Furniture,10,2368.67,retail
00002981,30.07.2024,C1099,Mäkinen Toimisto,SKU-1002,Standing Desk 140cm,Furniture,12,5701.94,online
00002982,13.05.2025,C1358,Mäkinen Toimisto,SKU-1002,Standing Desk 140cm,Furniture,8,5941.18,direct
00002983,28.08.2024,C1381,Kärkkäinen Oy,SKU-1004,Mechanical Keyboard,Peripherals,2,1152.27,retail
00002984,19.02.2024,C1062,Väisänen Kaluste,SKU-1003,Monitor Arm Dual,Accessories,7,977.10,partner
00002985,26.03.2024,C1023,Uppsala Interiör,SKU-1003,Monitor Arm Dual,Accessories,7,801.68,partner
00002986,04.03.2025,C1072,Nordström Handel,SKU-1008,Laptop Stand Aluminium,Accessories,8,649.22,partner
00002987,14.06.2025,C1214,Dansk Kontormiljø,SKU-1005,27in 4K Monitor,Displays,-3,3768.14,online
00002988,17.02.2024,C1040,Bergström & Söner,SKU-1008,Laptop Stand Aluminium,Accessories,3,686.68,partner
00002989,19.09.2024,C1055,Bergström & Söner,SKU-1010,Desk Lamp LED,Furniture,8,510.61,online
00002990,15.04.2024,C1396,Rødvig Møbler,SKU-1008,Laptop Stand Aluminium,Accessories,2,727.25,retail
00002991,27.07.2025,C1391,Møller Innredning,SKU-1010,Desk Lamp LED,Furniture,5,557.45,direct
00002992,02.09.2025,C1134,Jyllands Inventar,SKU-1007,Noise Cancelling Headset,Peripherals,12,1917.25,online
00002993,10.12.2025,C1270,Dansk Kontormiljø,SKU-1006,USB-C Dock,Accessories,8,1766.80,online
00002994,22.04.2025,C1146,Väisänen Kaluste,SKU-1006,USB-C Dock,Accessories,5,1608.72,direct
00002995,02.04.2025,C1094,Uppsala Interiör,SKU-1002,Standing Desk 140cm,Furniture,5,5947.02,partner
00002996,05.12.2025,C1333,Lindqvist AB,SKU-1008,Laptop Stand Aluminium,Accessories,10,567.79,direct
00002997,09.06.2025,C1052,Møller Innredning,SKU-1002,Standing Desk 140cm,Furniture,3,5081.37,retail
00002998,12.06.2024,C1112,Uppsala Interiör,SKU-1006,USB-C Dock,Accessories,6,1906.28,online
00002999,19.12.2025,C1010,Kärkkäinen Oy,SKU-1010,Desk Lamp LED,Furniture,11,512.53,retail
00003000,30.06.2025,C1211,Bergström & Söner,SKU-1005,27in 4K Monitor,Displays,12,4894.44,online
00003001,31.07.2025,C1385,Nordström Handel,SKU-1007,Noise Cancelling Headset,Peripherals,5,1938.43,NULL
00003002,24.11.2024,C1387,Väisänen Kaluste,SKU-1004,Mechanical Keyboard,Peripherals,3,1135.39,partner
00003003,02.06.2024,C1034,Lindqvist AB,SKU-1009,Webcam 1080p,Peripherals,5,666.64,direct
00003004,21.02.2025,C1363,Lindqvist AB,SKU-1010,Desk Lamp LED,Furniture,12,494.07,retail
00003005,03.02.2025,C1351,Uppsala Interiör,SKU-1010,Desk Lamp LED,Furniture,7,584.56,online
00003006,04.07.2025,C1344,Rødvig Møbler,SKU-1010,Desk Lamp LED,Furniture,10,518.97,direct
00003007,15.06.2025,C1305,Nordström Handel,SKU-1001,Ergonomic Desk Chair,Furniture,12,2395.62,direct
00003008,26.05.2025,C1337,Søndergaard A/S,SKU-1009,Webcam 1080p,Peripherals,10,853.28,online
00003009,12.07.2024,C1206,Møller Innredning,SKU-1009,Webcam 1080p,Peripherals,2,688.30,partner
00003010,08.12.2024,C1348,Møller Innredning,SKU-1001,Ergonomic Desk Chair,Furniture,9,2098.85,direct
00003011,25.11.2024,C1210,Rødvig Møbler,SKU-1005,27in 4K Monitor,Displays,7,4783.53,online
00003012,09.01.2025,C1156,Dansk Kontormiljø,SKU-1003,Monitor Arm Dual,Accessories,11,844.33,direct
00003013,23.07.2025,C1005,Hämäläinen Oy,SKU-1009,Webcam 1080p,Peripherals,9,730.38,partner
00003014,10.05.2024,C1272,Møller Innredning,SKU-1005,27in 4K Monitor,Displays,8,3664.52,online
00003015,06.04.2024,C1151,Kjærstad Utstyr,SKU-1005,27in 4K Monitor,Displays,4,4771.61,partner
00003016,05.05.2024,C1125,Uppsala Interiör,SKU-1004,Mechanical Keyboard,Peripherals,11,1154.74,online
00003017,30.10.2024,C1016,Dansk Kontormiljø,SKU-1005,27in 4K Monitor,Displays,10,4367.30,direct
00003018,10.12.2024,C1119,Uppsala Interiör,SKU-1006,USB-C Dock,Accessories,8,1848.23,partner
00003019,20.05.2024,C1043,Väisänen Kaluste,SKU-1002,Standing Desk 140cm,Furniture,3,4438.58,retail
00003020,22.05.2025,C1333,Nordström Handel,SKU-1006,USB-C Dock,Accessories,-1,1566.32,online
00003021,30.08.2024,C1400,Rødvig Møbler,SKU-1003,Monitor Arm Dual,Accessories,11,940.67,direct
00003022,11.01.2024,C1315,Jyllands Inventar,SKU-1009,Webcam 1080p,Peripherals,1,788.76,partner
00003023,05.01.2025,C1167,Hämäläinen Oy,SKU-1003,Monitor Arm Dual,Accessories,10,906.12,retail
00003024,08.01.2024,C1019,Møller Innredning,SKU-1008,Laptop Stand Aluminium,Accessories,11,577.65,online
00003025,04.05.2024,C1112,Nordström Handel,SKU-1005,27in 4K Monitor,Displays,5,4581.90,direct
00003026,12.05.2025,C1028,Kärkkäinen Oy,SKU-1002,Standing Desk 140cm,Furniture,1,4915.69,retail
00003027,26.01.2025,C1140,Ålesund Kontor,SKU-1010,Desk Lamp LED,Furniture,4,442.28,partner
00003028,21.10.2024,C1057,Søndergaard A/S,SKU-1002,Standing Desk 140cm,Furniture,2,4703.39,online
00003029,07.09.2024,C1091,Rødvig Møbler,SKU-1010,Desk Lamp LED,Furniture,6,445.98,online
00003030,19.05.2024,C1366,Väisänen Kaluste,SKU-1002,Standing Desk 140cm,Furniture,4,5414.57,retail
00003031,25.06.2024,C1070,Ålesund Kontor,SKU-1005,27in 4K Monitor,Displays,3,4063.86,partner
00003032,07.12.2025,C1389,Bergström & Söner,SKU-1010,Desk Lamp LED,Furniture,2,456.52,partner
00003033,02.12.2024,C1312,Trondheim Utstyr,SKU-1004,Mechanical Keyboard,Peripherals,11,1009.18,partner
00003034,30.10.2025,C1126,Väisänen Kaluste,SKU-1003,Monitor Arm Dual,Accessories,11,969.68,retail
00003035,01.10.2025,C1292,Uppsala Interiör,SKU-1010,Desk Lamp LED,Furniture,11,552.19,retail
00003036,31.08.2025,C1335,Ålesund Kontor,SKU-1008,Laptop Stand Aluminium,Accessories,7,671.60,retail
00003037,26.04.2024,C1222,Uppsala Interiör,SKU-1006,USB-C Dock,Accessories,5,1597.23,retail
00003038,02.01.2024,C1154,Møller Innredning,SKU-1002,Standing Desk 140cm,Furniture,11,5891.95,retail
00003039,29.05.2024,C1331,Lindqvist AB,SKU-1007,Noise Cancelling Headset,Peripherals,5,2024.68,retail
00003040,21.05.2025,C1097,Jyllands Inventar,SKU-1010,Desk Lamp LED,Furniture,9,469.52,partner
00003041,28.07.2024,C1312,Uppsala Interiör,SKU-1003,Monitor Arm Dual,Accessories,11,906.85,online
00003042,14.10.2025,C1161,Dansk Kontormiljø,SKU-1006,USB-C Dock,Accessories,11,1553.79,partner
00003043,06.04.2024,C1390,Jyllands Inventar,SKU-1007,Noise Cancelling Headset,Peripherals,12,2174.88,direct
00003044,23.09.2025,C1159,Kärkkäinen Oy,SKU-1002,Standing Desk 140cm,Furniture,3,5679.94,retail
00003045,24.11.2024,C1103,Søndergaard A/S,SKU-1002,Standing Desk 140cm,Furniture,-3,5122.84,online
00003046,14.04.2025,C1341,Rødvig Møbler,SKU-1005,27in 4K Monitor,Displays,11,4694.52,retail
00003047,28.04.2025,C1282,Jyllands Inventar,SKU-1007,Noise Cancelling Headset,Peripherals,9,2130.30,retail
00003048,29.12.2025,C1344,Møller Innredning,SKU-1010,Desk Lamp LED,Furniture,3,570.76,online
00003049,15.01.2024,C1072,Dansk Kontormiljø,SKU-1009,Webcam 1080p,Peripherals,12,673.55,retail
00003050,18.09.2024,C1163,Nordström Handel,SKU-1007,Noise Cancelling Headset,Peripherals,7,2112.52,retail
00003051,16.12.2024,C1276,Kärkkäinen Oy,SKU-1006,USB-C Dock,Accessories,7,1555.75,retail
00003052,22.10.2025,C1383,Kjærstad Utstyr,SKU-1010,Desk Lamp LED,Furniture,1,487.31,direct
00003053,06.02.2024,C1174,Jyllands Inventar,SKU-1009,Webcam 1080p,Peripherals,2,773.86,partner
00003054,29.05.2024,C1297,Ålesund Kontor,SKU-1010,Desk Lamp LED,Furniture,8,573.57,online
00003055,06.09.2024,C1114,Kärkkäinen Oy,SKU-1007,Noise Cancelling Headset,Peripherals,10,1982.58,partner
00003056,22.01.2024,C1313,Møller Innredning,SKU-1004,Mechanical Keyboard,Peripherals,4,1259.76,direct
00003057,02.08.2024,C1060,Nordström Handel,SKU-1010,Desk Lamp LED,Furniture,8,543.68,online
00003058,20.10.2025,C1185,Dansk Kontormiljø,SKU-1001,Ergonomic Desk Chair,Furniture,9,2149.98,partner
00003059,21.09.2024,C1130,Nordström Handel,SKU-1006,USB-C Dock,Accessories,10,2003.14,partner
00003060,08.01.2025,C1040,Trondheim Utstyr,SKU-1009,Webcam 1080p,Peripherals,6,834.81,partner
00003061,14.09.2024,C1151,Mäkinen Toimisto,SKU-1004,Mechanical Keyboard,Peripherals,10,1302.87,online
00003062,03.10.2024,C1308,Bergström & Söner,SKU-1001,Ergonomic Desk Chair,Furniture,10,2270.53,online
00003063,08.04.2025,C1356,Mäkinen Toimisto,SKU-1009,Webcam 1080p,Peripherals,4,685.91,partner
00003064,24.05.2024,C1319,Väisänen Kaluste,SKU-1005,27in 4K Monitor,Displays,3,4317.62,direct
00003065,06.09.2025,C1210,Søndergaard A/S,SKU-1005,27in 4K Monitor,Displays,3,4895.64,retail
00003066,15.12.2024,C1011,Mäkinen Toimisto,SKU-1005,27in 4K Monitor,Displays,10,4717.42,direct
00003067,09.03.2024,C1222,Rødvig Møbler,SKU-1009,Webcam 1080p,Peripherals,11,829.18,online
00003068,10.12.2024,C1368,Kjærstad Utstyr,SKU-1009,Webcam 1080p,Peripherals,11,666.13,partner
00003069,31.05.2025,C1302,Mäkinen Toimisto,SKU-1002,Standing Desk 140cm,Furniture,3,5778.83,direct
00003070,20.03.2025,C1192,Hämäläinen Oy,SKU-1003,Monitor Arm Dual,Accessories,4,1013.26,partner
00003071,15.08.2024,C1000,Nordström Handel,SKU-1007,Noise Cancelling Headset,Peripherals,4,2053.37,partner
00003072,11.02.2024,C1040,Hämäläinen Oy,SKU-1004,Mechanical Keyboard,Peripherals,4,1271.76,direct
00003073,08.01.2025,C1387,Väisänen Kaluste,SKU-1005,27in 4K Monitor,Displays,1,4810.31,direct
00003074,03.02.2025,C1372,Uppsala Interiör,SKU-1010,Desk Lamp LED,Furniture,5,483.28,online
00003075,31.05.2025,C1099,Dansk Kontormiljø,SKU-1006,USB-C Dock,Accessories,10,1563.91,online
00003076,13.04.2024,C1336,Dansk Kontormiljø,SKU-1006,USB-C Dock,Accessories,8,1625.08,retail
00003077,19.11.2024,C1237,Dansk Kontormiljø,SKU-1007,Noise Cancelling Headset,Peripherals,6,2032.77,partner
00003078,14.12.2024,C1260,Dansk Kontormiljø,SKU-1001,Ergonomic Desk Chair,Furniture,7,2315.65,retail
00003079,22.02.2025,C1235,Dansk Kontormiljø,SKU-1008,Laptop Stand Aluminium,Accessories,2,625.11,online
00003080,20.02.2025,C1079,Søndergaard A/S,SKU-1010,Desk Lamp LED,Furniture,3,533.20,partner
00003081,30.05.2025,C1161,Bergström & Söner,SKU-1005,27in 4K Monitor,Displays,4,4838.53,partner
00003082,23.05.2025,C1306,Mäkinen Toimisto,SKU-1007,Noise Cancelling Headset,Peripherals,3,1914.91,direct
00003083,08.08.2024,C1114,Søndergaard A/S,SKU-1008,Laptop Stand Aluminium,Accessories,11,639.95,direct
00003084,04.07.2025,C1217,Trondheim Utstyr,SKU-1001,Ergonomic Desk Chair,Furniture,2,2378.24,direct
00003085,08.12.2024,C1018,Rødvig Møbler,SKU-1001,Ergonomic Desk Chair,Furniture,6,2577.49,partner
00003086,19.11.2025,C1378,Hämäläinen Oy,SKU-1009,Webcam 1080p,Peripherals,12,686.36,partner
00003087,14.10.2025,C1028,Dansk Kontormiljø,SKU-1010,Desk Lamp LED,Furniture,12,539.92,retail
00003088,20.05.2025,C1192,Lindqvist AB,SKU-1009,Webcam 1080p,Peripherals,5,792.69,partner
00003089,27.01.2024,C1104,Dansk Kontormiljø,SKU-1008,Laptop Stand Aluminium,Accessories,7,697.43,online
00003090,18.02.2025,C1091,Møller Innredning,SKU-1003,Monitor Arm Dual,Accessories,5,964.78,direct
00003091,12.04.2025,C1114,Jyllands Inventar,SKU-1002,Standing Desk 140cm,Furniture,10,4641.10,direct
00003092,13.09.2025,C1028,Dansk Kontormiljø,SKU-1006,USB-C Dock,Accessories,7,1609.12,retail
00003093,16.06.2024,C1341,Rødvig Møbler,SKU-1008,Laptop Stand Aluminium,Accessories,3,639.00,direct
00003094,22.09.2024,C1235,Jyllands Inventar,SKU-1006,USB-C Dock,Accessories,12,1526.97,direct
00003095,25.04.2025,C1321,Ålesund Kontor,SKU-1006,USB-C Dock,Accessories,12,2007.16,direct
00003096,22.04.2024,C1365,Møller Innredning,SKU-1005,27in 4K Monitor,Displays,1,3858.56,online
00003097,13.12.2024,C1372,Uppsala Interiör,SKU-1005,27in 4K Monitor,Displays,10,4705.66,online
00003098,11.04.2025,C1220,Kärkkäinen Oy,SKU-1005,27in 4K Monitor,Displays,12,4925.63,online
00003099,15.03.2024,C1013,Väisänen Kaluste,SKU-1007,Noise Cancelling Headset,Peripherals,2,2115.95,direct
00003100,15.06.2025,C1326,Lindqvist AB,SKU-1009,Webcam 1080p,Peripherals,2,720.16,direct
00003101,25.12.2024,C1201,Jyllands Inventar,SKU-1001,Ergonomic Desk Chair,Furniture,4,2579.08,direct
00003102,16.11.2025,C1020,Väisänen Kaluste,SKU-1001,Ergonomic Desk Chair,Furniture,6,2218.88,retail
00003103,28.02.2024,C1203,Dansk Kontormiljø,SKU-1010,Desk Lamp LED,Furniture,9,547.59,online
00003104,02.03.2025,C1379,Bergström & Söner,SKU-1005,27in 4K Monitor,Displays,10,4435.29,retail
00003105,25.08.2025,C1225,Hämäläinen Oy,SKU-1001,Ergonomic Desk Chair,Furniture,-3,2638.59,direct
00003106,21.09.2024,C1028,Mäkinen Toimisto,SKU-1004,Mechanical Keyboard,Peripherals,9,1241.07,partner
00003107,19.10.2025,C1345,Ålesund Kontor,SKU-1002,Standing Desk 140cm,Furniture,7,5053.00,online
00003108,23.12.2024,C1099,Jyllands Inventar,SKU-1001,Ergonomic Desk Chair,Furniture,7,2244.55,retail
00003109,11.06.2025,C1287,Lindqvist AB,SKU-1001,Ergonomic Desk Chair,Furniture,5,2606.22,partner
00003110,19.06.2025,C1363,Trondheim Utstyr,SKU-1008,Laptop Stand Aluminium,Accessories,5,674.55,partner
00003111,24.02.2024,C1086,Mäkinen Toimisto,SKU-1009,Webcam 1080p,Peripherals,12,845.99,online
00003112,06.09.2025,C1306,Møller Innredning,SKU-1009,Webcam 1080p,Peripherals,8,713.43,direct
00003113,26.09.2024,C1351,Kärkkäinen Oy,SKU-1010,Desk Lamp LED,Furniture,12,546.43,partner
00003114,16.12.2024,C1376,Uppsala Interiör,SKU-1009,Webcam 1080p,Peripherals,12,807.52,online
00003115,15.05.2024,C1202,Bergström & Söner,SKU-1001,Ergonomic Desk Chair,Furniture,2,2472.32,NULL
00003116,29.10.2024,C1188,Dansk Kontormiljø,SKU-1006,USB-C Dock,Accessories,11,1759.25,direct
00003117,21.05.2024,C1264,Bergström & Söner,SKU-1004,Mechanical Keyboard,Peripherals,7,1101.26,direct
00003118,01.04.2024,C1235,Søndergaard A/S,SKU-1004,Mechanical Keyboard,Peripherals,8,1127.73,online
00003119,06.10.2025,C1127,Dansk Kontormiljø,SKU-1004,Mechanical Keyboard,Peripherals,9,1114.12,partner
00003120,02.03.2024,C1058,Väisänen Kaluste,SKU-1008,Laptop Stand Aluminium,Accessories,1,665.48,retail
00003121,14.03.2025,C1078,Kjærstad Utstyr,SKU-1004,Mechanical Keyboard,Peripherals,5,1320.83,online
00003122,25.09.2024,C1099,Søndergaard A/S,SKU-1006,USB-C Dock,Accessories,7,1935.32,partner
00003123,26.11.2024,C1249,Mäkinen Toimisto,SKU-1008,Laptop Stand Aluminium,Accessories,2,577.22,online
00003124,24.01.2025,C1258,Kjærstad Utstyr,SKU-1002,Standing Desk 140cm,Furniture,4,5082.71,direct
00003125,25.05.2024,C1129,Hämäläinen Oy,SKU-1003,Monitor Arm Dual,Accessories,11,876.40,direct
00003126,02.05.2024,C1345,Nordström Handel,SKU-1005,27in 4K Monitor,Displays,12,4639.82,direct
00003127,31.01.2024,C1007,Dansk Kontormiljø,SKU-1007,Noise Cancelling Headset,Peripherals,11,1820.06,retail
00003128,21.08.2024,C1329,Väisänen Kaluste,SKU-1009,Webcam 1080p,Peripherals,10,734.61,online
00003129,13.03.2024,C1208,Ålesund Kontor,SKU-1005,27in 4K Monitor,Displays,6,4857.58,partner
00003130,26.11.2025,C1041,Lindqvist AB,SKU-1007,Noise Cancelling Headset,Peripherals,4,1796.90,retail
00003131,13.07.2024,C1011,Søndergaard A/S,SKU-1004,Mechanical Keyboard,Peripherals,11,1001.49,direct
00003132,22.08.2024,C1020,Bergström & Söner,SKU-1008,Laptop Stand Aluminium,Accessories,3,598.36,direct
00003133,05.10.2024,C1065,Nordström Handel,SKU-1010,Desk Lamp LED,Furniture,1,446.47,direct
00003134,23.06.2025,C1381,Lindqvist AB,SKU-1003,Monitor Arm Dual,Accessories,9,848.19,partner
00003135,12.04.2024,C1321,Bergström & Söner,SKU-1003,Monitor Arm Dual,Accessories,5,904.55,direct
00003136,12.06.2024,C1037,Bergström & Söner,SKU-1009,Webcam 1080p,Peripherals,12,715.13,partner
00003137,24.06.2025,C1231,Søndergaard A/S,SKU-1004,Mechanical Keyboard,Peripherals,11,1167.39,online
00003138,09.05.2025,C1219,Dansk Kontormiljø,SKU-1005,27in 4K Monitor,Displays,7,4848.83,online
00003139,14.05.2025,C1106,Trondheim Utstyr,SKU-1010,Desk Lamp LED,Furniture,4,446.11,retail
00003140,24.10.2024,C1221,Kärkkäinen Oy,SKU-1004,Mechanical Keyboard,Peripherals,9,1251.78,online
00003141,20.06.2024,C1190,Uppsala Interiör,SKU-1009,Webcam 1080p,Peripherals,11,785.81,retail
00003142,22.12.2024,C1129,Kjærstad Utstyr,SKU-1005,27in 4K Monitor,Displays,5,4630.92,online
00003143,05.10.2025,C1130,Kjærstad Utstyr,SKU-1006,USB-C Dock,Accessories,11,1986.38,retail
00003144,15.02.2024,C1178,Mäkinen Toimisto,SKU-1001,Ergonomic Desk Chair,Furniture,10,2657.33,direct
00003145,27.08.2025,C1261,Søndergaard A/S,SKU-1010,Desk Lamp LED,Furniture,11,558.21,retail
00003146,20.02.2024,C1274,Lindqvist AB,SKU-1002,Standing Desk 140cm,Furniture,9,5083.90,NULL
00003147,22.08.2024,C1337,Hämäläinen Oy,SKU-1006,USB-C Dock,Accessories,12,2012.37,direct
00003148,22.12.2025,C1129,Kjærstad Utstyr,SKU-1008,Laptop Stand Aluminium,Accessories,7,727.72,direct
00003149,25.02.2025,C1384,Väisänen Kaluste,SKU-1001,Ergonomic Desk Chair,Furniture,10,2473.64,partner
00003150,09.10.2025,C1100,Rødvig Møbler,SKU-1009,Webcam 1080p,Peripherals,11,879.67,retail
00003151,14.09.2024,C1227,Bergström & Söner,SKU-1006,USB-C Dock,Accessories,4,1703.27,direct
00003152,30.03.2025,C1333,Nordström Handel,SKU-1008,Laptop Stand Aluminium,Accessories,9,693.89,partner
00003153,24.06.2024,C1189,Kjærstad Utstyr,SKU-1005,27in 4K Monitor,Displays,5,3824.16,partner
00003154,03.04.2025,C1132,Väisänen Kaluste,SKU-1010,Desk Lamp LED,Furniture,2,443.04,online
00003155,30.12.2025,C1020,Hämäläinen Oy,SKU-1002,Standing Desk 140cm,Furniture,11,4735.81,direct
00003156,20.09.2024,C1194,Bergström & Söner,SKU-1007,Noise Cancelling Headset,Peripherals,9,2163.87,partner
00003157,23.09.2024,C1053,Trondheim Utstyr,SKU-1002,Standing Desk 140cm,Furniture,7,5197.08,direct
00003158,14.02.2025,C1210,Rødvig Møbler,SKU-1005,27in 4K Monitor,Displays,11,3693.58,online
00003159,02.02.2024,C1092,Väisänen Kaluste,SKU-1007,Noise Cancelling Headset,Peripherals,3,2051.40,direct
00003160,09.12.2024,C1246,Dansk Kontormiljø,SKU-1009,Webcam 1080p,Peripherals,12,861.30,direct
00003161,29.01.2024,C1112,Møller Innredning,SKU-1007,Noise Cancelling Headset,Peripherals,8,2053.71,retail
00003162,25.11.2024,C1287,Jyllands Inventar,SKU-1002,Standing Desk 140cm,Furniture,11,4679.57,retail
00003163,03.06.2025,C1152,Kärkkäinen Oy,SKU-1006,USB-C Dock,Accessories,5,1790.94,retail
00003164,24.02.2025,C1262,Rødvig Møbler,SKU-1009,Webcam 1080p,Peripherals,11,802.94,online
00003165,29.06.2025,C1301,Nordström Handel,SKU-1008,Laptop Stand Aluminium,Accessories,12,571.10,online
00003166,04.03.2025,C1005,Kjærstad Utstyr,SKU-1004,Mechanical Keyboard,Peripherals,8,1106.43,online
00003167,01.04.2025,C1362,Søndergaard A/S,SKU-1004,Mechanical Keyboard,Peripherals,12,984.51,online
00003168,16.05.2025,C1161,Ålesund Kontor,SKU-1008,Laptop Stand Aluminium,Accessories,3,580.50,retail
00003169,21.09.2025,C1381,Uppsala Interiör,SKU-1007,Noise Cancelling Headset,Peripherals,3,2031.05,retail
00003170,28.03.2025,C1226,Uppsala Interiör,SKU-1009,Webcam 1080p,Peripherals,6,725.81,retail
00003171,22.07.2024,C1268,Nordström Handel,SKU-1007,Noise Cancelling Headset,Peripherals,4,1984.01,direct
00003172,07.02.2025,C1399,Ålesund Kontor,SKU-1003,Monitor Arm Dual,Accessories,11,880.56,retail
00003173,25.07.2025,C1118,Kärkkäinen Oy,SKU-1009,Webcam 1080p,Peripherals,12,795.44,partner
00003174,16.02.2024,C1342,Søndergaard A/S,SKU-1001,Ergonomic Desk Chair,Furniture,3,2553.70,partner
00003175,15.10.2024,C1324,Rødvig Møbler,SKU-1009,Webcam 1080p,Peripherals,12,795.58,partner
00003176,05.06.2025,C1161,Mäkinen Toimisto,SKU-1005,27in 4K Monitor,Displays,1,4853.78,online
00003177,14.09.2024,C1315,Kjærstad Utstyr,SKU-1001,Ergonomic Desk Chair,Furniture,5,2300.93,direct
00003178,19.11.2024,C1116,Jyllands Inventar,SKU-1007,Noise Cancelling Headset,Peripherals,8,2058.09,direct
00003179,22.10.2025,C1108,Møller Innredning,SKU-1009,Webcam 1080p,Peripherals,9,889.85,partner
00003180,27.07.2024,C1096,Kjærstad Utstyr,SKU-1002,Standing Desk 140cm,Furniture,4,4736.34,direct
00003181,02.11.2024,C1158,Mäkinen Toimisto,SKU-1005,27in 4K Monitor,Displays,1,4429.91,retail
00003182,23.04.2025,C1119,Hämäläinen Oy,SKU-1003,Monitor Arm Dual,Accessories,1,794.01,retail
00003183,15.11.2025,C1259,Jyllands Inventar,SKU-1010,Desk Lamp LED,Furniture,3,516.34,partner
00003184,31.07.2025,C1221,Bergström & Söner,SKU-1005,27in 4K Monitor,Displays,12,4624.37,online
00003185,03.04.2025,C1014,Nordström Handel,SKU-1001,Ergonomic Desk Chair,Furniture,6,2677.51,retail
00003186,12.03.2025,C1385,Hämäläinen Oy,SKU-1010,Desk Lamp LED,Furniture,1,596.35,online
00003187,04.06.2024,C1180,Dansk Kontormiljø,SKU-1002,Standing Desk 140cm,Furniture,11,4616.64,online
00003188,05.06.2024,C1312,Møller Innredning,SKU-1005,27in 4K Monitor,Displays,5,4190.15,retail
00003189,28.02.2025,C1329,Jyllands Inventar,SKU-1007,Noise Cancelling Headset,Peripherals,7,1949.05,direct
00003190,18.02.2024,C1034,Nordström Handel,SKU-1001,Ergonomic Desk Chair,Furniture,4,2074.55,partner
00003191,03.06.2025,C1270,Møller Innredning,SKU-1006,USB-C Dock,Accessories,8,1672.98,partner
00003192,05.04.2024,C1052,Trondheim Utstyr,SKU-1008,Laptop Stand Aluminium,Accessories,9,583.53,retail
00003193,17.02.2025,C1316,Ålesund Kontor,SKU-1009,Webcam 1080p,Peripherals,6,825.99,retail
00003194,02.12.2024,C1258,Bergström & Söner,SKU-1008,Laptop Stand Aluminium,Accessories,9,651.57,partner
00003195,15.03.2025,C1071,Søndergaard A/S,SKU-1009,Webcam 1080p,Peripherals,10,786.67,online
00003196,19.04.2025,C1034,Hämäläinen Oy,SKU-1008,Laptop Stand Aluminium,Accessories,9,640.66,direct
00003197,30.06.2024,C1389,Ålesund Kontor,SKU-1002,Standing Desk 140cm,Furniture,6,5959.35,retail
00003198,12.03.2024,C1292,Mäkinen Toimisto,SKU-1001,Ergonomic Desk Chair,Furniture,1,2390.77,retail
00003199,13.12.2024,C1302,Nordström Handel,SKU-1007,Noise Cancelling Headset,Peripherals,11,2057.99,retail
00003200,02.03.2025,C1032,Mäkinen Toimisto,SKU-1004,Mechanical Keyboard,Peripherals,8,1284.12,direct
00003201,15.04.2025,C1324,Mäkinen Toimisto,SKU-1004,Mechanical Keyboard,Peripherals,10,1026.40,online
00003202,01.04.2025,C1332,Jyllands Inventar,SKU-1004,Mechanical Keyboard,Peripherals,8,1152.17,online
00003203,28.04.2025,C1002,Bergström & Söner,SKU-1004,Mechanical Keyboard,Peripherals,2,1287.07,online
00003204,23.12.2025,C1359,Kjærstad Utstyr,SKU-1007,Noise Cancelling Headset,Peripherals,-2,2341.41,online
00003205,01.02.2025,C1068,Nordström Handel,SKU-1007,Noise Cancelling Headset,Peripherals,7,2348.65,retail
00003206,05.06.2025,C1255,Jyllands Inventar,SKU-1004,Mechanical Keyboard,Peripherals,5,1012.60,online
00003207,14.05.2024,C1257,Ålesund Kontor,SKU-1001,Ergonomic Desk Chair,Furniture,3,2400.38,retail
00003208,05.12.2025,C1266,Väisänen Kaluste,SKU-1009,Webcam 1080p,Peripherals,1,800.61,online
00003209,31.05.2025,C1095,Jyllands Inventar,SKU-1006,USB-C Dock,Accessories,10,1876.02,online
00003210,19.06.2025,C1358,Møller Innredning,SKU-1008,Laptop Stand Aluminium,Accessories,12,644.79,partner
00003211,17.06.2025,C1255,Ålesund Kontor,SKU-1006,USB-C Dock,Accessories,11,1552.90,online
00003212,21.07.2024,C1390,Møller Innredning,SKU-1004,Mechanical Keyboard,Peripherals,10,1147.09,online
00003213,13.04.2025,C1163,Mäkinen Toimisto,SKU-1004,Mechanical Keyboard,Peripherals,10,1218.84,retail
00003214,22.11.2024,C1146,Mäkinen Toimisto,SKU-1004,Mechanical Keyboard,Peripherals,9,1106.00,retail
00003215,15.07.2024,C1093,Mäkinen Toimisto,SKU-1006,USB-C Dock,Accessories,12,1657.05,retail
00003216,03.05.2025,C1017,Kjærstad Utstyr,SKU-1004,Mechanical Keyboard,Peripherals,7,1191.25,partner
00003217,17.04.2024,C1006,Trondheim Utstyr,SKU-1010,Desk Lamp LED,Furniture,10,485.28,retail
00003218,22.05.2025,C1384,Hämäläinen Oy,SKU-1008,Laptop Stand Aluminium,Accessories,9,652.47,online
00003219,07.11.2024,C1175,Trondheim Utstyr,SKU-1007,Noise Cancelling Headset,Peripherals,-2,2258.04,partner
00003220,07.08.2024,C1232,Rødvig Møbler,SKU-1003,Monitor Arm Dual,Accessories,8,817.97,online
00003221,06.04.2025,C1075,Kärkkäinen Oy,SKU-1007,Noise Cancelling Headset,Peripherals,12,2002.53,partner
00003222,03.05.2024,C1083,Kjærstad Utstyr,SKU-1005,27in 4K Monitor,Displays,10,4588.48,direct
00003223,14.10.2025,C1123,Jyllands Inventar,SKU-1010,Desk Lamp LED,Furniture,6,487.26,online
00003224,20.12.2024,C1367,Hämäläinen Oy,SKU-1001,Ergonomic Desk Chair,Furniture,1,2599.09,online
00003225,11.05.2025,C1008,Hämäläinen Oy,SKU-1005,27in 4K Monitor,Displays,12,3828.40,online
00003226,21.03.2025,C1339,Kärkkäinen Oy,SKU-1009,Webcam 1080p,Peripherals,12,668.16,retail
00003227,21.07.2025,C1294,Dansk Kontormiljø,SKU-1002,Standing Desk 140cm,Furniture,4,5190.76,direct
00003228,17.05.2025,C1194,Møller Innredning,SKU-1009,Webcam 1080p,Peripherals,3,715.09,partner
00003229,07.10.2025,C1307,Søndergaard A/S,SKU-1007,Noise Cancelling Headset,Peripherals,-3,2362.25,retail
00003230,11.05.2025,C1311,Mäkinen Toimisto,SKU-1009,Webcam 1080p,Peripherals,1,733.23,retail
00003231,01.12.2024,C1052,Väisänen Kaluste,SKU-1006,USB-C Dock,Accessories,1,2006.54,partner
00003232,04.12.2024,C1214,Kjærstad Utstyr,SKU-1010,Desk Lamp LED,Furniture,1,451.47,direct
00003233,10.02.2024,C1029,Ålesund Kontor,SKU-1001,Ergonomic Desk Chair,Furniture,7,2512.89,direct
00003234,01.06.2024,C1284,Ålesund Kontor,SKU-1002,Standing Desk 140cm,Furniture,10,4801.63,direct
00003235,25.07.2025,C1268,Mäkinen Toimisto,SKU-1008,Laptop Stand Aluminium,Accessories,12,651.13,direct
00003236,27.11.2025,C1368,Ålesund Kontor,SKU-1010,Desk Lamp LED,Furniture,8,475.11,partner
00003237,07.03.2025,C1153,Rødvig Møbler,SKU-1005,27in 4K Monitor,Displays,6,4619.82,online
00003238,30.01.2025,C1236,Lindqvist AB,SKU-1010,Desk Lamp LED,Furniture,9,525.39,retail
00003239,19.07.2025,C1280,Jyllands Inventar,SKU-1010,Desk Lamp LED,Furniture,8,458.39,online
00003240,17.05.2025,C1373,Hämäläinen Oy,SKU-1009,Webcam 1080p,Peripherals,11,895.03,direct
00003241,15.04.2025,C1095,Rødvig Møbler,SKU-1002,Standing Desk 140cm,Furniture,10,5265.36,retail
00003242,29.04.2025,C1281,Jyllands Inventar,SKU-1008,Laptop Stand Aluminium,Accessories,6,610.63,retail
00003243,20.07.2024,C1003,Nordström Handel,SKU-1007,Noise Cancelling Headset,Peripherals,6,1943.87,online
00003244,23.01.2024,C1215,Jyllands Inventar,SKU-1003,Monitor Arm Dual,Accessories,-2,863.79,direct
00003245,27.03.2024,C1303,Mäkinen Toimisto,SKU-1003,Monitor Arm Dual,Accessories,10,820.69,retail
00003246,15.12.2025,C1090,Dansk Kontormiljø,SKU-1001,Ergonomic Desk Chair,Furniture,3,2545.05,online
00003247,02.09.2025,C1335,Møller Innredning,SKU-1009,Webcam 1080p,Peripherals,-2,736.01,retail
00003248,14.06.2024,C1086,Jyllands Inventar,SKU-1004,Mechanical Keyboard,Peripherals,2,1194.24,partner
00003249,27.06.2024,C1297,Kjærstad Utstyr,SKU-1009,Webcam 1080p,Peripherals,2,766.35,partner
00003250,01.03.2025,C1271,Ålesund Kontor,SKU-1008,Laptop Stand Aluminium,Accessories,9,588.95,online
00003251,01.12.2024,C1070,Jyllands Inventar,SKU-1004,Mechanical Keyboard,Peripherals,1,1053.46,retail
00003252,19.04.2024,C1094,Søndergaard A/S,SKU-1001,Ergonomic Desk Chair,Furniture,2,2428.40,retail
00003253,28.07.2025,C1336,Nordström Handel,SKU-1008,Laptop Stand Aluminium,Accessories,4,724.17,retail
00003254,22.07.2024,C1382,Jyllands Inventar,SKU-1003,Monitor Arm Dual,Accessories,3,826.96,partner
00003255,16.10.2025,C1139,Väisänen Kaluste,SKU-1003,Monitor Arm Dual,Accessories,2,764.97,online
00003256,26.08.2025,C1295,Bergström & Söner,SKU-1001,Ergonomic Desk Chair,Furniture,12,2076.88,retail
00003257,31.05.2025,C1014,Hämäläinen Oy,SKU-1010,Desk Lamp LED,Furniture,11,460.21,retail
00003258,26.11.2024,C1011,Mäkinen Toimisto,SKU-1002,Standing Desk 140cm,Furniture,12,5788.10,retail
00003259,18.03.2024,C1058,Kjærstad Utstyr,SKU-1003,Monitor Arm Dual,Accessories,3,848.24,direct
00003260,23.04.2025,C1021,Rødvig Møbler,SKU-1006,USB-C Dock,Accessories,1,1582.90,retail
00003261,23.09.2025,C1301,Ålesund Kontor,SKU-1010,Desk Lamp LED,Furniture,8,443.29,partner
00003262,20.04.2024,C1307,Bergström & Söner,SKU-1010,Desk Lamp LED,Furniture,4,581.39,retail
00003263,25.01.2025,C1360,Ålesund Kontor,SKU-1005,27in 4K Monitor,Displays,6,3812.72,direct
00003264,22.07.2025,C1116,Mäkinen Toimisto,SKU-1006,USB-C Dock,Accessories,7,1784.66,online
00003265,09.12.2024,C1116,Jyllands Inventar,SKU-1006,USB-C Dock,Accessories,10,1571.08,online
00003266,27.02.2024,C1181,Kjærstad Utstyr,SKU-1005,27in 4K Monitor,Displays,8,4451.79,online
00003267,11.12.2024,C1006,Bergström & Söner,SKU-1004,Mechanical Keyboard,Peripherals,12,1083.71,direct
00003268,24.10.2025,C1193,Kärkkäinen Oy,SKU-1009,Webcam 1080p,Peripherals,4,761.68,retail
00003269,15.03.2024,C1051,Hämäläinen Oy,SKU-1006,USB-C Dock,Accessories,9,1753.15,partner
00003270,29.03.2025,C1231,Hämäläinen Oy,SKU-1008,Laptop Stand Aluminium,Accessories,8,732.50,direct
00003271,17.04.2025,C1036,Nordström Handel,SKU-1007,Noise Cancelling Headset,Peripherals,7,2406.45,direct
00003272,03.02.2024,C1127,Lindqvist AB,SKU-1002,Standing Desk 140cm,Furniture,1,5633.87,direct
00003273,03.02.2025,C1270,Møller Innredning,SKU-1004,Mechanical Keyboard,Peripherals,12,1058.24,retail
00003274,22.01.2024,C1004,Uppsala Interiör,SKU-1006,USB-C Dock,Accessories,10,1732.63,direct
00003275,17.06.2025,C1162,Søndergaard A/S,SKU-1002,Standing Desk 140cm,Furniture,7,4516.87,partner
00003276,31.10.2024,C1268,Ålesund Kontor,SKU-1008,Laptop Stand Aluminium,Accessories,6,687.32,partner
00003277,14.10.2024,C1210,Kjærstad Utstyr,SKU-1005,27in 4K Monitor,Displays,5,4417.04,direct
00003278,18.12.2024,C1049,Ålesund Kontor,SKU-1007,Noise Cancelling Headset,Peripherals,3,1921.50,online
00003279,22.09.2025,C1330,Mäkinen Toimisto,SKU-1009,Webcam 1080p,Peripherals,4,876.91,retail
00003280,24.09.2025,C1081,Uppsala Interiör,SKU-1006,USB-C Dock,Accessories,6,1788.76,direct
00003281,30.06.2025,C1316,Jyllands Inventar,SKU-1008,Laptop Stand Aluminium,Accessories,11,580.52,retail
00003282,29.04.2024,C1124,Trondheim Utstyr,SKU-1007,Noise Cancelling Headset,Peripherals,1,1914.17,direct
00003283,17.04.2025,C1340,Kjærstad Utstyr,SKU-1002,Standing Desk 140cm,Furniture,9,5364.82,online
00003284,28.04.2025,C1072,Väisänen Kaluste,SKU-1001,Ergonomic Desk Chair,Furniture,10,2600.91,partner
00003285,28.02.2025,C1095,Väisänen Kaluste,SKU-1001,Ergonomic Desk Chair,Furniture,1,2043.85,retail
00003286,08.02.2025,C1001,Väisänen Kaluste,SKU-1010,Desk Lamp LED,Furniture,5,501.93,retail
00003287,05.07.2024,C1186,Hämäläinen Oy,SKU-1007,Noise Cancelling Headset,Peripherals,9,2374.82,online
00003288,21.07.2024,C1235,Kärkkäinen Oy,SKU-1009,Webcam 1080p,Peripherals,9,802.72,retail
00003289,26.06.2024,C1137,Ålesund Kontor,SKU-1008,Laptop Stand Aluminium,Accessories,-1,655.65,direct
00003290,25.05.2025,C1291,Uppsala Interiör,SKU-1002,Standing Desk 140cm,Furniture,8,4633.23,online
00003291,17.08.2024,C1099,Nordström Handel,SKU-1001,Ergonomic Desk Chair,Furniture,10,2276.62,retail
00003292,23.06.2025,C1218,Mäkinen Toimisto,SKU-1010,Desk Lamp LED,Furniture,3,574.28,direct
00003293,21.11.2024,C1023,Kjærstad Utstyr,SKU-1001,Ergonomic Desk Chair,Furniture,5,2573.41,online
00003294,27.10.2024,C1363,Kärkkäinen Oy,SKU-1002,Standing Desk 140cm,Furniture,4,5933.57,direct
00003295,11.08.2024,C1242,Ålesund Kontor,SKU-1002,Standing Desk 140cm,Furniture,6,4978.74,partner
00003296,14.08.2024,C1261,Møller Innredning,SKU-1001,Ergonomic Desk Chair,Furniture,1,2439.41,direct
00003297,05.02.2024,C1073,Ålesund Kontor,SKU-1009,Webcam 1080p,Peripherals,3,682.16,partner
00003298,10.05.2025,C1337,Jyllands Inventar,SKU-1003,Monitor Arm Dual,Accessories,7,802.83,direct
00003299,26.11.2025,C1236,Ålesund Kontor,SKU-1010,Desk Lamp LED,Furniture,6,518.81,direct
00003300,28.01.2024,C1223,Uppsala Interiör,SKU-1010,Desk Lamp LED,Furniture,8,444.45,online
00003301,20.10.2025,C1362,Kärkkäinen Oy,SKU-1007,Noise Cancelling Headset,Peripherals,6,2109.26,online
00003302,09.01.2024,C1324,Bergström & Söner,SKU-1004,Mechanical Keyboard,Peripherals,2,1014.89,direct
00003303,14.04.2025,C1036,Nordström Handel,SKU-1009,Webcam 1080p,Peripherals,4,716.38,online
00003304,23.02.2025,C1184,Bergström & Söner,SKU-1007,Noise Cancelling Headset,Peripherals,7,2089.89,online
00003305,27.10.2025,C1359,Uppsala Interiör,SKU-1008,Laptop Stand Aluminium,Accessories,7,624.82,retail
00003306,06.04.2025,C1176,Kärkkäinen Oy,SKU-1003,Monitor Arm Dual,Accessories,6,771.27,online
00003307,02.07.2025,C1081,Jyllands Inventar,SKU-1010,Desk Lamp LED,Furniture,2,516.67,partner
00003308,08.11.2025,C1139,Mäkinen Toimisto,SKU-1001,Ergonomic Desk Chair,Furniture,9,2234.20,online
00003309,08.12.2024,C1352,Väisänen Kaluste,SKU-1005,27in 4K Monitor,Displays,1,4322.54,retail
00003310,17.11.2024,C1223,Dansk Kontormiljø,SKU-1001,Ergonomic Desk Chair,Furniture,9,2117.94,online
00003311,03.06.2025,C1035,Jyllands Inventar,SKU-1006,USB-C Dock,Accessories,8,1929.93,online
00003312,02.12.2025,C1201,Väisänen Kaluste,SKU-1003,Monitor Arm Dual,Accessories,-3,810.93,partner
00003313,07.02.2025,C1304,Kjærstad Utstyr,SKU-1004,Mechanical Keyboard,Peripherals,-1,1023.11,direct
00003314,21.02.2025,C1046,Søndergaard A/S,SKU-1003,Monitor Arm Dual,Accessories,3,1002.20,partner
00003315,14.02.2024,C1049,Søndergaard A/S,SKU-1009,Webcam 1080p,Peripherals,8,822.34,retail
00003316,14.05.2024,C1133,Hämäläinen Oy,SKU-1001,Ergonomic Desk Chair,Furniture,12,2704.34,online
00003317,18.04.2024,C1279,Møller Innredning,SKU-1002,Standing Desk 140cm,Furniture,2,5596.94,direct
00003318,09.12.2025,C1004,Dansk Kontormiljø,SKU-1006,USB-C Dock,Accessories,3,1726.89,partner
00003319,31.12.2024,C1213,Hämäläinen Oy,SKU-1007,Noise Cancelling Headset,Peripherals,7,2342.16,partner
00003320,16.08.2025,C1042,Nordström Handel,SKU-1001,Ergonomic Desk Chair,Furniture,5,2554.00,online
00003321,10.03.2025,C1153,Hämäläinen Oy,SKU-1008,Laptop Stand Aluminium,Accessories,5,630.64,direct
00003322,14.06.2024,C1153,Uppsala Interiör,SKU-1008,Laptop Stand Aluminium,Accessories,2,559.11,direct
00003323,16.11.2025,C1069,Ålesund Kontor,SKU-1005,27in 4K Monitor,Displays,2,4266.71,online
00003324,19.08.2025,C1193,Søndergaard A/S,SKU-1002,Standing Desk 140cm,Furniture,12,4549.51,retail
00003325,12.05.2025,C1371,Kjærstad Utstyr,SKU-1003,Monitor Arm Dual,Accessories,9,876.97,online
00003326,20.10.2025,C1039,Rødvig Møbler,SKU-1001,Ergonomic Desk Chair,Furniture,8,2100.66,partner
00003327,26.02.2025,C1265,Mäkinen Toimisto,SKU-1001,Ergonomic Desk Chair,Furniture,11,2176.02,partner
00003328,02.05.2025,C1246,Kärkkäinen Oy,SKU-1010,Desk Lamp LED,Furniture,3,474.07,partner
00003329,07.04.2025,C1058,Väisänen Kaluste,SKU-1008,Laptop Stand Aluminium,Accessories,4,599.66,partner
00003330,16.09.2024,C1243,Kjærstad Utstyr,SKU-1005,27in 4K Monitor,Displays,10,4216.37,direct
00003331,27.06.2024,C1278,Bergström & Söner,SKU-1007,Noise Cancelling Headset,Peripherals,1,2364.45,direct
00003332,22.08.2025,C1302,Mäkinen Toimisto,SKU-1008,Laptop Stand Aluminium,Accessories,2,617.96,partner
00003333,19.08.2025,C1193,Rødvig Møbler,SKU-1005,27in 4K Monitor,Displays,3,4378.68,NULL
00003334,20.06.2024,C1299,Hämäläinen Oy,SKU-1005,27in 4K Monitor,Displays,8,3669.32,NULL
00003335,07.02.2024,C1225,Søndergaard A/S,SKU-1005,27in 4K Monitor,Displays,8,3868.14,retail
00003336,28.07.2025,C1092,Kärkkäinen Oy,SKU-1007,Noise Cancelling Headset,Peripherals,9,1812.54,online
00003337,24.03.2025,C1200,Trondheim Utstyr,SKU-1004,Mechanical Keyboard,Peripherals,10,1141.03,partner
00003338,03.07.2025,C1113,Ålesund Kontor,SKU-1004,Mechanical Keyboard,Peripherals,3,1173.41,direct
00003339,26.06.2025,C1153,Ålesund Kontor,SKU-1006,USB-C Dock,Accessories,10,1677.84,partner
00003340,30.11.2025,C1394,Ålesund Kontor,SKU-1009,Webcam 1080p,Peripherals,3,856.28,retail
00003341,14.02.2025,C1231,Nordström Handel,SKU-1009,Webcam 1080p,Peripherals,-1,832.74,retail
00003342,06.07.2025,C1135,Trondheim Utstyr,SKU-1007,Noise Cancelling Headset,Peripherals,2,2164.23,online
00003343,25.05.2025,C1002,Uppsala Interiör,SKU-1009,Webcam 1080p,Peripherals,-3,755.74,online
00003344,20.05.2024,C1201,Bergström & Söner,SKU-1002,Standing Desk 140cm,Furniture,9,5295.18,direct
00003345,19.10.2024,C1313,Väisänen Kaluste,SKU-1004,Mechanical Keyboard,Peripherals,5,1074.76,retail
00003346,12.11.2024,C1031,Lindqvist AB,SKU-1002,Standing Desk 140cm,Furniture,8,4686.01,retail
00003347,12.11.2025,C1121,Väisänen Kaluste,SKU-1008,Laptop Stand Aluminium,Accessories,6,600.24,direct
00003348,28.04.2025,C1248,Lindqvist AB,SKU-1009,Webcam 1080p,Peripherals,2,698.41,retail
00003349,21.05.2025,C1305,Møller Innredning,SKU-1006,USB-C Dock,Accessories,4,1948.66,online
00003350,03.09.2024,C1257,Ålesund Kontor,SKU-1010,Desk Lamp LED,Furniture,3,583.70,retail
00003351,16.02.2024,C1028,Trondheim Utstyr,SKU-1009,Webcam 1080p,Peripherals,8,815.74,partner
00003352,07.10.2025,C1129,Rødvig Møbler,SKU-1004,Mechanical Keyboard,Peripherals,3,1162.63,online
00003353,08.10.2025,C1109,Väisänen Kaluste,SKU-1004,Mechanical Keyboard,Peripherals,11,991.81,direct
00003354,29.05.2024,C1146,Trondheim Utstyr,SKU-1008,Laptop Stand Aluminium,Accessories,3,596.50,NULL
00003355,05.05.2025,C1076,Søndergaard A/S,SKU-1003,Monitor Arm Dual,Accessories,3,833.01,online
00003356,22.01.2025,C1022,Rødvig Møbler,SKU-1004,Mechanical Keyboard,Peripherals,5,1032.22,online
00003357,12.04.2024,C1255,Hämäläinen Oy,SKU-1003,Monitor Arm Dual,Accessories,3,844.69,online
00003358,12.04.2025,C1112,Lindqvist AB,SKU-1005,27in 4K Monitor,Displays,11,4825.16,retail
00003359,26.05.2024,C1147,Møller Innredning,SKU-1009,Webcam 1080p,Peripherals,2,797.39,partner
00003360,30.12.2024,C1308,Trondheim Utstyr,SKU-1002,Standing Desk 140cm,Furniture,3,5950.63,partner
00003361,01.06.2024,C1015,Søndergaard A/S,SKU-1003,Monitor Arm Dual,Accessories,3,892.21,direct
00003362,12.09.2025,C1090,Søndergaard A/S,SKU-1005,27in 4K Monitor,Displays,10,4709.76,direct
00003363,09.10.2024,C1178,Väisänen Kaluste,SKU-1008,Laptop Stand Aluminium,Accessories,8,703.44,partner
00003364,24.05.2024,C1307,Uppsala Interiör,SKU-1010,Desk Lamp LED,Furniture,5,556.37,online
00003365,24.08.2024,C1104,Kärkkäinen Oy,SKU-1008,Laptop Stand Aluminium,Accessories,3,580.13,online
00003366,07.12.2025,C1229,Søndergaard A/S,SKU-1004,Mechanical Keyboard,Peripherals,8,1105.81,direct
00003367,19.07.2024,C1039,Ålesund Kontor,SKU-1009,Webcam 1080p,Peripherals,6,889.78,direct
00003368,06.03.2025,C1129,Hämäläinen Oy,SKU-1006,USB-C Dock,Accessories,4,1939.01,direct
00003369,29.03.2025,C1017,Hämäläinen Oy,SKU-1010,Desk Lamp LED,Furniture,7,496.91,direct
00003370,29.03.2024,C1333,Søndergaard A/S,SKU-1002,Standing Desk 140cm,Furniture,8,5390.44,online
00003371,09.10.2025,C1334,Hämäläinen Oy,SKU-1004,Mechanical Keyboard,Peripherals,4,1035.08,partner
00003372,08.11.2024,C1057,Nordström Handel,SKU-1001,Ergonomic Desk Chair,Furniture,2,2588.80,online
00003373,16.07.2024,C1338,Møller Innredning,SKU-1005,27in 4K Monitor,Displays,2,3955.59,retail
00003374,11.04.2025,C1116,Kjærstad Utstyr,SKU-1003,Monitor Arm Dual,Accessories,3,1017.15,online
00003375,07.02.2025,C1322,Jyllands Inventar,SKU-1007,Noise Cancelling Headset,Peripherals,1,2034.99,direct
00003376,29.09.2025,C1211,Mäkinen Toimisto,SKU-1004,Mechanical Keyboard,Peripherals,1,983.19,direct
00003377,08.04.2025,C1160,Jyllands Inventar,SKU-1004,Mechanical Keyboard,Peripherals,10,1153.32,retail
00003378,10.08.2025,C1400,Bergström & Söner,SKU-1010,Desk Lamp LED,Furniture,3,560.75,retail
00003379,18.08.2025,C1332,Rødvig Møbler,SKU-1001,Ergonomic Desk Chair,Furniture,3,2418.35,online
00003380,29.03.2025,C1188,Rødvig Møbler,SKU-1006,USB-C Dock,Accessories,1,1616.03,online
00003381,27.05.2025,C1381,Dansk Kontormiljø,SKU-1010,Desk Lamp LED,Furniture,12,487.22,online
00003382,05.09.2024,C1371,Lindqvist AB,SKU-1003,Monitor Arm Dual,Accessories,1,778.33,direct
00003383,08.12.2025,C1200,Bergström & Söner,SKU-1006,USB-C Dock,Accessories,4,1612.00,retail
00003384,23.04.2024,C1037,Väisänen Kaluste,SKU-1009,Webcam 1080p,Peripherals,7,869.87,retail
00003385,15.09.2024,C1211,Väisänen Kaluste,SKU-1007,Noise Cancelling Headset,Peripherals,5,2273.39,online
00003386,01.09.2025,C1241,Møller Innredning,SKU-1004,Mechanical Keyboard,Peripherals,10,1106.83,direct
00003387,15.10.2024,C1233,Lindqvist AB,SKU-1010,Desk Lamp LED,Furniture,1,444.31,online
00003388,24.06.2025,C1258,Mäkinen Toimisto,SKU-1003,Monitor Arm Dual,Accessories,3,954.84,online
00003389,26.09.2025,C1235,Søndergaard A/S,SKU-1010,Desk Lamp LED,Furniture,2,595.74,retail
00003390,22.10.2025,C1337,Søndergaard A/S,SKU-1001,Ergonomic Desk Chair,Furniture,6,2412.78,retail
00003391,05.10.2024,C1082,Møller Innredning,SKU-1003,Monitor Arm Dual,Accessories,10,839.54,online
00003392,22.01.2024,C1339,Trondheim Utstyr,SKU-1007,Noise Cancelling Headset,Peripherals,2,2266.36,online
00003393,28.06.2025,C1087,Bergström & Söner,SKU-1009,Webcam 1080p,Peripherals,10,711.40,online
00003394,11.04.2024,C1002,Jyllands Inventar,SKU-1002,Standing Desk 140cm,Furniture,1,4984.55,retail
00003395,08.05.2025,C1346,Lindqvist AB,SKU-1010,Desk Lamp LED,Furniture,8,489.19,partner
00003396,13.04.2025,C1344,Dansk Kontormiljø,SKU-1003,Monitor Arm Dual,Accessories,12,873.34,direct
00003397,13.11.2024,C1171,Rødvig Møbler,SKU-1004,Mechanical Keyboard,Peripherals,2,994.90,retail
00003398,09.10.2025,C1142,Møller Innredning,SKU-1010,Desk Lamp LED,Furniture,12,583.34,online
00003399,17.06.2024,C1242,Bergström & Söner,SKU-1004,Mechanical Keyboard,Peripherals,7,1256.40,partner
00003400,14.01.2024,C1246,Dansk Kontormiljø,SKU-1008,Laptop Stand Aluminium,Accessories,12,674.26,online
00003401,14.04.2025,C1190,Nordström Handel,SKU-1004,Mechanical Keyboard,Peripherals,4,1314.20,partner
00003402,12.11.2025,C1146,Rødvig Møbler,SKU-1005,27in 4K Monitor,Displays,5,3762.29,direct
00003403,08.06.2025,C1242,Dansk Kontormiljø,SKU-1001,Ergonomic Desk Chair,Furniture,2,2354.11,online
00003404,04.11.2025,C1161,Trondheim Utstyr,SKU-1001,Ergonomic Desk Chair,Furniture,8,2157.10,partner
00003405,06.09.2025,C1060,Uppsala Interiör,SKU-1009,Webcam 1080p,Peripherals,5,757.27,retail
00003406,12.07.2025,C1052,Lindqvist AB,SKU-1002,Standing Desk 140cm,Furniture,4,5378.80,online
00003407,09.05.2024,C1088,Rødvig Møbler,SKU-1010,Desk Lamp LED,Furniture,6,528.61,online
00003408,25.05.2024,C1336,Møller Innredning,SKU-1006,USB-C Dock,Accessories,9,1600.03,online
00003409,18.01.2024,C1062,Kärkkäinen Oy,SKU-1005,27in 4K Monitor,Displays,3,4044.71,partner
00003410,03.02.2025,C1172,Uppsala Interiör,SKU-1003,Monitor Arm Dual,Accessories,4,853.50,direct
00003411,09.10.2025,C1326,Møller Innredning,SKU-1007,Noise Cancelling Headset,Peripherals,1,2039.42,partner
00003412,07.05.2024,C1014,Mäkinen Toimisto,SKU-1002,Standing Desk 140cm,Furniture,8,4890.80,online
00003413,23.07.2024,C1357,Lindqvist AB,SKU-1010,Desk Lamp LED,Furniture,9,587.38,online
00003414,18.03.2025,C1264,Lindqvist AB,SKU-1002,Standing Desk 140cm,Furniture,7,4827.61,online
00003415,25.10.2024,C1380,Hämäläinen Oy,SKU-1007,Noise Cancelling Headset,Peripherals,11,2134.52,retail
00003416,31.12.2025,C1358,Jyllands Inventar,SKU-1002,Standing Desk 140cm,Furniture,8,5081.72,retail
00003417,01.12.2025,C1192,Väisänen Kaluste,SKU-1003,Monitor Arm Dual,Accessories,5,970.49,direct
00003418,10.06.2024,C1221,Hämäläinen Oy,SKU-1007,Noise Cancelling Headset,Peripherals,7,2054.53,retail
00003419,10.04.2025,C1357,Mäkinen Toimisto,SKU-1003,Monitor Arm Dual,Accessories,9,882.83,direct
00003420,06.12.2024,C1365,Mäkinen Toimisto,SKU-1010,Desk Lamp LED,Furniture,5,526.99,partner
00003421,08.04.2025,C1342,Kjærstad Utstyr,SKU-1008,Laptop Stand Aluminium,Accessories,7,600.62,retail
00003422,07.06.2025,C1126,Hämäläinen Oy,SKU-1001,Ergonomic Desk Chair,Furniture,2,2517.30,online
00003423,27.09.2024,C1088,Nordström Handel,SKU-1009,Webcam 1080p,Peripherals,2,693.20,partner
00003424,16.11.2024,C1081,Bergström & Söner,SKU-1007,Noise Cancelling Headset,Peripherals,12,2386.52,direct
00003425,17.05.2024,C1193,Trondheim Utstyr,SKU-1001,Ergonomic Desk Chair,Furniture,6,2634.37,direct
00003426,18.02.2024,C1074,Nordström Handel,SKU-1010,Desk Lamp LED,Furniture,9,448.81,online
00003427,12.05.2025,C1237,Lindqvist AB,SKU-1001,Ergonomic Desk Chair,Furniture,5,2075.11,retail
00003428,18.07.2024,C1092,Søndergaard A/S,SKU-1002,Standing Desk 140cm,Furniture,3,5730.63,partner
00003429,11.01.2024,C1219,Kjærstad Utstyr,SKU-1001,Ergonomic Desk Chair,Furniture,10,2306.76,direct
00003430,13.03.2024,C1305,Hämäläinen Oy,SKU-1002,Standing Desk 140cm,Furniture,9,5019.38,partner
00003431,05.04.2025,C1373,Dansk Kontormiljø,SKU-1005,27in 4K Monitor,Displays,12,4212.14,partner
00003432,03.02.2024,C1340,Jyllands Inventar,SKU-1007,Noise Cancelling Headset,Peripherals,3,2286.14,partner
00003433,14.02.2025,C1163,Kärkkäinen Oy,SKU-1002,Standing Desk 140cm,Furniture,7,4626.44,direct
00003434,27.10.2025,C1033,Mäkinen Toimisto,SKU-1004,Mechanical Keyboard,Peripherals,8,1034.18,retail
00003435,25.06.2025,C1252,Nordström Handel,SKU-1006,USB-C Dock,Accessories,3,1723.67,retail
00003436,20.12.2024,C1028,Jyllands Inventar,SKU-1001,Ergonomic Desk Chair,Furniture,10,2235.18,online
00003437,30.07.2024,C1263,Ålesund Kontor,SKU-1006,USB-C Dock,Accessories,11,1613.60,online
00003438,17.07.2024,C1334,Rødvig Møbler,SKU-1004,Mechanical Keyboard,Peripherals,6,1303.82,direct
00003439,26.02.2025,C1028,Møller Innredning,SKU-1001,Ergonomic Desk Chair,Furniture,7,2188.71,retail
00003440,09.02.2025,C1214,Nordström Handel,SKU-1008,Laptop Stand Aluminium,Accessories,1,634.21,online
00003441,21.03.2025,C1008,Uppsala Interiör,SKU-1002,Standing Desk 140cm,Furniture,7,5422.66,retail
00003442,10.12.2024,C1171,Søndergaard A/S,SKU-1005,27in 4K Monitor,Displays,7,3683.13,retail
00003443,07.10.2024,C1137,Bergström & Söner,SKU-1010,Desk Lamp LED,Furniture,10,594.95,direct
00003444,26.07.2025,C1224,Møller Innredning,SKU-1002,Standing Desk 140cm,Furniture,6,4711.31,direct
00003445,07.12.2024,C1228,Mäkinen Toimisto,SKU-1003,Monitor Arm Dual,Accessories,3,846.30,retail
00003446,14.02.2024,C1266,Nordström Handel,SKU-1010,Desk Lamp LED,Furniture,5,597.57,direct
00003447,14.01.2024,C1298,Bergström & Söner,SKU-1007,Noise Cancelling Headset,Peripherals,1,1931.75,direct
00003448,21.07.2024,C1127,Dansk Kontormiljø,SKU-1002,Standing Desk 140cm,Furniture,7,4612.40,online
00003449,01.02.2024,C1137,Søndergaard A/S,SKU-1005,27in 4K Monitor,Displays,6,3877.62,online
00003450,30.09.2024,C1191,Ålesund Kontor,SKU-1003,Monitor Arm Dual,Accessories,12,825.32,NULL
00003451,08.04.2024,C1168,Kjærstad Utstyr,SKU-1005,27in 4K Monitor,Displays,10,4191.40,direct
00003452,21.04.2024,C1185,Jyllands Inventar,SKU-1009,Webcam 1080p,Peripherals,2,881.47,direct
00003453,08.12.2025,C1300,Kärkkäinen Oy,SKU-1005,27in 4K Monitor,Displays,11,4467.82,retail
00003454,08.12.2025,C1014,Jyllands Inventar,SKU-1008,Laptop Stand Aluminium,Accessories,11,661.22,retail
00003455,04.03.2024,C1201,Lindqvist AB,SKU-1009,Webcam 1080p,Peripherals,2,765.88,online
00003456,28.09.2024,C1281,Uppsala Interiör,SKU-1010,Desk Lamp LED,Furniture,9,590.32,retail
00003457,23.12.2024,C1311,Dansk Kontormiljø,SKU-1005,27in 4K Monitor,Displays,8,4183.57,partner
00003458,05.07.2024,C1057,Uppsala Interiör,SKU-1001,Ergonomic Desk Chair,Furniture,1,2514.20,direct
00003459,29.10.2025,C1158,Jyllands Inventar,SKU-1007,Noise Cancelling Headset,Peripherals,5,2065.30,retail
00003460,13.11.2024,C1223,Jyllands Inventar,SKU-1002,Standing Desk 140cm,Furniture,7,4528.18,online
00003461,24.05.2024,C1190,Bergström & Söner,SKU-1006,USB-C Dock,Accessories,7,1669.58,direct
00003462,26.01.2025,C1055,Kärkkäinen Oy,SKU-1003,Monitor Arm Dual,Accessories,9,764.35,online
00003463,26.05.2025,C1146,Dansk Kontormiljø,SKU-1003,Monitor Arm Dual,Accessories,9,933.48,direct
00003464,24.06.2025,C1037,Kärkkäinen Oy,SKU-1009,Webcam 1080p,Peripherals,6,712.25,retail
00003465,10.12.2024,C1351,Nordström Handel,SKU-1005,27in 4K Monitor,Displays,5,3954.23,retail
00003466,05.04.2024,C1228,Ålesund Kontor,SKU-1003,Monitor Arm Dual,Accessories,8,793.09,partner
00003467,16.09.2025,C1020,Hämäläinen Oy,SKU-1002,Standing Desk 140cm,Furniture,2,5933.99,partner
00003468,10.10.2025,C1323,Kjærstad Utstyr,SKU-1002,Standing Desk 140cm,Furniture,10,5912.05,direct
00003469,04.11.2024,C1299,Kärkkäinen Oy,SKU-1004,Mechanical Keyboard,Peripherals,2,1319.29,direct
00003470,12.06.2024,C1319,Väisänen Kaluste,SKU-1001,Ergonomic Desk Chair,Furniture,8,2558.11,online
00003471,16.12.2024,C1083,Møller Innredning,SKU-1002,Standing Desk 140cm,Furniture,10,5268.81,online
00003472,08.07.2024,C1115,Bergström & Söner,SKU-1010,Desk Lamp LED,Furniture,4,452.22,retail
00003473,09.12.2025,C1231,Lindqvist AB,SKU-1006,USB-C Dock,Accessories,5,1955.61,partner
00003474,30.06.2025,C1339,Søndergaard A/S,SKU-1010,Desk Lamp LED,Furniture,12,531.15,retail
00003475,23.08.2024,C1298,Väisänen Kaluste,SKU-1003,Monitor Arm Dual,Accessories,1,766.01,partner
00003476,21.12.2024,C1329,Bergström & Söner,SKU-1004,Mechanical Keyboard,Peripherals,12,1154.96,online
00003477,14.04.2025,C1356,Kärkkäinen Oy,SKU-1010,Desk Lamp LED,Furniture,11,474.61,online
00003478,23.03.2024,C1134,Uppsala Interiör,SKU-1002,Standing Desk 140cm,Furniture,1,5312.17,direct
00003479,07.01.2024,C1299,Kjærstad Utstyr,SKU-1005,27in 4K Monitor,Displays,3,3660.83,retail
00003480,04.03.2025,C1326,Rødvig Møbler,SKU-1002,Standing Desk 140cm,Furniture,9,5178.22,online
00003481,27.04.2024,C1193,Kjærstad Utstyr,SKU-1010,Desk Lamp LED,Furniture,3,450.72,retail
00003482,20.04.2025,C1123,Kjærstad Utstyr,SKU-1002,Standing Desk 140cm,Furniture,7,4473.72,retail
00003483,18.10.2025,C1369,Nordström Handel,SKU-1010,Desk Lamp LED,Furniture,8,539.64,direct
00003484,23.07.2025,C1317,Lindqvist AB,SKU-1008,Laptop Stand Aluminium,Accessories,3,723.58,direct
00003485,11.03.2025,C1185,Hämäläinen Oy,SKU-1007,Noise Cancelling Headset,Peripherals,6,2203.26,online
00003486,30.11.2025,C1252,Bergström & Söner,SKU-1005,27in 4K Monitor,Displays,1,3848.57,direct
00003487,21.11.2024,C1119,Väisänen Kaluste,SKU-1002,Standing Desk 140cm,Furniture,8,5133.47,partner
00003488,29.10.2025,C1219,Ålesund Kontor,SKU-1004,Mechanical Keyboard,Peripherals,11,1193.96,retail
00003489,12.10.2024,C1397,Kjærstad Utstyr,SKU-1009,Webcam 1080p,Peripherals,7,688.96,retail
00003490,04.09.2024,C1026,Lindqvist AB,SKU-1009,Webcam 1080p,Peripherals,6,795.58,partner
00003491,29.09.2024,C1211,Uppsala Interiör,SKU-1005,27in 4K Monitor,Displays,10,4822.27,direct
00003492,29.04.2024,C1274,Hämäläinen Oy,SKU-1002,Standing Desk 140cm,Furniture,7,5630.50,direct
00003493,10.08.2025,C1080,Nordström Handel,SKU-1001,Ergonomic Desk Chair,Furniture,12,2638.29,direct
00003494,15.02.2025,C1164,Hämäläinen Oy,SKU-1004,Mechanical Keyboard,Peripherals,8,1218.43,direct
00003495,09.05.2025,C1084,Nordström Handel,SKU-1002,Standing Desk 140cm,Furniture,10,5905.96,online
00003496,17.11.2024,C1036,Uppsala Interiör,SKU-1005,27in 4K Monitor,Displays,2,4359.86,direct
00003497,19.10.2025,C1358,Søndergaard A/S,SKU-1008,Laptop Stand Aluminium,Accessories,11,670.56,direct
00003498,30.01.2024,C1203,Rødvig Møbler,SKU-1003,Monitor Arm Dual,Accessories,8,979.90,partner
00003499,30.04.2024,C1357,Hämäläinen Oy,SKU-1010,Desk Lamp LED,Furniture,12,466.41,retail
00003500,20.04.2024,C1089,Kjærstad Utstyr,SKU-1001,Ergonomic Desk Chair,Furniture,1,2739.37,partner
00003501,09.04.2024,C1000,Rødvig Møbler,SKU-1009,Webcam 1080p,Peripherals,7,823.08,partner
00003502,28.03.2024,C1029,Bergström & Söner,SKU-1009,Webcam 1080p,Peripherals,1,866.06,online
00003503,19.11.2025,C1297,Søndergaard A/S,SKU-1001,Ergonomic Desk Chair,Furniture,11,2285.84,direct
00003504,19.08.2024,C1267,Mäkinen Toimisto,SKU-1010,Desk Lamp LED,Furniture,6,585.34,partner
00003505,13.07.2025,C1058,Jyllands Inventar,SKU-1004,Mechanical Keyboard,Peripherals,6,1274.81,direct
00003506,18.02.2024,C1004,Rødvig Møbler,SKU-1003,Monitor Arm Dual,Accessories,4,949.40,direct
00003507,29.11.2025,C1176,Trondheim Utstyr,SKU-1004,Mechanical Keyboard,Peripherals,7,1246.54,retail
00003508,27.12.2025,C1006,Uppsala Interiör,SKU-1009,Webcam 1080p,Peripherals,2,825.59,direct
00003509,08.07.2024,C1210,Bergström & Söner,SKU-1009,Webcam 1080p,Peripherals,4,762.86,partner
00003510,29.12.2024,C1186,Uppsala Interiör,SKU-1005,27in 4K Monitor,Displays,7,4654.83,partner
00003511,19.05.2024,C1210,Jyllands Inventar,SKU-1004,Mechanical Keyboard,Peripherals,2,992.65,direct
00003512,13.03.2024,C1139,Bergström & Söner,SKU-1005,27in 4K Monitor,Displays,3,4228.37,online
00003513,19.02.2025,C1176,Rødvig Møbler,SKU-1006,USB-C Dock,Accessories,6,1538.80,direct
00003514,08.03.2024,C1341,Väisänen Kaluste,SKU-1010,Desk Lamp LED,Furniture,5,481.23,direct
00003515,14.08.2025,C1087,Uppsala Interiör,SKU-1007,Noise Cancelling Headset,Peripherals,9,1963.01,online
00003516,26.06.2025,C1096,Møller Innredning,SKU-1006,USB-C Dock,Accessories,5,1895.33,partner
00003517,20.08.2025,C1369,Bergström & Söner,SKU-1001,Ergonomic Desk Chair,Furniture,3,2742.79,online
00003518,26.03.2025,C1053,Väisänen Kaluste,SKU-1003,Monitor Arm Dual,Accessories,12,808.45,retail
00003519,09.09.2024,C1292,Mäkinen Toimisto,SKU-1002,Standing Desk 140cm,Furniture,1,5801.76,NULL
00003520,27.02.2024,C1031,Mäkinen Toimisto,SKU-1005,27in 4K Monitor,Displays,11,4545.58,NULL
00003521,23.09.2024,C1319,Ålesund Kontor,SKU-1002,Standing Desk 140cm,Furniture,8,5708.10,online
00003522,09.04.2024,C1057,Lindqvist AB,SKU-1009,Webcam 1080p,Peripherals,4,795.50,direct
00003523,30.10.2024,C1318,Bergström & Söner,SKU-1008,Laptop Stand Aluminium,Accessories,1,578.01,retail
00003524,01.11.2024,C1369,Uppsala Interiör,SKU-1007,Noise Cancelling Headset,Peripherals,10,1925.65,direct
00003525,06.10.2024,C1381,Dansk Kontormiljø,SKU-1008,Laptop Stand Aluminium,Accessories,7,727.50,direct
00003526,17.04.2025,C1075,Ålesund Kontor,SKU-1010,Desk Lamp LED,Furniture,4,550.40,direct
00003527,26.11.2025,C1069,Trondheim Utstyr,SKU-1009,Webcam 1080p,Peripherals,3,800.11,retail
00003528,06.02.2025,C1148,Kjærstad Utstyr,SKU-1001,Ergonomic Desk Chair,Furniture,7,2508.39,direct
00003529,31.01.2025,C1097,Hämäläinen Oy,SKU-1004,Mechanical Keyboard,Peripherals,5,1130.00,direct
00003530,09.01.2025,C1147,Kjærstad Utstyr,SKU-1004,Mechanical Keyboard,Peripherals,2,1277.86,partner
00003531,24.10.2024,C1159,Søndergaard A/S,SKU-1009,Webcam 1080p,Peripherals,7,737.81,retail
00003532,17.01.2025,C1197,Bergström & Söner,SKU-1004,Mechanical Keyboard,Peripherals,3,1015.60,online
00003533,08.11.2025,C1371,Møller Innredning,SKU-1007,Noise Cancelling Headset,Peripherals,9,2338.40,retail
00003534,30.01.2025,C1349,Uppsala Interiör,SKU-1005,27in 4K Monitor,Displays,-3,4907.56,partner
00003535,25.06.2025,C1023,Ålesund Kontor,SKU-1001,Ergonomic Desk Chair,Furniture,8,2625.54,direct
00003536,14.05.2025,C1309,Lindqvist AB,SKU-1010,Desk Lamp LED,Furniture,10,457.97,partner
00003537,12.06.2024,C1250,Uppsala Interiör,SKU-1009,Webcam 1080p,Peripherals,2,826.53,retail
00003538,25.11.2024,C1359,Lindqvist AB,SKU-1002,Standing Desk 140cm,Furniture,6,4672.91,direct
00003539,01.09.2024,C1095,Nordström Handel,SKU-1004,Mechanical Keyboard,Peripherals,7,1322.33,partner
00003540,23.06.2024,C1099,Dansk Kontormiljø,SKU-1001,Ergonomic Desk Chair,Furniture,7,2597.81,online
00003541,18.08.2025,C1233,Bergström & Söner,SKU-1009,Webcam 1080p,Peripherals,2,829.50,retail
00003542,31.01.2025,C1046,Dansk Kontormiljø,SKU-1002,Standing Desk 140cm,Furniture,-1,5965.52,direct
00003543,17.03.2025,C1304,Uppsala Interiör,SKU-1002,Standing Desk 140cm,Furniture,10,5911.44,retail
00003544,04.10.2024,C1032,Jyllands Inventar,SKU-1007,Noise Cancelling Headset,Peripherals,3,2093.49,online
00003545,12.02.2024,C1027,Uppsala Interiör,SKU-1007,Noise Cancelling Headset,Peripherals,11,2150.77,online
00003546,15.03.2024,C1341,Møller Innredning,SKU-1003,Monitor Arm Dual,Accessories,2,793.36,retail
00003547,28.10.2025,C1009,Dansk Kontormiljø,SKU-1006,USB-C Dock,Accessories,2,1907.72,online
00003548,27.07.2024,C1129,Møller Innredning,SKU-1008,Laptop Stand Aluminium,Accessories,4,626.33,partner
00003549,04.04.2024,C1229,Kärkkäinen Oy,SKU-1003,Monitor Arm Dual,Accessories,7,867.08,retail
00003550,27.10.2025,C1057,Møller Innredning,SKU-1006,USB-C Dock,Accessories,5,1973.07,retail
00003551,02.05.2025,C1127,Trondheim Utstyr,SKU-1007,Noise Cancelling Headset,Peripherals,2,2022.85,retail
00003552,29.05.2025,C1233,Trondheim Utstyr,SKU-1002,Standing Desk 140cm,Furniture,5,5476.48,retail
00003553,08.05.2024,C1388,Trondheim Utstyr,SKU-1006,USB-C Dock,Accessories,9,1991.62,retail
00003554,08.08.2024,C1367,Bergström & Söner,SKU-1003,Monitor Arm Dual,Accessories,11,891.60,direct
00003555,29.09.2024,C1081,Ålesund Kontor,SKU-1010,Desk Lamp LED,Furniture,4,507.61,partner
00003556,04.02.2025,C1034,Lindqvist AB,SKU-1002,Standing Desk 140cm,Furniture,2,4628.46,retail
00003557,18.11.2024,C1193,Hämäläinen Oy,SKU-1003,Monitor Arm Dual,Accessories,9,884.45,online
00003558,17.05.2025,C1219,Uppsala Interiör,SKU-1010,Desk Lamp LED,Furniture,10,551.64,online
00003559,14.06.2024,C1223,Jyllands Inventar,SKU-1003,Monitor Arm Dual,Accessories,7,974.03,direct
00003560,25.07.2024,C1174,Møller Innredning,SKU-1008,Laptop Stand Aluminium,Accessories,-2,721.49,direct
00003561,13.04.2025,C1037,Dansk Kontormiljø,SKU-1010,Desk Lamp LED,Furniture,11,486.09,online
00003562,31.12.2025,C1356,Mäkinen Toimisto,SKU-1008,Laptop Stand Aluminium,Accessories,7,636.32,direct
00003563,30.04.2024,C1117,Bergström & Söner,SKU-1001,Ergonomic Desk Chair,Furniture,11,2220.68,retail
00003564,06.06.2024,C1313,Trondheim Utstyr,SKU-1007,Noise Cancelling Headset,Peripherals,7,2275.44,online
00003565,29.12.2024,C1210,Lindqvist AB,SKU-1010,Desk Lamp LED,Furniture,5,473.56,retail
00003566,15.02.2025,C1283,Bergström & Söner,SKU-1002,Standing Desk 140cm,Furniture,11,5231.72,retail
00003567,08.01.2025,C1351,Lindqvist AB,SKU-1007,Noise Cancelling Headset,Peripherals,11,2158.99,online
00003568,24.06.2024,C1116,Trondheim Utstyr,SKU-1007,Noise Cancelling Headset,Peripherals,4,1877.70,partner
00003569,27.10.2024,C1107,Møller Innredning,SKU-1001,Ergonomic Desk Chair,Furniture,6,2644.12,online
00003570,07.10.2024,C1199,Kjærstad Utstyr,SKU-1007,Noise Cancelling Headset,Peripherals,1,2088.49,partner
00003571,07.04.2025,C1171,Kärkkäinen Oy,SKU-1001,Ergonomic Desk Chair,Furniture,7,2412.01,partner
00003572,27.05.2024,C1109,Lindqvist AB,SKU-1009,Webcam 1080p,Peripherals,8,675.73,direct
00003573,12.02.2024,C1379,Lindqvist AB,SKU-1002,Standing Desk 140cm,Furniture,1,5008.04,direct
00003574,22.05.2025,C1312,Väisänen Kaluste,SKU-1008,Laptop Stand Aluminium,Accessories,5,644.75,online
00003575,06.10.2024,C1050,Väisänen Kaluste,SKU-1005,27in 4K Monitor,Displays,-3,4294.11,partner
00003576,21.09.2024,C1156,Dansk Kontormiljø,SKU-1001,Ergonomic Desk Chair,Furniture,8,2739.71,online
00003577,02.05.2024,C1291,Dansk Kontormiljø,SKU-1010,Desk Lamp LED,Furniture,3,528.57,partner
00003578,16.10.2024,C1392,Rødvig Møbler,SKU-1003,Monitor Arm Dual,Accessories,5,772.99,direct
00003579,17.03.2024,C1364,Jyllands Inventar,SKU-1006,USB-C Dock,Accessories,5,1529.10,retail
00003580,13.03.2025,C1348,Väisänen Kaluste,SKU-1001,Ergonomic Desk Chair,Furniture,11,2139.36,direct
00003581,17.05.2024,C1154,Søndergaard A/S,SKU-1008,Laptop Stand Aluminium,Accessories,10,624.63,partner
00003582,07.03.2024,C1154,Nordström Handel,SKU-1002,Standing Desk 140cm,Furniture,8,5964.93,direct
00003583,15.04.2024,C1152,Jyllands Inventar,SKU-1006,USB-C Dock,Accessories,12,1780.69,online
00003584,27.11.2025,C1195,Uppsala Interiör,SKU-1002,Standing Desk 140cm,Furniture,12,5328.88,partner
00003585,26.06.2024,C1365,Trondheim Utstyr,SKU-1008,Laptop Stand Aluminium,Accessories,5,576.72,direct
00003586,30.04.2025,C1036,Dansk Kontormiljø,SKU-1008,Laptop Stand Aluminium,Accessories,1,595.27,partner
00003587,07.02.2024,C1276,Nordström Handel,SKU-1002,Standing Desk 140cm,Furniture,4,4500.84,direct
00003588,25.08.2024,C1162,Väisänen Kaluste,SKU-1003,Monitor Arm Dual,Accessories,12,959.38,direct
00003589,11.08.2024,C1042,Bergström & Söner,SKU-1002,Standing Desk 140cm,Furniture,5,4469.26,online
00003590,09.12.2024,C1117,Väisänen Kaluste,SKU-1002,Standing Desk 140cm,Furniture,3,5443.21,online
00003591,10.03.2025,C1212,Dansk Kontormiljø,SKU-1003,Monitor Arm Dual,Accessories,12,788.35,online
00003592,26.02.2025,C1400,Nordström Handel,SKU-1001,Ergonomic Desk Chair,Furniture,7,2275.09,retail
00003593,11.03.2024,C1035,Bergström & Söner,SKU-1003,Monitor Arm Dual,Accessories,9,968.86,retail
00003594,19.01.2025,C1046,Väisänen Kaluste,SKU-1003,Monitor Arm Dual,Accessories,1,765.51,partner
00003595,08.12.2025,C1228,Bergström & Söner,SKU-1005,27in 4K Monitor,Displays,12,4923.20,partner
00003596,17.06.2025,C1274,Trondheim Utstyr,SKU-1002,Standing Desk 140cm,Furniture,1,4978.24,direct
00003597,22.01.2024,C1316,Lindqvist AB,SKU-1005,27in 4K Monitor,Displays,12,4869.20,partner
00003598,09.12.2024,C1360,Ålesund Kontor,SKU-1010,Desk Lamp LED,Furniture,12,501.38,partner
00003599,06.04.2024,C1103,Trondheim Utstyr,SKU-1005,27in 4K Monitor,Displays,12,4011.73,online
00003600,20.03.2024,C1155,Kärkkäinen Oy,SKU-1009,Webcam 1080p,Peripherals,2,702.19,direct
00003601,14.09.2025,C1162,Hämäläinen Oy,SKU-1004,Mechanical Keyboard,Peripherals,7,988.94,partner
00003602,21.12.2025,C1380,Uppsala Interiör,SKU-1009,Webcam 1080p,Peripherals,6,888.22,partner
00003603,15.05.2025,C1019,Nordström Handel,SKU-1003,Monitor Arm Dual,Accessories,7,971.65,partner
00003604,16.07.2024,C1400,Møller Innredning,SKU-1007,Noise Cancelling Headset,Peripherals,3,1967.50,retail
00003605,31.12.2025,C1304,Jyllands Inventar,SKU-1009,Webcam 1080p,Peripherals,2,762.71,online
00003606,14.10.2025,C1222,Bergström & Söner,SKU-1010,Desk Lamp LED,Furniture,11,554.94,online
00003607,08.01.2024,C1104,Trondheim Utstyr,SKU-1007,Noise Cancelling Headset,Peripherals,2,1849.43,partner
00003608,10.01.2024,C1317,Jyllands Inventar,SKU-1010,Desk Lamp LED,Furniture,11,566.53,direct
00003609,01.12.2025,C1167,Uppsala Interiör,SKU-1001,Ergonomic Desk Chair,Furniture,1,2397.21,retail
00003610,21.05.2024,C1353,Rødvig Møbler,SKU-1006,USB-C Dock,Accessories,6,1661.05,partner
00003611,21.12.2025,C1315,Bergström & Söner,SKU-1008,Laptop Stand Aluminium,Accessories,7,622.44,partner
00003612,16.12.2025,C1339,Lindqvist AB,SKU-1006,USB-C Dock,Accessories,8,1683.89,partner
00003613,30.01.2024,C1300,Väisänen Kaluste,SKU-1002,Standing Desk 140cm,Furniture,10,5860.53,retail
00003614,03.02.2025,C1207,Møller Innredning,SKU-1006,USB-C Dock,Accessories,-1,1918.75,partner
00003615,11.09.2024,C1012,Uppsala Interiör,SKU-1002,Standing Desk 140cm,Furniture,1,4988.17,retail
00003616,10.05.2025,C1245,Jyllands Inventar,SKU-1004,Mechanical Keyboard,Peripherals,-1,1072.84,direct
00003617,06.01.2024,C1217,Mäkinen Toimisto,SKU-1009,Webcam 1080p,Peripherals,11,863.51,retail
00003618,07.11.2025,C1033,Lindqvist AB,SKU-1001,Ergonomic Desk Chair,Furniture,9,2751.86,direct
00003619,24.06.2024,C1090,Mäkinen Toimisto,SKU-1003,Monitor Arm Dual,Accessories,10,872.35,partner
00003620,06.02.2024,C1103,Kärkkäinen Oy,SKU-1006,USB-C Dock,Accessories,2,1819.04,online
00003621,19.03.2024,C1339,Nordström Handel,SKU-1005,27in 4K Monitor,Displays,10,4696.11,retail
00003622,19.05.2025,C1320,Nordström Handel,SKU-1004,Mechanical Keyboard,Peripherals,11,1095.74,partner
00003623,25.10.2025,C1157,Kärkkäinen Oy,SKU-1009,Webcam 1080p,Peripherals,4,888.55,online
00003624,01.08.2024,C1205,Väisänen Kaluste,SKU-1008,Laptop Stand Aluminium,Accessories,5,555.31,online
00003625,07.07.2024,C1259,Dansk Kontormiljø,SKU-1010,Desk Lamp LED,Furniture,10,549.46,online
00003626,26.08.2024,C1128,Bergström & Söner,SKU-1007,Noise Cancelling Headset,Peripherals,10,2361.85,retail
00003627,13.04.2024,C1332,Dansk Kontormiljø,SKU-1006,USB-C Dock,Accessories,3,1628.74,partner
00003628,23.12.2025,C1116,Lindqvist AB,SKU-1001,Ergonomic Desk Chair,Furniture,7,2253.74,partner
00003629,11.03.2025,C1189,Ålesund Kontor,SKU-1005,27in 4K Monitor,Displays,1,4176.23,partner
00003630,29.06.2024,C1233,Møller Innredning,SKU-1009,Webcam 1080p,Peripherals,3,866.91,partner
00003631,04.03.2024,C1297,Møller Innredning,SKU-1007,Noise Cancelling Headset,Peripherals,4,1941.06,online
00003632,11.01.2025,C1180,Rødvig Møbler,SKU-1005,27in 4K Monitor,Displays,2,4266.07,direct
00003633,24.10.2024,C1080,Bergström & Söner,SKU-1008,Laptop Stand Aluminium,Accessories,4,636.84,retail
00003634,17.08.2025,C1320,Kjærstad Utstyr,SKU-1006,USB-C Dock,Accessories,3,1852.23,direct
00003635,22.05.2025,C1020,Trondheim Utstyr,SKU-1010,Desk Lamp LED,Furniture,4,532.13,online
00003636,05.04.2024,C1012,Søndergaard A/S,SKU-1010,Desk Lamp LED,Furniture,10,457.63,direct
00003637,06.12.2024,C1304,Mäkinen Toimisto,SKU-1009,Webcam 1080p,Peripherals,9,763.54,retail
00003638,22.01.2025,C1388,Uppsala Interiör,SKU-1003,Monitor Arm Dual,Accessories,-2,988.25,partner
00003639,06.02.2024,C1311,Dansk Kontormiljø,SKU-1006,USB-C Dock,Accessories,4,1866.39,partner
00003640,07.01.2025,C1034,Jyllands Inventar,SKU-1003,Monitor Arm Dual,Accessories,3,812.14,retail
00003641,24.03.2024,C1153,Kärkkäinen Oy,SKU-1004,Mechanical Keyboard,Peripherals,2,1245.18,online
00003642,09.10.2024,C1029,Søndergaard A/S,SKU-1004,Mechanical Keyboard,Peripherals,9,1085.02,NULL
00003643,19.03.2025,C1128,Kjærstad Utstyr,SKU-1008,Laptop Stand Aluminium,Accessories,12,609.78,online
00003644,26.05.2025,C1037,Kjærstad Utstyr,SKU-1006,USB-C Dock,Accessories,6,1945.08,retail
00003645,27.10.2024,C1345,Dansk Kontormiljø,SKU-1008,Laptop Stand Aluminium,Accessories,5,672.79,online
00003646,12.07.2024,C1067,Mäkinen Toimisto,SKU-1010,Desk Lamp LED,Furniture,11,521.29,partner
00003647,08.08.2025,C1378,Ålesund Kontor,SKU-1004,Mechanical Keyboard,Peripherals,9,1034.60,direct
00003648,05.12.2025,C1392,Lindqvist AB,SKU-1007,Noise Cancelling Headset,Peripherals,1,2223.76,online
00003649,26.04.2025,C1074,Bergström & Söner,SKU-1007,Noise Cancelling Headset,Peripherals,9,1811.40,partner
00003650,22.04.2025,C1386,Mäkinen Toimisto,SKU-1002,Standing Desk 140cm,Furniture,9,5428.24,partner
00003651,12.09.2024,C1328,Bergström & Söner,SKU-1001,Ergonomic Desk Chair,Furniture,1,2222.56,online
00003652,20.08.2025,C1095,Søndergaard A/S,SKU-1003,Monitor Arm Dual,Accessories,3,867.96,online
00003653,03.12.2025,C1324,Hämäläinen Oy,SKU-1008,Laptop Stand Aluminium,Accessories,3,603.17,retail
00003654,07.05.2025,C1217,Kärkkäinen Oy,SKU-1004,Mechanical Keyboard,Peripherals,9,1049.54,partner
00003655,22.11.2024,C1102,Trondheim Utstyr,SKU-1003,Monitor Arm Dual,Accessories,12,796.88,direct
00003656,28.03.2025,C1032,Dansk Kontormiljø,SKU-1005,27in 4K Monitor,Displays,3,4185.48,partner
00003657,20.10.2024,C1183,Mäkinen Toimisto,SKU-1009,Webcam 1080p,Peripherals,5,743.49,direct
00003658,30.05.2025,C1185,Hämäläinen Oy,SKU-1003,Monitor Arm Dual,Accessories,7,848.03,partner
00003659,10.04.2024,C1375,Nordström Handel,SKU-1009,Webcam 1080p,Peripherals,9,796.74,online
00003660,07.10.2024,C1381,Hämäläinen Oy,SKU-1005,27in 4K Monitor,Displays,8,4858.48,partner
00003661,17.04.2024,C1063,Bergström & Söner,SKU-1004,Mechanical Keyboard,Peripherals,12,1244.21,online
00003662,24.03.2024,C1095,Ålesund Kontor,SKU-1001,Ergonomic Desk Chair,Furniture,9,2144.32,direct
00003663,31.12.2024,C1046,Uppsala Interiör,SKU-1002,Standing Desk 140cm,Furniture,11,5074.54,online
00003664,09.11.2025,C1307,Søndergaard A/S,SKU-1002,Standing Desk 140cm,Furniture,11,5657.89,online
00003665,24.05.2024,C1334,Ålesund Kontor,SKU-1002,Standing Desk 140cm,Furniture,3,5873.93,NULL
00003666,17.09.2025,C1279,Trondheim Utstyr,SKU-1001,Ergonomic Desk Chair,Furniture,8,2654.40,retail
00003667,07.10.2024,C1125,Nordström Handel,SKU-1001,Ergonomic Desk Chair,Furniture,6,2250.04,retail
00003668,02.11.2025,C1039,Väisänen Kaluste,SKU-1009,Webcam 1080p,Peripherals,7,740.40,online
00003669,29.05.2024,C1123,Søndergaard A/S,SKU-1010,Desk Lamp LED,Furniture,4,500.97,online
00003670,30.09.2024,C1290,Mäkinen Toimisto,SKU-1007,Noise Cancelling Headset,Peripherals,5,2146.00,direct
00003671,26.05.2024,C1007,Hämäläinen Oy,SKU-1006,USB-C Dock,Accessories,12,1783.12,partner
00003672,05.08.2024,C1076,Hämäläinen Oy,SKU-1009,Webcam 1080p,Peripherals,9,675.03,direct
00003673,26.09.2025,C1349,Nordström Handel,SKU-1010,Desk Lamp LED,Furniture,2,545.15,direct
00003674,09.07.2024,C1107,Møller Innredning,SKU-1008,Laptop Stand Aluminium,Accessories,3,568.70,retail
00003675,07.04.2025,C1068,Väisänen Kaluste,SKU-1010,Desk Lamp LED,Furniture,10,507.19,retail
00003676,13.01.2024,C1281,Mäkinen Toimisto,SKU-1008,Laptop Stand Aluminium,Accessories,1,692.38,NULL
00003677,13.06.2024,C1066,Møller Innredning,SKU-1008,Laptop Stand Aluminium,Accessories,6,643.63,direct
00003678,23.09.2025,C1114,Bergström & Söner,SKU-1003,Monitor Arm Dual,Accessories,11,842.16,direct
00003679,08.11.2025,C1247,Rødvig Møbler,SKU-1009,Webcam 1080p,Peripherals,6,781.20,partner
00003680,05.05.2025,C1355,Dansk Kontormiljø,SKU-1001,Ergonomic Desk Chair,Furniture,6,2325.07,direct
00003681,06.10.2025,C1097,Uppsala Interiör,SKU-1008,Laptop Stand Aluminium,Accessories,1,712.00,direct
00003682,22.02.2025,C1226,Ålesund Kontor,SKU-1008,Laptop Stand Aluminium,Accessories,3,551.52,partner
00003683,09.07.2024,C1098,Väisänen Kaluste,SKU-1007,Noise Cancelling Headset,Peripherals,12,1805.80,direct
00003684,22.09.2025,C1139,Uppsala Interiör,SKU-1009,Webcam 1080p,Peripherals,3,709.09,retail
00003685,20.01.2025,C1072,Hämäläinen Oy,SKU-1009,Webcam 1080p,Peripherals,4,764.72,online
00003686,30.04.2025,C1250,Uppsala Interiör,SKU-1007,Noise Cancelling Headset,Peripherals,5,1955.84,partner
00003687,28.05.2025,C1274,Søndergaard A/S,SKU-1006,USB-C Dock,Accessories,10,1632.19,direct
00003688,20.06.2025,C1360,Nordström Handel,SKU-1009,Webcam 1080p,Peripherals,-3,855.42,online
00003689,26.10.2024,C1370,Bergström & Söner,SKU-1003,Monitor Arm Dual,Accessories,1,860.63,direct
00003690,27.12.2025,C1117,Bergström & Söner,SKU-1006,USB-C Dock,Accessories,6,1915.23,online
00003691,29.01.2024,C1388,Rødvig Møbler,SKU-1006,USB-C Dock,Accessories,6,1656.00,retail
00003692,24.07.2024,C1375,Trondheim Utstyr,SKU-1009,Webcam 1080p,Peripherals,10,772.05,direct
00003693,30.04.2025,C1028,Rødvig Møbler,SKU-1001,Ergonomic Desk Chair,Furniture,11,2733.42,online
00003694,27.05.2025,C1395,Rødvig Møbler,SKU-1003,Monitor Arm Dual,Accessories,2,846.94,direct
00003695,08.05.2024,C1261,Hämäläinen Oy,SKU-1004,Mechanical Keyboard,Peripherals,1,1276.65,direct
00003696,24.01.2024,C1149,Søndergaard A/S,SKU-1008,Laptop Stand Aluminium,Accessories,5,664.81,online
00003697,26.04.2024,C1224,Väisänen Kaluste,SKU-1007,Noise Cancelling Headset,Peripherals,3,2217.19,retail
00003698,20.04.2025,C1033,Lindqvist AB,SKU-1007,Noise Cancelling Headset,Peripherals,1,1969.93,direct
00003699,26.08.2024,C1043,Ålesund Kontor,SKU-1010,Desk Lamp LED,Furniture,11,453.23,partner
00003700,16.01.2024,C1228,Kärkkäinen Oy,SKU-1003,Monitor Arm Dual,Accessories,10,1022.84,direct
00003701,21.01.2025,C1151,Dansk Kontormiljø,SKU-1009,Webcam 1080p,Peripherals,12,710.81,retail
00003702,11.04.2024,C1087,Uppsala Interiör,SKU-1001,Ergonomic Desk Chair,Furniture,12,2536.81,direct
00003703,29.11.2024,C1163,Møller Innredning,SKU-1010,Desk Lamp LED,Furniture,5,515.50,online
00003704,05.02.2024,C1150,Ålesund Kontor,SKU-1010,Desk Lamp LED,Furniture,2,464.62,partner
00003705,02.03.2025,C1065,Søndergaard A/S,SKU-1002,Standing Desk 140cm,Furniture,9,5673.40,online
00003706,22.04.2024,C1205,Trondheim Utstyr,SKU-1004,Mechanical Keyboard,Peripherals,9,1210.01,online
00003707,27.11.2025,C1157,Trondheim Utstyr,SKU-1010,Desk Lamp LED,Furniture,1,512.56,retail
00003708,01.01.2025,C1044,Rødvig Møbler,SKU-1010,Desk Lamp LED,Furniture,11,555.17,retail
00003709,05.09.2025,C1017,Lindqvist AB,SKU-1008,Laptop Stand Aluminium,Accessories,5,572.25,online
00003710,10.01.2025,C1244,Nordström Handel,SKU-1006,USB-C Dock,Accessories,10,1823.56,online
00003711,01.03.2025,C1123,Lindqvist AB,SKU-1010,Desk Lamp LED,Furniture,11,544.75,online
00003712,03.10.2025,C1254,Bergström & Söner,SKU-1001,Ergonomic Desk Chair,Furniture,8,2582.45,direct
00003713,16.02.2025,C1051,Møller Innredning,SKU-1005,27in 4K Monitor,Displays,3,4010.31,partner
00003714,05.05.2024,C1355,Kjærstad Utstyr,SKU-1008,Laptop Stand Aluminium,Accessories,10,671.41,online
00003715,22.07.2024,C1026,Kjærstad Utstyr,SKU-1004,Mechanical Keyboard,Peripherals,2,1315.35,partner
00003716,30.03.2024,C1149,Lindqvist AB,SKU-1007,Noise Cancelling Headset,Peripherals,4,1835.29,online
00003717,05.06.2025,C1007,Mäkinen Toimisto,SKU-1002,Standing Desk 140cm,Furniture,6,4497.81,retail
00003718,15.05.2025,C1279,Ålesund Kontor,SKU-1003,Monitor Arm Dual,Accessories,8,775.75,online
00003719,09.10.2024,C1191,Kärkkäinen Oy,SKU-1009,Webcam 1080p,Peripherals,10,693.91,online
00003720,03.05.2025,C1348,Trondheim Utstyr,SKU-1003,Monitor Arm Dual,Accessories,12,932.76,retail
00003721,12.06.2024,C1243,Jyllands Inventar,SKU-1007,Noise Cancelling Headset,Peripherals,3,2244.15,partner
00003722,10.03.2025,C1077,Bergström & Söner,SKU-1007,Noise Cancelling Headset,Peripherals,6,1798.57,partner
00003723,25.11.2025,C1071,Bergström & Söner,SKU-1002,Standing Desk 140cm,Furniture,7,4908.37,partner
00003724,03.05.2024,C1062,Kärkkäinen Oy,SKU-1003,Monitor Arm Dual,Accessories,2,857.23,retail
00003725,25.11.2024,C1172,Kjærstad Utstyr,SKU-1001,Ergonomic Desk Chair,Furniture,12,2729.98,retail
00003726,10.12.2025,C1065,Kärkkäinen Oy,SKU-1001,Ergonomic Desk Chair,Furniture,11,2584.69,partner
00003727,10.11.2024,C1208,Väisänen Kaluste,SKU-1006,USB-C Dock,Accessories,2,2005.80,online
00003728,07.06.2025,C1342,Trondheim Utstyr,SKU-1008,Laptop Stand Aluminium,Accessories,1,585.82,online
00003729,06.09.2024,C1364,Dansk Kontormiljø,SKU-1003,Monitor Arm Dual,Accessories,11,957.52,direct
00003730,14.01.2025,C1104,Mäkinen Toimisto,SKU-1008,Laptop Stand Aluminium,Accessories,1,653.11,online
00003731,04.05.2024,C1098,Väisänen Kaluste,SKU-1006,USB-C Dock,Accessories,12,1748.03,retail
00003732,24.12.2024,C1068,Kärkkäinen Oy,SKU-1003,Monitor Arm Dual,Accessories,2,1002.61,online
00003733,14.04.2024,C1206,Bergström & Söner,SKU-1001,Ergonomic Desk Chair,Furniture,9,2186.93,retail
00003734,08.03.2024,C1338,Møller Innredning,SKU-1005,27in 4K Monitor,Displays,2,4943.33,direct
00003735,05.01.2024,C1217,Ålesund Kontor,SKU-1002,Standing Desk 140cm,Furniture,1,5509.63,retail
00003736,27.04.2025,C1136,Jyllands Inventar,SKU-1003,Monitor Arm Dual,Accessories,12,999.98,direct
00003737,18.07.2024,C1053,Jyllands Inventar,SKU-1008,Laptop Stand Aluminium,Accessories,-2,653.70,online
00003738,29.08.2024,C1187,Hämäläinen Oy,SKU-1010,Desk Lamp LED,Furniture,4,489.41,direct
00003739,14.05.2025,C1042,Trondheim Utstyr,SKU-1005,27in 4K Monitor,Displays,-2,4222.38,direct
00003740,12.08.2025,C1353,Dansk Kontormiljø,SKU-1002,Standing Desk 140cm,Furniture,6,4875.20,partner
00003741,05.02.2025,C1300,Dansk Kontormiljø,SKU-1004,Mechanical Keyboard,Peripherals,3,1067.82,online
00003742,29.06.2025,C1304,Jyllands Inventar,SKU-1002,Standing Desk 140cm,Furniture,9,4577.07,retail
00003743,08.10.2025,C1081,Dansk Kontormiljø,SKU-1010,Desk Lamp LED,Furniture,10,593.92,online
00003744,10.06.2024,C1009,Mäkinen Toimisto,SKU-1005,27in 4K Monitor,Displays,4,3848.14,online
00003745,28.05.2024,C1035,Uppsala Interiör,SKU-1005,27in 4K Monitor,Displays,1,4829.69,online
00003746,21.09.2025,C1227,Søndergaard A/S,SKU-1009,Webcam 1080p,Peripherals,2,817.13,online
00003747,06.11.2025,C1083,Väisänen Kaluste,SKU-1003,Monitor Arm Dual,Accessories,5,782.80,direct
00003748,01.02.2025,C1291,Uppsala Interiör,SKU-1008,Laptop Stand Aluminium,Accessories,4,580.47,online
00003749,06.06.2025,C1189,Kärkkäinen Oy,SKU-1009,Webcam 1080p,Peripherals,2,844.14,retail
00003750,25.03.2024,C1292,Lindqvist AB,SKU-1008,Laptop Stand Aluminium,Accessories,4,599.51,partner
00003751,12.06.2025,C1362,Jyllands Inventar,SKU-1008,Laptop Stand Aluminium,Accessories,12,619.74,direct
00003752,03.03.2024,C1047,Väisänen Kaluste,SKU-1006,USB-C Dock,Accessories,11,1799.70,partner
00003753,19.05.2025,C1020,Hämäläinen Oy,SKU-1003,Monitor Arm Dual,Accessories,11,933.11,partner
00003754,09.06.2024,C1017,Nordström Handel,SKU-1008,Laptop Stand Aluminium,Accessories,8,699.26,partner
00003755,02.09.2025,C1026,Jyllands Inventar,SKU-1004,Mechanical Keyboard,Peripherals,7,1257.00,partner
00003756,08.09.2024,C1278,Kjærstad Utstyr,SKU-1004,Mechanical Keyboard,Peripherals,6,1236.99,retail
00003757,13.12.2025,C1040,Kjærstad Utstyr,SKU-1002,Standing Desk 140cm,Furniture,9,5064.40,partner
00003758,14.08.2024,C1323,Lindqvist AB,SKU-1005,27in 4K Monitor,Displays,12,3744.46,retail
00003759,31.03.2025,C1099,Dansk Kontormiljø,SKU-1003,Monitor Arm Dual,Accessories,12,771.55,direct
00003760,03.06.2024,C1254,Møller Innredning,SKU-1003,Monitor Arm Dual,Accessories,1,865.82,partner
00003761,18.08.2025,C1390,Jyllands Inventar,SKU-1005,27in 4K Monitor,Displays,8,4719.78,direct
00003762,26.08.2024,C1302,Møller Innredning,SKU-1005,27in 4K Monitor,Displays,-1,4211.96,partner
00003763,08.01.2025,C1170,Uppsala Interiör,SKU-1003,Monitor Arm Dual,Accessories,7,936.53,partner
00003764,23.04.2024,C1083,Lindqvist AB,SKU-1008,Laptop Stand Aluminium,Accessories,7,642.67,retail
00003765,20.12.2024,C1124,Nordström Handel,SKU-1006,USB-C Dock,Accessories,7,1847.86,partner
00003766,04.10.2025,C1304,Rødvig Møbler,SKU-1001,Ergonomic Desk Chair,Furniture,8,2240.27,direct
00003767,31.10.2025,C1185,Rødvig Møbler,SKU-1003,Monitor Arm Dual,Accessories,11,759.08,online
00003768,20.06.2024,C1099,Mäkinen Toimisto,SKU-1006,USB-C Dock,Accessories,10,1579.96,partner
00003769,26.08.2025,C1006,Ålesund Kontor,SKU-1009,Webcam 1080p,Peripherals,3,698.19,direct
00003770,18.03.2024,C1352,Ålesund Kontor,SKU-1002,Standing Desk 140cm,Furniture,1,5179.39,direct
00003771,21.08.2025,C1350,Väisänen Kaluste,SKU-1009,Webcam 1080p,Peripherals,10,790.19,partner
00003772,26.05.2025,C1355,Bergström & Söner,SKU-1004,Mechanical Keyboard,Peripherals,5,1302.24,online
00003773,03.06.2025,C1134,Nordström Handel,SKU-1009,Webcam 1080p,Peripherals,5,714.04,partner
00003774,20.09.2025,C1376,Bergström & Söner,SKU-1009,Webcam 1080p,Peripherals,9,664.52,online
00003775,26.08.2024,C1378,Rødvig Møbler,SKU-1002,Standing Desk 140cm,Furniture,9,4761.90,partner
00003776,28.02.2025,C1071,Rødvig Møbler,SKU-1002,Standing Desk 140cm,Furniture,10,4500.90,online
00003777,03.08.2025,C1389,Søndergaard A/S,SKU-1005,27in 4K Monitor,Displays,-2,4902.89,online
00003778,13.05.2025,C1104,Søndergaard A/S,SKU-1004,Mechanical Keyboard,Peripherals,4,1211.94,partner
00003779,14.06.2024,C1313,Väisänen Kaluste,SKU-1009,Webcam 1080p,Peripherals,1,874.30,retail
00003780,21.09.2025,C1171,Bergström & Söner,SKU-1005,27in 4K Monitor,Displays,9,4072.27,NULL
00003781,16.05.2024,C1093,Uppsala Interiör,SKU-1006,USB-C Dock,Accessories,7,1699.27,online
00003782,19.04.2025,C1019,Kärkkäinen Oy,SKU-1001,Ergonomic Desk Chair,Furniture,1,2321.86,direct
00003783,03.10.2025,C1022,Kärkkäinen Oy,SKU-1001,Ergonomic Desk Chair,Furniture,5,2421.91,retail
00003784,03.10.2024,C1226,Jyllands Inventar,SKU-1010,Desk Lamp LED,Furniture,3,582.96,online
00003785,08.09.2025,C1293,Søndergaard A/S,SKU-1004,Mechanical Keyboard,Peripherals,11,1146.07,retail
00003786,10.01.2024,C1101,Uppsala Interiör,SKU-1005,27in 4K Monitor,Displays,8,3801.38,direct
00003787,10.04.2024,C1377,Trondheim Utstyr,SKU-1001,Ergonomic Desk Chair,Furniture,5,2462.11,direct
00003788,21.11.2025,C1229,Rødvig Møbler,SKU-1001,Ergonomic Desk Chair,Furniture,6,2684.48,retail
00003789,12.03.2024,C1116,Jyllands Inventar,SKU-1001,Ergonomic Desk Chair,Furniture,9,2164.77,online
00003790,14.03.2024,C1288,Lindqvist AB,SKU-1003,Monitor Arm Dual,Accessories,6,895.43,online
00003791,15.12.2025,C1259,Jyllands Inventar,SKU-1003,Monitor Arm Dual,Accessories,3,787.71,retail
00003792,28.04.2025,C1007,Mäkinen Toimisto,SKU-1009,Webcam 1080p,Peripherals,7,670.07,retail
00003793,15.09.2024,C1045,Jyllands Inventar,SKU-1010,Desk Lamp LED,Furniture,6,519.36,partner
00003794,01.08.2024,C1371,Dansk Kontormiljø,SKU-1009,Webcam 1080p,Peripherals,11,744.98,retail
00003795,10.01.2024,C1186,Søndergaard A/S,SKU-1001,Ergonomic Desk Chair,Furniture,6,2668.06,partner
00003796,17.10.2025,C1108,Nordström Handel,SKU-1008,Laptop Stand Aluminium,Accessories,5,716.29,retail
00003797,25.08.2024,C1138,Hämäläinen Oy,SKU-1001,Ergonomic Desk Chair,Furniture,8,2459.82,direct
00003798,28.01.2024,C1240,Kjærstad Utstyr,SKU-1006,USB-C Dock,Accessories,2,1797.13,direct
00003799,12.09.2024,C1374,Søndergaard A/S,SKU-1008,Laptop Stand Aluminium,Accessories,5,705.11,direct
00003800,21.03.2024,C1225,Lindqvist AB,SKU-1003,Monitor Arm Dual,Accessories,6,914.91,NULL
00003801,08.04.2025,C1120,Trondheim Utstyr,SKU-1008,Laptop Stand Aluminium,Accessories,2,711.47,online
00003802,24.06.2025,C1216,Ålesund Kontor,SKU-1003,Monitor Arm Dual,Accessories,7,959.94,direct
00003803,15.07.2025,C1097,Väisänen Kaluste,SKU-1002,Standing Desk 140cm,Furniture,7,4720.85,retail
00003804,06.06.2024,C1152,Väisänen Kaluste,SKU-1008,Laptop Stand Aluminium,Accessories,9,693.41,retail
00003805,04.08.2024,C1187,Mäkinen Toimisto,SKU-1004,Mechanical Keyboard,Peripherals,6,1199.44,online
00003806,29.10.2025,C1399,Väisänen Kaluste,SKU-1002,Standing Desk 140cm,Furniture,2,5784.36,direct
00003807,30.10.2024,C1011,Nordström Handel,SKU-1010,Desk Lamp LED,Furniture,7,592.04,partner
00003808,06.11.2024,C1112,Bergström & Söner,SKU-1008,Laptop Stand Aluminium,Accessories,10,660.07,partner
00003809,27.03.2024,C1056,Lindqvist AB,SKU-1003,Monitor Arm Dual,Accessories,3,1012.29,direct
00003810,19.02.2025,C1189,Søndergaard A/S,SKU-1005,27in 4K Monitor,Displays,7,4864.37,retail
00003811,09.03.2025,C1275,Dansk Kontormiljø,SKU-1003,Monitor Arm Dual,Accessories,11,758.31,partner
00003812,23.01.2024,C1328,Mäkinen Toimisto,SKU-1003,Monitor Arm Dual,Accessories,4,837.47,online
00003813,24.09.2024,C1080,Mäkinen Toimisto,SKU-1003,Monitor Arm Dual,Accessories,5,976.76,partner
00003814,29.10.2024,C1172,Lindqvist AB,SKU-1001,Ergonomic Desk Chair,Furniture,2,2387.45,online
00003815,20.11.2024,C1379,Uppsala Interiör,SKU-1003,Monitor Arm Dual,Accessories,12,762.37,partner
00003816,27.01.2025,C1310,Mäkinen Toimisto,SKU-1003,Monitor Arm Dual,Accessories,2,816.89,partner
00003817,25.08.2025,C1059,Møller Innredning,SKU-1007,Noise Cancelling Headset,Peripherals,5,1797.36,retail
00003818,16.06.2025,C1109,Hämäläinen Oy,SKU-1010,Desk Lamp LED,Furniture,8,495.28,direct
00003819,26.04.2025,C1266,Jyllands Inventar,SKU-1002,Standing Desk 140cm,Furniture,11,5923.92,online
00003820,15.08.2025,C1295,Trondheim Utstyr,SKU-1001,Ergonomic Desk Chair,Furniture,9,2163.83,online
00003821,16.06.2025,C1008,Trondheim Utstyr,SKU-1005,27in 4K Monitor,Displays,9,4390.66,partner
00003822,03.04.2025,C1180,Nordström Handel,SKU-1003,Monitor Arm Dual,Accessories,7,758.85,retail
00003823,22.12.2024,C1016,Søndergaard A/S,SKU-1008,Laptop Stand Aluminium,Accessories,8,630.68,retail
00003824,11.06.2025,C1062,Hämäläinen Oy,SKU-1007,Noise Cancelling Headset,Peripherals,11,2317.05,direct
00003825,16.11.2025,C1311,Jyllands Inventar,SKU-1004,Mechanical Keyboard,Peripherals,7,1228.13,retail
00003826,26.06.2025,C1333,Ålesund Kontor,SKU-1002,Standing Desk 140cm,Furniture,-1,5303.30,direct
00003827,29.09.2025,C1170,Mäkinen Toimisto,SKU-1001,Ergonomic Desk Chair,Furniture,11,2332.26,partner
00003828,12.01.2024,C1100,Trondheim Utstyr,SKU-1001,Ergonomic Desk Chair,Furniture,9,2400.47,online
00003829,04.04.2024,C1284,Lindqvist AB,SKU-1002,Standing Desk 140cm,Furniture,10,4898.99,partner
00003830,31.12.2025,C1364,Mäkinen Toimisto,SKU-1009,Webcam 1080p,Peripherals,3,758.41,direct
00003831,25.08.2024,C1281,Mäkinen Toimisto,SKU-1003,Monitor Arm Dual,Accessories,1,903.45,online
00003832,24.08.2024,C1151,Rødvig Møbler,SKU-1003,Monitor Arm Dual,Accessories,3,960.66,direct
00003833,06.09.2024,C1259,Ålesund Kontor,SKU-1007,Noise Cancelling Headset,Peripherals,9,2005.83,partner
00003834,24.06.2024,C1330,Hämäläinen Oy,SKU-1005,27in 4K Monitor,Displays,8,3925.50,partner
00003835,25.06.2025,C1117,Hämäläinen Oy,SKU-1008,Laptop Stand Aluminium,Accessories,6,695.50,retail
00003836,12.07.2024,C1294,Lindqvist AB,SKU-1007,Noise Cancelling Headset,Peripherals,6,1944.06,direct
00003837,05.08.2025,C1067,Lindqvist AB,SKU-1005,27in 4K Monitor,Displays,5,4391.72,online
00003838,25.11.2025,C1381,Uppsala Interiör,SKU-1003,Monitor Arm Dual,Accessories,3,795.08,retail
00003839,21.05.2024,C1268,Trondheim Utstyr,SKU-1004,Mechanical Keyboard,Peripherals,3,1201.93,retail
00003840,12.10.2025,C1180,Møller Innredning,SKU-1003,Monitor Arm Dual,Accessories,11,764.60,retail
00003841,21.10.2024,C1055,Lindqvist AB,SKU-1007,Noise Cancelling Headset,Peripherals,2,2312.11,direct
00003842,20.10.2025,C1236,Väisänen Kaluste,SKU-1010,Desk Lamp LED,Furniture,11,515.93,online
00003843,17.10.2025,C1247,Trondheim Utstyr,SKU-1003,Monitor Arm Dual,Accessories,4,807.68,online
00003844,13.07.2025,C1171,Trondheim Utstyr,SKU-1007,Noise Cancelling Headset,Peripherals,12,1858.28,online
00003845,30.09.2024,C1360,Søndergaard A/S,SKU-1003,Monitor Arm Dual,Accessories,9,1007.75,direct
00003846,10.07.2024,C1377,Rødvig Møbler,SKU-1010,Desk Lamp LED,Furniture,2,557.65,retail
00003847,25.03.2024,C1267,Nordström Handel,SKU-1009,Webcam 1080p,Peripherals,7,683.79,retail
00003848,05.04.2025,C1395,Väisänen Kaluste,SKU-1008,Laptop Stand Aluminium,Accessories,5,678.74,online
00003849,23.04.2024,C1017,Kjærstad Utstyr,SKU-1008,Laptop Stand Aluminium,Accessories,1,592.26,online
00003850,20.10.2024,C1040,Bergström & Söner,SKU-1004,Mechanical Keyboard,Peripherals,7,1171.22,direct
00003851,06.09.2024,C1282,Søndergaard A/S,SKU-1010,Desk Lamp LED,Furniture,3,543.70,retail
00003852,02.11.2025,C1132,Lindqvist AB,SKU-1004,Mechanical Keyboard,Peripherals,12,1311.47,online
00003853,24.06.2025,C1265,Trondheim Utstyr,SKU-1007,Noise Cancelling Headset,Peripherals,12,1832.49,online
00003854,18.03.2024,C1019,Bergström & Söner,SKU-1010,Desk Lamp LED,Furniture,11,535.73,partner
00003855,20.10.2024,C1264,Trondheim Utstyr,SKU-1006,USB-C Dock,Accessories,-2,1883.15,retail
00003856,09.04.2024,C1247,Kärkkäinen Oy,SKU-1004,Mechanical Keyboard,Peripherals,9,1286.93,direct
00003857,30.04.2025,C1313,Kjærstad Utstyr,SKU-1005,27in 4K Monitor,Displays,10,3683.75,online
00003858,10.05.2025,C1127,Dansk Kontormiljø,SKU-1003,Monitor Arm Dual,Accessories,9,819.17,online
00003859,14.02.2025,C1077,Nordström Handel,SKU-1004,Mechanical Keyboard,Peripherals,1,1239.59,direct
00003860,09.09.2025,C1124,Ålesund Kontor,SKU-1003,Monitor Arm Dual,Accessories,7,975.00,partner
00003861,13.04.2024,C1266,Jyllands Inventar,SKU-1009,Webcam 1080p,Peripherals,6,827.57,online
00003862,06.08.2024,C1297,Kärkkäinen Oy,SKU-1006,USB-C Dock,Accessories,4,1974.75,direct
00003863,26.10.2024,C1299,Nordström Handel,SKU-1005,27in 4K Monitor,Displays,3,3917.97,online
00003864,09.06.2024,C1209,Søndergaard A/S,SKU-1005,27in 4K Monitor,Displays,3,4644.94,partner
00003865,24.04.2024,C1009,Hämäläinen Oy,SKU-1005,27in 4K Monitor,Displays,5,3663.26,partner
00003866,17.09.2025,C1199,Lindqvist AB,SKU-1006,USB-C Dock,Accessories,11,1965.41,retail
00003867,22.06.2024,C1282,Dansk Kontormiljø,SKU-1010,Desk Lamp LED,Furniture,4,518.49,direct
00003868,04.07.2025,C1012,Trondheim Utstyr,SKU-1006,USB-C Dock,Accessories,11,1699.69,online
00003869,15.04.2025,C1063,Lindqvist AB,SKU-1005,27in 4K Monitor,Displays,6,4616.02,direct
00003870,26.12.2024,C1165,Nordström Handel,SKU-1002,Standing Desk 140cm,Furniture,8,5056.87,online
00003871,19.03.2024,C1133,Jyllands Inventar,SKU-1007,Noise Cancelling Headset,Peripherals,5,1869.12,partner
00003872,08.02.2025,C1183,Trondheim Utstyr,SKU-1003,Monitor Arm Dual,Accessories,1,1001.01,direct
00003873,30.07.2024,C1153,Søndergaard A/S,SKU-1007,Noise Cancelling Headset,Peripherals,8,1835.80,partner
00003874,24.01.2025,C1382,Kjærstad Utstyr,SKU-1005,27in 4K Monitor,Displays,8,4224.97,online
00003875,20.11.2025,C1126,Uppsala Interiör,SKU-1007,Noise Cancelling Headset,Peripherals,12,2027.42,direct
00003876,24.09.2024,C1180,Trondheim Utstyr,SKU-1002,Standing Desk 140cm,Furniture,3,4428.16,direct
00003877,15.09.2024,C1029,Kärkkäinen Oy,SKU-1007,Noise Cancelling Headset,Peripherals,8,2189.35,partner
00003878,04.09.2025,C1085,Hämäläinen Oy,SKU-1001,Ergonomic Desk Chair,Furniture,7,2705.34,retail
00003879,07.11.2025,C1191,Jyllands Inventar,SKU-1010,Desk Lamp LED,Furniture,11,455.55,partner
00003880,22.07.2025,C1063,Rødvig Møbler,SKU-1003,Monitor Arm Dual,Accessories,10,878.02,direct
00003881,25.12.2025,C1136,Jyllands Inventar,SKU-1003,Monitor Arm Dual,Accessories,5,759.37,direct
00003882,30.08.2024,C1298,Väisänen Kaluste,SKU-1008,Laptop Stand Aluminium,Accessories,10,582.22,retail
00003883,08.11.2025,C1080,Dansk Kontormiljø,SKU-1003,Monitor Arm Dual,Accessories,11,906.13,online
00003884,04.02.2024,C1098,Uppsala Interiör,SKU-1002,Standing Desk 140cm,Furniture,5,4776.48,partner
00003885,09.03.2024,C1037,Lindqvist AB,SKU-1002,Standing Desk 140cm,Furniture,5,4695.54,direct
00003886,22.11.2024,C1089,Søndergaard A/S,SKU-1008,Laptop Stand Aluminium,Accessories,8,624.21,direct
00003887,16.12.2024,C1272,Mäkinen Toimisto,SKU-1005,27in 4K Monitor,Displays,8,3804.12,NULL
00003888,15.06.2025,C1056,Bergström & Söner,SKU-1004,Mechanical Keyboard,Peripherals,9,980.85,retail
00003889,13.11.2025,C1245,Jyllands Inventar,SKU-1006,USB-C Dock,Accessories,3,1626.37,direct
00003890,20.09.2025,C1272,Dansk Kontormiljø,SKU-1008,Laptop Stand Aluminium,Accessories,9,695.26,direct
00003891,11.04.2025,C1116,Rødvig Møbler,SKU-1005,27in 4K Monitor,Displays,6,4321.79,retail
00003892,24.03.2025,C1204,Lindqvist AB,SKU-1001,Ergonomic Desk Chair,Furniture,8,2635.55,online
00003893,22.10.2025,C1188,Søndergaard A/S,SKU-1002,Standing Desk 140cm,Furniture,1,5134.22,online
00003894,12.11.2024,C1046,Kjærstad Utstyr,SKU-1010,Desk Lamp LED,Furniture,7,484.13,direct
00003895,19.07.2025,C1007,Kjærstad Utstyr,SKU-1006,USB-C Dock,Accessories,8,1786.12,direct
00003896,20.07.2024,C1169,Kjærstad Utstyr,SKU-1003,Monitor Arm Dual,Accessories,1,982.57,partner
00003897,01.01.2025,C1174,Mäkinen Toimisto,SKU-1002,Standing Desk 140cm,Furniture,-3,5247.60,direct
00003898,28.12.2024,C1349,Uppsala Interiör,SKU-1008,Laptop Stand Aluminium,Accessories,12,598.95,retail
00003899,29.07.2025,C1234,Nordström Handel,SKU-1002,Standing Desk 140cm,Furniture,3,5229.36,online
00003900,05.02.2025,C1100,Jyllands Inventar,SKU-1005,27in 4K Monitor,Displays,2,4790.23,retail
00003901,15.01.2025,C1099,Väisänen Kaluste,SKU-1001,Ergonomic Desk Chair,Furniture,-1,2078.63,online
00003902,08.02.2024,C1260,Jyllands Inventar,SKU-1008,Laptop Stand Aluminium,Accessories,-3,606.75,online
00003903,28.01.2025,C1071,Mäkinen Toimisto,SKU-1009,Webcam 1080p,Peripherals,11,683.02,retail
00003904,27.09.2025,C1014,Hämäläinen Oy,SKU-1010,Desk Lamp LED,Furniture,5,485.93,direct
00003905,05.03.2024,C1394,Rødvig Møbler,SKU-1010,Desk Lamp LED,Furniture,3,545.37,partner
00003906,18.12.2024,C1100,Søndergaard A/S,SKU-1008,Laptop Stand Aluminium,Accessories,7,714.54,online
00003907,14.09.2025,C1177,Bergström & Söner,SKU-1006,USB-C Dock,Accessories,7,1627.85,direct
00003908,19.08.2025,C1091,Uppsala Interiör,SKU-1009,Webcam 1080p,Peripherals,7,790.27,direct
00003909,25.04.2025,C1369,Dansk Kontormiljø,SKU-1010,Desk Lamp LED,Furniture,9,506.33,direct
00003910,19.09.2025,C1185,Dansk Kontormiljø,SKU-1004,Mechanical Keyboard,Peripherals,8,1228.80,retail
00003911,21.02.2025,C1223,Hämäläinen Oy,SKU-1009,Webcam 1080p,Peripherals,6,802.96,online
00003912,05.12.2025,C1327,Mäkinen Toimisto,SKU-1002,Standing Desk 140cm,Furniture,7,4760.58,direct
00003913,17.06.2025,C1012,Ålesund Kontor,SKU-1009,Webcam 1080p,Peripherals,7,896.86,retail
00003914,22.05.2024,C1338,Dansk Kontormiljø,SKU-1006,USB-C Dock,Accessories,2,1752.97,partner
00003915,21.02.2024,C1187,Søndergaard A/S,SKU-1002,Standing Desk 140cm,Furniture,-1,5685.38,partner
00003916,19.06.2025,C1010,Søndergaard A/S,SKU-1010,Desk Lamp LED,Furniture,6,562.40,partner
00003917,03.04.2025,C1125,Kjærstad Utstyr,SKU-1003,Monitor Arm Dual,Accessories,7,950.43,direct
00003918,06.02.2024,C1203,Møller Innredning,SKU-1007,Noise Cancelling Headset,Peripherals,1,2222.52,partner
00003919,31.10.2025,C1315,Kjærstad Utstyr,SKU-1001,Ergonomic Desk Chair,Furniture,10,2522.51,direct
00003920,26.12.2025,C1031,Väisänen Kaluste,SKU-1002,Standing Desk 140cm,Furniture,2,5523.12,direct
00003921,04.07.2024,C1125,Møller Innredning,SKU-1001,Ergonomic Desk Chair,Furniture,7,2478.80,online
00003922,13.12.2025,C1174,Kärkkäinen Oy,SKU-1007,Noise Cancelling Headset,Peripherals,8,1936.33,retail
00003923,02.05.2024,C1035,Bergström & Söner,SKU-1002,Standing Desk 140cm,Furniture,10,5163.51,online
00003924,01.07.2024,C1058,Dansk Kontormiljø,SKU-1001,Ergonomic Desk Chair,Furniture,12,2374.21,online
00003925,07.04.2024,C1316,Søndergaard A/S,SKU-1002,Standing Desk 140cm,Furniture,8,5475.96,online
00003926,17.01.2024,C1310,Väisänen Kaluste,SKU-1008,Laptop Stand Aluminium,Accessories,4,597.60,NULL
00003927,12.09.2024,C1400,Møller Innredning,SKU-1004,Mechanical Keyboard,Peripherals,6,1179.48,direct
00003928,30.08.2025,C1380,Jyllands Inventar,SKU-1007,Noise Cancelling Headset,Peripherals,3,2151.33,direct
00003929,08.11.2025,C1197,Jyllands Inventar,SKU-1004,Mechanical Keyboard,Peripherals,-2,1073.14,online
00003930,27.06.2024,C1075,Lindqvist AB,SKU-1004,Mechanical Keyboard,Peripherals,9,1192.82,retail
00003931,25.11.2025,C1373,Jyllands Inventar,SKU-1003,Monitor Arm Dual,Accessories,4,771.22,retail
00003932,14.04.2025,C1342,Søndergaard A/S,SKU-1010,Desk Lamp LED,Furniture,11,486.59,online
00003933,25.07.2024,C1280,Bergström & Söner,SKU-1007,Noise Cancelling Headset,Peripherals,2,2155.90,partner
00003934,20.08.2025,C1226,Hämäläinen Oy,SKU-1006,USB-C Dock,Accessories,11,1830.71,retail
00003935,15.12.2024,C1287,Uppsala Interiör,SKU-1006,USB-C Dock,Accessories,3,1765.76,online
00003936,26.01.2025,C1233,Bergström & Söner,SKU-1006,USB-C Dock,Accessories,1,1893.41,online
00003937,06.04.2025,C1360,Lindqvist AB,SKU-1003,Monitor Arm Dual,Accessories,3,959.35,retail
00003938,15.11.2024,C1149,Søndergaard A/S,SKU-1004,Mechanical Keyboard,Peripherals,2,1297.98,retail
00003939,14.08.2025,C1171,Søndergaard A/S,SKU-1002,Standing Desk 140cm,Furniture,6,4773.89,online
00003940,20.09.2025,C1006,Ålesund Kontor,SKU-1003,Monitor Arm Dual,Accessories,11,766.95,online
00003941,30.06.2025,C1313,Søndergaard A/S,SKU-1009,Webcam 1080p,Peripherals,2,815.60,direct
00003942,09.09.2024,C1345,Nordström Handel,SKU-1005,27in 4K Monitor,Displays,6,4697.18,retail
00003943,12.08.2025,C1303,Bergström & Söner,SKU-1007,Noise Cancelling Headset,Peripherals,8,2377.39,online
00003944,04.10.2025,C1014,Dansk Kontormiljø,SKU-1005,27in 4K Monitor,Displays,7,3705.89,partner
00003945,19.05.2025,C1159,Trondheim Utstyr,SKU-1007,Noise Cancelling Headset,Peripherals,2,2208.78,online
00003946,09.02.2024,C1222,Uppsala Interiör,SKU-1007,Noise Cancelling Headset,Peripherals,8,1976.37,direct
00003947,17.10.2025,C1101,Jyllands Inventar,SKU-1003,Monitor Arm Dual,Accessories,8,846.87,direct
00003948,31.03.2025,C1106,Mäkinen Toimisto,SKU-1009,Webcam 1080p,Peripherals,10,828.56,online
00003949,06.06.2025,C1314,Rødvig Møbler,SKU-1002,Standing Desk 140cm,Furniture,9,4445.31,retail
00003950,23.07.2024,C1368,Trondheim Utstyr,SKU-1007,Noise Cancelling Headset,Peripherals,10,2341.82,partner
00003951,30.01.2024,C1168,Jyllands Inventar,SKU-1004,Mechanical Keyboard,Peripherals,12,1212.06,direct
00003952,02.01.2025,C1087,Dansk Kontormiljø,SKU-1009,Webcam 1080p,Peripherals,1,715.46,direct
00003953,25.11.2025,C1360,Lindqvist AB,SKU-1006,USB-C Dock,Accessories,7,1580.14,partner
00003954,18.07.2024,C1203,Ålesund Kontor,SKU-1004,Mechanical Keyboard,Peripherals,11,990.73,retail
00003955,21.01.2024,C1375,Väisänen Kaluste,SKU-1001,Ergonomic Desk Chair,Furniture,5,2716.23,retail
00003956,29.09.2025,C1174,Lindqvist AB,SKU-1001,Ergonomic Desk Chair,Furniture,1,2446.02,retail
00003957,04.10.2024,C1214,Møller Innredning,SKU-1010,Desk Lamp LED,Furniture,9,468.46,direct
00003958,13.05.2024,C1004,Hämäläinen Oy,SKU-1002,Standing Desk 140cm,Furniture,7,4967.57,online
00003959,10.06.2024,C1120,Trondheim Utstyr,SKU-1006,USB-C Dock,Accessories,5,1929.86,partner
00003960,01.06.2024,C1332,Väisänen Kaluste,SKU-1003,Monitor Arm Dual,Accessories,5,1021.62,retail
00003961,18.05.2025,C1386,Mäkinen Toimisto,SKU-1010,Desk Lamp LED,Furniture,10,537.87,direct
00003962,28.11.2025,C1191,Dansk Kontormiljø,SKU-1006,USB-C Dock,Accessories,2,1643.13,online
00003963,28.07.2025,C1338,Kärkkäinen Oy,SKU-1002,Standing Desk 140cm,Furniture,-1,4708.19,direct
00003964,20.05.2025,C1064,Jyllands Inventar,SKU-1009,Webcam 1080p,Peripherals,10,825.39,online
00003965,29.05.2025,C1005,Kjærstad Utstyr,SKU-1006,USB-C Dock,Accessories,3,1559.70,online
00003966,09.02.2024,C1339,Møller Innredning,SKU-1002,Standing Desk 140cm,Furniture,5,5452.97,partner
00003967,11.08.2025,C1386,Lindqvist AB,SKU-1003,Monitor Arm Dual,Accessories,-1,963.53,partner
00003968,16.02.2024,C1277,Trondheim Utstyr,SKU-1003,Monitor Arm Dual,Accessories,11,942.07,online
00003969,01.01.2024,C1300,Uppsala Interiör,SKU-1006,USB-C Dock,Accessories,4,1747.45,partner
00003970,30.04.2024,C1333,Møller Innredning,SKU-1001,Ergonomic Desk Chair,Furniture,7,2088.51,retail
00003971,01.07.2025,C1367,Bergström & Söner,SKU-1008,Laptop Stand Aluminium,Accessories,9,682.72,direct
00003972,04.06.2025,C1243,Kärkkäinen Oy,SKU-1003,Monitor Arm Dual,Accessories,7,863.99,online
00003973,26.06.2025,C1147,Mäkinen Toimisto,SKU-1003,Monitor Arm Dual,Accessories,4,985.00,partner
00003974,20.11.2024,C1154,Hämäläinen Oy,SKU-1007,Noise Cancelling Headset,Peripherals,2,2142.79,direct
00003975,11.01.2024,C1150,Kärkkäinen Oy,SKU-1002,Standing Desk 140cm,Furniture,11,4549.89,partner
00003976,04.05.2024,C1131,Väisänen Kaluste,SKU-1002,Standing Desk 140cm,Furniture,6,5022.40,retail
00003977,03.06.2024,C1048,Ålesund Kontor,SKU-1009,Webcam 1080p,Peripherals,4,856.85,direct
00003978,03.01.2025,C1201,Ålesund Kontor,SKU-1008,Laptop Stand Aluminium,Accessories,1,655.98,retail
00003979,24.01.2025,C1262,Hämäläinen Oy,SKU-1001,Ergonomic Desk Chair,Furniture,8,2084.57,retail
00003980,28.02.2024,C1328,Jyllands Inventar,SKU-1007,Noise Cancelling Headset,Peripherals,5,2343.22,partner
00003981,21.10.2024,C1150,Hämäläinen Oy,SKU-1001,Ergonomic Desk Chair,Furniture,1,2590.51,retail
00003982,23.05.2024,C1318,Kärkkäinen Oy,SKU-1003,Monitor Arm Dual,Accessories,9,1021.60,online
00003983,08.03.2025,C1221,Mäkinen Toimisto,SKU-1009,Webcam 1080p,Peripherals,10,688.77,direct
00003984,07.06.2024,C1161,Väisänen Kaluste,SKU-1003,Monitor Arm Dual,Accessories,11,955.97,direct
00003985,12.08.2024,C1105,Trondheim Utstyr,SKU-1005,27in 4K Monitor,Displays,12,4457.18,partner
00003986,10.01.2025,C1282,Kjærstad Utstyr,SKU-1010,Desk Lamp LED,Furniture,10,476.88,online
00003987,10.02.2025,C1302,Kärkkäinen Oy,SKU-1009,Webcam 1080p,Peripherals,9,777.36,direct
00003988,19.09.2025,C1341,Møller Innredning,SKU-1008,Laptop Stand Aluminium,Accessories,6,714.23,online
00003989,02.02.2024,C1241,Møller Innredning,SKU-1005,27in 4K Monitor,Displays,11,4179.41,partner
00003990,09.10.2025,C1037,Rødvig Møbler,SKU-1008,Laptop Stand Aluminium,Accessories,11,612.44,retail
00003991,25.05.2025,C1335,Jyllands Inventar,SKU-1006,USB-C Dock,Accessories,12,1586.01,online
00003992,19.03.2025,C1075,Mäkinen Toimisto,SKU-1002,Standing Desk 140cm,Furniture,4,5693.85,partner
00003993,25.05.2025,C1069,Mäkinen Toimisto,SKU-1005,27in 4K Monitor,Displays,8,3891.34,partner
00003994,21.08.2025,C1273,Trondheim Utstyr,SKU-1006,USB-C Dock,Accessories,11,1802.24,partner
00003995,12.09.2024,C1345,Rødvig Møbler,SKU-1002,Standing Desk 140cm,Furniture,2,5244.47,online
00003996,17.03.2025,C1015,Bergström & Söner,SKU-1007,Noise Cancelling Headset,Peripherals,4,2299.50,partner
00003997,14.08.2025,C1293,Uppsala Interiör,SKU-1005,27in 4K Monitor,Displays,8,4884.66,direct
00003998,02.12.2024,C1318,Hämäläinen Oy,SKU-1002,Standing Desk 140cm,Furniture,10,5401.73,direct
00003999,10.04.2025,C1232,Mäkinen Toimisto,SKU-1002,Standing Desk 140cm,Furniture,5,5376.85,retail
00004000,24.01.2025,C1129,Lindqvist AB,SKU-1009,Webcam 1080p,Peripherals,5,872.76,partner
00004001,27.06.2024,C1069,Uppsala Interiör,SKU-1004,Mechanical Keyboard,Peripherals,6,1183.79,direct
00004002,01.03.2024,C1166,Uppsala Interiör,SKU-1010,Desk Lamp LED,Furniture,12,550.54,online
00004003,26.11.2025,C1113,Møller Innredning,SKU-1002,Standing Desk 140cm,Furniture,9,4946.19,direct
00004004,20.09.2024,C1293,Søndergaard A/S,SKU-1002,Standing Desk 140cm,Furniture,7,5151.16,partner
00004005,30.08.2025,C1051,Lindqvist AB,SKU-1006,USB-C Dock,Accessories,11,1722.18,partner
00004006,25.12.2025,C1212,Trondheim Utstyr,SKU-1006,USB-C Dock,Accessories,5,1514.18,online
00004007,30.10.2025,C1066,Lindqvist AB,SKU-1001,Ergonomic Desk Chair,Furniture,11,2445.09,partner
00004008,22.09.2024,C1024,Uppsala Interiör,SKU-1007,Noise Cancelling Headset,Peripherals,11,2364.48,direct
00004009,07.11.2025,C1081,Kjærstad Utstyr,SKU-1003,Monitor Arm Dual,Accessories,9,874.86,direct
00004010,13.07.2025,C1233,Kjærstad Utstyr,SKU-1004,Mechanical Keyboard,Peripherals,-3,1117.55,partner
00004011,15.09.2024,C1275,Bergström & Söner,SKU-1005,27in 4K Monitor,Displays,1,4648.16,direct
00004012,16.06.2024,C1265,Bergström & Söner,SKU-1009,Webcam 1080p,Peripherals,3,728.26,online
00004013,19.04.2025,C1151,Kjærstad Utstyr,SKU-1008,Laptop Stand Aluminium,Accessories,8,689.21,direct
00004014,12.07.2024,C1244,Trondheim Utstyr,SKU-1009,Webcam 1080p,Peripherals,10,842.35,online
00004015,23.03.2024,C1139,Lindqvist AB,SKU-1005,27in 4K Monitor,Displays,3,4301.45,direct
00004016,08.08.2025,C1326,Hämäläinen Oy,SKU-1006,USB-C Dock,Accessories,1,1774.16,online
00004017,17.01.2025,C1312,Kärkkäinen Oy,SKU-1002,Standing Desk 140cm,Furniture,7,5108.27,direct
00004018,22.10.2025,C1323,Rødvig Møbler,SKU-1006,USB-C Dock,Accessories,4,1506.35,online
00004019,10.07.2025,C1261,Søndergaard A/S,SKU-1009,Webcam 1080p,Peripherals,11,751.00,online
00004020,30.03.2024,C1018,Kjærstad Utstyr,SKU-1003,Monitor Arm Dual,Accessories,9,999.12,online
00004021,26.07.2024,C1131,Trondheim Utstyr,SKU-1009,Webcam 1080p,Peripherals,2,676.13,NULL
00004022,10.09.2024,C1108,Dansk Kontormiljø,SKU-1006,USB-C Dock,Accessories,11,1903.56,direct
00004023,15.10.2024,C1174,Kärkkäinen Oy,SKU-1009,Webcam 1080p,Peripherals,4,791.92,retail
00004024,06.04.2024,C1107,Møller Innredning,SKU-1009,Webcam 1080p,Peripherals,7,865.15,online
00004025,26.05.2025,C1397,Dansk Kontormiljø,SKU-1002,Standing Desk 140cm,Furniture,12,5374.90,partner
00004026,12.09.2024,C1124,Hämäläinen Oy,SKU-1008,Laptop Stand Aluminium,Accessories,6,686.22,direct
00004027,19.06.2024,C1261,Kjærstad Utstyr,SKU-1007,Noise Cancelling Headset,Peripherals,4,2207.79,online
00004028,08.10.2025,C1297,Trondheim Utstyr,SKU-1008,Laptop Stand Aluminium,Accessories,1,722.96,direct
00004029,15.11.2024,C1092,Väisänen Kaluste,SKU-1008,Laptop Stand Aluminium,Accessories,8,646.24,retail
00004030,18.03.2025,C1276,Bergström & Söner,SKU-1008,Laptop Stand Aluminium,Accessories,8,570.87,retail
00004031,07.09.2024,C1072,Lindqvist AB,SKU-1005,27in 4K Monitor,Displays,7,4154.49,retail
00004032,19.09.2024,C1374,Bergström & Söner,SKU-1006,USB-C Dock,Accessories,5,1556.08,online
00004033,24.11.2025,C1228,Rødvig Møbler,SKU-1003,Monitor Arm Dual,Accessories,9,926.07,retail
00004034,01.11.2025,C1295,Kärkkäinen Oy,SKU-1010,Desk Lamp LED,Furniture,5,572.42,online
00004035,30.04.2024,C1272,Väisänen Kaluste,SKU-1007,Noise Cancelling Headset,Peripherals,12,2212.92,retail
00004036,27.11.2024,C1323,Kjærstad Utstyr,SKU-1003,Monitor Arm Dual,Accessories,1,813.25,retail
00004037,08.06.2024,C1158,Møller Innredning,SKU-1009,Webcam 1080p,Peripherals,1,759.12,retail
00004038,24.08.2024,C1166,Trondheim Utstyr,SKU-1002,Standing Desk 140cm,Furniture,9,5816.35,online
00004039,27.04.2025,C1074,Trondheim Utstyr,SKU-1001,Ergonomic Desk Chair,Furniture,10,2335.08,online
00004040,19.07.2025,C1157,Hämäläinen Oy,SKU-1009,Webcam 1080p,Peripherals,1,826.25,direct
00004041,22.10.2024,C1380,Lindqvist AB,SKU-1004,Mechanical Keyboard,Peripherals,3,1265.20,partner
00004042,12.04.2024,C1385,Väisänen Kaluste,SKU-1004,Mechanical Keyboard,Peripherals,-2,1123.11,partner
00004043,01.12.2025,C1080,Ålesund Kontor,SKU-1001,Ergonomic Desk Chair,Furniture,10,2599.77,direct
00004044,13.05.2024,C1076,Kjærstad Utstyr,SKU-1008,Laptop Stand Aluminium,Accessories,3,652.69,online
00004045,06.07.2025,C1154,Kärkkäinen Oy,SKU-1005,27in 4K Monitor,Displays,12,4275.03,direct
00004046,31.10.2024,C1124,Lindqvist AB,SKU-1002,Standing Desk 140cm,Furniture,11,4638.90,direct
00004047,28.01.2025,C1228,Kärkkäinen Oy,SKU-1007,Noise Cancelling Headset,Peripherals,12,2201.51,retail
00004048,03.11.2024,C1237,Jyllands Inventar,SKU-1001,Ergonomic Desk Chair,Furniture,2,2558.30,direct
00004049,18.12.2024,C1292,Dansk Kontormiljø,SKU-1010,Desk Lamp LED,Furniture,10,499.04,retail
00004050,24.02.2024,C1281,Kärkkäinen Oy,SKU-1008,Laptop Stand Aluminium,Accessories,2,717.32,direct
00004051,22.11.2025,C1177,Dansk Kontormiljø,SKU-1007,Noise Cancelling Headset,Peripherals,6,2338.44,online
00004052,29.06.2025,C1030,Rødvig Møbler,SKU-1003,Monitor Arm Dual,Accessories,11,877.74,retail
00004053,02.03.2024,C1146,Väisänen Kaluste,SKU-1005,27in 4K Monitor,Displays,11,4243.60,online
00004054,27.01.2024,C1372,Uppsala Interiör,SKU-1007,Noise Cancelling Headset,Peripherals,1,2253.97,partner
00004055,10.12.2024,C1398,Møller Innredning,SKU-1001,Ergonomic Desk Chair,Furniture,8,2456.12,online
00004056,20.05.2025,C1227,Mäkinen Toimisto,SKU-1002,Standing Desk 140cm,Furniture,8,5063.86,retail
00004057,03.10.2025,C1034,Dansk Kontormiljø,SKU-1009,Webcam 1080p,Peripherals,10,665.65,online
00004058,10.03.2025,C1123,Rødvig Møbler,SKU-1007,Noise Cancelling Headset,Peripherals,9,1956.09,direct
00004059,31.08.2024,C1162,Väisänen Kaluste,SKU-1002,Standing Desk 140cm,Furniture,9,4567.67,direct
00004060,19.05.2025,C1282,Ålesund Kontor,SKU-1006,USB-C Dock,Accessories,8,1563.48,partner
00004061,08.07.2024,C1345,Søndergaard A/S,SKU-1002,Standing Desk 140cm,Furniture,12,5143.78,retail
00004062,31.08.2025,C1148,Jyllands Inventar,SKU-1003,Monitor Arm Dual,Accessories,7,886.88,retail
00004063,20.02.2025,C1391,Kärkkäinen Oy,SKU-1009,Webcam 1080p,Peripherals,7,776.23,retail
00004064,18.09.2024,C1338,Bergström & Söner,SKU-1009,Webcam 1080p,Peripherals,2,761.27,online
00004065,23.07.2024,C1394,Møller Innredning,SKU-1010,Desk Lamp LED,Furniture,11,508.96,online
00004066,13.09.2025,C1229,Lindqvist AB,SKU-1009,Webcam 1080p,Peripherals,1,817.80,retail
00004067,13.02.2024,C1289,Jyllands Inventar,SKU-1004,Mechanical Keyboard,Peripherals,5,1235.39,direct
00004068,09.05.2025,C1176,Bergström & Söner,SKU-1004,Mechanical Keyboard,Peripherals,9,1123.08,direct
00004069,13.04.2025,C1012,Søndergaard A/S,SKU-1006,USB-C Dock,Accessories,4,1691.16,online
00004070,31.10.2024,C1118,Søndergaard A/S,SKU-1008,Laptop Stand Aluminium,Accessories,5,658.33,direct
00004071,17.07.2025,C1320,Rødvig Møbler,SKU-1006,USB-C Dock,Accessories,1,1602.73,online
00004072,16.05.2025,C1057,Hämäläinen Oy,SKU-1007,Noise Cancelling Headset,Peripherals,1,1969.60,retail
00004073,23.07.2025,C1362,Kjærstad Utstyr,SKU-1002,Standing Desk 140cm,Furniture,11,5295.10,direct
00004074,30.10.2024,C1369,Bergström & Söner,SKU-1001,Ergonomic Desk Chair,Furniture,4,2639.61,online
00004075,01.10.2024,C1176,Hämäläinen Oy,SKU-1007,Noise Cancelling Headset,Peripherals,1,1908.02,direct
00004076,10.09.2024,C1291,Mäkinen Toimisto,SKU-1007,Noise Cancelling Headset,Peripherals,7,2365.19,retail
00004077,05.12.2024,C1259,Kärkkäinen Oy,SKU-1009,Webcam 1080p,Peripherals,2,693.48,online
00004078,07.04.2025,C1309,Kjærstad Utstyr,SKU-1008,Laptop Stand Aluminium,Accessories,8,602.24,online
00004079,28.08.2025,C1077,Kärkkäinen Oy,SKU-1008,Laptop Stand Aluminium,Accessories,11,554.02,direct
00004080,22.09.2025,C1322,Dansk Kontormiljø,SKU-1008,Laptop Stand Aluminium,Accessories,6,636.95,online
00004081,06.12.2025,C1036,Rødvig Møbler,SKU-1004,Mechanical Keyboard,Peripherals,8,1297.99,partner
00004082,23.04.2024,C1213,Väisänen Kaluste,SKU-1002,Standing Desk 140cm,Furniture,8,5281.54,NULL
00004083,27.11.2025,C1224,Dansk Kontormiljø,SKU-1009,Webcam 1080p,Peripherals,2,710.70,retail
00004084,15.04.2024,C1219,Kärkkäinen Oy,SKU-1004,Mechanical Keyboard,Peripherals,6,1030.17,partner
00004085,17.12.2024,C1152,Kjærstad Utstyr,SKU-1004,Mechanical Keyboard,Peripherals,12,1066.82,direct
00004086,20.12.2024,C1388,Rødvig Møbler,SKU-1003,Monitor Arm Dual,Accessories,5,987.67,direct
00004087,01.04.2024,C1144,Møller Innredning,SKU-1010,Desk Lamp LED,Furniture,12,545.09,online
00004088,03.07.2024,C1187,Dansk Kontormiljø,SKU-1004,Mechanical Keyboard,Peripherals,8,1263.93,direct
00004089,28.03.2024,C1205,Hämäläinen Oy,SKU-1006,USB-C Dock,Accessories,1,1500.92,partner
00004090,30.01.2024,C1121,Väisänen Kaluste,SKU-1009,Webcam 1080p,Peripherals,7,682.09,partner
00004091,24.11.2025,C1028,Nordström Handel,SKU-1006,USB-C Dock,Accessories,9,1934.01,direct
00004092,10.05.2025,C1245,Kjærstad Utstyr,SKU-1007,Noise Cancelling Headset,Peripherals,-2,2319.73,retail
00004093,06.08.2024,C1276,Nordström Handel,SKU-1004,Mechanical Keyboard,Peripherals,-3,1251.64,NULL
00004094,27.08.2024,C1252,Møller Innredning,SKU-1007,Noise Cancelling Headset,Peripherals,4,2164.65,online
00004095,09.09.2025,C1347,Trondheim Utstyr,SKU-1007,Noise Cancelling Headset,Peripherals,10,1856.86,direct
00004096,21.07.2024,C1342,Lindqvist AB,SKU-1003,Monitor Arm Dual,Accessories,2,973.00,retail
00004097,01.02.2024,C1138,Trondheim Utstyr,SKU-1007,Noise Cancelling Headset,Peripherals,6,2127.45,online
00004098,12.11.2025,C1016,Lindqvist AB,SKU-1002,Standing Desk 140cm,Furniture,6,5155.94,online
00004099,01.03.2024,C1095,Lindqvist AB,SKU-1006,USB-C Dock,Accessories,9,1529.72,retail
00004100,30.10.2025,C1055,Uppsala Interiör,SKU-1006,USB-C Dock,Accessories,6,1679.03,retail
00004101,12.09.2025,C1392,Kärkkäinen Oy,SKU-1001,Ergonomic Desk Chair,Furniture,11,2174.81,online
00004102,25.07.2024,C1330,Rødvig Møbler,SKU-1004,Mechanical Keyboard,Peripherals,3,1206.53,partner
00004103,22.10.2025,C1400,Bergström & Söner,SKU-1010,Desk Lamp LED,Furniture,3,474.87,online
00004104,11.06.2025,C1336,Rødvig Møbler,SKU-1005,27in 4K Monitor,Displays,4,3836.96,NULL
00004105,18.05.2024,C1071,Trondheim Utstyr,SKU-1001,Ergonomic Desk Chair,Furniture,4,2092.56,direct
00004106,20.11.2025,C1357,Trondheim Utstyr,SKU-1010,Desk Lamp LED,Furniture,1,570.26,partner
00004107,13.01.2024,C1309,Ålesund Kontor,SKU-1005,27in 4K Monitor,Displays,8,4775.63,retail
00004108,23.07.2025,C1006,Trondheim Utstyr,SKU-1001,Ergonomic Desk Chair,Furniture,12,2500.95,direct
00004109,21.07.2024,C1148,Rødvig Møbler,SKU-1007,Noise Cancelling Headset,Peripherals,8,1998.91,online
00004110,12.08.2024,C1233,Nordström Handel,SKU-1006,USB-C Dock,Accessories,11,1756.48,retail
00004111,22.07.2024,C1101,Dansk Kontormiljø,SKU-1002,Standing Desk 140cm,Furniture,9,5486.09,retail
00004112,30.11.2024,C1012,Jyllands Inventar,SKU-1004,Mechanical Keyboard,Peripherals,7,1220.90,retail
00004113,18.01.2025,C1049,Ålesund Kontor,SKU-1006,USB-C Dock,Accessories,1,1990.01,direct
00004114,21.10.2024,C1181,Uppsala Interiör,SKU-1004,Mechanical Keyboard,Peripherals,12,1142.61,online
00004115,14.01.2024,C1125,Kärkkäinen Oy,SKU-1007,Noise Cancelling Headset,Peripherals,3,2316.82,online
00004116,10.07.2024,C1065,Dansk Kontormiljø,SKU-1007,Noise Cancelling Headset,Peripherals,1,2311.44,online
00004117,13.05.2024,C1094,Mäkinen Toimisto,SKU-1008,Laptop Stand Aluminium,Accessories,3,633.09,retail
00004118,12.03.2024,C1001,Kjærstad Utstyr,SKU-1001,Ergonomic Desk Chair,Furniture,10,2277.81,online
00004119,12.01.2024,C1294,Jyllands Inventar,SKU-1010,Desk Lamp LED,Furniture,11,483.26,partner
00004120,01.01.2025,C1323,Dansk Kontormiljø,SKU-1007,Noise Cancelling Headset,Peripherals,8,2136.29,partner
00004121,06.11.2025,C1046,Uppsala Interiör,SKU-1006,USB-C Dock,Accessories,10,1983.18,retail
00004122,28.05.2024,C1287,Mäkinen Toimisto,SKU-1004,Mechanical Keyboard,Peripherals,1,1285.48,partner
00004123,26.10.2024,C1377,Rødvig Møbler,SKU-1003,Monitor Arm Dual,Accessories,12,813.11,online
00004124,23.08.2024,C1391,Nordström Handel,SKU-1003,Monitor Arm Dual,Accessories,2,991.02,retail
00004125,04.12.2024,C1192,Lindqvist AB,SKU-1001,Ergonomic Desk Chair,Furniture,5,2159.25,online
00004126,18.08.2025,C1173,Trondheim Utstyr,SKU-1001,Ergonomic Desk Chair,Furniture,3,2531.41,online
00004127,21.02.2024,C1010,Kjærstad Utstyr,SKU-1001,Ergonomic Desk Chair,Furniture,-2,2296.00,partner
00004128,18.03.2025,C1003,Jyllands Inventar,SKU-1006,USB-C Dock,Accessories,7,1531.50,online
00004129,23.06.2025,C1245,Mäkinen Toimisto,SKU-1004,Mechanical Keyboard,Peripherals,11,1069.16,partner
00004130,21.08.2024,C1180,Jyllands Inventar,SKU-1004,Mechanical Keyboard,Peripherals,8,979.91,online
00004131,23.08.2025,C1250,Dansk Kontormiljø,SKU-1008,Laptop Stand Aluminium,Accessories,7,550.72,online
00004132,13.09.2025,C1225,Dansk Kontormiljø,SKU-1003,Monitor Arm Dual,Accessories,6,931.89,direct
00004133,15.08.2025,C1048,Kärkkäinen Oy,SKU-1005,27in 4K Monitor,Displays,9,3953.66,online
00004134,06.02.2025,C1315,Mäkinen Toimisto,SKU-1001,Ergonomic Desk Chair,Furniture,4,2300.95,retail
00004135,14.04.2024,C1120,Trondheim Utstyr,SKU-1005,27in 4K Monitor,Displays,4,4038.51,partner
00004136,25.07.2024,C1368,Uppsala Interiör,SKU-1003,Monitor Arm Dual,Accessories,10,946.16,retail
00004137,10.07.2024,C1274,Mäkinen Toimisto,SKU-1009,Webcam 1080p,Peripherals,10,887.90,retail
00004138,02.06.2025,C1187,Jyllands Inventar,SKU-1009,Webcam 1080p,Peripherals,12,841.59,online
00004139,09.12.2024,C1076,Bergström & Söner,SKU-1009,Webcam 1080p,Peripherals,1,790.55,online
00004140,17.02.2025,C1136,Hämäläinen Oy,SKU-1001,Ergonomic Desk Chair,Furniture,1,2501.99,retail
00004141,07.07.2025,C1244,Nordström Handel,SKU-1006,USB-C Dock,Accessories,6,1700.28,online
00004142,20.09.2025,C1187,Nordström Handel,SKU-1003,Monitor Arm Dual,Accessories,2,760.48,partner
00004143,28.09.2024,C1004,Møller Innredning,SKU-1003,Monitor Arm Dual,Accessories,4,853.35,retail
00004144,11.03.2025,C1282,Bergström & Söner,SKU-1007,Noise Cancelling Headset,Peripherals,10,1813.48,online
00004145,28.01.2025,C1074,Møller Innredning,SKU-1006,USB-C Dock,Accessories,11,1846.99,partner
00004146,07.12.2024,C1186,Jyllands Inventar,SKU-1005,27in 4K Monitor,Displays,7,4888.69,retail
00004147,22.08.2024,C1173,Hämäläinen Oy,SKU-1006,USB-C Dock,Accessories,11,1724.10,NULL
00004148,16.07.2025,C1151,Uppsala Interiör,SKU-1008,Laptop Stand Aluminium,Accessories,3,726.61,online
00004149,28.09.2024,C1142,Dansk Kontormiljø,SKU-1008,Laptop Stand Aluminium,Accessories,1,655.18,retail
00004150,05.03.2025,C1361,Mäkinen Toimisto,SKU-1008,Laptop Stand Aluminium,Accessories,4,621.08,partner
00004151,13.12.2025,C1250,Mäkinen Toimisto,SKU-1008,Laptop Stand Aluminium,Accessories,12,625.07,retail
00004152,31.01.2024,C1078,Uppsala Interiör,SKU-1010,Desk Lamp LED,Furniture,12,466.47,retail
00004153,07.03.2024,C1055,Lindqvist AB,SKU-1001,Ergonomic Desk Chair,Furniture,12,2362.19,direct
00004154,18.07.2024,C1074,Hämäläinen Oy,SKU-1005,27in 4K Monitor,Displays,9,4640.46,direct
00004155,17.01.2024,C1031,Ålesund Kontor,SKU-1010,Desk Lamp LED,Furniture,10,582.87,partner
00004156,31.01.2025,C1351,Väisänen Kaluste,SKU-1009,Webcam 1080p,Peripherals,5,804.36,partner
00004157,27.06.2024,C1073,Jyllands Inventar,SKU-1002,Standing Desk 140cm,Furniture,12,4852.60,retail
00004158,04.07.2024,C1374,Ålesund Kontor,SKU-1007,Noise Cancelling Headset,Peripherals,10,2280.54,direct
00004159,27.05.2024,C1352,Bergström & Söner,SKU-1003,Monitor Arm Dual,Accessories,12,840.03,direct
00004160,06.11.2025,C1297,Jyllands Inventar,SKU-1007,Noise Cancelling Headset,Peripherals,8,1875.42,direct
00004161,14.01.2025,C1299,Mäkinen Toimisto,SKU-1006,USB-C Dock,Accessories,7,1703.77,direct
00004162,07.11.2025,C1271,Hämäläinen Oy,SKU-1004,Mechanical Keyboard,Peripherals,8,1261.68,partner
00004163,23.03.2024,C1394,Trondheim Utstyr,SKU-1010,Desk Lamp LED,Furniture,12,459.14,online
00004164,30.03.2025,C1009,Jyllands Inventar,SKU-1005,27in 4K Monitor,Displays,12,3801.75,online
00004165,24.09.2024,C1227,Møller Innredning,SKU-1004,Mechanical Keyboard,Peripherals,8,1266.79,direct
00004166,15.06.2025,C1056,Søndergaard A/S,SKU-1008,Laptop Stand Aluminium,Accessories,12,704.18,direct
00004167,15.08.2024,C1204,Mäkinen Toimisto,SKU-1002,Standing Desk 140cm,Furniture,6,5561.97,retail
00004168,07.10.2025,C1090,Møller Innredning,SKU-1008,Laptop Stand Aluminium,Accessories,12,552.82,retail
00004169,25.11.2024,C1363,Jyllands Inventar,SKU-1008,Laptop Stand Aluminium,Accessories,5,656.75,online
00004170,26.05.2024,C1143,Väisänen Kaluste,SKU-1005,27in 4K Monitor,Displays,2,4843.68,retail
00004171,07.11.2025,C1349,Bergström & Söner,SKU-1003,Monitor Arm Dual,Accessories,4,775.97,partner
00004172,16.12.2024,C1130,Väisänen Kaluste,SKU-1003,Monitor Arm Dual,Accessories,2,895.50,retail
00004173,31.05.2024,C1176,Nordström Handel,SKU-1005,27in 4K Monitor,Displays,4,4354.01,NULL
00004174,25.08.2025,C1064,Nordström Handel,SKU-1009,Webcam 1080p,Peripherals,12,820.37,partner
00004175,17.03.2024,C1184,Mäkinen Toimisto,SKU-1002,Standing Desk 140cm,Furniture,1,5501.40,online
00004176,13.06.2025,C1126,Hämäläinen Oy,SKU-1009,Webcam 1080p,Peripherals,4,729.31,online
00004177,24.10.2025,C1372,Bergström & Söner,SKU-1008,Laptop Stand Aluminium,Accessories,1,629.65,partner
00004178,09.02.2025,C1313,Ålesund Kontor,SKU-1010,Desk Lamp LED,Furniture,8,464.28,direct
00004179,26.06.2024,C1093,Søndergaard A/S,SKU-1001,Ergonomic Desk Chair,Furniture,4,2134.82,partner
00004180,04.06.2024,C1390,Bergström & Söner,SKU-1002,Standing Desk 140cm,Furniture,8,5133.06,retail
00004181,17.11.2024,C1318,Dansk Kontormiljø,SKU-1008,Laptop Stand Aluminium,Accessories,1,575.22,retail
00004182,03.05.2024,C1246,Kjærstad Utstyr,SKU-1010,Desk Lamp LED,Furniture,1,559.43,retail
00004183,09.06.2024,C1227,Nordström Handel,SKU-1010,Desk Lamp LED,Furniture,11,583.47,partner
00004184,14.09.2025,C1386,Trondheim Utstyr,SKU-1004,Mechanical Keyboard,Peripherals,2,1017.91,retail
00004185,19.12.2024,C1334,Dansk Kontormiljø,SKU-1008,Laptop Stand Aluminium,Accessories,9,682.45,retail
00004186,12.02.2025,C1139,Dansk Kontormiljø,SKU-1006,USB-C Dock,Accessories,7,1779.07,partner
00004187,31.01.2025,C1002,Jyllands Inventar,SKU-1001,Ergonomic Desk Chair,Furniture,5,2310.48,online
00004188,08.10.2025,C1337,Trondheim Utstyr,SKU-1009,Webcam 1080p,Peripherals,6,895.62,NULL
00004189,25.06.2025,C1240,Bergström & Söner,SKU-1010,Desk Lamp LED,Furniture,3,567.33,retail
00004190,22.10.2024,C1097,Ålesund Kontor,SKU-1004,Mechanical Keyboard,Peripherals,12,1098.51,online
00004191,15.05.2025,C1381,Nordström Handel,SKU-1004,Mechanical Keyboard,Peripherals,2,1026.27,direct
00004192,25.06.2025,C1104,Lindqvist AB,SKU-1005,27in 4K Monitor,Displays,6,4795.08,partner
00004193,01.09.2024,C1020,Rødvig Møbler,SKU-1010,Desk Lamp LED,Furniture,8,455.95,online
00004194,09.06.2025,C1171,Lindqvist AB,SKU-1008,Laptop Stand Aluminium,Accessories,10,621.69,online
00004195,14.03.2025,C1131,Mäkinen Toimisto,SKU-1010,Desk Lamp LED,Furniture,8,450.17,retail
00004196,23.11.2024,C1246,Uppsala Interiör,SKU-1010,Desk Lamp LED,Furniture,4,551.51,direct
00004197,06.06.2024,C1200,Lindqvist AB,SKU-1002,Standing Desk 140cm,Furniture,5,5017.81,retail
00004198,21.12.2024,C1250,Kärkkäinen Oy,SKU-1006,USB-C Dock,Accessories,5,1704.95,retail
00004199,29.03.2025,C1157,Kärkkäinen Oy,SKU-1009,Webcam 1080p,Peripherals,9,741.93,partner
00004200,12.07.2025,C1066,Väisänen Kaluste,SKU-1005,27in 4K Monitor,Displays,2,4637.97,online
00004201,21.08.2024,C1235,Rødvig Møbler,SKU-1004,Mechanical Keyboard,Peripherals,11,1027.40,online
00004202,12.04.2024,C1253,Trondheim Utstyr,SKU-1009,Webcam 1080p,Peripherals,1,752.70,retail
00004203,24.02.2024,C1005,Dansk Kontormiljø,SKU-1005,27in 4K Monitor,Displays,4,3766.51,online
00004204,26.12.2024,C1014,Uppsala Interiör,SKU-1002,Standing Desk 140cm,Furniture,1,5350.05,direct
00004205,02.06.2025,C1239,Ålesund Kontor,SKU-1002,Standing Desk 140cm,Furniture,-2,5222.85,direct
00004206,18.08.2024,C1284,Møller Innredning,SKU-1010,Desk Lamp LED,Furniture,1,564.39,retail
00004207,20.04.2024,C1059,Kärkkäinen Oy,SKU-1001,Ergonomic Desk Chair,Furniture,10,2073.22,online
00004208,24.01.2024,C1293,Kärkkäinen Oy,SKU-1002,Standing Desk 140cm,Furniture,11,4964.48,direct
00004209,13.08.2024,C1343,Dansk Kontormiljø,SKU-1010,Desk Lamp LED,Furniture,4,572.59,partner
00004210,15.01.2024,C1313,Jyllands Inventar,SKU-1007,Noise Cancelling Headset,Peripherals,-2,2184.63,retail
00004211,31.05.2024,C1349,Rødvig Møbler,SKU-1004,Mechanical Keyboard,Peripherals,4,1031.06,online
00004212,29.11.2024,C1347,Trondheim Utstyr,SKU-1003,Monitor Arm Dual,Accessories,4,878.88,online
00004213,15.10.2025,C1162,Lindqvist AB,SKU-1008,Laptop Stand Aluminium,Accessories,12,661.54,retail
00004214,17.02.2024,C1209,Dansk Kontormiljø,SKU-1009,Webcam 1080p,Peripherals,11,766.96,partner
00004215,21.04.2025,C1279,Trondheim Utstyr,SKU-1008,Laptop Stand Aluminium,Accessories,8,724.97,retail
00004216,29.05.2025,C1107,Trondheim Utstyr,SKU-1004,Mechanical Keyboard,Peripherals,1,1065.19,online
00004217,13.05.2024,C1316,Väisänen Kaluste,SKU-1001,Ergonomic Desk Chair,Furniture,1,2346.11,direct
00004218,25.03.2025,C1158,Søndergaard A/S,SKU-1009,Webcam 1080p,Peripherals,10,750.97,direct
00004219,18.12.2025,C1382,Trondheim Utstyr,SKU-1008,Laptop Stand Aluminium,Accessories,-3,556.60,NULL
00004220,01.11.2024,C1331,Nordström Handel,SKU-1001,Ergonomic Desk Chair,Furniture,1,2095.34,partner
00004221,28.07.2024,C1035,Hämäläinen Oy,SKU-1004,Mechanical Keyboard,Peripherals,9,1007.97,retail
00004222,17.11.2025,C1097,Mäkinen Toimisto,SKU-1001,Ergonomic Desk Chair,Furniture,6,2191.20,partner
00004223,11.02.2025,C1035,Kärkkäinen Oy,SKU-1009,Webcam 1080p,Peripherals,5,740.32,retail
00004224,07.04.2025,C1199,Lindqvist AB,SKU-1008,Laptop Stand Aluminium,Accessories,9,713.58,NULL
00004225,02.01.2025,C1244,Ålesund Kontor,SKU-1009,Webcam 1080p,Peripherals,12,706.74,direct
00004226,22.10.2025,C1187,Møller Innredning,SKU-1010,Desk Lamp LED,Furniture,6,559.69,partner
00004227,22.02.2024,C1133,Kjærstad Utstyr,SKU-1007,Noise Cancelling Headset,Peripherals,10,2217.98,partner
00004228,22.11.2025,C1363,Lindqvist AB,SKU-1010,Desk Lamp LED,Furniture,-3,567.22,retail
00004229,27.07.2025,C1294,Bergström & Söner,SKU-1010,Desk Lamp LED,Furniture,4,566.03,partner
00004230,10.11.2024,C1185,Trondheim Utstyr,SKU-1004,Mechanical Keyboard,Peripherals,12,1258.86,partner
00004231,29.12.2024,C1322,Bergström & Söner,SKU-1004,Mechanical Keyboard,Peripherals,5,1086.16,online
00004232,25.05.2024,C1299,Søndergaard A/S,SKU-1003,Monitor Arm Dual,Accessories,9,912.08,online
00004233,19.07.2025,C1177,Møller Innredning,SKU-1002,Standing Desk 140cm,Furniture,1,5260.20,retail
00004234,02.09.2025,C1016,Bergström & Söner,SKU-1001,Ergonomic Desk Chair,Furniture,1,2201.32,online
00004235,17.04.2025,C1011,Mäkinen Toimisto,SKU-1003,Monitor Arm Dual,Accessories,12,850.53,partner
00004236,02.08.2024,C1009,Kjærstad Utstyr,SKU-1002,Standing Desk 140cm,Furniture,5,4651.72,partner
00004237,29.11.2024,C1227,Rødvig Møbler,SKU-1010,Desk Lamp LED,Furniture,6,529.05,online
00004238,12.02.2025,C1003,Hämäläinen Oy,SKU-1010,Desk Lamp LED,Furniture,8,541.80,partner
00004239,18.01.2025,C1300,Ålesund Kontor,SKU-1001,Ergonomic Desk Chair,Furniture,3,2323.16,partner
00004240,04.01.2025,C1304,Väisänen Kaluste,SKU-1004,Mechanical Keyboard,Peripherals,6,1174.69,direct
00004241,15.01.2024,C1241,Nordström Handel,SKU-1010,Desk Lamp LED,Furniture,2,467.21,online
00004242,30.05.2025,C1307,Rødvig Møbler,SKU-1007,Noise Cancelling Headset,Peripherals,12,2136.06,direct
00004243,08.04.2024,C1176,Kjærstad Utstyr,SKU-1004,Mechanical Keyboard,Peripherals,7,1259.56,direct
00004244,05.04.2024,C1062,Mäkinen Toimisto,SKU-1008,Laptop Stand Aluminium,Accessories,4,681.78,partner
00004245,31.12.2024,C1076,Ålesund Kontor,SKU-1009,Webcam 1080p,Peripherals,8,862.32,partner
00004246,20.06.2024,C1175,Väisänen Kaluste,SKU-1005,27in 4K Monitor,Displays,1,3733.74,NULL
00004247,22.04.2024,C1108,Lindqvist AB,SKU-1009,Webcam 1080p,Peripherals,3,771.46,online
00004248,08.09.2024,C1322,Hämäläinen Oy,SKU-1003,Monitor Arm Dual,Accessories,1,877.38,partner
00004249,28.11.2025,C1129,Lindqvist AB,SKU-1001,Ergonomic Desk Chair,Furniture,6,2184.72,retail
00004250,02.12.2025,C1235,Hämäläinen Oy,SKU-1007,Noise Cancelling Headset,Peripherals,5,2312.41,retail
00004251,21.07.2024,C1255,Bergström & Söner,SKU-1007,Noise Cancelling Headset,Peripherals,1,2238.86,direct
00004252,13.05.2024,C1363,Bergström & Söner,SKU-1006,USB-C Dock,Accessories,9,1524.75,partner
00004253,31.07.2025,C1392,Rødvig Møbler,SKU-1007,Noise Cancelling Headset,Peripherals,6,2347.73,online
00004254,09.03.2024,C1180,Kjærstad Utstyr,SKU-1003,Monitor Arm Dual,Accessories,1,861.01,partner
00004255,08.05.2025,C1308,Uppsala Interiör,SKU-1001,Ergonomic Desk Chair,Furniture,2,2096.90,partner
00004256,12.01.2024,C1204,Kjærstad Utstyr,SKU-1001,Ergonomic Desk Chair,Furniture,5,2544.72,online
00004257,20.05.2025,C1170,Bergström & Söner,SKU-1006,USB-C Dock,Accessories,1,1724.60,direct
00004258,06.09.2025,C1091,Rødvig Møbler,SKU-1005,27in 4K Monitor,Displays,9,3703.05,online
00004259,11.05.2025,C1009,Uppsala Interiör,SKU-1007,Noise Cancelling Headset,Peripherals,1,2188.99,retail
00004260,23.09.2025,C1194,Väisänen Kaluste,SKU-1007,Noise Cancelling Headset,Peripherals,7,2011.05,online
00004261,24.07.2025,C1126,Bergström & Söner,SKU-1008,Laptop Stand Aluminium,Accessories,4,695.49,retail
00004262,11.06.2024,C1071,Bergström & Söner,SKU-1003,Monitor Arm Dual,Accessories,12,914.73,direct
00004263,25.10.2024,C1350,Kärkkäinen Oy,SKU-1001,Ergonomic Desk Chair,Furniture,2,2152.27,partner
00004264,25.03.2024,C1110,Trondheim Utstyr,SKU-1006,USB-C Dock,Accessories,2,1982.28,retail
00004265,12.09.2025,C1243,Väisänen Kaluste,SKU-1004,Mechanical Keyboard,Peripherals,-3,1208.36,online
00004266,22.05.2024,C1320,Uppsala Interiör,SKU-1002,Standing Desk 140cm,Furniture,6,5668.67,partner
00004267,28.04.2024,C1288,Ålesund Kontor,SKU-1004,Mechanical Keyboard,Peripherals,10,1186.46,direct
00004268,06.07.2025,C1012,Jyllands Inventar,SKU-1006,USB-C Dock,Accessories,5,1635.05,online
00004269,21.05.2025,C1314,Väisänen Kaluste,SKU-1001,Ergonomic Desk Chair,Furniture,10,2615.13,direct
00004270,01.09.2025,C1097,Rødvig Møbler,SKU-1001,Ergonomic Desk Chair,Furniture,8,2083.73,online
00004271,14.07.2025,C1095,Møller Innredning,SKU-1001,Ergonomic Desk Chair,Furniture,3,2340.61,retail
00004272,16.10.2024,C1172,Kjærstad Utstyr,SKU-1006,USB-C Dock,Accessories,4,2000.27,retail
00004273,02.04.2025,C1163,Møller Innredning,SKU-1004,Mechanical Keyboard,Peripherals,5,1154.99,online
00004274,02.08.2024,C1281,Møller Innredning,SKU-1003,Monitor Arm Dual,Accessories,7,1017.20,retail
00004275,23.11.2024,C1387,Nordström Handel,SKU-1002,Standing Desk 140cm,Furniture,9,4431.62,online
00004276,31.07.2025,C1386,Dansk Kontormiljø,SKU-1006,USB-C Dock,Accessories,6,1512.13,online
00004277,21.02.2025,C1148,Trondheim Utstyr,SKU-1010,Desk Lamp LED,Furniture,5,565.03,direct
00004278,27.06.2024,C1036,Hämäläinen Oy,SKU-1001,Ergonomic Desk Chair,Furniture,-2,2283.19,partner
00004279,22.04.2024,C1204,Ålesund Kontor,SKU-1006,USB-C Dock,Accessories,3,1621.91,partner
00004280,07.11.2024,C1058,Lindqvist AB,SKU-1008,Laptop Stand Aluminium,Accessories,6,694.77,partner
00004281,25.11.2024,C1154,Trondheim Utstyr,SKU-1006,USB-C Dock,Accessories,5,1513.27,online
00004282,28.05.2025,C1267,Dansk Kontormiljø,SKU-1010,Desk Lamp LED,Furniture,3,544.24,direct
00004283,24.06.2025,C1227,Nordström Handel,SKU-1007,Noise Cancelling Headset,Peripherals,2,2200.65,retail
00004284,13.09.2025,C1006,Lindqvist AB,SKU-1008,Laptop Stand Aluminium,Accessories,5,690.23,direct
00004285,13.07.2024,C1058,Hämäläinen Oy,SKU-1002,Standing Desk 140cm,Furniture,9,5782.27,partner
00004286,09.07.2024,C1058,Jyllands Inventar,SKU-1007,Noise Cancelling Headset,Peripherals,8,2288.90,online
00004287,19.09.2024,C1375,Kärkkäinen Oy,SKU-1006,USB-C Dock,Accessories,10,1570.10,partner
00004288,09.11.2024,C1233,Ålesund Kontor,SKU-1006,USB-C Dock,Accessories,1,2003.73,partner
00004289,22.04.2025,C1251,Hämäläinen Oy,SKU-1006,USB-C Dock,Accessories,10,1768.56,retail
00004290,22.01.2024,C1254,Mäkinen Toimisto,SKU-1005,27in 4K Monitor,Displays,3,4580.79,online
00004291,25.04.2025,C1380,Rødvig Møbler,SKU-1003,Monitor Arm Dual,Accessories,2,965.03,direct
00004292,04.09.2024,C1090,Søndergaard A/S,SKU-1001,Ergonomic Desk Chair,Furniture,1,2271.88,online
00004293,04.02.2024,C1135,Ålesund Kontor,SKU-1010,Desk Lamp LED,Furniture,2,462.86,direct
00004294,07.06.2025,C1149,Rødvig Møbler,SKU-1010,Desk Lamp LED,Furniture,4,493.17,retail
00004295,17.03.2025,C1005,Lindqvist AB,SKU-1008,Laptop Stand Aluminium,Accessories,2,602.33,online
00004296,31.10.2025,C1106,Rødvig Møbler,SKU-1006,USB-C Dock,Accessories,2,1801.11,online
00004297,06.02.2024,C1182,Trondheim Utstyr,SKU-1002,Standing Desk 140cm,Furniture,4,5802.28,online
00004298,04.01.2025,C1344,Jyllands Inventar,SKU-1001,Ergonomic Desk Chair,Furniture,11,2103.89,direct
00004299,13.03.2025,C1183,Møller Innredning,SKU-1007,Noise Cancelling Headset,Peripherals,11,1934.94,direct
00004300,20.03.2024,C1257,Nordström Handel,SKU-1004,Mechanical Keyboard,Peripherals,1,1221.64,online
00004301,17.08.2025,C1389,Kärkkäinen Oy,SKU-1001,Ergonomic Desk Chair,Furniture,11,2355.25,online
00004302,28.12.2024,C1150,Trondheim Utstyr,SKU-1007,Noise Cancelling Headset,Peripherals,4,1963.05,partner
00004303,15.02.2025,C1318,Søndergaard A/S,SKU-1006,USB-C Dock,Accessories,2,1885.27,online
00004304,14.07.2025,C1034,Kjærstad Utstyr,SKU-1003,Monitor Arm Dual,Accessories,10,775.79,retail
00004305,27.03.2024,C1239,Trondheim Utstyr,SKU-1010,Desk Lamp LED,Furniture,2,529.92,retail
00004306,14.05.2025,C1237,Ålesund Kontor,SKU-1002,Standing Desk 140cm,Furniture,10,5240.60,direct
00004307,10.10.2025,C1287,Uppsala Interiör,SKU-1010,Desk Lamp LED,Furniture,6,522.93,direct
00004308,16.05.2025,C1365,Mäkinen Toimisto,SKU-1007,Noise Cancelling Headset,Peripherals,2,2233.08,partner
00004309,05.04.2025,C1146,Rødvig Møbler,SKU-1005,27in 4K Monitor,Displays,2,4142.10,direct
00004310,29.06.2025,C1038,Rødvig Møbler,SKU-1006,USB-C Dock,Accessories,10,1641.32,online
00004311,07.04.2024,C1092,Hämäläinen Oy,SKU-1009,Webcam 1080p,Peripherals,2,666.31,partner
00004312,12.07.2024,C1166,Kjærstad Utstyr,SKU-1009,Webcam 1080p,Peripherals,5,737.15,direct
00004313,07.11.2024,C1321,Bergström & Söner,SKU-1005,27in 4K Monitor,Displays,1,3794.45,online
00004314,15.01.2025,C1073,Trondheim Utstyr,SKU-1002,Standing Desk 140cm,Furniture,1,5859.21,partner
00004315,24.11.2024,C1143,Rødvig Møbler,SKU-1001,Ergonomic Desk Chair,Furniture,12,2350.90,retail
00004316,29.06.2024,C1216,Väisänen Kaluste,SKU-1003,Monitor Arm Dual,Accessories,10,897.51,retail
00004317,19.08.2025,C1067,Dansk Kontormiljø,SKU-1003,Monitor Arm Dual,Accessories,10,806.03,online
00004318,04.02.2024,C1306,Hämäläinen Oy,SKU-1004,Mechanical Keyboard,Peripherals,8,1203.35,retail
00004319,26.03.2024,C1347,Kjærstad Utstyr,SKU-1002,Standing Desk 140cm,Furniture,4,5366.35,online
00004320,11.04.2024,C1179,Kärkkäinen Oy,SKU-1003,Monitor Arm Dual,Accessories,8,1020.81,online
00004321,08.07.2025,C1384,Trondheim Utstyr,SKU-1006,USB-C Dock,Accessories,12,1965.22,partner
00004322,03.06.2025,C1110,Bergström & Söner,SKU-1003,Monitor Arm Dual,Accessories,3,906.11,online
00004323,23.07.2024,C1149,Lindqvist AB,SKU-1003,Monitor Arm Dual,Accessories,10,887.57,direct
00004324,01.10.2024,C1273,Hämäläinen Oy,SKU-1002,Standing Desk 140cm,Furniture,12,5255.29,partner
00004325,30.10.2025,C1136,Ålesund Kontor,SKU-1004,Mechanical Keyboard,Peripherals,7,1244.73,direct
00004326,17.11.2024,C1069,Trondheim Utstyr,SKU-1004,Mechanical Keyboard,Peripherals,2,1168.47,direct
00004327,01.11.2025,C1384,Dansk Kontormiljø,SKU-1005,27in 4K Monitor,Displays,3,4310.86,partner
00004328,07.12.2025,C1340,Hämäläinen Oy,SKU-1002,Standing Desk 140cm,Furniture,10,4522.61,NULL
00004329,13.06.2024,C1336,Nordström Handel,SKU-1010,Desk Lamp LED,Furniture,3,553.01,retail
00004330,12.02.2024,C1070,Bergström & Söner,SKU-1004,Mechanical Keyboard,Peripherals,10,1112.85,retail
00004331,23.10.2024,C1364,Trondheim Utstyr,SKU-1002,Standing Desk 140cm,Furniture,2,4888.05,direct
00004332,18.05.2024,C1060,Uppsala Interiör,SKU-1004,Mechanical Keyboard,Peripherals,8,994.51,retail
00004333,09.05.2025,C1393,Nordström Handel,SKU-1003,Monitor Arm Dual,Accessories,1,821.11,retail
00004334,12.05.2024,C1296,Väisänen Kaluste,SKU-1007,Noise Cancelling Headset,Peripherals,11,1863.52,retail
00004335,03.11.2025,C1253,Jyllands Inventar,SKU-1001,Ergonomic Desk Chair,Furniture,8,2458.91,direct
00004336,22.02.2024,C1207,Kärkkäinen Oy,SKU-1005,27in 4K Monitor,Displays,2,4151.31,partner
00004337,07.07.2025,C1334,Mäkinen Toimisto,SKU-1009,Webcam 1080p,Peripherals,11,841.36,partner
00004338,06.10.2024,C1375,Dansk Kontormiljø,SKU-1005,27in 4K Monitor,Displays,11,4095.20,partner
00004339,26.10.2024,C1161,Ålesund Kontor,SKU-1006,USB-C Dock,Accessories,4,1780.98,online
00004340,01.03.2025,C1215,Uppsala Interiör,SKU-1007,Noise Cancelling Headset,Peripherals,6,2095.88,online
00004341,03.10.2024,C1047,Uppsala Interiör,SKU-1002,Standing Desk 140cm,Furniture,6,4912.98,online
00004342,05.07.2025,C1055,Jyllands Inventar,SKU-1003,Monitor Arm Dual,Accessories,2,857.92,partner
00004343,23.06.2025,C1345,Väisänen Kaluste,SKU-1001,Ergonomic Desk Chair,Furniture,7,2274.59,direct
00004344,22.10.2024,C1188,Dansk Kontormiljø,SKU-1010,Desk Lamp LED,Furniture,8,451.89,online
00004345,07.11.2024,C1093,Rødvig Møbler,SKU-1007,Noise Cancelling Headset,Peripherals,12,1896.24,partner
00004346,30.04.2025,C1005,Lindqvist AB,SKU-1010,Desk Lamp LED,Furniture,3,523.11,partner
00004347,05.07.2024,C1243,Kjærstad Utstyr,SKU-1003,Monitor Arm Dual,Accessories,6,812.49,partner
00004348,07.03.2024,C1321,Kärkkäinen Oy,SKU-1009,Webcam 1080p,Peripherals,7,706.03,retail
00004349,23.04.2025,C1132,Møller Innredning,SKU-1009,Webcam 1080p,Peripherals,5,833.19,direct
00004350,29.04.2024,C1087,Bergström & Söner,SKU-1002,Standing Desk 140cm,Furniture,6,4906.09,direct
00004351,03.09.2024,C1363,Kjærstad Utstyr,SKU-1003,Monitor Arm Dual,Accessories,8,924.88,retail
00004352,23.11.2025,C1313,Søndergaard A/S,SKU-1001,Ergonomic Desk Chair,Furniture,7,2663.02,direct
00004353,12.12.2025,C1341,Trondheim Utstyr,SKU-1009,Webcam 1080p,Peripherals,10,699.38,partner
00004354,24.08.2024,C1325,Hämäläinen Oy,SKU-1009,Webcam 1080p,Peripherals,1,831.09,online
00004355,28.11.2025,C1191,Jyllands Inventar,SKU-1004,Mechanical Keyboard,Peripherals,6,1194.85,online
00004356,11.11.2024,C1200,Nordström Handel,SKU-1009,Webcam 1080p,Peripherals,4,816.31,direct
00004357,17.09.2025,C1267,Ålesund Kontor,SKU-1005,27in 4K Monitor,Displays,10,4162.10,partner
00004358,15.09.2025,C1219,Nordström Handel,SKU-1006,USB-C Dock,Accessories,6,1589.09,partner
00004359,10.10.2025,C1003,Mäkinen Toimisto,SKU-1008,Laptop Stand Aluminium,Accessories,11,690.82,online
00004360,06.02.2025,C1191,Rødvig Møbler,SKU-1005,27in 4K Monitor,Displays,3,4372.86,online
00004361,19.03.2025,C1280,Hämäläinen Oy,SKU-1004,Mechanical Keyboard,Peripherals,6,1131.99,online
00004362,23.01.2024,C1267,Kärkkäinen Oy,SKU-1009,Webcam 1080p,Peripherals,5,848.88,direct
00004363,06.06.2024,C1261,Lindqvist AB,SKU-1008,Laptop Stand Aluminium,Accessories,3,724.23,online
00004364,01.01.2024,C1012,Mäkinen Toimisto,SKU-1008,Laptop Stand Aluminium,Accessories,8,558.12,direct
00004365,12.04.2024,C1242,Søndergaard A/S,SKU-1005,27in 4K Monitor,Displays,1,4430.96,direct
00004366,05.04.2025,C1382,Väisänen Kaluste,SKU-1002,Standing Desk 140cm,Furniture,9,5239.00,online
00004367,26.10.2024,C1084,Nordström Handel,SKU-1005,27in 4K Monitor,Displays,6,3802.58,retail
00004368,04.12.2025,C1335,Väisänen Kaluste,SKU-1002,Standing Desk 140cm,Furniture,12,5239.36,partner
00004369,24.03.2024,C1333,Møller Innredning,SKU-1009,Webcam 1080p,Peripherals,11,682.61,retail
00004370,08.09.2024,C1096,Søndergaard A/S,SKU-1006,USB-C Dock,Accessories,10,1900.47,retail
00004371,24.03.2025,C1215,Nordström Handel,SKU-1008,Laptop Stand Aluminium,Accessories,10,592.46,retail
00004372,23.02.2024,C1353,Väisänen Kaluste,SKU-1008,Laptop Stand Aluminium,Accessories,-2,663.36,online
00004373,10.10.2025,C1120,Dansk Kontormiljø,SKU-1004,Mechanical Keyboard,Peripherals,8,1020.12,online
00004374,08.12.2025,C1208,Väisänen Kaluste,SKU-1010,Desk Lamp LED,Furniture,12,567.79,retail
00004375,21.02.2025,C1128,Jyllands Inventar,SKU-1005,27in 4K Monitor,Displays,11,4856.80,online
00004376,19.12.2024,C1159,Väisänen Kaluste,SKU-1010,Desk Lamp LED,Furniture,7,531.22,online
00004377,09.02.2025,C1242,Ålesund Kontor,SKU-1002,Standing Desk 140cm,Furniture,10,5329.03,online
00004378,12.01.2024,C1151,Trondheim Utstyr,SKU-1006,USB-C Dock,Accessories,9,1956.14,direct
00004379,28.01.2024,C1224,Søndergaard A/S,SKU-1001,Ergonomic Desk Chair,Furniture,9,2218.16,partner
00004380,18.08.2025,C1235,Kärkkäinen Oy,SKU-1005,27in 4K Monitor,Displays,7,4614.47,retail
00004381,03.10.2024,C1132,Møller Innredning,SKU-1008,Laptop Stand Aluminium,Accessories,7,689.60,partner
00004382,30.05.2025,C1195,Väisänen Kaluste,SKU-1006,USB-C Dock,Accessories,10,1620.52,partner
00004383,16.01.2024,C1340,Uppsala Interiör,SKU-1007,Noise Cancelling Headset,Peripherals,9,1864.03,direct
00004384,24.05.2025,C1340,Hämäläinen Oy,SKU-1005,27in 4K Monitor,Displays,7,3743.83,partner
00004385,29.04.2025,C1135,Møller Innredning,SKU-1010,Desk Lamp LED,Furniture,7,546.68,online
00004386,05.06.2024,C1279,Søndergaard A/S,SKU-1004,Mechanical Keyboard,Peripherals,5,1019.64,partner
00004387,17.04.2025,C1174,Kjærstad Utstyr,SKU-1004,Mechanical Keyboard,Peripherals,11,985.59,direct
00004388,21.08.2024,C1305,Bergström & Söner,SKU-1010,Desk Lamp LED,Furniture,7,516.50,direct
00004389,18.07.2025,C1400,Søndergaard A/S,SKU-1010,Desk Lamp LED,Furniture,2,483.01,online
00004390,31.03.2024,C1192,Rødvig Møbler,SKU-1003,Monitor Arm Dual,Accessories,8,1006.13,partner
00004391,01.06.2024,C1173,Ålesund Kontor,SKU-1009,Webcam 1080p,Peripherals,2,770.30,online
00004392,23.12.2024,C1106,Kjærstad Utstyr,SKU-1006,USB-C Dock,Accessories,8,1549.58,NULL
00004393,20.08.2024,C1309,Ålesund Kontor,SKU-1007,Noise Cancelling Headset,Peripherals,11,2022.49,retail
00004394,04.02.2025,C1001,Søndergaard A/S,SKU-1009,Webcam 1080p,Peripherals,6,703.23,direct
00004395,21.09.2024,C1295,Rødvig Møbler,SKU-1001,Ergonomic Desk Chair,Furniture,1,2434.35,partner
00004396,04.07.2024,C1104,Møller Innredning,SKU-1001,Ergonomic Desk Chair,Furniture,7,2390.72,retail
00004397,26.07.2025,C1396,Jyllands Inventar,SKU-1008,Laptop Stand Aluminium,Accessories,6,590.03,partner
00004398,25.04.2024,C1006,Søndergaard A/S,SKU-1008,Laptop Stand Aluminium,Accessories,10,730.23,online
00004399,13.05.2025,C1113,Kjærstad Utstyr,SKU-1001,Ergonomic Desk Chair,Furniture,3,2042.16,retail
00004400,25.11.2024,C1388,Mäkinen Toimisto,SKU-1006,USB-C Dock,Accessories,10,1817.37,online
00004401,13.09.2024,C1004,Lindqvist AB,SKU-1002,Standing Desk 140cm,Furniture,3,5056.65,partner
00004402,18.10.2024,C1035,Ålesund Kontor,SKU-1001,Ergonomic Desk Chair,Furniture,5,2435.11,partner
00004403,05.03.2025,C1025,Jyllands Inventar,SKU-1009,Webcam 1080p,Peripherals,8,859.60,online
00004404,22.03.2024,C1103,Nordström Handel,SKU-1005,27in 4K Monitor,Displays,1,4696.45,retail
00004405,29.07.2024,C1095,Uppsala Interiör,SKU-1006,USB-C Dock,Accessories,8,1784.32,retail
00004406,22.02.2025,C1248,Ålesund Kontor,SKU-1009,Webcam 1080p,Peripherals,3,854.69,direct
00004407,14.12.2025,C1281,Bergström & Söner,SKU-1003,Monitor Arm Dual,Accessories,10,867.35,direct
00004408,28.10.2024,C1066,Søndergaard A/S,SKU-1006,USB-C Dock,Accessories,5,1536.57,online
00004409,20.02.2024,C1072,Rødvig Møbler,SKU-1006,USB-C Dock,Accessories,3,1652.96,online
00004410,23.06.2025,C1245,Møller Innredning,SKU-1005,27in 4K Monitor,Displays,8,4166.38,direct
00004411,23.08.2024,C1239,Nordström Handel,SKU-1002,Standing Desk 140cm,Furniture,9,5569.26,online
00004412,05.09.2025,C1234,Lindqvist AB,SKU-1006,USB-C Dock,Accessories,12,1792.65,direct
00004413,08.06.2025,C1214,Trondheim Utstyr,SKU-1009,Webcam 1080p,Peripherals,11,686.43,online
00004414,04.11.2024,C1377,Väisänen Kaluste,SKU-1010,Desk Lamp LED,Furniture,4,476.35,direct
00004415,20.11.2024,C1083,Ålesund Kontor,SKU-1003,Monitor Arm Dual,Accessories,1,811.49,retail
00004416,22.09.2024,C1213,Bergström & Söner,SKU-1005,27in 4K Monitor,Displays,9,3779.11,online
00004417,16.03.2024,C1108,Jyllands Inventar,SKU-1009,Webcam 1080p,Peripherals,10,716.15,online
00004418,12.12.2025,C1344,Møller Innredning,SKU-1005,27in 4K Monitor,Displays,10,4677.29,partner
00004419,15.02.2024,C1142,Ålesund Kontor,SKU-1010,Desk Lamp LED,Furniture,4,567.40,direct
00004420,06.12.2024,C1359,Ålesund Kontor,SKU-1007,Noise Cancelling Headset,Peripherals,3,2135.20,NULL
00004421,12.02.2024,C1378,Kärkkäinen Oy,SKU-1004,Mechanical Keyboard,Peripherals,-1,1119.56,retail
00004422,04.11.2025,C1204,Møller Innredning,SKU-1004,Mechanical Keyboard,Peripherals,10,1237.49,retail
00004423,19.09.2025,C1018,Kärkkäinen Oy,SKU-1002,Standing Desk 140cm,Furniture,9,4451.64,online
00004424,08.06.2025,C1075,Bergström & Söner,SKU-1009,Webcam 1080p,Peripherals,10,734.15,retail
00004425,16.09.2024,C1147,Bergström & Söner,SKU-1003,Monitor Arm Dual,Accessories,1,973.46,partner
00004426,05.03.2025,C1374,Mäkinen Toimisto,SKU-1001,Ergonomic Desk Chair,Furniture,2,2340.01,retail
00004427,21.05.2025,C1379,Väisänen Kaluste,SKU-1006,USB-C Dock,Accessories,1,1680.67,direct
00004428,15.08.2024,C1039,Väisänen Kaluste,SKU-1009,Webcam 1080p,Peripherals,2,716.51,online
00004429,21.08.2025,C1118,Møller Innredning,SKU-1003,Monitor Arm Dual,Accessories,10,781.54,online
00004430,15.02.2025,C1124,Kärkkäinen Oy,SKU-1003,Monitor Arm Dual,Accessories,4,919.27,direct
00004431,31.03.2025,C1053,Søndergaard A/S,SKU-1003,Monitor Arm Dual,Accessories,7,828.62,retail
00004432,21.11.2025,C1226,Rødvig Møbler,SKU-1007,Noise Cancelling Headset,Peripherals,6,1889.83,retail
00004433,11.01.2024,C1119,Dansk Kontormiljø,SKU-1009,Webcam 1080p,Peripherals,8,821.04,partner
00004434,29.12.2024,C1338,Mäkinen Toimisto,SKU-1009,Webcam 1080p,Peripherals,-3,701.64,retail
00004435,05.10.2025,C1343,Dansk Kontormiljø,SKU-1007,Noise Cancelling Headset,Peripherals,12,2334.93,direct
00004436,10.05.2025,C1380,Trondheim Utstyr,SKU-1007,Noise Cancelling Headset,Peripherals,6,2094.95,partner
00004437,27.07.2024,C1325,Dansk Kontormiljø,SKU-1004,Mechanical Keyboard,Peripherals,3,1317.75,partner
00004438,23.08.2025,C1100,Lindqvist AB,SKU-1006,USB-C Dock,Accessories,7,1544.46,retail
00004439,11.08.2024,C1286,Kjærstad Utstyr,SKU-1002,Standing Desk 140cm,Furniture,12,5382.38,partner
00004440,20.11.2025,C1259,Søndergaard A/S,SKU-1001,Ergonomic Desk Chair,Furniture,4,2158.20,partner
00004441,27.01.2025,C1217,Rødvig Møbler,SKU-1004,Mechanical Keyboard,Peripherals,7,1081.19,retail
00004442,16.11.2024,C1281,Nordström Handel,SKU-1010,Desk Lamp LED,Furniture,11,508.52,partner
00004443,04.11.2024,C1159,Jyllands Inventar,SKU-1010,Desk Lamp LED,Furniture,-2,592.19,partner
00004444,14.08.2025,C1077,Søndergaard A/S,SKU-1002,Standing Desk 140cm,Furniture,6,5177.20,retail
00004445,11.10.2024,C1295,Møller Innredning,SKU-1001,Ergonomic Desk Chair,Furniture,3,2185.91,partner
00004446,12.02.2024,C1243,Mäkinen Toimisto,SKU-1005,27in 4K Monitor,Displays,6,4939.01,online
00004447,21.01.2024,C1100,Trondheim Utstyr,SKU-1010,Desk Lamp LED,Furniture,11,578.01,partner
00004448,04.01.2024,C1168,Jyllands Inventar,SKU-1005,27in 4K Monitor,Displays,1,3668.09,direct
00004449,18.03.2025,C1131,Dansk Kontormiljø,SKU-1008,Laptop Stand Aluminium,Accessories,10,724.21,partner
00004450,27.04.2024,C1206,Jyllands Inventar,SKU-1005,27in 4K Monitor,Displays,3,3852.21,online
00004451,09.04.2025,C1297,Søndergaard A/S,SKU-1009,Webcam 1080p,Peripherals,7,799.53,partner
00004452,11.07.2024,C1184,Trondheim Utstyr,SKU-1009,Webcam 1080p,Peripherals,6,889.41,online
00004453,09.05.2024,C1396,Dansk Kontormiljø,SKU-1003,Monitor Arm Dual,Accessories,11,779.18,retail
00004454,14.07.2025,C1035,Väisänen Kaluste,SKU-1006,USB-C Dock,Accessories,12,1799.13,direct
00004455,20.03.2024,C1382,Hämäläinen Oy,SKU-1006,USB-C Dock,Accessories,9,1499.94,partner
00004456,15.01.2025,C1251,Søndergaard A/S,SKU-1005,27in 4K Monitor,Displays,8,3886.69,direct
00004457,08.02.2024,C1360,Nordström Handel,SKU-1010,Desk Lamp LED,Furniture,12,521.72,online
00004458,14.06.2025,C1253,Nordström Handel,SKU-1001,Ergonomic Desk Chair,Furniture,11,2655.54,direct
00004459,05.05.2025,C1269,Søndergaard A/S,SKU-1009,Webcam 1080p,Peripherals,10,830.18,online
00004460,16.04.2024,C1188,Hämäläinen Oy,SKU-1003,Monitor Arm Dual,Accessories,6,916.22,direct
00004461,05.09.2024,C1359,Møller Innredning,SKU-1004,Mechanical Keyboard,Peripherals,3,1027.69,direct
00004462,27.05.2024,C1201,Rødvig Møbler,SKU-1001,Ergonomic Desk Chair,Furniture,2,2298.41,online
00004463,19.05.2024,C1139,Møller Innredning,SKU-1001,Ergonomic Desk Chair,Furniture,10,2494.36,online
00004464,08.02.2024,C1368,Jyllands Inventar,SKU-1005,27in 4K Monitor,Displays,9,4455.99,retail
00004465,21.12.2025,C1247,Møller Innredning,SKU-1009,Webcam 1080p,Peripherals,5,757.89,direct
00004466,25.12.2025,C1366,Rødvig Møbler,SKU-1009,Webcam 1080p,Peripherals,6,668.42,partner
00004467,02.10.2024,C1201,Trondheim Utstyr,SKU-1009,Webcam 1080p,Peripherals,5,766.40,online
00004468,29.09.2025,C1078,Ålesund Kontor,SKU-1004,Mechanical Keyboard,Peripherals,11,1227.41,online
00004469,09.06.2024,C1248,Kärkkäinen Oy,SKU-1008,Laptop Stand Aluminium,Accessories,1,584.78,retail
00004470,04.05.2025,C1137,Søndergaard A/S,SKU-1004,Mechanical Keyboard,Peripherals,2,1077.21,partner
00004471,04.01.2025,C1323,Uppsala Interiör,SKU-1002,Standing Desk 140cm,Furniture,9,5916.54,direct
00004472,09.04.2024,C1261,Dansk Kontormiljø,SKU-1006,USB-C Dock,Accessories,2,1519.44,partner
00004473,06.11.2024,C1059,Hämäläinen Oy,SKU-1006,USB-C Dock,Accessories,10,1532.63,retail
00004474,22.02.2025,C1045,Lindqvist AB,SKU-1008,Laptop Stand Aluminium,Accessories,7,591.25,partner
00004475,04.03.2024,C1099,Møller Innredning,SKU-1005,27in 4K Monitor,Displays,1,3942.67,partner
00004476,04.01.2025,C1100,Uppsala Interiör,SKU-1004,Mechanical Keyboard,Peripherals,6,1181.04,online
00004477,27.02.2025,C1008,Lindqvist AB,SKU-1001,Ergonomic Desk Chair,Furniture,12,2273.65,direct
00004478,06.01.2025,C1290,Trondheim Utstyr,SKU-1005,27in 4K Monitor,Displays,-1,4754.55,online
00004479,29.03.2024,C1021,Dansk Kontormiljø,SKU-1010,Desk Lamp LED,Furniture,7,449.38,retail
00004480,08.10.2025,C1002,Søndergaard A/S,SKU-1002,Standing Desk 140cm,Furniture,12,5517.05,online
00004481,29.12.2024,C1363,Mäkinen Toimisto,SKU-1003,Monitor Arm Dual,Accessories,4,799.09,online
00004482,22.11.2024,C1106,Jyllands Inventar,SKU-1004,Mechanical Keyboard,Peripherals,12,1292.19,partner
00004483,22.12.2025,C1159,Ålesund Kontor,SKU-1007,Noise Cancelling Headset,Peripherals,1,2030.82,online
00004484,13.09.2024,C1160,Dansk Kontormiljø,SKU-1002,Standing Desk 140cm,Furniture,7,5212.92,online
00004485,26.05.2024,C1142,Kärkkäinen Oy,SKU-1003,Monitor Arm Dual,Accessories,4,926.39,online
00004486,20.02.2024,C1305,Dansk Kontormiljø,SKU-1010,Desk Lamp LED,Furniture,7,551.28,retail
00004487,05.01.2024,C1179,Ålesund Kontor,SKU-1008,Laptop Stand Aluminium,Accessories,10,710.31,partner
00004488,02.03.2024,C1271,Bergström & Söner,SKU-1001,Ergonomic Desk Chair,Furniture,12,2491.89,direct
00004489,23.12.2025,C1338,Hämäläinen Oy,SKU-1006,USB-C Dock,Accessories,4,1666.74,retail
00004490,07.06.2024,C1031,Kjærstad Utstyr,SKU-1006,USB-C Dock,Accessories,11,1815.82,online
00004491,16.10.2025,C1309,Väisänen Kaluste,SKU-1006,USB-C Dock,Accessories,4,1829.02,retail
00004492,30.11.2025,C1272,Lindqvist AB,SKU-1002,Standing Desk 140cm,Furniture,6,4685.81,retail
00004493,05.05.2024,C1320,Väisänen Kaluste,SKU-1007,Noise Cancelling Headset,Peripherals,5,2365.53,direct
00004494,23.11.2025,C1094,Kärkkäinen Oy,SKU-1008,Laptop Stand Aluminium,Accessories,10,717.78,direct
00004495,23.06.2024,C1267,Jyllands Inventar,SKU-1010,Desk Lamp LED,Furniture,11,483.48,online
00004496,05.06.2025,C1005,Ålesund Kontor,SKU-1009,Webcam 1080p,Peripherals,10,798.11,online
00004497,25.02.2024,C1017,Väisänen Kaluste,SKU-1007,Noise Cancelling Headset,Peripherals,7,2171.16,partner
00004498,21.06.2024,C1378,Mäkinen Toimisto,SKU-1008,Laptop Stand Aluminium,Accessories,7,717.56,partner
00004499,07.07.2025,C1046,Rødvig Møbler,SKU-1005,27in 4K Monitor,Displays,3,3885.03,online
00004500,08.02.2025,C1374,Bergström & Söner,SKU-1006,USB-C Dock,Accessories,6,1570.59,direct
00004501,14.04.2025,C1094,Ålesund Kontor,SKU-1009,Webcam 1080p,Peripherals,3,699.79,online
00004502,14.03.2025,C1009,Kjærstad Utstyr,SKU-1007,Noise Cancelling Headset,Peripherals,10,2135.84,online
00004503,19.02.2024,C1059,Kjærstad Utstyr,SKU-1010,Desk Lamp LED,Furniture,7,506.03,partner
00004504,25.11.2025,C1106,Mäkinen Toimisto,SKU-1001,Ergonomic Desk Chair,Furniture,5,2047.13,retail
00004505,26.04.2024,C1102,Trondheim Utstyr,SKU-1008,Laptop Stand Aluminium,Accessories,-3,662.45,direct
00004506,23.01.2024,C1134,Uppsala Interiör,SKU-1008,Laptop Stand Aluminium,Accessories,10,616.71,retail
00004507,09.03.2025,C1206,Mäkinen Toimisto,SKU-1005,27in 4K Monitor,Displays,3,4356.28,direct
00004508,03.12.2025,C1137,Søndergaard A/S,SKU-1009,Webcam 1080p,Peripherals,7,826.51,retail
00004509,30.04.2024,C1166,Søndergaard A/S,SKU-1002,Standing Desk 140cm,Furniture,3,5362.87,partner
00004510,14.01.2024,C1330,Hämäläinen Oy,SKU-1005,27in 4K Monitor,Displays,4,4262.68,retail
00004511,07.03.2024,C1386,Jyllands Inventar,SKU-1010,Desk Lamp LED,Furniture,9,583.22,NULL
00004512,04.07.2024,C1140,Lindqvist AB,SKU-1006,USB-C Dock,Accessories,10,1578.60,partner
00004513,27.06.2025,C1124,Kärkkäinen Oy,SKU-1001,Ergonomic Desk Chair,Furniture,11,2453.42,retail
00004514,29.05.2024,C1164,Møller Innredning,SKU-1007,Noise Cancelling Headset,Peripherals,3,2318.90,direct
00004515,06.08.2025,C1057,Rødvig Møbler,SKU-1005,27in 4K Monitor,Displays,5,3688.16,online
00004516,30.07.2024,C1300,Kjærstad Utstyr,SKU-1003,Monitor Arm Dual,Accessories,3,985.31,retail
00004517,30.11.2024,C1256,Nordström Handel,SKU-1010,Desk Lamp LED,Furniture,2,586.44,direct
00004518,05.12.2024,C1379,Bergström & Söner,SKU-1005,27in 4K Monitor,Displays,4,4315.41,online
00004519,29.08.2024,C1057,Lindqvist AB,SKU-1010,Desk Lamp LED,Furniture,10,504.95,partner
00004520,07.04.2025,C1200,Lindqvist AB,SKU-1009,Webcam 1080p,Peripherals,4,664.97,partner
00004521,30.04.2025,C1119,Ålesund Kontor,SKU-1007,Noise Cancelling Headset,Peripherals,4,1799.54,partner
00004522,02.09.2024,C1111,Hämäläinen Oy,SKU-1010,Desk Lamp LED,Furniture,4,513.67,partner
00004523,01.11.2025,C1334,Søndergaard A/S,SKU-1001,Ergonomic Desk Chair,Furniture,10,2621.20,online
00004524,10.09.2024,C1100,Väisänen Kaluste,SKU-1003,Monitor Arm Dual,Accessories,11,923.98,retail
00004525,07.11.2024,C1124,Rødvig Møbler,SKU-1007,Noise Cancelling Headset,Peripherals,10,2272.09,retail
00004526,01.04.2024,C1339,Kjærstad Utstyr,SKU-1003,Monitor Arm Dual,Accessories,6,889.73,direct
00004527,14.09.2024,C1385,Mäkinen Toimisto,SKU-1009,Webcam 1080p,Peripherals,1,755.12,partner
00004528,20.01.2025,C1263,Kjærstad Utstyr,SKU-1007,Noise Cancelling Headset,Peripherals,8,2219.49,direct
00004529,06.05.2025,C1392,Nordström Handel,SKU-1009,Webcam 1080p,Peripherals,6,688.77,retail
00004530,08.02.2025,C1115,Trondheim Utstyr,SKU-1002,Standing Desk 140cm,Furniture,9,5076.88,retail
00004531,10.12.2024,C1053,Väisänen Kaluste,SKU-1006,USB-C Dock,Accessories,6,1702.51,partner
00004532,05.07.2025,C1214,Bergström & Söner,SKU-1002,Standing Desk 140cm,Furniture,5,4764.20,partner
00004533,15.10.2025,C1334,Kjærstad Utstyr,SKU-1006,USB-C Dock,Accessories,1,1553.10,online
00004534,27.03.2024,C1325,Lindqvist AB,SKU-1006,USB-C Dock,Accessories,9,1860.82,retail
00004535,11.11.2024,C1375,Kjærstad Utstyr,SKU-1002,Standing Desk 140cm,Furniture,-1,5455.93,retail
00004536,05.02.2024,C1332,Ålesund Kontor,SKU-1007,Noise Cancelling Headset,Peripherals,5,2102.54,retail
00004537,13.04.2024,C1296,Trondheim Utstyr,SKU-1007,Noise Cancelling Headset,Peripherals,12,1993.85,online
00004538,22.11.2024,C1213,Hämäläinen Oy,SKU-1007,Noise Cancelling Headset,Peripherals,4,1956.83,online
00004539,19.11.2024,C1273,Kärkkäinen Oy,SKU-1005,27in 4K Monitor,Displays,8,3830.56,partner
00004540,14.02.2024,C1061,Bergström & Söner,SKU-1010,Desk Lamp LED,Furniture,8,449.48,direct
00004541,04.11.2024,C1345,Jyllands Inventar,SKU-1001,Ergonomic Desk Chair,Furniture,1,2348.08,direct
00004542,30.06.2024,C1024,Møller Innredning,SKU-1008,Laptop Stand Aluminium,Accessories,8,567.30,direct
00004543,04.01.2025,C1339,Uppsala Interiör,SKU-1007,Noise Cancelling Headset,Peripherals,4,2000.09,partner
00004544,27.01.2025,C1195,Uppsala Interiör,SKU-1004,Mechanical Keyboard,Peripherals,2,1183.28,retail
00004545,09.12.2024,C1091,Møller Innredning,SKU-1002,Standing Desk 140cm,Furniture,7,4978.87,online
00004546,27.10.2025,C1041,Trondheim Utstyr,SKU-1009,Webcam 1080p,Peripherals,7,870.03,online
00004547,02.10.2025,C1232,Møller Innredning,SKU-1008,Laptop Stand Aluminium,Accessories,6,591.95,direct
00004548,30.11.2024,C1266,Dansk Kontormiljø,SKU-1006,USB-C Dock,Accessories,2,1896.81,online
00004549,20.06.2025,C1292,Kärkkäinen Oy,SKU-1001,Ergonomic Desk Chair,Furniture,8,2187.98,direct
00004550,11.10.2025,C1026,Uppsala Interiör,SKU-1008,Laptop Stand Aluminium,Accessories,11,601.49,partner
00004551,15.04.2024,C1094,Rødvig Møbler,SKU-1006,USB-C Dock,Accessories,4,1631.13,direct
00004552,10.07.2025,C1165,Nordström Handel,SKU-1005,27in 4K Monitor,Displays,7,4489.35,direct
00004553,07.01.2024,C1203,Kärkkäinen Oy,SKU-1010,Desk Lamp LED,Furniture,7,466.29,direct
00004554,17.01.2024,C1114,Trondheim Utstyr,SKU-1005,27in 4K Monitor,Displays,1,4133.02,partner
00004555,01.01.2024,C1165,Hämäläinen Oy,SKU-1001,Ergonomic Desk Chair,Furniture,2,2570.03,direct
00004556,01.04.2025,C1342,Bergström & Söner,SKU-1001,Ergonomic Desk Chair,Furniture,5,2406.01,online
00004557,25.04.2025,C1362,Søndergaard A/S,SKU-1004,Mechanical Keyboard,Peripherals,8,1038.35,partner
00004558,20.03.2025,C1129,Møller Innredning,SKU-1008,Laptop Stand Aluminium,Accessories,7,643.58,direct
00004559,16.08.2025,C1335,Nordström Handel,SKU-1006,USB-C Dock,Accessories,4,1812.17,partner
00004560,16.09.2024,C1373,Ålesund Kontor,SKU-1005,27in 4K Monitor,Displays,8,4544.40,direct
00004561,22.06.2025,C1289,Dansk Kontormiljø,SKU-1009,Webcam 1080p,Peripherals,7,824.19,retail
00004562,18.01.2024,C1284,Lindqvist AB,SKU-1006,USB-C Dock,Accessories,2,1714.44,partner
00004563,17.12.2024,C1368,Ålesund Kontor,SKU-1005,27in 4K Monitor,Displays,4,4346.04,retail
00004564,02.04.2025,C1321,Jyllands Inventar,SKU-1001,Ergonomic Desk Chair,Furniture,7,2379.24,retail
00004565,10.01.2025,C1113,Lindqvist AB,SKU-1004,Mechanical Keyboard,Peripherals,12,1239.25,retail
00004566,07.06.2024,C1245,Kärkkäinen Oy,SKU-1008,Laptop Stand Aluminium,Accessories,11,560.83,online
00004567,01.03.2024,C1311,Mäkinen Toimisto,SKU-1002,Standing Desk 140cm,Furniture,3,4803.37,online
00004568,26.02.2024,C1276,Trondheim Utstyr,SKU-1009,Webcam 1080p,Peripherals,1,791.38,partner
00004569,27.06.2024,C1371,Jyllands Inventar,SKU-1004,Mechanical Keyboard,Peripherals,8,1014.35,retail
00004570,25.03.2025,C1136,Väisänen Kaluste,SKU-1001,Ergonomic Desk Chair,Furniture,3,2344.98,direct
00004571,20.09.2024,C1066,Lindqvist AB,SKU-1002,Standing Desk 140cm,Furniture,9,5449.45,direct
00004572,12.05.2024,C1341,Lindqvist AB,SKU-1003,Monitor Arm Dual,Accessories,5,878.51,online
00004573,15.03.2025,C1178,Väisänen Kaluste,SKU-1009,Webcam 1080p,Peripherals,3,708.62,online
00004574,20.10.2024,C1268,Nordström Handel,SKU-1003,Monitor Arm Dual,Accessories,1,972.87,online
00004575,22.04.2025,C1397,Ålesund Kontor,SKU-1001,Ergonomic Desk Chair,Furniture,3,2113.73,direct
00004576,13.04.2025,C1077,Rødvig Møbler,SKU-1002,Standing Desk 140cm,Furniture,10,4884.39,retail
00004577,08.02.2024,C1227,Bergström & Söner,SKU-1005,27in 4K Monitor,Displays,5,4128.54,retail
00004578,17.11.2025,C1176,Bergström & Söner,SKU-1004,Mechanical Keyboard,Peripherals,9,1266.93,partner
00004579,13.02.2025,C1188,Kärkkäinen Oy,SKU-1007,Noise Cancelling Headset,Peripherals,4,2413.65,partner
00004580,02.01.2024,C1217,Søndergaard A/S,SKU-1005,27in 4K Monitor,Displays,12,4182.70,partner
00004581,18.01.2024,C1347,Kjærstad Utstyr,SKU-1009,Webcam 1080p,Peripherals,7,712.59,retail
00004582,22.09.2024,C1102,Møller Innredning,SKU-1010,Desk Lamp LED,Furniture,8,460.83,direct
00004583,19.11.2025,C1094,Hämäläinen Oy,SKU-1005,27in 4K Monitor,Displays,12,4275.04,partner
00004584,04.06.2025,C1168,Lindqvist AB,SKU-1002,Standing Desk 140cm,Furniture,5,5682.54,retail
00004585,16.01.2024,C1313,Bergström & Söner,SKU-1009,Webcam 1080p,Peripherals,3,796.43,retail
00004586,19.08.2025,C1348,Nordström Handel,SKU-1002,Standing Desk 140cm,Furniture,1,4802.74,retail
00004587,26.08.2024,C1290,Kärkkäinen Oy,SKU-1002,Standing Desk 140cm,Furniture,10,5119.20,online
00004588,09.03.2025,C1346,Lindqvist AB,SKU-1005,27in 4K Monitor,Displays,1,4429.98,direct
00004589,17.04.2025,C1090,Trondheim Utstyr,SKU-1008,Laptop Stand Aluminium,Accessories,2,723.84,retail
00004590,12.07.2025,C1391,Kjærstad Utstyr,SKU-1004,Mechanical Keyboard,Peripherals,5,1210.78,NULL
00004591,26.08.2025,C1145,Rødvig Møbler,SKU-1003,Monitor Arm Dual,Accessories,5,863.24,direct
00004592,30.08.2025,C1372,Søndergaard A/S,SKU-1005,27in 4K Monitor,Displays,3,4287.58,retail
00004593,28.07.2024,C1260,Kjærstad Utstyr,SKU-1005,27in 4K Monitor,Displays,11,4009.06,online
00004594,07.02.2024,C1035,Rødvig Møbler,SKU-1004,Mechanical Keyboard,Peripherals,3,1225.40,direct
00004595,26.06.2024,C1126,Väisänen Kaluste,SKU-1009,Webcam 1080p,Peripherals,3,772.09,direct
00004596,24.02.2025,C1050,Mäkinen Toimisto,SKU-1002,Standing Desk 140cm,Furniture,2,4868.87,direct
00004597,10.07.2025,C1076,Søndergaard A/S,SKU-1006,USB-C Dock,Accessories,7,1722.48,partner
00004598,18.10.2025,C1366,Kärkkäinen Oy,SKU-1006,USB-C Dock,Accessories,4,1973.47,partner
00004599,02.11.2024,C1263,Rødvig Møbler,SKU-1005,27in 4K Monitor,Displays,12,4428.58,partner
00004600,16.03.2025,C1283,Nordström Handel,SKU-1007,Noise Cancelling Headset,Peripherals,4,2092.86,retail
00004601,18.03.2025,C1304,Dansk Kontormiljø,SKU-1008,Laptop Stand Aluminium,Accessories,8,728.64,partner
00004602,22.02.2024,C1074,Rødvig Møbler,SKU-1005,27in 4K Monitor,Displays,1,4850.40,partner
00004603,04.02.2024,C1241,Uppsala Interiör,SKU-1007,Noise Cancelling Headset,Peripherals,12,1837.50,retail
00004604,21.11.2024,C1157,Søndergaard A/S,SKU-1005,27in 4K Monitor,Displays,3,4933.86,partner
00004605,27.12.2025,C1133,Trondheim Utstyr,SKU-1002,Standing Desk 140cm,Furniture,4,5210.87,online
00004606,13.07.2025,C1021,Uppsala Interiör,SKU-1003,Monitor Arm Dual,Accessories,10,948.38,direct
00004607,27.11.2024,C1312,Bergström & Söner,SKU-1009,Webcam 1080p,Peripherals,6,781.68,online
00004608,18.04.2025,C1222,Jyllands Inventar,SKU-1009,Webcam 1080p,Peripherals,10,697.86,retail
00004609,21.06.2025,C1220,Møller Innredning,SKU-1004,Mechanical Keyboard,Peripherals,9,1067.77,direct
00004610,01.05.2024,C1169,Nordström Handel,SKU-1005,27in 4K Monitor,Displays,7,4585.50,retail
00004611,05.02.2024,C1374,Lindqvist AB,SKU-1009,Webcam 1080p,Peripherals,-1,718.48,direct
00004612,15.12.2025,C1130,Lindqvist AB,SKU-1009,Webcam 1080p,Peripherals,7,860.74,direct
00004613,20.04.2025,C1010,Nordström Handel,SKU-1007,Noise Cancelling Headset,Peripherals,-2,2389.38,online
00004614,23.02.2025,C1144,Dansk Kontormiljø,SKU-1007,Noise Cancelling Headset,Peripherals,4,1974.10,online
00004615,03.04.2025,C1133,Uppsala Interiör,SKU-1003,Monitor Arm Dual,Accessories,11,768.05,direct
00004616,05.09.2024,C1378,Rødvig Møbler,SKU-1003,Monitor Arm Dual,Accessories,2,980.18,partner
00004617,17.09.2024,C1289,Uppsala Interiör,SKU-1010,Desk Lamp LED,Furniture,-2,521.10,retail
00004618,09.05.2025,C1167,Ålesund Kontor,SKU-1008,Laptop Stand Aluminium,Accessories,2,568.64,retail
00004619,26.01.2024,C1098,Mäkinen Toimisto,SKU-1008,Laptop Stand Aluminium,Accessories,2,708.55,online
00004620,28.03.2025,C1103,Ålesund Kontor,SKU-1009,Webcam 1080p,Peripherals,8,810.88,retail
00004621,05.07.2024,C1225,Bergström & Söner,SKU-1001,Ergonomic Desk Chair,Furniture,2,2317.60,online
00004622,26.09.2025,C1262,Hämäläinen Oy,SKU-1007,Noise Cancelling Headset,Peripherals,2,1808.14,direct
00004623,01.11.2024,C1286,Ålesund Kontor,SKU-1010,Desk Lamp LED,Furniture,-3,579.38,retail
00004624,03.08.2024,C1393,Rødvig Møbler,SKU-1001,Ergonomic Desk Chair,Furniture,4,2500.32,retail
00004625,19.03.2025,C1185,Ålesund Kontor,SKU-1008,Laptop Stand Aluminium,Accessories,5,571.73,retail
00004626,01.08.2025,C1386,Bergström & Söner,SKU-1006,USB-C Dock,Accessories,12,1737.88,online
00004627,31.10.2025,C1306,Väisänen Kaluste,SKU-1007,Noise Cancelling Headset,Peripherals,11,2401.54,online
00004628,03.02.2025,C1123,Dansk Kontormiljø,SKU-1008,Laptop Stand Aluminium,Accessories,10,647.87,online
00004629,13.10.2025,C1095,Trondheim Utstyr,SKU-1005,27in 4K Monitor,Displays,9,4701.45,retail
00004630,11.06.2025,C1086,Väisänen Kaluste,SKU-1004,Mechanical Keyboard,Peripherals,2,1090.47,retail
00004631,07.07.2024,C1047,Ålesund Kontor,SKU-1009,Webcam 1080p,Peripherals,5,728.20,online
00004632,06.07.2024,C1275,Kjærstad Utstyr,SKU-1002,Standing Desk 140cm,Furniture,12,5934.11,retail
00004633,14.02.2024,C1330,Väisänen Kaluste,SKU-1005,27in 4K Monitor,Displays,6,4723.43,partner
00004634,26.08.2025,C1359,Hämäläinen Oy,SKU-1004,Mechanical Keyboard,Peripherals,4,1030.58,partner
00004635,26.12.2025,C1110,Kjærstad Utstyr,SKU-1004,Mechanical Keyboard,Peripherals,3,1072.77,online
00004636,22.04.2024,C1012,Väisänen Kaluste,SKU-1001,Ergonomic Desk Chair,Furniture,8,2508.79,retail
00004637,28.12.2025,C1138,Nordström Handel,SKU-1009,Webcam 1080p,Peripherals,10,817.95,retail
00004638,07.08.2024,C1205,Søndergaard A/S,SKU-1007,Noise Cancelling Headset,Peripherals,11,1886.21,partner
00004639,09.06.2025,C1191,Bergström & Söner,SKU-1002,Standing Desk 140cm,Furniture,12,5143.93,partner
00004640,03.05.2025,C1303,Mäkinen Toimisto,SKU-1004,Mechanical Keyboard,Peripherals,5,1102.19,retail
00004641,22.09.2025,C1154,Jyllands Inventar,SKU-1006,USB-C Dock,Accessories,5,1490.68,retail
00004642,15.05.2025,C1284,Nordström Handel,SKU-1008,Laptop Stand Aluminium,Accessories,5,622.70,retail
00004643,01.04.2024,C1116,Lindqvist AB,SKU-1009,Webcam 1080p,Peripherals,8,831.12,retail
00004644,08.04.2024,C1089,Kjærstad Utstyr,SKU-1007,Noise Cancelling Headset,Peripherals,4,2158.00,direct
00004645,31.01.2025,C1056,Ålesund Kontor,SKU-1003,Monitor Arm Dual,Accessories,11,817.35,partner
00004646,21.10.2024,C1067,Rødvig Møbler,SKU-1008,Laptop Stand Aluminium,Accessories,10,622.07,direct
00004647,30.07.2025,C1361,Lindqvist AB,SKU-1009,Webcam 1080p,Peripherals,12,671.66,partner
00004648,10.01.2024,C1399,Søndergaard A/S,SKU-1008,Laptop Stand Aluminium,Accessories,6,581.84,online
00004649,21.08.2024,C1085,Lindqvist AB,SKU-1006,USB-C Dock,Accessories,11,1542.81,retail
00004650,21.09.2025,C1120,Kärkkäinen Oy,SKU-1002,Standing Desk 140cm,Furniture,2,5678.55,retail
00004651,03.06.2024,C1071,Bergström & Söner,SKU-1006,USB-C Dock,Accessories,11,1966.34,online
00004652,07.07.2025,C1000,Väisänen Kaluste,SKU-1002,Standing Desk 140cm,Furniture,6,4488.15,retail
00004653,22.12.2025,C1115,Väisänen Kaluste,SKU-1007,Noise Cancelling Headset,Peripherals,7,2163.73,direct
00004654,15.07.2025,C1370,Ålesund Kontor,SKU-1002,Standing Desk 140cm,Furniture,12,4511.40,partner
00004655,18.07.2025,C1200,Lindqvist AB,SKU-1006,USB-C Dock,Accessories,3,1953.51,direct
00004656,10.11.2024,C1134,Trondheim Utstyr,SKU-1009,Webcam 1080p,Peripherals,10,683.51,retail
00004657,26.06.2024,C1071,Mäkinen Toimisto,SKU-1008,Laptop Stand Aluminium,Accessories,5,683.52,partner
00004658,22.08.2024,C1291,Ålesund Kontor,SKU-1010,Desk Lamp LED,Furniture,11,511.08,direct
00004659,25.03.2024,C1354,Jyllands Inventar,SKU-1001,Ergonomic Desk Chair,Furniture,1,2449.57,partner
00004660,27.09.2025,C1178,Nordström Handel,SKU-1009,Webcam 1080p,Peripherals,-1,744.50,direct
00004661,28.12.2025,C1221,Uppsala Interiör,SKU-1004,Mechanical Keyboard,Peripherals,6,1196.48,partner
00004662,21.04.2025,C1398,Hämäläinen Oy,SKU-1004,Mechanical Keyboard,Peripherals,1,1085.79,retail
00004663,19.05.2024,C1327,Mäkinen Toimisto,SKU-1009,Webcam 1080p,Peripherals,11,720.05,online
00004664,27.12.2024,C1045,Ålesund Kontor,SKU-1004,Mechanical Keyboard,Peripherals,-3,1298.15,online
00004665,29.12.2025,C1051,Dansk Kontormiljø,SKU-1008,Laptop Stand Aluminium,Accessories,5,721.34,online
00004666,26.06.2024,C1012,Väisänen Kaluste,SKU-1007,Noise Cancelling Headset,Peripherals,12,2118.99,direct
00004667,07.08.2025,C1374,Rødvig Møbler,SKU-1007,Noise Cancelling Headset,Peripherals,1,2147.63,online
00004668,18.01.2025,C1201,Rødvig Møbler,SKU-1002,Standing Desk 140cm,Furniture,10,4844.83,online
00004669,22.06.2025,C1227,Dansk Kontormiljø,SKU-1006,USB-C Dock,Accessories,7,1570.15,retail
00004670,04.07.2025,C1047,Søndergaard A/S,SKU-1010,Desk Lamp LED,Furniture,8,506.44,retail
00004671,14.11.2024,C1016,Kjærstad Utstyr,SKU-1001,Ergonomic Desk Chair,Furniture,3,2432.25,online
00004672,14.11.2025,C1127,Bergström & Söner,SKU-1007,Noise Cancelling Headset,Peripherals,6,1796.27,retail
00004673,23.07.2025,C1081,Väisänen Kaluste,SKU-1009,Webcam 1080p,Peripherals,6,874.23,partner
00004674,09.05.2024,C1027,Uppsala Interiör,SKU-1003,Monitor Arm Dual,Accessories,-3,857.19,direct
00004675,28.12.2024,C1384,Jyllands Inventar,SKU-1005,27in 4K Monitor,Displays,9,3717.30,online
00004676,08.12.2025,C1338,Dansk Kontormiljø,SKU-1008,Laptop Stand Aluminium,Accessories,9,561.25,retail
00004677,25.06.2024,C1335,Hämäläinen Oy,SKU-1010,Desk Lamp LED,Furniture,8,510.90,partner
00004678,23.07.2025,C1130,Lindqvist AB,SKU-1008,Laptop Stand Aluminium,Accessories,8,635.33,partner
00004679,07.09.2025,C1270,Møller Innredning,SKU-1003,Monitor Arm Dual,Accessories,3,779.53,direct
00004680,21.01.2025,C1173,Trondheim Utstyr,SKU-1003,Monitor Arm Dual,Accessories,7,977.98,direct
00004681,07.09.2025,C1392,Jyllands Inventar,SKU-1009,Webcam 1080p,Peripherals,3,807.83,direct
00004682,17.04.2024,C1375,Uppsala Interiör,SKU-1003,Monitor Arm Dual,Accessories,9,986.79,direct
00004683,16.05.2025,C1261,Kjærstad Utstyr,SKU-1009,Webcam 1080p,Peripherals,1,786.27,partner
00004684,07.06.2024,C1355,Mäkinen Toimisto,SKU-1010,Desk Lamp LED,Furniture,9,510.63,retail
00004685,07.01.2025,C1242,Bergström & Söner,SKU-1010,Desk Lamp LED,Furniture,6,461.30,direct
00004686,28.06.2024,C1273,Møller Innredning,SKU-1007,Noise Cancelling Headset,Peripherals,3,2024.65,partner
00004687,10.12.2024,C1033,Kärkkäinen Oy,SKU-1008,Laptop Stand Aluminium,Accessories,7,610.82,direct
00004688,02.10.2024,C1102,Nordström Handel,SKU-1006,USB-C Dock,Accessories,10,1607.93,partner
00004689,30.08.2024,C1054,Hämäläinen Oy,SKU-1004,Mechanical Keyboard,Peripherals,3,1176.38,online
00004690,24.01.2025,C1392,Hämäläinen Oy,SKU-1001,Ergonomic Desk Chair,Furniture,6,2559.62,partner
00004691,29.07.2025,C1022,Jyllands Inventar,SKU-1009,Webcam 1080p,Peripherals,4,819.46,direct
00004692,07.01.2025,C1042,Jyllands Inventar,SKU-1002,Standing Desk 140cm,Furniture,10,4864.04,direct
00004693,30.04.2025,C1051,Uppsala Interiör,SKU-1006,USB-C Dock,Accessories,11,1838.29,partner
00004694,20.09.2025,C1233,Hämäläinen Oy,SKU-1003,Monitor Arm Dual,Accessories,5,936.20,direct
00004695,31.07.2025,C1117,Kärkkäinen Oy,SKU-1002,Standing Desk 140cm,Furniture,4,5637.88,direct
00004696,13.02.2024,C1024,Mäkinen Toimisto,SKU-1005,27in 4K Monitor,Displays,11,4124.60,partner
00004697,10.01.2024,C1378,Jyllands Inventar,SKU-1002,Standing Desk 140cm,Furniture,9,5406.34,retail
00004698,02.11.2025,C1364,Mäkinen Toimisto,SKU-1004,Mechanical Keyboard,Peripherals,1,1302.99,online
00004699,25.03.2024,C1165,Jyllands Inventar,SKU-1007,Noise Cancelling Headset,Peripherals,4,2116.51,partner
00004700,16.07.2024,C1149,Lindqvist AB,SKU-1009,Webcam 1080p,Peripherals,9,803.92,partner
00004701,09.07.2025,C1363,Kärkkäinen Oy,SKU-1009,Webcam 1080p,Peripherals,7,835.57,retail
00004702,22.08.2024,C1337,Rødvig Møbler,SKU-1004,Mechanical Keyboard,Peripherals,-3,1139.87,retail
00004703,31.01.2025,C1323,Nordström Handel,SKU-1002,Standing Desk 140cm,Furniture,5,5209.91,direct
00004704,23.03.2024,C1242,Uppsala Interiör,SKU-1001,Ergonomic Desk Chair,Furniture,7,2708.77,direct
00004705,17.12.2024,C1254,Mäkinen Toimisto,SKU-1005,27in 4K Monitor,Displays,11,3681.11,online
00004706,08.02.2024,C1004,Nordström Handel,SKU-1001,Ergonomic Desk Chair,Furniture,6,2084.07,retail
00004707,06.12.2025,C1204,Kjærstad Utstyr,SKU-1009,Webcam 1080p,Peripherals,11,882.89,retail
00004708,27.01.2025,C1274,Trondheim Utstyr,SKU-1002,Standing Desk 140cm,Furniture,2,4432.23,retail
00004709,16.06.2024,C1125,Møller Innredning,SKU-1010,Desk Lamp LED,Furniture,1,566.32,NULL
00004710,12.11.2024,C1173,Nordström Handel,SKU-1007,Noise Cancelling Headset,Peripherals,4,2004.98,partner
00004711,30.05.2024,C1329,Hämäläinen Oy,SKU-1001,Ergonomic Desk Chair,Furniture,12,2529.77,online
00004712,01.10.2025,C1329,Väisänen Kaluste,SKU-1003,Monitor Arm Dual,Accessories,1,1012.50,online
00004713,28.11.2025,C1127,Väisänen Kaluste,SKU-1001,Ergonomic Desk Chair,Furniture,8,2689.08,online
00004714,21.10.2025,C1260,Rødvig Møbler,SKU-1003,Monitor Arm Dual,Accessories,6,789.15,direct
00004715,06.05.2025,C1156,Mäkinen Toimisto,SKU-1001,Ergonomic Desk Chair,Furniture,2,2366.95,retail
00004716,29.11.2024,C1372,Mäkinen Toimisto,SKU-1007,Noise Cancelling Headset,Peripherals,7,1965.40,partner
00004717,24.10.2025,C1293,Søndergaard A/S,SKU-1008,Laptop Stand Aluminium,Accessories,11,666.98,direct
00004718,23.06.2024,C1344,Dansk Kontormiljø,SKU-1002,Standing Desk 140cm,Furniture,8,5005.92,retail
00004719,05.11.2025,C1015,Bergström & Söner,SKU-1005,27in 4K Monitor,Displays,11,4127.17,partner
00004720,06.04.2024,C1248,Rødvig Møbler,SKU-1006,USB-C Dock,Accessories,-2,1841.64,online
00004721,14.10.2025,C1087,Jyllands Inventar,SKU-1008,Laptop Stand Aluminium,Accessories,6,561.40,retail
00004722,03.08.2024,C1312,Väisänen Kaluste,SKU-1004,Mechanical Keyboard,Peripherals,2,1157.46,partner
00004723,13.03.2025,C1044,Hämäläinen Oy,SKU-1008,Laptop Stand Aluminium,Accessories,1,549.50,partner
00004724,20.05.2024,C1184,Søndergaard A/S,SKU-1003,Monitor Arm Dual,Accessories,6,843.25,direct
00004725,25.12.2025,C1198,Hämäläinen Oy,SKU-1001,Ergonomic Desk Chair,Furniture,10,2060.72,partner
00004726,18.08.2025,C1162,Møller Innredning,SKU-1005,27in 4K Monitor,Displays,-1,4598.07,online
00004727,16.08.2025,C1395,Jyllands Inventar,SKU-1002,Standing Desk 140cm,Furniture,11,4898.31,online
00004728,05.05.2025,C1244,Møller Innredning,SKU-1001,Ergonomic Desk Chair,Furniture,9,2541.58,partner
00004729,28.07.2025,C1323,Väisänen Kaluste,SKU-1002,Standing Desk 140cm,Furniture,9,4776.93,online
00004730,01.07.2024,C1198,Søndergaard A/S,SKU-1005,27in 4K Monitor,Displays,10,4931.78,direct
00004731,30.08.2025,C1316,Trondheim Utstyr,SKU-1005,27in 4K Monitor,Displays,10,4035.04,retail
00004732,14.07.2024,C1273,Kjærstad Utstyr,SKU-1008,Laptop Stand Aluminium,Accessories,6,599.75,online
00004733,03.05.2024,C1228,Nordström Handel,SKU-1004,Mechanical Keyboard,Peripherals,11,987.91,partner
00004734,27.05.2024,C1219,Trondheim Utstyr,SKU-1008,Laptop Stand Aluminium,Accessories,5,733.65,online
00004735,15.06.2025,C1231,Dansk Kontormiljø,SKU-1009,Webcam 1080p,Peripherals,3,798.85,retail
00004736,30.12.2024,C1062,Søndergaard A/S,SKU-1008,Laptop Stand Aluminium,Accessories,10,557.16,retail
00004737,01.10.2025,C1112,Rødvig Møbler,SKU-1005,27in 4K Monitor,Displays,7,3858.76,direct
00004738,17.08.2024,C1196,Søndergaard A/S,SKU-1004,Mechanical Keyboard,Peripherals,5,1144.97,direct
00004739,21.10.2024,C1330,Bergström & Söner,SKU-1003,Monitor Arm Dual,Accessories,9,945.36,retail
00004740,15.04.2025,C1114,Jyllands Inventar,SKU-1005,27in 4K Monitor,Displays,6,4336.25,retail
00004741,08.04.2024,C1063,Väisänen Kaluste,SKU-1006,USB-C Dock,Accessories,1,1645.81,online
00004742,26.03.2025,C1382,Bergström & Söner,SKU-1005,27in 4K Monitor,Displays,8,4908.41,retail
00004743,23.02.2024,C1125,Väisänen Kaluste,SKU-1001,Ergonomic Desk Chair,Furniture,1,2040.83,online
00004744,25.06.2024,C1271,Dansk Kontormiljø,SKU-1008,Laptop Stand Aluminium,Accessories,6,633.05,online
00004745,17.07.2025,C1252,Søndergaard A/S,SKU-1003,Monitor Arm Dual,Accessories,5,969.52,direct
00004746,14.09.2025,C1258,Mäkinen Toimisto,SKU-1001,Ergonomic Desk Chair,Furniture,12,2685.25,partner
00004747,13.03.2024,C1151,Dansk Kontormiljø,SKU-1006,USB-C Dock,Accessories,12,1910.74,retail
00004748,01.02.2024,C1042,Ålesund Kontor,SKU-1008,Laptop Stand Aluminium,Accessories,12,708.37,online
00004749,26.04.2024,C1248,Møller Innredning,SKU-1009,Webcam 1080p,Peripherals,9,896.76,online
00004750,05.07.2025,C1258,Kärkkäinen Oy,SKU-1007,Noise Cancelling Headset,Peripherals,1,2024.36,partner
00004751,30.03.2024,C1231,Rødvig Møbler,SKU-1009,Webcam 1080p,Peripherals,8,805.69,online
00004752,25.12.2025,C1283,Lindqvist AB,SKU-1003,Monitor Arm Dual,Accessories,-1,830.93,direct
00004753,06.06.2025,C1347,Hämäläinen Oy,SKU-1003,Monitor Arm Dual,Accessories,8,846.18,direct
00004754,29.05.2025,C1250,Kärkkäinen Oy,SKU-1010,Desk Lamp LED,Furniture,4,563.72,online
00004755,04.12.2024,C1008,Kjærstad Utstyr,SKU-1005,27in 4K Monitor,Displays,3,3722.36,partner
00004756,26.07.2025,C1322,Rødvig Møbler,SKU-1001,Ergonomic Desk Chair,Furniture,10,2294.17,partner
00004757,26.08.2024,C1190,Lindqvist AB,SKU-1006,USB-C Dock,Accessories,1,1925.20,online
00004758,04.12.2025,C1370,Kjærstad Utstyr,SKU-1007,Noise Cancelling Headset,Peripherals,10,2224.37,direct
00004759,18.09.2024,C1044,Møller Innredning,SKU-1002,Standing Desk 140cm,Furniture,8,4991.75,NULL
00004760,10.08.2024,C1219,Bergström & Söner,SKU-1009,Webcam 1080p,Peripherals,8,696.41,online
00004761,07.06.2024,C1110,Uppsala Interiör,SKU-1010,Desk Lamp LED,Furniture,10,468.55,partner
00004762,13.06.2024,C1074,Uppsala Interiör,SKU-1005,27in 4K Monitor,Displays,6,4763.30,direct
00004763,08.01.2024,C1228,Dansk Kontormiljø,SKU-1001,Ergonomic Desk Chair,Furniture,8,2341.65,partner
00004764,09.04.2025,C1019,Trondheim Utstyr,SKU-1005,27in 4K Monitor,Displays,11,4637.80,direct
00004765,09.08.2025,C1313,Møller Innredning,SKU-1002,Standing Desk 140cm,Furniture,4,4998.17,online
00004766,27.05.2025,C1161,Ålesund Kontor,SKU-1004,Mechanical Keyboard,Peripherals,2,1191.59,retail
00004767,03.01.2024,C1177,Kärkkäinen Oy,SKU-1009,Webcam 1080p,Peripherals,12,821.56,online
00004768,21.01.2025,C1071,Hämäläinen Oy,SKU-1004,Mechanical Keyboard,Peripherals,2,1203.40,direct
00004769,14.10.2024,C1202,Dansk Kontormiljø,SKU-1005,27in 4K Monitor,Displays,9,4804.63,direct
00004770,06.01.2025,C1231,Väisänen Kaluste,SKU-1005,27in 4K Monitor,Displays,7,4096.31,retail
00004771,10.10.2024,C1256,Møller Innredning,SKU-1010,Desk Lamp LED,Furniture,5,461.96,partner
00004772,05.03.2024,C1040,Hämäläinen Oy,SKU-1001,Ergonomic Desk Chair,Furniture,9,2580.60,partner
00004773,17.01.2025,C1382,Lindqvist AB,SKU-1010,Desk Lamp LED,Furniture,5,571.50,partner
00004774,15.12.2024,C1153,Møller Innredning,SKU-1007,Noise Cancelling Headset,Peripherals,6,2316.35,online
00004775,07.03.2025,C1001,Kjærstad Utstyr,SKU-1009,Webcam 1080p,Peripherals,-1,828.18,direct
00004776,10.03.2025,C1354,Uppsala Interiör,SKU-1005,27in 4K Monitor,Displays,-2,4243.33,online
00004777,17.07.2025,C1309,Uppsala Interiör,SKU-1004,Mechanical Keyboard,Peripherals,6,1011.93,direct
00004778,02.04.2025,C1221,Rødvig Møbler,SKU-1002,Standing Desk 140cm,Furniture,2,5796.78,retail
00004779,21.10.2025,C1332,Hämäläinen Oy,SKU-1003,Monitor Arm Dual,Accessories,9,869.36,online
00004780,15.08.2025,C1281,Hämäläinen Oy,SKU-1006,USB-C Dock,Accessories,12,1527.73,direct
00004781,28.09.2024,C1266,Dansk Kontormiljø,SKU-1010,Desk Lamp LED,Furniture,2,466.69,online
00004782,03.05.2024,C1342,Hämäläinen Oy,SKU-1004,Mechanical Keyboard,Peripherals,9,1100.77,retail
00004783,15.09.2024,C1206,Jyllands Inventar,SKU-1001,Ergonomic Desk Chair,Furniture,11,2216.45,direct
00004784,07.01.2024,C1133,Lindqvist AB,SKU-1004,Mechanical Keyboard,Peripherals,1,1164.10,retail
00004785,19.05.2025,C1356,Kärkkäinen Oy,SKU-1003,Monitor Arm Dual,Accessories,12,1013.46,direct
00004786,09.01.2025,C1222,Jyllands Inventar,SKU-1001,Ergonomic Desk Chair,Furniture,1,2127.76,online
00004787,05.06.2025,C1136,Hämäläinen Oy,SKU-1002,Standing Desk 140cm,Furniture,12,4461.11,partner
00004788,09.09.2025,C1351,Søndergaard A/S,SKU-1008,Laptop Stand Aluminium,Accessories,12,713.19,retail
00004789,30.01.2025,C1298,Dansk Kontormiljø,SKU-1003,Monitor Arm Dual,Accessories,-2,887.62,partner
00004790,21.09.2025,C1054,Lindqvist AB,SKU-1009,Webcam 1080p,Peripherals,5,856.83,retail
00004791,29.03.2025,C1335,Ålesund Kontor,SKU-1005,27in 4K Monitor,Displays,6,4395.50,direct
00004792,10.04.2024,C1392,Bergström & Söner,SKU-1004,Mechanical Keyboard,Peripherals,-1,1209.88,online
00004793,31.07.2025,C1097,Bergström & Söner,SKU-1009,Webcam 1080p,Peripherals,8,664.66,retail
00004794,08.05.2025,C1115,Väisänen Kaluste,SKU-1007,Noise Cancelling Headset,Peripherals,12,1851.09,partner
00004795,03.05.2025,C1226,Kjærstad Utstyr,SKU-1010,Desk Lamp LED,Furniture,10,579.46,retail
00004796,21.03.2024,C1199,Kjærstad Utstyr,SKU-1007,Noise Cancelling Headset,Peripherals,7,1822.22,partner
00004797,02.10.2024,C1232,Trondheim Utstyr,SKU-1010,Desk Lamp LED,Furniture,6,481.84,online
00004798,03.09.2025,C1387,Rødvig Møbler,SKU-1009,Webcam 1080p,Peripherals,12,780.44,direct
00004799,15.03.2025,C1054,Dansk Kontormiljø,SKU-1003,Monitor Arm Dual,Accessories,6,1018.18,online
00004800,20.07.2025,C1063,Nordström Handel,SKU-1008,Laptop Stand Aluminium,Accessories,11,564.33,online
00004801,10.10.2024,C1366,Dansk Kontormiljø,SKU-1008,Laptop Stand Aluminium,Accessories,1,589.88,partner
00004802,14.02.2024,C1184,Møller Innredning,SKU-1008,Laptop Stand Aluminium,Accessories,7,664.85,direct
00004803,19.12.2024,C1158,Rødvig Møbler,SKU-1003,Monitor Arm Dual,Accessories,4,889.72,partner
00004804,27.02.2024,C1060,Väisänen Kaluste,SKU-1005,27in 4K Monitor,Displays,8,4888.48,online
00004805,02.08.2025,C1365,Rødvig Møbler,SKU-1007,Noise Cancelling Headset,Peripherals,-2,2121.07,partner
00004806,19.07.2025,C1386,Kärkkäinen Oy,SKU-1009,Webcam 1080p,Peripherals,9,776.45,direct
00004807,17.02.2025,C1204,Väisänen Kaluste,SKU-1010,Desk Lamp LED,Furniture,2,553.01,retail
00004808,19.08.2024,C1091,Rødvig Møbler,SKU-1005,27in 4K Monitor,Displays,5,3676.95,retail
00004809,02.08.2025,C1057,Kärkkäinen Oy,SKU-1003,Monitor Arm Dual,Accessories,5,1023.26,online
00004810,01.06.2025,C1288,Ålesund Kontor,SKU-1008,Laptop Stand Aluminium,Accessories,5,674.57,partner
00004811,26.11.2025,C1277,Møller Innredning,SKU-1010,Desk Lamp LED,Furniture,7,493.60,direct
00004812,27.04.2024,C1223,Rødvig Møbler,SKU-1004,Mechanical Keyboard,Peripherals,8,985.59,partner
00004813,19.01.2024,C1148,Nordström Handel,SKU-1003,Monitor Arm Dual,Accessories,5,989.92,retail
00004814,22.06.2025,C1362,Trondheim Utstyr,SKU-1007,Noise Cancelling Headset,Peripherals,1,1793.23,direct
00004815,26.07.2025,C1110,Rødvig Møbler,SKU-1003,Monitor Arm Dual,Accessories,5,1023.21,retail
00004816,24.08.2024,C1266,Väisänen Kaluste,SKU-1001,Ergonomic Desk Chair,Furniture,11,2377.52,online
00004817,20.05.2025,C1012,Møller Innredning,SKU-1009,Webcam 1080p,Peripherals,10,860.99,direct
00004818,16.05.2025,C1038,Hämäläinen Oy,SKU-1008,Laptop Stand Aluminium,Accessories,3,576.23,direct
00004819,02.12.2024,C1123,Dansk Kontormiljø,SKU-1008,Laptop Stand Aluminium,Accessories,4,727.08,online
00004820,31.08.2025,C1021,Søndergaard A/S,SKU-1010,Desk Lamp LED,Furniture,8,501.68,direct
00004821,22.02.2025,C1274,Kjærstad Utstyr,SKU-1002,Standing Desk 140cm,Furniture,9,4794.06,online
00004822,25.02.2025,C1298,Bergström & Söner,SKU-1010,Desk Lamp LED,Furniture,9,593.06,partner
00004823,31.07.2024,C1005,Nordström Handel,SKU-1008,Laptop Stand Aluminium,Accessories,2,726.04,online
00004824,24.03.2024,C1164,Dansk Kontormiljø,SKU-1001,Ergonomic Desk Chair,Furniture,11,2262.19,direct
00004825,09.04.2025,C1162,Rødvig Møbler,SKU-1005,27in 4K Monitor,Displays,9,4711.48,online
00004826,18.11.2025,C1316,Lindqvist AB,SKU-1002,Standing Desk 140cm,Furniture,9,5441.91,online
00004827,14.10.2025,C1079,Lindqvist AB,SKU-1002,Standing Desk 140cm,Furniture,6,4793.79,online
00004828,08.07.2024,C1072,Trondheim Utstyr,SKU-1007,Noise Cancelling Headset,Peripherals,2,2022.82,partner
00004829,16.01.2024,C1303,Møller Innredning,SKU-1008,Laptop Stand Aluminium,Accessories,4,730.71,retail
00004830,06.03.2024,C1096,Søndergaard A/S,SKU-1005,27in 4K Monitor,Displays,9,4179.29,direct
00004831,13.01.2025,C1244,Nordström Handel,SKU-1003,Monitor Arm Dual,Accessories,9,974.11,retail
00004832,21.02.2025,C1241,Ålesund Kontor,SKU-1006,USB-C Dock,Accessories,9,1804.98,direct
00004833,21.12.2025,C1004,Kjærstad Utstyr,SKU-1006,USB-C Dock,Accessories,3,1830.44,direct
00004834,21.05.2024,C1328,Uppsala Interiör,SKU-1007,Noise Cancelling Headset,Peripherals,10,2283.62,online
00004835,20.02.2025,C1222,Dansk Kontormiljø,SKU-1010,Desk Lamp LED,Furniture,12,530.17,online
00004836,15.10.2024,C1034,Kjærstad Utstyr,SKU-1010,Desk Lamp LED,Furniture,1,473.72,online
00004837,14.11.2025,C1193,Trondheim Utstyr,SKU-1010,Desk Lamp LED,Furniture,11,510.94,online
00004838,11.12.2025,C1005,Kärkkäinen Oy,SKU-1006,USB-C Dock,Accessories,1,1579.33,direct
00004839,12.08.2025,C1344,Lindqvist AB,SKU-1004,Mechanical Keyboard,Peripherals,1,1022.56,direct
00004840,11.04.2024,C1280,Rødvig Møbler,SKU-1005,27in 4K Monitor,Displays,9,3882.86,online
00004841,26.11.2025,C1349,Bergström & Söner,SKU-1006,USB-C Dock,Accessories,7,1503.81,retail
00004842,10.10.2024,C1379,Møller Innredning,SKU-1002,Standing Desk 140cm,Furniture,5,4768.24,direct
00004843,12.01.2025,C1275,Lindqvist AB,SKU-1003,Monitor Arm Dual,Accessories,3,908.79,retail
00004844,17.10.2024,C1339,Jyllands Inventar,SKU-1002,Standing Desk 140cm,Furniture,6,4536.72,online
00004845,05.03.2025,C1246,Søndergaard A/S,SKU-1003,Monitor Arm Dual,Accessories,1,899.72,direct
00004846,06.03.2024,C1393,Hämäläinen Oy,SKU-1005,27in 4K Monitor,Displays,4,4424.39,online
00004847,06.07.2024,C1330,Nordström Handel,SKU-1004,Mechanical Keyboard,Peripherals,6,1241.75,online
00004848,14.02.2025,C1188,Ålesund Kontor,SKU-1010,Desk Lamp LED,Furniture,11,596.73,partner
00004849,12.06.2024,C1124,Mäkinen Toimisto,SKU-1002,Standing Desk 140cm,Furniture,8,5108.00,online
00004850,28.09.2025,C1269,Mäkinen Toimisto,SKU-1007,Noise Cancelling Headset,Peripherals,7,1962.95,direct
00004851,29.09.2024,C1196,Nordström Handel,SKU-1006,USB-C Dock,Accessories,-1,1675.53,retail
00004852,19.02.2025,C1178,Nordström Handel,SKU-1006,USB-C Dock,Accessories,12,1905.04,direct
00004853,05.01.2025,C1355,Väisänen Kaluste,SKU-1001,Ergonomic Desk Chair,Furniture,4,2634.37,direct
00004854,14.12.2025,C1318,Jyllands Inventar,SKU-1010,Desk Lamp LED,Furniture,11,473.52,online
00004855,14.09.2025,C1132,Väisänen Kaluste,SKU-1003,Monitor Arm Dual,Accessories,3,1013.62,direct
00004856,10.09.2024,C1306,Trondheim Utstyr,SKU-1007,Noise Cancelling Headset,Peripherals,4,1945.73,retail
00004857,22.03.2025,C1060,Søndergaard A/S,SKU-1003,Monitor Arm Dual,Accessories,4,1021.94,direct
00004858,20.09.2025,C1258,Trondheim Utstyr,SKU-1008,Laptop Stand Aluminium,Accessories,11,620.12,retail
00004859,25.02.2025,C1196,Rødvig Møbler,SKU-1002,Standing Desk 140cm,Furniture,9,5473.45,partner
00004860,26.01.2025,C1249,Kjærstad Utstyr,SKU-1002,Standing Desk 140cm,Furniture,1,5850.05,partner
00004861,17.10.2025,C1332,Uppsala Interiör,SKU-1003,Monitor Arm Dual,Accessories,8,791.67,partner
00004862,16.11.2025,C1032,Rødvig Møbler,SKU-1003,Monitor Arm Dual,Accessories,11,959.92,direct
00004863,04.03.2025,C1225,Ålesund Kontor,SKU-1006,USB-C Dock,Accessories,7,1779.99,partner
00004864,24.08.2024,C1192,Bergström & Söner,SKU-1004,Mechanical Keyboard,Peripherals,7,1161.15,direct
00004865,09.06.2025,C1320,Trondheim Utstyr,SKU-1006,USB-C Dock,Accessories,10,1950.97,retail
00004866,23.07.2025,C1087,Ålesund Kontor,SKU-1001,Ergonomic Desk Chair,Furniture,3,2706.46,direct
00004867,29.08.2024,C1134,Mäkinen Toimisto,SKU-1001,Ergonomic Desk Chair,Furniture,3,2696.57,retail
00004868,17.08.2024,C1288,Møller Innredning,SKU-1002,Standing Desk 140cm,Furniture,1,4472.02,retail
00004869,22.05.2024,C1076,Rødvig Møbler,SKU-1007,Noise Cancelling Headset,Peripherals,1,2146.32,direct
00004870,13.05.2025,C1089,Jyllands Inventar,SKU-1001,Ergonomic Desk Chair,Furniture,12,2566.14,online
00004871,15.08.2024,C1340,Nordström Handel,SKU-1004,Mechanical Keyboard,Peripherals,3,1293.08,retail
00004872,15.06.2024,C1061,Møller Innredning,SKU-1003,Monitor Arm Dual,Accessories,4,942.13,partner
00004873,04.10.2024,C1048,Trondheim Utstyr,SKU-1001,Ergonomic Desk Chair,Furniture,1,2139.32,partner
00004874,29.08.2025,C1350,Kjærstad Utstyr,SKU-1009,Webcam 1080p,Peripherals,7,756.83,partner
00004875,22.06.2024,C1303,Lindqvist AB,SKU-1008,Laptop Stand Aluminium,Accessories,12,548.84,online
00004876,23.01.2024,C1137,Väisänen Kaluste,SKU-1008,Laptop Stand Aluminium,Accessories,7,660.51,retail
00004877,19.03.2025,C1369,Møller Innredning,SKU-1009,Webcam 1080p,Peripherals,-3,876.37,direct
00004878,14.06.2024,C1376,Väisänen Kaluste,SKU-1009,Webcam 1080p,Peripherals,3,807.71,online
00004879,23.10.2024,C1161,Søndergaard A/S,SKU-1010,Desk Lamp LED,Furniture,9,582.55,direct
00004880,09.07.2025,C1136,Nordström Handel,SKU-1005,27in 4K Monitor,Displays,1,3895.48,partner
00004881,25.02.2025,C1169,Søndergaard A/S,SKU-1007,Noise Cancelling Headset,Peripherals,5,2193.40,retail
00004882,28.06.2025,C1090,Uppsala Interiör,SKU-1003,Monitor Arm Dual,Accessories,5,959.64,retail
00004883,07.11.2024,C1172,Uppsala Interiör,SKU-1007,Noise Cancelling Headset,Peripherals,11,2396.94,NULL
00004884,30.04.2024,C1111,Møller Innredning,SKU-1005,27in 4K Monitor,Displays,11,4079.22,online
00004885,06.07.2024,C1188,Kjærstad Utstyr,SKU-1007,Noise Cancelling Headset,Peripherals,7,1830.37,online
00004886,10.03.2024,C1305,Uppsala Interiör,SKU-1001,Ergonomic Desk Chair,Furniture,11,2524.76,online
00004887,07.12.2024,C1074,Lindqvist AB,SKU-1004,Mechanical Keyboard,Peripherals,12,1189.72,partner
00004888,01.03.2024,C1181,Kjærstad Utstyr,SKU-1006,USB-C Dock,Accessories,3,1831.93,direct
00004889,17.09.2025,C1006,Uppsala Interiör,SKU-1008,Laptop Stand Aluminium,Accessories,4,692.23,direct
00004890,01.05.2025,C1359,Dansk Kontormiljø,SKU-1002,Standing Desk 140cm,Furniture,4,5501.22,online
00004891,24.06.2024,C1070,Lindqvist AB,SKU-1010,Desk Lamp LED,Furniture,6,448.53,online
00004892,04.03.2025,C1299,Hämäläinen Oy,SKU-1007,Noise Cancelling Headset,Peripherals,8,2135.90,retail
00004893,17.11.2024,C1250,Lindqvist AB,SKU-1003,Monitor Arm Dual,Accessories,8,988.84,online
00004894,26.08.2024,C1265,Kjærstad Utstyr,SKU-1008,Laptop Stand Aluminium,Accessories,4,691.97,retail
00004895,13.01.2024,C1045,Ålesund Kontor,SKU-1001,Ergonomic Desk Chair,Furniture,1,2196.89,retail
00004896,26.07.2025,C1086,Ålesund Kontor,SKU-1009,Webcam 1080p,Peripherals,1,885.36,retail
00004897,07.06.2025,C1053,Väisänen Kaluste,SKU-1004,Mechanical Keyboard,Peripherals,9,1160.29,retail
00004898,13.06.2024,C1217,Hämäläinen Oy,SKU-1005,27in 4K Monitor,Displays,2,4403.88,partner
00004899,29.06.2024,C1376,Mäkinen Toimisto,SKU-1001,Ergonomic Desk Chair,Furniture,2,2691.73,online
00004900,12.01.2025,C1113,Trondheim Utstyr,SKU-1010,Desk Lamp LED,Furniture,6,581.89,retail
00004901,09.11.2025,C1154,Kjærstad Utstyr,SKU-1010,Desk Lamp LED,Furniture,8,455.92,online
00004902,21.05.2024,C1362,Søndergaard A/S,SKU-1001,Ergonomic Desk Chair,Furniture,6,2183.48,direct
00004903,08.05.2025,C1168,Mäkinen Toimisto,SKU-1002,Standing Desk 140cm,Furniture,12,5246.96,partner
00004904,03.06.2024,C1149,Dansk Kontormiljø,SKU-1010,Desk Lamp LED,Furniture,7,483.43,direct
00004905,06.06.2025,C1136,Møller Innredning,SKU-1001,Ergonomic Desk Chair,Furniture,5,2471.30,online
00004906,17.08.2024,C1400,Ålesund Kontor,SKU-1001,Ergonomic Desk Chair,Furniture,-1,2577.04,retail
00004907,27.01.2024,C1377,Jyllands Inventar,SKU-1002,Standing Desk 140cm,Furniture,7,5361.46,direct
00004908,06.10.2024,C1055,Rødvig Møbler,SKU-1001,Ergonomic Desk Chair,Furniture,5,2047.93,partner
00004909,30.09.2024,C1089,Rødvig Møbler,SKU-1001,Ergonomic Desk Chair,Furniture,9,2049.60,online
00004910,17.07.2025,C1388,Ålesund Kontor,SKU-1006,USB-C Dock,Accessories,8,1674.42,online
00004911,25.04.2024,C1185,Bergström & Söner,SKU-1005,27in 4K Monitor,Displays,3,4479.22,partner
00004912,12.08.2025,C1004,Väisänen Kaluste,SKU-1008,Laptop Stand Aluminium,Accessories,12,652.89,online
00004913,15.08.2025,C1291,Ålesund Kontor,SKU-1008,Laptop Stand Aluminium,Accessories,10,681.49,partner
00004914,31.01.2025,C1281,Mäkinen Toimisto,SKU-1006,USB-C Dock,Accessories,8,1863.40,retail
00004915,10.07.2024,C1198,Ålesund Kontor,SKU-1009,Webcam 1080p,Peripherals,2,832.43,online
00004916,10.11.2025,C1060,Bergström & Söner,SKU-1007,Noise Cancelling Headset,Peripherals,3,2183.71,direct
00004917,22.08.2024,C1077,Hämäläinen Oy,SKU-1004,Mechanical Keyboard,Peripherals,12,1087.77,partner
00004918,23.11.2024,C1137,Dansk Kontormiljø,SKU-1005,27in 4K Monitor,Displays,12,3691.46,online
00004919,11.01.2024,C1390,Dansk Kontormiljø,SKU-1003,Monitor Arm Dual,Accessories,2,874.93,online
00004920,13.02.2024,C1285,Mäkinen Toimisto,SKU-1007,Noise Cancelling Headset,Peripherals,9,1844.70,partner
00004921,19.05.2025,C1307,Dansk Kontormiljø,SKU-1008,Laptop Stand Aluminium,Accessories,7,666.80,online
00004922,25.08.2024,C1101,Väisänen Kaluste,SKU-1009,Webcam 1080p,Peripherals,7,731.21,online
00004923,02.11.2025,C1203,Kjærstad Utstyr,SKU-1006,USB-C Dock,Accessories,9,1648.59,partner
00004924,24.07.2025,C1015,Søndergaard A/S,SKU-1003,Monitor Arm Dual,Accessories,6,842.41,retail
00004925,08.08.2024,C1033,Rødvig Møbler,SKU-1006,USB-C Dock,Accessories,4,1663.44,retail
00004926,02.06.2025,C1170,Trondheim Utstyr,SKU-1004,Mechanical Keyboard,Peripherals,6,1000.51,partner
00004927,06.03.2024,C1310,Kjærstad Utstyr,SKU-1002,Standing Desk 140cm,Furniture,8,5621.14,direct
00004928,05.12.2025,C1126,Ålesund Kontor,SKU-1003,Monitor Arm Dual,Accessories,2,1007.82,partner
00004929,04.11.2024,C1095,Väisänen Kaluste,SKU-1006,USB-C Dock,Accessories,8,1828.89,direct
00004930,26.09.2024,C1205,Ålesund Kontor,SKU-1007,Noise Cancelling Headset,Peripherals,1,2144.14,retail
00004931,11.05.2025,C1152,Väisänen Kaluste,SKU-1007,Noise Cancelling Headset,Peripherals,1,2298.71,online
00004932,17.02.2025,C1060,Väisänen Kaluste,SKU-1006,USB-C Dock,Accessories,5,1773.99,retail
00004933,10.10.2025,C1384,Lindqvist AB,SKU-1009,Webcam 1080p,Peripherals,6,684.62,online
00004934,04.05.2025,C1047,Nordström Handel,SKU-1001,Ergonomic Desk Chair,Furniture,7,2289.64,partner
00004935,10.09.2024,C1320,Uppsala Interiör,SKU-1008,Laptop Stand Aluminium,Accessories,9,731.53,retail
00004936,12.11.2024,C1327,Møller Innredning,SKU-1004,Mechanical Keyboard,Peripherals,2,1240.34,direct
00004937,29.01.2025,C1220,Lindqvist AB,SKU-1002,Standing Desk 140cm,Furniture,1,5073.30,direct
00004938,26.09.2025,C1268,Bergström & Söner,SKU-1004,Mechanical Keyboard,Peripherals,3,1235.72,partner
00004939,14.03.2025,C1378,Nordström Handel,SKU-1010,Desk Lamp LED,Furniture,5,546.73,direct
00004940,27.10.2025,C1367,Ålesund Kontor,SKU-1010,Desk Lamp LED,Furniture,11,590.66,partner
00004941,12.11.2025,C1030,Lindqvist AB,SKU-1003,Monitor Arm Dual,Accessories,5,941.28,retail
00004942,02.10.2025,C1348,Dansk Kontormiljø,SKU-1007,Noise Cancelling Headset,Peripherals,11,1909.22,partner
00004943,14.08.2024,C1007,Lindqvist AB,SKU-1005,27in 4K Monitor,Displays,4,4146.81,online
00004944,26.10.2025,C1087,Nordström Handel,SKU-1001,Ergonomic Desk Chair,Furniture,1,2292.64,online
00004945,01.07.2025,C1383,Søndergaard A/S,SKU-1004,Mechanical Keyboard,Peripherals,-3,1108.17,retail
00004946,05.06.2025,C1210,Trondheim Utstyr,SKU-1002,Standing Desk 140cm,Furniture,5,4728.95,direct
00004947,08.03.2024,C1336,Møller Innredning,SKU-1009,Webcam 1080p,Peripherals,5,725.08,retail
00004948,31.05.2024,C1073,Ålesund Kontor,SKU-1010,Desk Lamp LED,Furniture,2,449.99,direct
00004949,26.02.2025,C1375,Lindqvist AB,SKU-1009,Webcam 1080p,Peripherals,10,874.82,online
00004950,09.11.2025,C1292,Lindqvist AB,SKU-1003,Monitor Arm Dual,Accessories,-3,994.51,online
00004951,15.09.2025,C1159,Møller Innredning,SKU-1010,Desk Lamp LED,Furniture,2,463.28,online
00004952,27.04.2024,C1016,Väisänen Kaluste,SKU-1010,Desk Lamp LED,Furniture,12,459.19,direct
00004953,14.10.2024,C1077,Rødvig Møbler,SKU-1001,Ergonomic Desk Chair,Furniture,2,2227.91,direct
00004954,28.08.2024,C1091,Kjærstad Utstyr,SKU-1001,Ergonomic Desk Chair,Furniture,12,2338.93,retail
00004955,23.02.2024,C1306,Väisänen Kaluste,SKU-1008,Laptop Stand Aluminium,Accessories,2,684.02,partner
00004956,20.01.2025,C1366,Jyllands Inventar,SKU-1005,27in 4K Monitor,Displays,1,4015.74,retail
00004957,23.02.2025,C1190,Dansk Kontormiljø,SKU-1005,27in 4K Monitor,Displays,9,3690.67,online
00004958,10.09.2024,C1260,Trondheim Utstyr,SKU-1001,Ergonomic Desk Chair,Furniture,-3,2477.96,partner
00004959,28.01.2025,C1041,Søndergaard A/S,SKU-1006,USB-C Dock,Accessories,7,2011.00,partner
00004960,07.10.2024,C1138,Søndergaard A/S,SKU-1003,Monitor Arm Dual,Accessories,9,808.03,retail
00004961,16.05.2024,C1372,Lindqvist AB,SKU-1005,27in 4K Monitor,Displays,8,3876.98,partner
00004962,31.12.2024,C1145,Ålesund Kontor,SKU-1002,Standing Desk 140cm,Furniture,12,5361.33,partner
00004963,21.10.2025,C1374,Bergström & Söner,SKU-1010,Desk Lamp LED,Furniture,2,597.47,retail
00004964,25.02.2025,C1328,Bergström & Söner,SKU-1003,Monitor Arm Dual,Accessories,9,841.55,direct
00004965,29.06.2025,C1214,Møller Innredning,SKU-1003,Monitor Arm Dual,Accessories,4,926.13,partner
00004966,09.02.2025,C1342,Lindqvist AB,SKU-1002,Standing Desk 140cm,Furniture,4,4642.60,partner
00004967,15.10.2024,C1337,Rødvig Møbler,SKU-1006,USB-C Dock,Accessories,6,1943.80,retail
00004968,01.09.2025,C1136,Rødvig Møbler,SKU-1001,Ergonomic Desk Chair,Furniture,4,2263.03,retail
00004969,29.05.2025,C1334,Kjærstad Utstyr,SKU-1008,Laptop Stand Aluminium,Accessories,5,724.29,retail
00004970,29.05.2025,C1038,Møller Innredning,SKU-1010,Desk Lamp LED,Furniture,8,542.76,direct
00004971,01.01.2024,C1384,Bergström & Söner,SKU-1009,Webcam 1080p,Peripherals,9,807.67,online
00004972,31.03.2024,C1311,Nordström Handel,SKU-1003,Monitor Arm Dual,Accessories,7,907.47,direct
00004973,27.01.2024,C1189,Kjærstad Utstyr,SKU-1003,Monitor Arm Dual,Accessories,10,837.22,retail
00004974,13.05.2025,C1052,Møller Innredning,SKU-1004,Mechanical Keyboard,Peripherals,1,1093.88,direct
00004975,22.10.2024,C1259,Lindqvist AB,SKU-1006,USB-C Dock,Accessories,12,2002.91,retail
00004976,11.11.2024,C1288,Mäkinen Toimisto,SKU-1002,Standing Desk 140cm,Furniture,4,5668.21,direct
00004977,12.05.2024,C1061,Kärkkäinen Oy,SKU-1005,27in 4K Monitor,Displays,12,4698.68,online
00004978,03.07.2025,C1092,Uppsala Interiör,SKU-1006,USB-C Dock,Accessories,5,1917.34,NULL
00004979,14.04.2025,C1201,Kjærstad Utstyr,SKU-1009,Webcam 1080p,Peripherals,10,731.86,online
00004980,17.12.2025,C1152,Trondheim Utstyr,SKU-1010,Desk Lamp LED,Furniture,7,576.14,retail
00004981,13.03.2025,C1304,Hämäläinen Oy,SKU-1008,Laptop Stand Aluminium,Accessories,11,634.23,retail
00004982,15.08.2024,C1394,Bergström & Söner,SKU-1006,USB-C Dock,Accessories,4,1628.20,direct
00004983,22.10.2025,C1317,Hämäläinen Oy,SKU-1005,27in 4K Monitor,Displays,1,4867.37,retail
00004984,20.10.2024,C1031,Uppsala Interiör,SKU-1008,Laptop Stand Aluminium,Accessories,1,663.87,online
00004985,27.04.2024,C1397,Lindqvist AB,SKU-1004,Mechanical Keyboard,Peripherals,10,1052.52,retail
00004986,17.06.2025,C1213,Søndergaard A/S,SKU-1010,Desk Lamp LED,Furniture,4,596.20,partner
00004987,25.09.2025,C1124,Dansk Kontormiljø,SKU-1010,Desk Lamp LED,Furniture,2,549.83,direct
00004988,11.08.2025,C1025,Nordström Handel,SKU-1007,Noise Cancelling Headset,Peripherals,4,2211.95,retail
00004989,13.06.2024,C1393,Ålesund Kontor,SKU-1009,Webcam 1080p,Peripherals,-2,717.82,partner
00004990,16.05.2025,C1354,Rødvig Møbler,SKU-1002,Standing Desk 140cm,Furniture,5,4519.90,partner
00004991,31.03.2024,C1232,Trondheim Utstyr,SKU-1009,Webcam 1080p,Peripherals,7,822.92,partner
00004992,14.10.2025,C1373,Hämäläinen Oy,SKU-1005,27in 4K Monitor,Displays,6,3678.58,direct
00004993,16.05.2025,C1254,Nordström Handel,SKU-1009,Webcam 1080p,Peripherals,11,669.21,retail
00004994,29.06.2025,C1185,Uppsala Interiör,SKU-1002,Standing Desk 140cm,Furniture,11,5653.70,direct
00004995,12.09.2024,C1318,Kjærstad Utstyr,SKU-1002,Standing Desk 140cm,Furniture,10,5813.97,retail
00004996,27.10.2024,C1199,Dansk Kontormiljø,SKU-1002,Standing Desk 140cm,Furniture,8,4927.68,direct
00004997,12.04.2025,C1342,Rødvig Møbler,SKU-1002,Standing Desk 140cm,Furniture,5,5159.69,online
00004998,13.11.2025,C1126,Hämäläinen Oy,SKU-1007,Noise Cancelling Headset,Peripherals,10,1843.20,online
00004999,12.10.2024,C1323,Nordström Handel,SKU-1010,Desk Lamp LED,Furniture,11,575.93,retail
00005000,12.11.2024,C1068,Ålesund Kontor,SKU-1006,USB-C Dock,Accessories,12,1609.34,partner
00001974,12.01.2024,C1349,Lindqvist AB,SKU-1009,Webcam 1080p,Peripherals,3,784.11,retail
00000700,09.09.2025,C1386,Lindqvist AB,SKU-1005,27in 4K Monitor,Displays,7,4932.25,retail
00003429,11.01.2024,C1219,Kjærstad Utstyr,SKU-1001,Ergonomic Desk Chair,Furniture,10,2306.76,direct
00003357,12.04.2024,C1255,Hämäläinen Oy,SKU-1003,Monitor Arm Dual,Accessories,3,844.69,online
00002860,27.09.2025,C1165,Ålesund Kontor,SKU-1004,Mechanical Keyboard,Peripherals,2,1127.10,partner
00000938,01.01.2024,C1339,Dansk Kontormiljø,SKU-1008,Laptop Stand Aluminium,Accessories,9,658.20,direct
00004574,20.10.2024,C1268,Nordström Handel,SKU-1003,Monitor Arm Dual,Accessories,1,972.87,online
00004863,04.03.2025,C1225,Ålesund Kontor,SKU-1006,USB-C Dock,Accessories,7,1779.99,partner
00004802,14.02.2024,C1184,Møller Innredning,SKU-1008,Laptop Stand Aluminium,Accessories,7,664.85,direct
00002085,04.07.2025,C1041,Nordström Handel,SKU-1007,Noise Cancelling Headset,Peripherals,7,2178.10,partner
00000201,18.04.2024,C1384,Nordström Handel,SKU-1008,Laptop Stand Aluminium,Accessories,9,639.11,online
00001624,18.02.2025,C1162,Ålesund Kontor,SKU-1005,27in 4K Monitor,Displays,7,4340.34,partner
00003258,26.11.2024,C1011,Mäkinen Toimisto,SKU-1002,Standing Desk 140cm,Furniture,12,5788.10,retail
00002140,29.12.2024,C1089,Rødvig Møbler,SKU-1007,Noise Cancelling Headset,Peripherals,7,2390.38,retail
00000369,07.09.2025,C1321,Kjærstad Utstyr,SKU-1004,Mechanical Keyboard,Peripherals,10,1192.81,partner
00001143,09.06.2025,C1110,Møller Innredning,SKU-1001,Ergonomic Desk Chair,Furniture,10,2079.63,partner
00004740,15.04.2025,C1114,Jyllands Inventar,SKU-1005,27in 4K Monitor,Displays,6,4336.25,retail
00004432,21.11.2025,C1226,Rødvig Møbler,SKU-1007,Noise Cancelling Headset,Peripherals,6,1889.83,retail
00000739,18.03.2024,C1291,Ålesund Kontor,SKU-1002,Standing Desk 140cm,Furniture,-3,5950.92,direct
00003549,04.04.2024,C1229,Kärkkäinen Oy,SKU-1003,Monitor Arm Dual,Accessories,7,867.08,retail
00004146,07.12.2024,C1186,Jyllands Inventar,SKU-1005,27in 4K Monitor,Displays,7,4888.69,retail
00003994,21.08.2025,C1273,Trondheim Utstyr,SKU-1006,USB-C Dock,Accessories,11,1802.24,partner
00004575,22.04.2025,C1397,Ålesund Kontor,SKU-1001,Ergonomic Desk Chair,Furniture,3,2113.73,direct
00001785,09.04.2024,C1204,Rødvig Møbler,SKU-1005,27in 4K Monitor,Displays,7,4703.46,direct
00001739,11.07.2025,C1188,Kärkkäinen Oy,SKU-1008,Laptop Stand Aluminium,Accessories,1,667.80,direct
00001529,07.08.2025,C1285,Lindqvist AB,SKU-1008,Laptop Stand Aluminium,Accessories,2,657.39,online
00003111,24.02.2024,C1086,Mäkinen Toimisto,SKU-1009,Webcam 1080p,Peripherals,12,845.99,online
00001295,10.03.2025,C1396,Kjærstad Utstyr,SKU-1003,Monitor Arm Dual,Accessories,3,910.67,partner
00001003,30.06.2024,C1327,Hämäläinen Oy,SKU-1006,USB-C Dock,Accessories,10,1670.00,direct
00000149,13.12.2025,C1119,Lindqvist AB,SKU-1008,Laptop Stand Aluminium,Accessories,5,579.98,retail
00000190,14.05.2025,C1045,Søndergaard A/S,SKU-1009,Webcam 1080p,Peripherals,9,761.61,direct
00001845,25.07.2025,C1192,Søndergaard A/S,SKU-1008,Laptop Stand Aluminium,Accessories,11,665.00,online
00004422,04.11.2025,C1204,Møller Innredning,SKU-1004,Mechanical Keyboard,Peripherals,10,1237.49,retail
00002760,03.04.2024,C1050,Kärkkäinen Oy,SKU-1003,Monitor Arm Dual,Accessories,11,795.11,retail
00004164,30.03.2025,C1009,Jyllands Inventar,SKU-1005,27in 4K Monitor,Displays,12,3801.75,online
00002183,09.02.2025,C1327,Lindqvist AB,SKU-1003,Monitor Arm Dual,Accessories,8,826.34,online
00003898,28.12.2024,C1349,Uppsala Interiör,SKU-1008,Laptop Stand Aluminium,Accessories,12,598.95,retail
00001062,21.01.2025,C1221,Mäkinen Toimisto,SKU-1005,27in 4K Monitor,Displays,1,4654.80,partner
00004634,26.08.2025,C1359,Hämäläinen Oy,SKU-1004,Mechanical Keyboard,Peripherals,4,1030.58,partner
00000982,13.11.2024,C1138,Bergström & Söner,SKU-1010,Desk Lamp LED,Furniture,6,497.80,retail
00002719,24.07.2024,C1389,Mäkinen Toimisto,SKU-1001,Ergonomic Desk Chair,Furniture,3,2751.17,online
00003039,29.05.2024,C1331,Lindqvist AB,SKU-1007,Noise Cancelling Headset,Peripherals,5,2024.68,retail
00000824,08.12.2025,C1222,Mäkinen Toimisto,SKU-1002,Standing Desk 140cm,Furniture,4,5752.32,direct
00002631,15.04.2025,C1069,Kjærstad Utstyr,SKU-1003,Monitor Arm Dual,Accessories,1,955.54,retail
00001420,17.11.2024,C1045,Kärkkäinen Oy,SKU-1003,Monitor Arm Dual,Accessories,8,759.46,online
00000861,25.02.2025,C1073,Søndergaard A/S,SKU-1008,Laptop Stand Aluminium,Accessories,7,601.12,online
00004821,22.02.2025,C1274,Kjærstad Utstyr,SKU-1002,Standing Desk 140cm,Furniture,9,4794.06,online
00004335,03.11.2025,C1253,Jyllands Inventar,SKU-1001,Ergonomic Desk Chair,Furniture,8,2458.91,direct
00001599,07.08.2025,C1312,Kärkkäinen Oy,SKU-1010,Desk Lamp LED,Furniture,10,577.78,direct
00003344,20.05.2024,C1201,Bergström & Söner,SKU-1002,Standing Desk 140cm,Furniture,9,5295.18,direct